22000000
22000004
22000008
2200000c
22000013
22000014
22000018
22000019
2200001a
2200001b
2200001f
22000024
22000028
2200002b
22000033
22000034
22000035
22000036
22000037
22000038
2200003a
2200003c
22000048
22000053
22000054
22000059
2200005a
2200005e
22000065
2200006b
22000078
2200007a
22000084
22000088
22000090
22000094
22000098
220000a4
220000a5
220000c1
220000d4
220000d5
220000d8
22000100
22000104
22000113
22000119
2200011a
22000124
22000133
22000138
2200013a
2200013c
22000159
2200015a
2200015e
22000165
22000178
2200017a
22000184
220001a4
220001a5
22000213
2200021a
22000233
2200023a
22000253
2200025a
2200025e
22000265
2200027a
22000284
22000304
22000313
2200031a
22000333
2200033a
22000353
2200035a
2200035e
22000365
2200037a
22000413
2200041a
22000433
2200043a
22000453
2200045a
2200045e
22000465
2200047a
22000513
2200051a
22000533
2200053a
22000553
2200055a
2200055e
22000565
2200057a
22000613
2200061a
22000633
2200063a
22000653
2200065a
2200065e
22000665
2200067a
22000713
2200071a
22000733
2200073a
22000753
2200075a
2200075e
22000765
2200077a
22000804
2200081a
2200083a
22000853
2200085a
2200085e
22000865
2200087a
220008c0
220008d5
22000904
2200091a
2200093a
2200095a
2200095e
22000965
2200097a
22000a04
22000a1a
22000a3a
22000a5a
22000a5e
22000a65
22000a7a
22000b04
22000b1a
22000b3a
22000b5a
22000b5e
22000b65
22000b7a
22000c04
22000c1a
22000c3a
22000c5a
22000c5e
22000c65
22000c7a
22000d04
22000d1a
22000d3a
22000d5a
22000d5e
22000d65
22000d7a
22000e1a
22000e3a
22000e5a
22000e5e
22000e65
22000e7a
22000f1a
22000f3a
22000f5a
22000f5e
22000f65
22000f7a
22001004
22001005
2200101a
2200103a
2200105a
2200105e
2200107a
220010c1
22001105
2200111a
2200113a
2200115a
2200115e
2200117a
22001204
2200121a
2200123a
2200125a
2200125e
2200127a
22001304
2200131a
2200133a
2200135a
2200135e
2200137a
2200141a
2200143a
2200145a
2200145e
2200147a
2200151a
2200153a
2200155a
2200155e
2200157a
2200161a
2200163a
2200165a
2200165e
2200167a
2200171a
2200173a
2200175a
2200175e
2200177a
22001804
22001904
22001a04
22001b04
22002004
22002005
2200200e
2200201e
2200201f
22002025
2200202e
22002038
2200204a
2200204e
2200206a
2200206e
22002078
22002088
2200209b
2200209e
220020a0
220020a4
220020a5
220020b8
220020c1
220020d5
220020d9
22002104
22002105
2200210e
2200211e
22002125
2200212e
22002138
2200214e
2200216e
22002178
2200219e
220021a0
220021a4
220021a5
220021b8
220021c1
22002204
22002205
2200220e
22002225
2200222e
22002238
2200224e
2200226e
22002278
220022a0
220022b8
220022c1
22002304
2200230e
22002325
2200232e
22002338
2200234e
2200236e
22002378
220023b8
220023c1
22002404
2200240e
2200241e
22002425
2200242e
22002438
2200244e
2200246e
22002478
2200249e
220024b8
220024c1
22002504
2200250e
2200251e
22002525
2200252e
22002538
2200254e
2200256e
22002578
2200259e
220025b8
220025c1
22002604
2200260e
22002625
2200262e
22002638
2200264e
2200266e
22002678
220026b8
22002704
2200270e
22002725
2200272e
22002738
2200274e
2200276e
22002778
220027b8
22002804
2200280e
2200281e
22002825
2200282e
22002838
22002845
2200284e
2200286e
22002878
2200289e
220028b8
220028d5
22002904
2200290e
2200291e
22002925
2200292e
22002938
22002945
2200294e
2200296e
22002978
2200299e
220029b8
22002a04
22002a0e
22002a25
22002a2e
22002a38
22002a45
22002a4e
22002a6e
22002a78
22002ab8
22002b04
22002b0e
22002b25
22002b2e
22002b38
22002b45
22002b4e
22002b6e
22002b78
22002bb8
22002c04
22002c0e
22002c2e
22002c38
22002c45
22002c4e
22002c6e
22002c78
22002cb8
22002d04
22002d0e
22002d2e
22002d38
22002d45
22002d4e
22002d6e
22002d78
22002db8
22002e04
22002e0e
22002e2e
22002e38
22002e45
22002e4e
22002e6e
22002e78
22002eb8
22002f04
22002f0e
22002f2e
22002f38
22002f45
22002f4e
22002f6e
22002f78
22002fb8
2200300e
2200301e
2200302e
22003038
22003045
2200304e
2200306e
22003078
2200309e
220030b8
2200310e
2200311e
2200312e
22003138
22003145
2200314e
2200316e
22003178
2200319e
220031b8
2200320e
2200322e
22003238
22003245
2200324e
2200326e
22003278
220032b8
2200330e
2200332e
22003338
22003345
2200334e
2200336e
22003378
220033b8
2200340e
2200342e
22003438
22003445
2200344e
2200346e
22003478
220034b8
2200350e
2200352e
22003538
22003545
2200354e
2200356e
22003578
220035b8
2200360e
2200362e
22003638
22003645
2200364e
2200366e
22003678
220036b8
2200370e
2200372e
22003738
22003745
2200374e
2200376e
22003778
220037b8
22003845
22003945
22003a45
22003b45
22003c45
22003d45
22003e45
22003f45
22004008
2200400c
22004019
22004028
22004038
2200403a
2200403c
22004045
22004048
22004059
22004078
2200407a
22004088
220040ce
220040d5
220040e4
22004119
22004138
2200413c
22004145
22004159
22004178
220041e4
22004245
220042e4
22004304
22004345
22004445
22004545
22004645
22004745
22004804
22004845
220048d5
22004904
22004945
22004a04
22004a45
22004b04
22004b45
22004c04
22004c45
22004d04
22004d45
22004e45
22004f45
22005045
220050c1
220050d5
22005145
22005245
22005345
22005445
22005545
22005645
22005745
22005804
22005904
22005b04
2200601e
22006038
22006078
22006088
2200609b
2200609e
220060b8
220060d5
220060d9
2200611e
22006138
22006178
2200619e
220061b8
220061d9
22006238
22006278
220062b8
22006338
22006378
220063b8
2200641e
22006438
22006478
2200649e
220064b8
2200651e
22006538
22006578
2200659e
220065b8
22006638
22006678
220066b8
22006738
22006778
220067b8
2200681e
22006838
22006878
2200689e
220068b8
2200691e
22006938
22006978
2200699e
220069b8
22006a38
22006a78
22006ab8
22006b38
22006b78
22006bb8
22006c38
22006c78
22006cb8
22006d38
22006d78
22006db8
22006e38
22006e78
22006eb8
22006f38
22006f78
22006fb8
2200701e
22007038
22007078
2200709e
220070b8
220070d5
2200711e
22007138
22007178
2200719e
220071b8
22007238
22007278
220072b8
22007338
22007378
220073b8
22007438
22007478
220074b8
22007538
22007578
220075b8
22007638
22007678
220076b8
22007738
22007778
220077b8
22007e1e
22007f5d
22007fe4
22008008
2200800c
22008013
22008019
2200801a
22008028
22008038
22008048
22008059
2200805a
22008068
22008072
22008078
22008080
22008081
22008084
22008088
22008091
22008099
220080a0
220080a1
220080a4
220080a5
220080b8
220080d1
220080e4
220080f8
2200810c
22008113
22008119
2200811a
22008138
22008159
2200815a
22008178
22008184
22008191
22008199
220081a4
220081a5
220081b8
220081d1
220081da
220081e4
220081f8
2200820c
2200825a
22008284
220082e4
22008304
2200830c
2200840c
2200850c
2200860c
22008804
22008904
22008a04
22008b04
22008c04
22008d04
220090c0
220091c0
22009404
22009504
22009604
22009704
22009904
22009b04
2200a038
2200a078
2200a080
2200a09b
2200a0a0
2200a0a1
2200a0a4
2200a0a5
2200a0b8
2200a0d4
2200a0d9
2200a138
2200a178
2200a1a4
2200a1a5
2200a1b8
2200a238
2200a278
2200a2b8
2200a338
2200a378
2200a3b8
2200a438
2200a478
2200a4b8
2200a538
2200a578
2200a5b8
2200a638
2200a678
2200a6b8
2200a738
2200a778
2200a7b8
2200a838
2200a878
2200a8b8
2200a938
2200a978
2200a9b8
2200aa38
2200aa78
2200aab8
2200ab38
2200ab78
2200abb8
2200ac38
2200ac78
2200acb8
2200ad38
2200ad78
2200adb8
2200ae38
2200ae78
2200aeb8
2200af38
2200af78
2200afb8
2200b038
2200b078
2200b0b8
2200b138
2200b178
2200b1b8
2200b238
2200b278
2200b2b8
2200b338
2200b378
2200b3b8
2200b438
2200b478
2200b4b8
2200b538
2200b578
2200b5b8
2200b638
2200b678
2200b6b8
2200b738
2200b778
2200b7b8
2200c005
2200c008
2200c00c
2200c028
2200c048
2200c068
2200c088
2200c09a
2200c0ba
2200c0e4
2200c10c
2200c19a
2200c1ba
2200c1da
2200c1e4
2200c20c
2200c29a
2200c2ba
2200c2e4
2200c30c
2200c39a
2200c3ba
2200c404
2200c40c
2200c49a
2200c4ba
2200c504
2200c50c
2200c59a
2200c5ba
2200c60c
2200c69a
2200c6ba
2200c79a
2200c7ba
2200c89a
2200c8ba
2200c99a
2200c9ba
2200ca9a
2200caba
2200cac0
2200cb9a
2200cbba
2200cc9a
2200ccba
2200cd9a
2200cdba
2200ce9a
2200ceba
2200cf9a
2200cfba
2200d09a
2200d0ba
2200d19a
2200d1ba
2200d29a
2200d2ba
2200d39a
2200d3ba
2200d404
2200d49a
2200d4ba
2200d504
2200d59a
2200d5ba
2200d604
2200d69a
2200d6ba
2200d704
2200d79a
2200d7ba
2200e01e
2200e038
2200e078
2200e09e
2200e0b8
2200e0d9
2200e0e1
2200e11e
2200e138
2200e178
2200e19e
2200e1b8
2200e238
2200e278
2200e2b8
2200e338
2200e378
2200e3b8
2200e41e
2200e438
2200e478
2200e49e
2200e4b8
2200e51e
2200e538
2200e578
2200e59e
2200e5b8
2200e638
2200e678
2200e6b8
2200e738
2200e778
2200e7b8
2200e81e
2200e838
2200e878
2200e89e
2200e8b8
2200e91e
2200e938
2200e978
2200e99e
2200e9b8
2200ea38
2200ea78
2200eab8
2200eb38
2200eb78
2200ebb8
2200ec38
2200ec78
2200ecb8
2200ed38
2200ed78
2200edb8
2200ee38
2200ee78
2200eeb8
2200ef38
2200ef78
2200efb8
2200f01e
2200f038
2200f078
2200f09e
2200f0b8
2200f11e
2200f138
2200f178
2200f19e
2200f1b8
2200f238
2200f278
2200f2b8
2200f338
2200f378
2200f3b8
2200f438
2200f478
2200f4b8
2200f538
2200f578
2200f5b8
2200f638
2200f678
2200f6b8
2200f738
2200f778
2200f7b8
22040000
22040004
22040008
2204000c
2204000f
22040013
22040014
22040018
22040019
2204001b
2204001d
2204001f
22040024
22040028
2204002b
2204002f
22040033
22040034
22040035
22040036
22040037
22040038
2204003c
22040048
22040053
22040054
22040065
2204006b
22040078
22040084
22040088
22040090
22040094
22040098
220400a4
220400a5
220400ba
220400c1
220400d4
220400d5
220400d8
22040100
22040104
2204010e
2204010f
22040124
2204012f
22040165
22040184
220401a4
220401a5
220401ba
2204020e
2204020f
22040213
2204022f
22040233
22040265
22040284
220402ba
22040304
2204030e
22040313
22040319
2204031d
22040333
22040353
22040365
220403ba
2204040e
22040413
22040419
2204041d
22040433
22040453
22040465
220404ba
2204050e
22040513
22040519
2204051d
22040533
22040553
22040565
220405ba
2204060e
22040613
22040619
2204061d
22040633
22040653
22040665
220406ba
2204070e
22040713
22040719
2204071d
22040733
22040753
22040765
220407ba
22040804
2204080f
22040819
2204081d
2204082f
22040853
22040865
220408ba
220408d5
22040904
2204090e
2204090f
22040919
2204091d
2204092f
22040965
220409ba
22040a04
22040a0e
22040a0f
22040a19
22040a1d
22040a2f
22040a65
22040aba
22040b04
22040b0e
22040b0f
22040b19
22040b1d
22040b2f
22040b65
22040bba
22040c04
22040c0e
22040c0f
22040c19
22040c1d
22040c2f
22040c65
22040d04
22040d0e
22040d0f
22040d19
22040d1d
22040d2f
22040d65
22040e0f
22040e19
22040e1d
22040e2f
22040e65
22040f0f
22040f19
22040f1d
22040f2f
22040f65
22041004
22041005
2204100f
22041019
2204101d
2204102f
220410c1
22041105
2204110f
22041119
2204111d
2204112f
22041204
2204120f
22041219
2204121d
2204122f
22041304
2204130f
22041319
2204131d
2204132f
2204140f
22041419
2204141d
2204142f
2204150f
22041519
2204151d
2204152f
2204160f
22041619
2204161d
2204162f
2204170f
22041719
2204171d
2204172f
22041804
2204180f
22041819
2204181d
2204182f
22041904
2204190f
22041919
2204191d
2204192f
22041a04
22041a0f
22041a2f
22041b04
22041b0f
22041b2f
22041c0f
22041c2f
22041d0f
22041d2f
22041e0f
22041e2f
22041f0f
22041f2f
22042004
22042005
2204200e
2204201e
2204201f
22042025
2204202e
2204204a
2204206a
22042088
2204209b
220420a0
220420a4
220420a5
220420d5
220420d9
220420f8
22042104
22042105
2204210e
2204211e
22042125
2204212e
220421a0
220421a4
220421a5
22042204
22042205
2204220e
22042225
2204222e
220422a0
22042304
2204230e
22042325
2204232e
22042404
2204240e
22042425
2204242e
22042504
2204250e
22042525
2204252e
22042604
2204260e
22042625
2204262e
22042704
2204270e
22042725
2204272e
22042804
2204280e
22042825
2204282e
22042845
220428d5
22042904
2204290e
22042925
2204292e
22042945
22042a04
22042a0e
22042a25
22042a2e
22042a45
22042b04
22042b0e
22042b25
22042b2e
22042b45
22042c04
22042c0e
22042c2e
22042c45
22042d04
22042d0e
22042d2e
22042d45
22042e04
22042e0e
22042e2e
22042e45
22042f04
22042f0e
22042f2e
22042f45
2204300e
2204302e
22043045
2204310e
2204312e
22043145
2204320e
2204322e
22043245
2204330e
2204332e
22043345
2204340e
2204342e
22043445
2204350e
2204352e
22043545
2204360e
2204362e
22043645
2204370e
2204372e
22043745
22043845
22043945
22043a45
22043b45
22043c45
22043d45
22043e45
22043f45
22044008
2204400c
22044019
2204401d
22044028
22044038
22044045
22044048
22044078
22044088
220440ce
220440d5
220440e4
22044145
220441e4
22044245
220442e4
22044304
22044319
2204431d
22044345
22044419
2204441d
22044445
22044519
2204451d
22044545
22044619
2204461d
22044645
22044719
2204471d
22044745
22044804
22044819
2204481d
22044845
220448d5
22044904
22044919
2204491d
22044945
22044a04
22044a19
22044a1d
22044a45
22044b04
22044b19
22044b1d
22044b45
22044c04
22044c19
22044c1d
22044c45
22044d04
22044d19
22044d1d
22044d45
22044e19
22044e1d
22044e45
22044f19
22044f1d
22044f45
22045019
2204501d
22045045
220450c1
220450d5
22045119
2204511d
22045145
22045219
2204521d
22045245
22045319
2204531d
22045345
22045419
2204541d
22045445
22045519
2204551d
22045545
22045619
2204561d
22045645
22045719
2204571d
22045745
22045804
22045819
2204581d
22045904
22045919
2204591d
22045b04
22046088
2204609b
220460d5
220460d9
220470d5
22047f5d
22047fe4
22048008
2204800c
22048013
22048019
2204801a
2204801d
22048028
22048038
22048048
2204805a
22048068
22048072
22048078
22048080
22048081
22048084
22048088
22048091
220480a0
220480a1
220480a4
220480a5
220480d1
220480e4
2204810c
22048113
2204811a
22048128
2204815a
22048168
22048184
22048191
2204819a
220481a4
220481a5
220481d1
220481da
220481e4
2204820c
2204821a
22048228
2204825a
22048268
22048284
220482e4
22048304
2204830c
22048319
2204831d
22048328
22048368
2204840c
22048419
2204841d
22048428
22048468
2204850c
22048519
2204851d
22048528
22048568
2204860c
22048619
2204861d
22048628
22048668
22048719
2204871d
22048728
22048768
22048804
22048819
2204881d
22048828
22048868
22048904
22048919
2204891d
22048928
22048968
22048a04
22048a19
22048a1d
22048a28
22048a68
22048b04
22048b19
22048b1d
22048b28
22048b68
22048c04
22048c19
22048c1d
22048d04
22048d19
22048d1d
22048e19
22048e1d
22048f19
22048f1d
22049019
2204901d
220490c0
22049119
2204911d
220491c0
22049219
2204921d
22049319
2204931d
22049404
22049419
2204941d
22049504
22049519
2204951d
22049604
22049619
2204961d
22049704
22049719
2204971d
22049819
2204981d
22049904
22049919
2204991d
22049b04
2204a080
2204a09b
2204a0a0
2204a0a1
2204a0a4
2204a0a5
2204a0d4
2204a0d9
2204a0f8
2204a1a4
2204a1a5
2204c005
2204c008
2204c00c
2204c019
2204c01d
2204c028
2204c048
2204c05a
2204c068
2204c088
2204c0da
2204c0e4
2204c10c
2204c128
2204c168
2204c1da
2204c1e4
2204c20c
2204c228
2204c268
2204c2e4
2204c30c
2204c319
2204c31d
2204c328
2204c368
2204c404
2204c40c
2204c419
2204c41d
2204c428
2204c468
2204c504
2204c50c
2204c519
2204c51d
2204c528
2204c568
2204c60c
2204c619
2204c61d
2204c719
2204c71d
2204c819
2204c81d
2204c919
2204c91d
2204ca19
2204ca1d
2204cb19
2204cb1d
2204cc19
2204cc1d
2204cd19
2204cd1d
2204ce19
2204ce1d
2204cf19
2204cf1d
2204d019
2204d01d
2204d119
2204d11d
2204d219
2204d21d
2204d319
2204d31d
2204d404
2204d419
2204d41d
2204d504
2204d519
2204d51d
2204d604
2204d619
2204d61d
2204d704
2204d719
2204d71d
2204d819
2204d81d
2204d919
2204d91d
2204e0d9
2204e0e1
22080000
22080004
22080008
2208000c
22080013
22080014
22080018
22080019
2208001b
2208001d
2208001f
22080024
22080028
2208002b
22080033
22080034
22080035
22080036
22080037
22080038
22080048
22080053
22080054
2208006b
22080078
22080084
22080088
22080090
22080094
22080098
22080099
220800a4
220800a5
220800b8
220800c1
220800d4
220800d5
220800d8
22080100
22080104
22080119
2208011d
22080124
22080138
22080178
22080184
22080199
220801a4
220801a5
220801b8
22080219
22080284
22080299
22080304
22080313
22080319
22080333
22080399
22080413
22080419
22080433
22080453
22080499
22080513
22080519
22080533
22080553
22080599
22080613
22080619
22080633
22080653
22080699
22080713
22080719
22080733
22080753
22080799
22080804
22080819
22080853
22080899
220808d5
22080904
22080919
22080999
22080a04
22080a19
22080a99
22080b04
22080b19
22080b99
22080c04
22080d04
22081004
22081005
220810c1
22081105
22081204
22081304
22081804
22081904
22081a04
22081b04
22081fd7
22082005
2208200e
22082019
2208201f
22082025
2208202e
2208204a
2208204e
22082059
22082064
2208206a
2208206e
22082088
2208209b
220820a0
220820a4
220820a5
220820d5
220820d9
22082105
22082119
22082125
22082159
22082164
220821a0
220821a4
220821a5
22082205
22082219
22082225
22082259
22082264
220822a0
22082319
22082325
22082359
22082364
22082419
22082425
22082459
22082464
22082519
22082525
22082559
22082564
22082619
22082625
22082659
22082664
22082719
22082725
22082759
22082764
22082819
22082825
22082845
22082859
2208285e
22082864
220828d5
22082919
22082925
22082945
22082959
22082964
22082a19
22082a25
22082a45
22082a59
22082a64
22082b19
22082b25
22082b45
22082b59
22082b64
22082c19
22082c45
22082c59
22082c64
22082d19
22082d45
22082d59
22082d64
22082e19
22082e45
22082e59
22082e64
22082f19
22082f45
22082f59
22082f64
22083019
22083045
22083059
22083064
22083119
22083145
22083159
22083164
22083219
22083245
22083259
22083264
22083319
22083345
22083359
22083364
22083419
22083445
22083459
22083464
22083519
22083545
22083559
22083564
22083619
22083645
22083659
22083664
22083719
22083745
22083759
22083764
22083845
22083945
22083a45
22083b45
22083c45
22083d45
22083e45
22083f45
22083fd7
22084008
2208400c
22084019
2208401d
22084028
22084038
2208403a
22084044
22084045
22084048
22084078
2208407a
22084088
22084099
220840b8
220840ce
220840d5
220840e4
22084119
2208411d
22084128
22084138
22084144
22084145
22084178
22084199
220841b8
220841e4
22084219
22084228
22084244
22084245
22084299
220842e4
22084304
22084319
22084328
22084344
22084345
22084399
22084419
22084428
22084444
22084445
22084499
22084519
22084528
22084544
22084545
22084599
22084619
22084628
22084644
22084645
22084699
22084719
22084728
22084744
22084745
22084799
22084804
22084819
22084828
22084844
22084845
22084899
220848d5
22084904
22084919
22084928
22084944
22084945
22084999
22084a04
22084a19
22084a28
22084a44
22084a45
22084a99
22084b04
22084b19
22084b28
22084b44
22084b45
22084b99
22084c04
22084c44
22084c45
22084d04
22084d44
22084d45
22084e44
22084e45
22084f44
22084f45
22085044
22085045
220850c1
220850d5
22085144
22085145
22085244
22085245
22085344
22085345
22085444
22085445
22085544
22085545
22085644
22085645
22085744
22085745
22085804
22085904
22085b04
2208600e
22086019
2208602e
2208604e
22086059
2208606e
22086088
2208609b
220860d5
220860d9
22086119
22086159
22086188
22086219
22086259
22086288
22086319
22086359
22086388
22086419
22086459
22086488
22086519
22086559
22086588
22086619
22086659
22086688
22086719
22086759
22086788
22086819
22086859
22086888
22086919
22086959
22086988
22086a19
22086a59
22086a88
22086b19
22086b59
22086b88
22086c19
22086c59
22086c88
22086d19
22086d59
22086d88
22086e19
22086e59
22086e88
22086f19
22086f59
22086f88
22087019
22087059
22087088
220870d5
22087119
22087159
22087188
22087219
22087259
22087288
22087319
22087359
22087388
22087419
22087459
22087488
22087519
22087559
22087588
22087619
22087659
22087688
22087719
22087759
22087788
22087f5d
22087fe4
22088008
2208800c
22088013
22088019
22088028
22088038
22088048
22088059
22088068
22088072
22088078
22088080
22088081
22088084
22088088
22088091
22088099
220880a0
220880a1
220880a4
220880a5
220880b8
220880d1
220880d9
220880e4
2208810c
22088113
22088138
22088178
22088184
22088191
220881a4
220881a5
220881b8
220881d1
220881e4
2208820c
22088284
220882e4
22088304
2208830c
2208840c
2208850c
2208860c
22088804
22088904
22088a04
22088b04
22088c04
22088d04
220890c0
220891c0
22089404
22089504
22089604
22089704
22089904
22089b04
2208a00e
2208a019
2208a04e
2208a059
2208a080
2208a09b
2208a0a0
2208a0a1
2208a0a4
2208a0a5
2208a0d4
2208a0d9
2208a119
2208a159
2208a1a4
2208a1a5
2208a219
2208a259
2208a319
2208a359
2208a419
2208a459
2208a519
2208a559
2208a619
2208a659
2208a719
2208a759
2208a819
2208a859
2208a919
2208a959
2208aa19
2208aa59
2208ab19
2208ab59
2208ac19
2208ac59
2208ad19
2208ad59
2208ae19
2208ae59
2208af19
2208af59
2208b019
2208b059
2208b119
2208b159
2208b219
2208b259
2208b319
2208b359
2208b419
2208b459
2208b519
2208b559
2208b619
2208b659
2208b719
2208b759
2208c008
2208c00c
2208c019
2208c01a
2208c028
2208c048
2208c059
2208c05a
2208c068
2208c088
2208c099
2208c0d9
2208c0da
2208c0e4
2208c10c
2208c11a
2208c128
2208c168
2208c1da
2208c1e4
2208c20c
2208c21a
2208c228
2208c268
2208c2e4
2208c30c
2208c31a
2208c328
2208c368
2208c404
2208c40c
2208c41a
2208c428
2208c468
2208c504
2208c50c
2208c51a
2208c528
2208c568
2208c60c
2208c61a
2208c71a
2208d404
2208d504
2208d604
2208d704
2208e004
2208e019
2208e059
2208e0d9
2208e0e1
2208e104
2208e119
2208e159
2208e204
2208e219
2208e259
2208e304
2208e319
2208e359
2208e404
2208e419
2208e459
2208e504
2208e519
2208e559
2208e604
2208e619
2208e659
2208e704
2208e719
2208e759
2208e804
2208e819
2208e859
2208e904
2208e919
2208e959
2208ea04
2208ea19
2208ea59
2208eb04
2208eb19
2208eb59
2208ec04
2208ec19
2208ec59
2208ed04
2208ed19
2208ed59
2208ee04
2208ee19
2208ee59
2208ef04
2208ef19
2208ef59
2208f019
2208f059
2208f119
2208f159
2208f219
2208f259
2208f319
2208f359
2208f419
2208f459
2208f519
2208f559
2208f619
2208f659
2208f719
2208f759
220c0000
220c0004
220c0008
220c0013
220c0014
220c0018
220c001b
220c001f
220c0024
220c0028
220c002b
220c0033
220c0034
220c0035
220c0036
220c0037
220c0038
220c003c
220c0048
220c0053
220c0054
220c006b
220c0078
220c0084
220c0088
220c0090
220c0094
220c0098
220c00a4
220c00a5
220c00c1
220c00d4
220c00d5
220c00d8
220c0100
220c0104
220c010e
220c0124
220c0184
220c01a4
220c01a5
220c020e
220c0284
220c0304
220c030e
220c040e
220c0413
220c0433
220c050e
220c0513
220c0533
220c0553
220c060e
220c0613
220c0633
220c0653
220c070e
220c0753
220c0804
220c08d5
220c0904
220c090e
220c0a04
220c0a0e
220c0b04
220c0b0e
220c0c04
220c0c0e
220c0d04
220c0d0e
220c1004
220c1005
220c10c1
220c1105
220c1204
220c1304
220c1804
220c1904
220c1a04
220c1b04
220c1fd7
220c1fd9
220c2005
220c2019
220c201e
220c201f
220c2025
220c204a
220c2059
220c2064
220c206a
220c2088
220c209b
220c20a0
220c20a4
220c20a5
220c20d5
220c20d9
220c20f8
220c2105
220c211e
220c2125
220c2164
220c21a0
220c21a4
220c21a5
220c2205
220c2219
220c2225
220c2259
220c2264
220c22a0
220c2325
220c2364
220c2419
220c2425
220c2459
220c2464
220c2525
220c2564
220c2619
220c2625
220c2659
220c2664
220c2725
220c2764
220c2819
220c2825
220c2845
220c2859
220c2864
220c28d5
220c2925
220c2945
220c2964
220c2a19
220c2a25
220c2a45
220c2a59
220c2a64
220c2b25
220c2b45
220c2b64
220c2c19
220c2c45
220c2c59
220c2c64
220c2d45
220c2d64
220c2e19
220c2e45
220c2e59
220c2e64
220c2f45
220c2f64
220c3019
220c3045
220c3059
220c3064
220c30c1
220c3145
220c3164
220c31c1
220c3219
220c3245
220c3259
220c3264
220c32c1
220c3345
220c3364
220c33c1
220c3419
220c3445
220c3459
220c3464
220c34c1
220c3545
220c3564
220c35c1
220c3619
220c3645
220c3659
220c3664
220c3745
220c3764
220c3819
220c3845
220c3859
220c3945
220c3a19
220c3a45
220c3a59
220c3b45
220c3c19
220c3c45
220c3c59
220c3d45
220c3e19
220c3e45
220c3e59
220c3f45
220c3fd7
220c4008
220c4028
220c4038
220c4044
220c4045
220c4048
220c4065
220c4078
220c4088
220c40ce
220c40d5
220c40e4
220c4144
220c4145
220c4165
220c41e4
220c4244
220c4245
220c4265
220c42e4
220c4304
220c4344
220c4345
220c4365
220c4444
220c4445
220c4465
220c4544
220c4545
220c4565
220c4644
220c4645
220c4665
220c4744
220c4745
220c4765
220c4804
220c4844
220c4845
220c4865
220c48d5
220c4904
220c4944
220c4945
220c4965
220c4a04
220c4a44
220c4a45
220c4a65
220c4b04
220c4b44
220c4b45
220c4b65
220c4c04
220c4c44
220c4c45
220c4c65
220c4d04
220c4d44
220c4d45
220c4d65
220c4e44
220c4e45
220c4e65
220c4f44
220c4f45
220c4f65
220c5044
220c5045
220c5065
220c50c1
220c50d5
220c5144
220c5145
220c5165
220c5244
220c5245
220c5265
220c5344
220c5345
220c5365
220c5444
220c5445
220c5465
220c5544
220c5545
220c5565
220c5644
220c5645
220c5665
220c5744
220c5745
220c5765
220c5804
220c5904
220c5b04
220c6019
220c6059
220c6088
220c609b
220c60d5
220c60d9
220c6219
220c6259
220c6419
220c6459
220c6619
220c6659
220c6819
220c6859
220c6a19
220c6a59
220c6c19
220c6c59
220c6e19
220c6e59
220c7019
220c7059
220c70d5
220c7219
220c7259
220c7419
220c7459
220c7619
220c7659
220c7819
220c7859
220c7a19
220c7a59
220c7c19
220c7c59
220c7e19
220c7e59
220c7f5d
220c7fe4
220c8008
220c8013
220c8028
220c8038
220c8048
220c8068
220c8072
220c8078
220c8080
220c8081
220c8084
220c8088
220c8091
220c80a0
220c80a1
220c80a4
220c80a5
220c80d1
220c80e4
220c8113
220c8184
220c8191
220c81a4
220c81a5
220c81d1
220c81e4
220c8284
220c82e4
220c8304
220c8804
220c8904
220c8a04
220c8b04
220c8c04
220c8d04
220c90c0
220c91c0
220c9404
220c9504
220c9604
220c9704
220c9904
220c9b04
220ca019
220ca059
220ca080
220ca09b
220ca0a0
220ca0a1
220ca0a4
220ca0a5
220ca0d4
220ca0d9
220ca0f8
220ca1a4
220ca1a5
220ca219
220ca259
220ca419
220ca459
220ca619
220ca659
220ca819
220ca859
220caa19
220caa59
220cac19
220cac59
220cae19
220cae59
220cb019
220cb059
220cb219
220cb259
220cb419
220cb459
220cb619
220cb659
220cb819
220cb859
220cba19
220cba59
220cbc19
220cbc59
220cbe19
220cbe59
220cc008
220cc01a
220cc028
220cc048
220cc068
220cc088
220cc0da
220cc0e4
220cc11a
220cc1da
220cc1e4
220cc21a
220cc2e4
220cc31a
220cc404
220cc41a
220cc504
220cc51a
220cc61a
220cc71a
220cd404
220cd504
220cd604
220cd704
220ce004
220ce019
220ce059
220ce0d9
220ce0e1
220ce104
220ce204
220ce219
220ce259
220ce304
220ce404
220ce419
220ce459
220ce504
220ce604
220ce619
220ce659
220ce704
220ce804
220ce819
220ce859
220ce904
220cea04
220cea19
220cea59
220ceb04
220cec04
220cec19
220cec59
220ced04
220cee04
220cee19
220cee59
220cef04
220cf019
220cf059
220cf219
220cf259
220cf419
220cf459
220cf619
220cf659
220cf819
220cf859
220cfa19
220cfa59
220cfc19
220cfc59
220cfe19
220cfe59
22100000
22100004
22100008
22100013
22100014
22100018
22100019
2210001b
2210001f
22100024
22100028
2210002b
22100033
22100034
22100035
22100036
22100037
22100038
2210003c
22100048
22100053
22100054
22100059
2210005e
2210006b
22100078
22100084
22100088
22100090
22100094
22100098
221000a4
221000a5
221000c1
221000d4
221000d5
221000d8
22100100
22100104
22100119
22100124
22100138
2210013c
22100159
2210015e
22100178
22100184
221001a4
221001a5
2210025e
22100284
22100304
2210035e
221003d5
2210045e
22100513
22100533
2210055e
22100613
22100633
22100653
2210065e
22100753
2210075e
22100804
2210085e
221008d5
22100904
2210095e
22100a04
22100a5e
22100b04
22100b5e
22100c04
22100c5e
22100d04
22100d5e
22100e5e
22100f5e
22101004
22101005
2210105e
221010c1
22101105
2210115e
22101204
2210125e
22101304
2210135e
2210145e
2210155e
2210165e
2210175e
22101804
22101904
22101a04
22101b04
22102004
22102005
2210200e
22102019
2210201f
22102025
2210202e
22102038
2210204a
2210204e
2210206a
2210206e
22102078
22102088
2210209b
221020a0
221020a4
221020a5
221020b8
221020d5
22102104
22102105
2210210e
22102119
22102125
2210212e
22102138
2210214e
2210216e
22102178
221021a0
221021a4
221021a5
221021b8
22102204
22102205
2210220e
22102219
22102225
2210222e
22102238
2210224e
2210226e
22102278
221022a0
221022b8
22102304
2210230e
22102319
22102325
2210232e
22102338
2210234e
2210236e
22102378
221023b8
22102404
2210240e
22102419
22102425
2210242e
22102438
2210244e
2210246e
22102478
221024b8
22102504
2210250e
22102519
22102525
2210252e
22102538
2210254e
2210256e
22102578
221025b8
22102604
2210260e
22102619
22102625
2210262e
22102638
2210264e
2210266e
22102678
221026b8
22102704
2210270e
22102719
22102725
2210272e
22102738
2210274e
2210276e
22102778
221027b8
22102804
2210280e
22102819
22102825
2210282e
22102838
22102845
2210284e
2210286e
22102878
221028b8
221028d5
22102904
2210290e
22102919
22102925
2210292e
22102938
22102945
2210294e
2210296e
22102978
221029b8
22102a04
22102a0e
22102a19
22102a25
22102a2e
22102a38
22102a45
22102a4e
22102a6e
22102a78
22102ab8
22102b04
22102b0e
22102b19
22102b25
22102b2e
22102b38
22102b45
22102b4e
22102b6e
22102b78
22102bb8
22102c04
22102c0e
22102c19
22102c2e
22102c38
22102c45
22102c4e
22102c6e
22102c78
22102cb8
22102d04
22102d0e
22102d19
22102d2e
22102d38
22102d45
22102d4e
22102d6e
22102d78
22102db8
22102e04
22102e0e
22102e19
22102e2e
22102e38
22102e45
22102e4e
22102e6e
22102e78
22102eb8
22102f04
22102f0e
22102f19
22102f2e
22102f38
22102f45
22102f4e
22102f6e
22102f78
22102fb8
22103004
2210300e
22103019
2210302e
22103038
22103045
2210304e
2210306e
22103078
221030b8
22103104
2210310e
22103119
2210312e
22103138
22103145
2210314e
2210316e
22103178
221031b8
22103204
2210320e
22103219
2210322e
22103238
22103245
2210324e
2210326e
22103278
221032b8
22103304
2210330e
22103319
2210332e
22103338
22103345
2210334e
2210336e
22103378
221033b8
22103404
2210340e
22103419
2210342e
22103438
22103445
2210344e
2210346e
22103478
221034b8
22103504
2210350e
22103519
2210352e
22103538
22103545
2210354e
2210356e
22103578
221035b8
22103604
2210360e
22103619
2210362e
22103638
22103645
2210364e
2210366e
22103678
221036b8
22103704
2210370e
22103719
2210372e
22103738
22103745
2210374e
2210376e
22103778
221037b8
22103845
22103945
22103a45
22103b45
22103c45
22103d45
22103e45
22103f19
22103f45
22104008
22104019
22104028
22104038
2210403a
2210403c
22104045
22104048
22104059
22104078
2210407a
22104088
221040ce
221040d5
221040e4
22104119
22104138
2210413c
22104145
22104159
22104178
221041e4
22104245
221042e4
22104304
22104345
22104445
22104545
22104645
22104745
22104804
22104845
221048d5
22104904
22104945
22104a04
22104a45
22104b04
22104b45
22104c04
22104c45
22104d04
22104d45
22104e45
22104f45
22105045
221050d5
22105145
22105245
22105345
22105445
22105545
22105645
22105745
22105804
22105904
22105b04
22106019
22106038
22106078
22106088
2210609b
221060b8
221060d5
221060d9
22106119
22106138
22106178
221061b8
221061d9
22106219
22106238
22106278
221062b8
22106319
22106338
22106378
221063b8
22106419
22106438
22106478
221064b8
22106519
22106538
22106578
221065b8
22106619
22106638
22106678
221066b8
22106719
22106738
22106778
221067b8
22106819
22106838
22106878
221068b8
22106919
22106938
22106978
221069b8
22106a19
22106a38
22106a78
22106ab8
22106b19
22106b38
22106b78
22106bb8
22106c19
22106c38
22106c78
22106cb8
22106d19
22106d38
22106d78
22106db8
22106e19
22106e38
22106e78
22106eb8
22106f19
22106f38
22106f78
22106fb8
22107019
22107038
22107078
221070b8
221070d5
22107119
22107138
22107178
221071b8
22107219
22107238
22107278
221072b8
22107319
22107338
22107378
221073b8
22107419
22107438
22107478
221074b8
22107519
22107538
22107578
221075b8
22107619
22107638
22107678
221076b8
22107719
22107738
22107778
221077b8
22107f19
22107f5d
22107fe4
22108008
22108013
22108019
2210801a
22108028
22108038
22108044
22108048
22108059
2210805a
22108068
22108072
22108078
22108080
22108081
22108084
22108088
22108091
22108099
221080a0
221080a1
221080a4
221080a5
221080b8
221080d1
221080e4
221080f8
22108113
22108119
2210811a
22108138
22108144
22108159
2210815a
22108178
22108184
22108191
22108199
221081a4
221081a5
221081b8
221081d1
221081da
221081e4
221081f8
22108244
2210825a
22108284
221082e4
22108304
22108344
22108444
22108544
22108804
22108904
22108a04
22108b04
22108c04
22108d04
221090c0
221091c0
22109404
22109504
22109604
22109704
22109904
22109b04
2210a019
2210a038
2210a078
2210a080
2210a09b
2210a0a0
2210a0a1
2210a0a4
2210a0a5
2210a0b8
2210a0d4
2210a119
2210a138
2210a178
2210a1a4
2210a1a5
2210a1b8
2210a219
2210a238
2210a278
2210a2b8
2210a319
2210a338
2210a378
2210a3b8
2210a419
2210a438
2210a478
2210a4b8
2210a519
2210a538
2210a578
2210a5b8
2210a619
2210a638
2210a678
2210a6b8
2210a719
2210a738
2210a778
2210a7b8
2210a819
2210a838
2210a878
2210a8b8
2210a919
2210a938
2210a978
2210a9b8
2210aa19
2210aa38
2210aa78
2210aab8
2210ab19
2210ab38
2210ab78
2210abb8
2210ac19
2210ac38
2210ac78
2210acb8
2210ad19
2210ad38
2210ad78
2210adb8
2210ae19
2210ae38
2210ae78
2210aeb8
2210af19
2210af38
2210af78
2210afb8
2210b019
2210b038
2210b078
2210b0b8
2210b119
2210b138
2210b178
2210b1b8
2210b219
2210b238
2210b278
2210b2b8
2210b319
2210b338
2210b378
2210b3b8
2210b419
2210b438
2210b478
2210b4b8
2210b519
2210b538
2210b578
2210b5b8
2210b619
2210b638
2210b678
2210b6b8
2210b719
2210b738
2210b778
2210b7b8
2210bf19
2210c008
2210c028
2210c048
2210c068
2210c088
2210c09a
2210c0e4
2210c19a
2210c1da
2210c1e4
2210c29a
2210c2e4
2210c39a
2210c404
2210c49a
2210c504
2210c59a
2210c69a
2210c79a
2210c89a
2210c99a
2210ca9a
2210cac0
2210cb9a
2210cc9a
2210cd9a
2210ce9a
2210cf9a
2210d09a
2210d0c1
2210d19a
2210d1c1
2210d29a
2210d39a
2210d404
2210d49a
2210d504
2210d59a
2210d604
2210d69a
2210d704
2210d79a
2210e019
2210e038
2210e078
2210e0b8
2210e0e1
2210e119
2210e138
2210e178
2210e1b8
2210e219
2210e238
2210e278
2210e2b8
2210e319
2210e338
2210e378
2210e3b8
2210e419
2210e438
2210e478
2210e4b8
2210e519
2210e538
2210e578
2210e5b8
2210e619
2210e638
2210e678
2210e6b8
2210e719
2210e738
2210e778
2210e7b8
2210e819
2210e838
2210e878
2210e8b8
2210e919
2210e938
2210e978
2210e9b8
2210ea19
2210ea38
2210ea78
2210eab8
2210eb19
2210eb38
2210eb78
2210ebb8
2210ec19
2210ec38
2210ec78
2210ecb8
2210ed19
2210ed38
2210ed78
2210edb8
2210ee19
2210ee38
2210ee78
2210eeb8
2210ef19
2210ef38
2210ef78
2210efb8
2210f019
2210f038
2210f078
2210f0b8
2210f119
2210f138
2210f178
2210f1b8
2210f219
2210f238
2210f278
2210f2b8
2210f319
2210f338
2210f378
2210f3b8
2210f419
2210f438
2210f478
2210f4b8
2210f519
2210f538
2210f578
2210f5b8
2210f619
2210f638
2210f678
2210f6b8
2210f719
2210f738
2210f778
2210f7b8
2210ff19
22140000
22140004
22140008
22140013
22140014
22140018
22140019
2214001b
2214001d
2214001f
22140024
22140028
2214002b
22140033
22140034
22140035
22140036
22140037
22140038
2214003c
22140048
22140053
22140054
2214006b
22140078
22140084
22140088
22140090
22140094
22140098
221400a4
221400a5
221400c1
221400d4
221400d5
221400d8
22140100
22140104
22140124
22140184
221401a4
221401a5
22140284
22140304
22140319
2214031d
22140419
2214041d
22140519
2214051d
22140613
22140619
2214061d
22140633
22140719
2214071d
22140753
22140804
2214080f
22140819
2214081d
2214082f
221408d5
22140904
2214090f
22140919
2214091d
2214092f
22140a04
22140a0f
22140a19
22140a1d
22140a2f
22140b04
22140b0f
22140b19
22140b1d
22140b2f
22140c04
22140c0f
22140c19
22140c1d
22140c2f
22140d04
22140d0f
22140d19
22140d1d
22140d2f
22140e0f
22140e19
22140e1d
22140e2f
22140f0f
22140f19
22140f1d
22140f2f
22141004
22141005
2214100f
22141019
2214101d
2214102f
221410c1
22141105
2214110f
22141119
2214111d
2214112f
22141204
2214120f
22141219
2214121d
2214122f
22141304
2214130f
22141319
2214131d
2214132f
2214140f
22141419
2214141d
2214142f
2214150f
22141519
2214151d
2214152f
2214160f
22141619
2214161d
2214162f
2214170f
22141719
2214171d
2214172f
22141804
2214180f
22141819
2214181d
2214182f
22141904
2214190f
22141919
2214191d
2214192f
22141a04
22141a0f
22141a2f
22141b04
22141b0f
22141b2f
22141c0f
22141c2f
22141d0f
22141d2f
22141e0f
22141e2f
22141f0f
22141f2f
22142004
22142005
2214200e
2214201e
2214201f
22142025
2214202e
2214204a
2214206a
22142088
2214209b
221420a0
221420a4
221420a5
221420d5
221420d9
221420f8
22142104
22142105
2214210e
2214211e
22142125
2214212e
221421a0
221421a4
221421a5
22142204
22142205
2214220e
22142225
2214222e
221422a0
22142304
2214230e
22142325
2214232e
22142404
2214240e
22142425
2214242e
22142504
2214250e
22142525
2214252e
22142604
2214260e
22142625
2214262e
22142704
2214270e
22142725
2214272e
22142804
2214280e
22142825
2214282e
22142845
221428d5
22142904
2214290e
22142925
2214292e
22142945
22142a04
22142a0e
22142a25
22142a2e
22142a45
22142b04
22142b0e
22142b25
22142b2e
22142b45
22142c04
22142c0e
22142c2e
22142c45
22142d04
22142d0e
22142d2e
22142d45
22142e04
22142e0e
22142e2e
22142e45
22142f04
22142f0e
22142f2e
22142f45
22143004
2214300e
2214302e
22143045
22143104
2214310e
2214312e
22143145
22143204
2214320e
2214322e
22143245
22143304
2214330e
2214332e
22143345
22143404
2214340e
2214342e
22143445
22143504
2214350e
2214352e
22143545
22143604
2214360e
2214362e
22143645
22143704
2214370e
2214372e
22143745
22143845
22143945
22143a45
22143b45
22143c45
22143d45
22143e45
22143f45
22144008
22144019
2214401d
22144028
22144038
22144045
22144048
22144078
22144088
221440ce
221440d5
221440e4
22144145
221441e4
22144245
221442e4
22144304
22144319
2214431d
22144345
22144419
2214441d
22144445
22144519
2214451d
22144545
22144619
2214461d
22144645
22144719
2214471d
22144745
22144804
22144819
2214481d
22144845
221448d5
22144904
22144919
2214491d
22144945
22144a04
22144a19
22144a1d
22144a45
22144b04
22144b19
22144b1d
22144b45
22144c04
22144c19
22144c1d
22144c45
22144d04
22144d19
22144d1d
22144d45
22144e19
22144e1d
22144e45
22144f19
22144f1d
22144f45
22145019
2214501d
22145045
221450d5
22145119
2214511d
22145145
22145219
2214521d
22145245
22145319
2214531d
22145345
22145419
2214541d
22145445
22145519
2214551d
22145545
22145619
2214561d
22145645
22145719
2214571d
22145745
22145804
22145819
2214581d
22145904
22145919
2214591d
22145b04
22146088
2214609b
221460d5
221460d9
221470d5
22147f5d
22147fe4
22148008
22148013
22148019
2214801a
2214801d
22148028
22148038
22148044
22148048
2214805a
22148068
22148072
22148078
22148080
22148081
22148084
22148088
22148091
221480a0
221480a1
221480a4
221480a5
221480d1
221480e4
22148113
2214811a
22148144
2214815a
22148184
22148191
2214819a
221481a4
221481a5
221481d1
221481da
221481e4
2214821a
22148244
2214825a
22148284
221482e4
22148304
22148319
2214831d
22148344
22148419
2214841d
22148444
22148519
2214851d
22148544
22148619
2214861d
22148719
2214871d
22148804
22148819
2214881d
22148904
22148919
2214891d
22148a04
22148a19
22148a1d
22148b04
22148b19
22148b1d
22148c04
22148c19
22148c1d
22148d04
22148d19
22148d1d
22148e19
22148e1d
22148f19
22148f1d
22149019
2214901d
221490c0
22149119
2214911d
221491c0
22149219
2214921d
22149319
2214931d
22149404
22149419
2214941d
22149504
22149519
2214951d
22149604
22149619
2214961d
22149704
22149719
2214971d
22149819
2214981d
22149904
22149919
2214991d
22149b04
2214a080
2214a09b
2214a0a0
2214a0a1
2214a0a4
2214a0a5
2214a0d4
2214a0d9
2214a0f8
2214a1a4
2214a1a5
2214c005
2214c008
2214c019
2214c01d
2214c028
2214c048
2214c068
2214c088
2214c09a
2214c0e4
2214c19a
2214c1da
2214c1e4
2214c29a
2214c2e4
2214c319
2214c31d
2214c39a
2214c404
2214c419
2214c41d
2214c49a
2214c504
2214c519
2214c51d
2214c59a
2214c619
2214c61d
2214c69a
2214c719
2214c71d
2214c79a
2214c819
2214c81d
2214c89a
2214c919
2214c91d
2214c99a
2214ca19
2214ca1d
2214ca9a
2214cb19
2214cb1d
2214cb9a
2214cc19
2214cc1d
2214cc9a
2214cd19
2214cd1d
2214cd9a
2214ce19
2214ce1d
2214ce9a
2214cf19
2214cf1d
2214cf9a
2214d019
2214d01d
2214d09a
2214d0c1
2214d119
2214d11d
2214d19a
2214d1c1
2214d219
2214d21d
2214d29a
2214d319
2214d31d
2214d39a
2214d404
2214d419
2214d41d
2214d49a
2214d504
2214d519
2214d51d
2214d59a
2214d604
2214d619
2214d61d
2214d69a
2214d704
2214d719
2214d71d
2214d79a
2214d819
2214d81d
2214d919
2214d91d
2214e0d9
2214e0e1
22180000
22180004
22180008
22180013
22180014
22180018
22180019
2218001b
2218001d
2218001f
22180024
22180028
2218002b
22180033
22180034
22180035
22180036
22180037
22180038
22180048
22180053
22180054
2218006b
22180078
22180084
22180088
22180090
22180094
22180098
22180099
221800a4
221800a5
221800b8
221800c1
221800d4
221800d5
221800d8
22180100
22180104
22180119
2218011d
22180124
22180138
22180178
22180184
22180199
221801a4
221801a5
221801b8
22180219
22180284
22180299
22180304
22180319
22180399
22180419
22180499
22180519
22180599
22180619
22180699
22180719
22180799
22180804
22180819
22180899
221808d5
22180904
22180919
22180999
22180a04
22180a19
22180a99
22180b04
22180b19
22180b99
22180c04
22180d04
22181004
22181005
221810c1
22181105
22181204
22181304
22181804
22181904
22181a04
22181b04
22182004
22182005
2218200e
2218201e
2218201f
22182025
2218204a
2218204e
2218206a
22182088
2218209b
221820a0
221820a4
221820a5
221820d5
221820d9
22182104
22182105
2218211e
22182125
221821a0
221821a4
221821a5
22182204
22182205
2218221e
22182225
221822a0
22182304
2218231e
22182325
22182404
2218241e
22182425
22182504
2218251e
22182525
22182604
2218261e
22182625
22182704
2218271e
22182725
22182804
2218281e
22182825
22182845
2218285e
221828d5
22182904
2218291e
22182925
22182945
22182a04
22182a1e
22182a25
22182a45
22182b04
22182b1e
22182b25
22182b45
22182c04
22182c1e
22182c45
22182d04
22182d1e
22182d45
22182e04
22182e1e
22182e45
22182f04
22182f1e
22182f45
22183004
2218301e
22183045
22183104
2218311e
22183145
22183204
2218321e
22183245
22183304
2218331e
22183345
22183404
2218341e
22183445
22183504
2218351e
22183545
22183604
2218361e
22183645
22183704
2218371e
22183745
22183845
22183945
22183a45
22183b45
22183c45
22183d45
22183e45
22183f45
22184008
22184019
2218401d
22184028
22184038
2218403a
22184045
22184048
22184078
2218407a
22184088
22184099
221840b8
221840ce
221840d5
221840e4
22184119
2218411d
22184138
22184145
22184178
22184199
221841b8
221841e4
22184219
22184245
22184299
221842e4
22184304
22184319
22184345
22184399
22184419
22184445
22184499
22184519
22184545
22184599
22184619
22184645
22184699
22184719
22184745
22184799
22184804
22184819
22184845
22184899
221848d5
22184904
22184919
22184945
22184999
22184a04
22184a19
22184a45
22184a99
22184b04
22184b19
22184b45
22184b99
22184c04
22184c45
22184d04
22184d45
22184e45
22184f45
22185045
221850d5
22185145
22185245
22185345
22185445
22185545
22185645
22185745
22185804
22185904
22185b04
22186088
2218609b
221860d5
221860d9
221870d5
22187f5d
22187fe4
22188008
22188013
22188028
22188038
22188044
22188048
22188068
22188072
22188078
22188080
22188081
22188084
22188088
22188091
221880a0
221880a1
221880a4
221880a5
221880b8
221880d1
221880e4
22188113
22188138
22188144
22188178
22188184
22188191
221881a4
221881a5
221881b8
221881d1
221881e4
22188244
22188284
221882e4
22188304
22188344
22188444
22188544
22188804
22188904
22188a04
22188b04
22188c04
22188d04
221890c0
221891c0
22189404
22189504
22189604
22189704
22189904
22189b04
2218a080
2218a09b
2218a0a0
2218a0a1
2218a0a4
2218a0a5
2218a0d4
2218a0d9
2218a1a4
2218a1a5
2218c008
2218c028
2218c048
2218c05a
2218c068
2218c088
2218c0da
2218c0e4
2218c1da
2218c1e4
2218c2e4
2218c404
2218c504
2218d0c1
2218d1c1
2218d404
2218d504
2218d604
2218d704
2218e0d9
2218e0e1
221c0000
221c0004
221c0008
221c0014
221c0018
221c001b
221c001f
221c0024
221c0028
221c002b
221c0033
221c0034
221c0035
221c0036
221c0037
221c0038
221c003c
221c0048
221c0054
221c006b
221c0078
221c0084
221c0088
221c0090
221c0094
221c0098
221c00a4
221c00a5
221c00c1
221c00d4
221c00d5
221c00d8
221c0100
221c0104
221c0124
221c0184
221c01a4
221c01a5
221c0284
221c0304
221c0804
221c08d5
221c0904
221c0a04
221c0b04
221c0c04
221c0d04
221c1004
221c1005
221c10c1
221c1204
221c1304
221c1804
221c1904
221c1a04
221c1b04
221c1fd9
221c2004
221c2005
221c201e
221c201f
221c2025
221c204a
221c206a
221c2088
221c209b
221c20a0
221c20a4
221c20a5
221c20c1
221c20d5
221c20d9
221c20f8
221c2104
221c2105
221c211e
221c2125
221c21a0
221c21a4
221c21a5
221c21c1
221c2204
221c2205
221c2225
221c22a0
221c22c1
221c2304
221c2325
221c23c1
221c2404
221c2425
221c24c1
221c2504
221c2525
221c25c1
221c2604
221c2625
221c2704
221c2725
221c2804
221c2825
221c2845
221c28d5
221c2904
221c2925
221c2945
221c2a04
221c2a25
221c2a45
221c2b04
221c2b25
221c2b45
221c2c04
221c2c45
221c2d04
221c2d45
221c2e04
221c2e45
221c2f04
221c2f45
221c3004
221c3045
221c3104
221c3145
221c3204
221c3245
221c3304
221c3345
221c3404
221c3445
221c3504
221c3545
221c3604
221c3645
221c3704
221c3745
221c3845
221c3945
221c3a45
221c3b45
221c3c45
221c3d45
221c3e45
221c3f45
221c4008
221c4028
221c4038
221c4045
221c4048
221c4078
221c4088
221c40ce
221c40d5
221c40e4
221c4145
221c41e4
221c4245
221c42e4
221c4304
221c4345
221c4445
221c4545
221c4645
221c4745
221c4804
221c4845
221c48d5
221c4904
221c4945
221c4a04
221c4a45
221c4b04
221c4b45
221c4c04
221c4c45
221c4d04
221c4d45
221c4e45
221c4f45
221c5045
221c50d5
221c5145
221c5245
221c5345
221c5445
221c5545
221c5645
221c5745
221c5804
221c5904
221c5b04
221c6088
221c609b
221c60d5
221c60d9
221c70d5
221c7f5d
221c7fe4
221c8008
221c8013
221c8028
221c8038
221c8044
221c8048
221c8068
221c8072
221c8078
221c8080
221c8081
221c8084
221c8088
221c8091
221c80a0
221c80a1
221c80a4
221c80a5
221c80d1
221c80e4
221c8113
221c8144
221c8184
221c8191
221c81a4
221c81a5
221c81d1
221c81e4
221c8244
221c8284
221c82e4
221c8304
221c8344
221c8444
221c8544
221c8804
221c8904
221c8a04
221c8b04
221c8c04
221c8d04
221c90c0
221c91c0
221c9404
221c9504
221c9604
221c9704
221c9904
221c9b04
221ca02e
221ca080
221ca09b
221ca0a0
221ca0a1
221ca0a4
221ca0a5
221ca0d4
221ca0d9
221ca0f8
221ca12e
221ca1a4
221ca1a5
221ca22e
221ca32e
221ca42e
221ca52e
221ca62e
221ca72e
221ca82e
221ca92e
221caa2e
221cab2e
221cac2e
221cad2e
221cae2e
221caf2e
221cb02e
221cb12e
221cb22e
221cb32e
221cb42e
221cb52e
221cb62e
221cb72e
221cc005
221cc008
221cc028
221cc048
221cc068
221cc088
221cc0e4
221cc1da
221cc1e4
221cc2e4
221cc404
221cc504
221cd0c1
221cd1c1
221cd404
221cd504
221cd604
221cd704
221ce00e
221ce02e
221ce0d9
221ce0e1
221ce10e
221ce12e
221ce20e
221ce22e
221ce30e
221ce32e
221ce40e
221ce42e
221ce50e
221ce52e
221ce60e
221ce62e
221ce70e
221ce72e
221ce80e
221ce82e
221ce90e
221ce92e
221cea0e
221cea2e
221ceb0e
221ceb2e
221cec0e
221cec2e
221ced0e
221ced2e
221cee0e
221cee2e
221cef0e
221cef2e
221cf00e
221cf02e
221cf10e
221cf12e
221cf20e
221cf22e
221cf30e
221cf32e
221cf40e
221cf42e
221cf50e
221cf52e
221cf60e
221cf62e
221cf70e
221cf72e
22200000
22200004
22200008
2220000c
22200013
22200014
22200018
22200019
2220001b
2220001f
22200024
22200028
2220002b
22200033
22200034
22200035
22200036
22200037
22200038
2220003c
22200044
22200048
22200053
22200054
22200059
2220005e
2220006b
22200078
22200084
22200088
22200090
22200094
22200098
222000a4
222000a5
222000c1
222000d4
222000d5
222000d8
222000e4
222000e5
22200100
22200104
22200119
22200124
22200138
2220013c
22200144
22200159
2220015e
22200178
22200184
222001e4
222001e5
22200244
2220025e
22200284
22200344
2220035e
22200444
2220045e
22200504
22200544
2220055e
2220065e
2220075e
22200804
2220085e
222008d5
22200904
2220095e
22200a04
22200a5e
22200b04
22200b5e
22200c04
22200c5e
22200d04
22200d5e
22200e04
22200e5e
22200f04
22200f5e
22201004
2220105e
222010c1
22201104
2220115e
2220125e
2220135e
2220145e
2220155e
2220165e
2220175e
22201804
22201904
22201a04
22201c04
22201d04
22201e04
2220200e
2220201f
2220202e
22202038
2220204a
2220204e
2220206a
2220206e
22202078
22202084
22202088
2220209b
222020a0
222020a4
222020a5
222020b8
222020c1
222020d5
2220210e
2220212e
22202138
2220214e
2220216e
22202178
22202184
222021a0
222021b8
222021c1
2220220e
2220222e
22202238
2220224e
2220226e
22202278
22202284
222022a0
222022b8
222022c1
2220230e
2220232e
22202338
2220234e
2220236e
22202378
222023b8
222023c1
2220240e
2220242e
22202438
2220244e
2220246e
22202478
222024b8
222024c1
2220250e
2220252e
22202538
2220254e
2220256e
22202578
222025b8
222025c1
2220260e
2220262e
22202638
2220264e
2220266e
22202678
222026b8
2220270e
2220272e
22202738
2220274e
2220276e
22202778
222027b8
2220280e
2220282e
22202838
22202845
2220284e
2220286e
22202878
222028b8
222028d5
2220290e
2220292e
22202938
22202945
2220294e
2220296e
22202978
222029b8
22202a0e
22202a2e
22202a38
22202a45
22202a4e
22202a6e
22202a78
22202ab8
22202b0e
22202b2e
22202b38
22202b45
22202b4e
22202b6e
22202b78
22202bb8
22202c0e
22202c2e
22202c38
22202c45
22202c4e
22202c6e
22202c78
22202cb8
22202d0e
22202d2e
22202d38
22202d45
22202d4e
22202d6e
22202d78
22202db8
22202e0e
22202e2e
22202e38
22202e45
22202e4e
22202e6e
22202e78
22202eb8
22202f0e
22202f2e
22202f38
22202f45
22202f4e
22202f6e
22202f78
22202fb8
2220300e
2220302e
22203038
22203045
2220304e
2220306e
22203078
222030b8
2220310e
2220312e
22203138
22203145
2220314e
2220316e
22203178
222031b8
2220320e
2220322e
22203238
22203245
2220324e
2220326e
22203278
222032b8
2220330e
2220332e
22203338
22203345
2220334e
2220336e
22203378
222033b8
2220340e
2220342e
22203438
22203445
2220344e
2220346e
22203478
222034b8
2220350e
2220352e
22203538
22203545
2220354e
2220356e
22203578
222035b8
2220360e
2220362e
22203638
22203645
2220364e
2220366e
22203678
222036b8
2220370e
2220372e
22203738
22203745
2220374e
2220376e
22203778
222037b8
22203845
22203945
22203a45
22203b45
22203c45
22203d45
22203e45
22203f45
22204004
22204008
2220400c
22204019
22204028
22204038
2220403a
2220403c
22204048
22204059
22204065
22204078
2220407a
22204088
222040ce
222040d5
22204104
22204119
22204138
2220413c
22204159
22204178
22204465
22204504
22204565
22204665
22204765
22204804
222048d5
22204904
22204a04
22204b04
22204c04
22204d04
22204e04
22204f04
22205004
222050c1
222050d5
22205165
22205365
22205804
22205865
22205904
22205a04
22205c04
22205d04
22205e04
22206038
22206078
22206088
2220609b
222060b8
222060d5
222060d9
22206138
22206178
222061b8
222061d9
22206238
22206278
222062b8
22206338
22206378
222063b8
22206438
22206478
222064b8
22206538
22206578
222065b8
22206638
22206678
222066b8
22206738
22206778
222067b8
22206838
22206878
222068b8
22206938
22206978
222069b8
22206a38
22206a78
22206ab8
22206b38
22206b78
22206bb8
22206c38
22206c78
22206cb8
22206d38
22206d78
22206db8
22206e38
22206e78
22206eb8
22206f38
22206f78
22206fb8
22207038
22207078
222070b8
222070d5
22207138
22207178
222071b8
22207238
22207278
222072b8
22207338
22207378
222073b8
22207438
22207478
222074b8
22207538
22207578
222075b8
22207638
22207678
222076b8
22207738
22207778
222077b8
22207f5d
22208004
22208008
2220800c
22208013
22208019
2220801a
22208028
22208038
22208048
22208059
2220805a
22208065
22208068
22208072
22208078
22208080
22208081
22208084
22208088
22208091
22208099
222080a0
222080a1
222080a4
222080a5
222080b8
222080d1
222080e4
222080e5
222080f8
22208104
22208113
22208119
2220811a
22208138
22208159
2220815a
22208178
22208184
22208199
222081b8
222081da
222081e4
222081e5
222081f8
2220825a
22208284
22208465
22208504
22208565
22208665
22208765
22208804
22208904
22208a04
22208b04
22208c04
22208d04
22208e04
22208f04
222090c0
22209165
222091c0
22209365
22209804
22209865
22209904
22209a04
22209c04
22209d04
22209e04
2220a038
2220a078
2220a080
2220a09b
2220a0a0
2220a0a1
2220a0a4
2220a0a5
2220a0b8
2220a0d4
2220a138
2220a178
2220a1b8
2220a238
2220a278
2220a2b8
2220a338
2220a378
2220a3b8
2220a438
2220a478
2220a4b8
2220a538
2220a578
2220a5b8
2220a638
2220a678
2220a6b8
2220a738
2220a778
2220a7b8
2220a838
2220a878
2220a8b8
2220a938
2220a978
2220a9b8
2220aa38
2220aa78
2220aab8
2220ab38
2220ab78
2220abb8
2220ac38
2220ac78
2220acb8
2220ad38
2220ad78
2220adb8
2220ae38
2220ae78
2220aeb8
2220af38
2220af78
2220afb8
2220b038
2220b078
2220b0b8
2220b138
2220b178
2220b1b8
2220b238
2220b278
2220b2b8
2220b338
2220b378
2220b3b8
2220b438
2220b478
2220b4b8
2220b538
2220b578
2220b5b8
2220b638
2220b678
2220b6b8
2220b738
2220b778
2220b7b8
2220c008
2220c00c
2220c028
2220c048
2220c065
2220c068
2220c088
2220c465
2220c565
2220c665
2220c765
2220cac0
2220d365
2220d865
2220e038
2220e078
2220e0b8
2220e0e1
2220e138
2220e178
2220e1b8
2220e238
2220e278
2220e2b8
2220e338
2220e378
2220e3b8
2220e438
2220e478
2220e4b8
2220e538
2220e578
2220e5b8
2220e638
2220e678
2220e6b8
2220e738
2220e778
2220e7b8
2220e838
2220e878
2220e8b8
2220e938
2220e978
2220e9b8
2220ea38
2220ea78
2220eab8
2220eb38
2220eb78
2220ebb8
2220ec38
2220ec78
2220ecb8
2220ed38
2220ed78
2220edb8
2220ee38
2220ee78
2220eeb8
2220ef38
2220ef78
2220efb8
2220f038
2220f078
2220f0b8
2220f138
2220f178
2220f1b8
2220f238
2220f278
2220f2b8
2220f338
2220f378
2220f3b8
2220f438
2220f478
2220f4b8
2220f538
2220f578
2220f5b8
2220f638
2220f678
2220f6b8
2220f738
2220f778
2220f7b8
22240000
22240004
22240008
2224000c
2224000f
22240013
22240014
22240018
22240019
2224001b
2224001d
2224001f
22240024
22240028
2224002b
2224002f
22240033
22240034
22240035
22240036
22240037
22240038
2224003c
22240044
22240048
22240053
22240054
2224006b
22240078
22240084
22240088
22240090
22240094
22240098
222400a4
222400a5
222400c1
222400d4
222400d5
222400d8
222400e4
222400e5
22240100
22240104
2224010f
22240124
2224012f
22240144
22240184
222401e4
222401e5
2224020f
2224022f
22240244
22240284
22240319
2224031d
22240344
22240419
2224041d
22240444
22240504
22240519
2224051d
22240544
22240619
2224061d
22240719
2224071d
22240804
22240819
2224081d
222408d5
22240904
22240919
2224091d
22240a04
22240a19
22240a1d
22240b04
22240b19
22240b1d
22240c04
22240c19
22240c1d
22240d04
22240d19
22240d1d
22240e04
22240e19
22240e1d
22240f04
22240f19
22240f1d
22241004
22241019
2224101d
222410c1
22241104
22241119
2224111d
22241219
2224121d
22241319
2224131d
22241419
2224141d
22241519
2224151d
22241619
2224161d
22241719
2224171d
22241804
22241819
2224181d
22241904
22241919
2224191d
22241a04
22241c04
22241d04
22241e04
2224200e
2224201e
2224201f
2224202e
2224204a
22242064
2224206a
22242084
22242088
2224209b
222420a0
222420a4
222420a5
222420d5
222420d9
222420f8
22242105
2224210e
2224211e
2224212e
22242164
22242184
222421a0
22242205
2224220e
2224222e
22242264
22242284
222422a0
22242305
2224230e
2224232e
22242364
22242405
2224240e
2224242e
22242464
22242505
2224250e
2224252e
22242564
22242605
2224260e
2224262e
22242664
22242705
2224270e
2224272e
22242764
22242805
2224280e
2224282e
22242845
22242864
222428d5
22242905
2224290e
2224292e
22242945
22242964
22242a05
22242a0e
22242a2e
22242a45
22242a64
22242b05
22242b0e
22242b2e
22242b45
22242b64
22242c05
22242c0e
22242c2e
22242c45
22242c64
22242d05
22242d0e
22242d2e
22242d45
22242d64
22242e05
22242e0e
22242e2e
22242e45
22242e64
22242f05
22242f0e
22242f2e
22242f45
22242f64
22243005
2224300e
2224302e
22243045
22243064
22243105
2224310e
2224312e
22243145
22243164
22243205
2224320e
2224322e
22243245
22243264
22243305
2224330e
2224332e
22243345
22243364
22243405
2224340e
2224342e
22243445
22243464
22243505
2224350e
2224352e
22243545
22243564
22243605
2224360e
2224362e
22243645
22243664
22243705
2224370e
2224372e
22243745
22243764
22243805
22243845
22243905
22243945
22243a05
22243a45
22243b45
22243c45
22243d45
22243e45
22243f45
22244004
22244008
2224400c
22244019
2224401d
22244028
22244038
22244048
22244065
22244078
22244088
222440ce
222440d5
22244104
22244319
2224431d
22244419
2224441d
22244465
22244504
22244519
2224451d
22244565
22244619
2224461d
22244665
22244719
2224471d
22244765
22244804
22244819
2224481d
222448d5
22244904
22244919
2224491d
22244a04
22244a19
22244a1d
22244b04
22244b19
22244b1d
22244c04
22244c19
22244c1d
22244d04
22244d19
22244d1d
22244e04
22244e19
22244e1d
22244f04
22244f19
22244f1d
22245004
22245019
2224501d
222450c1
222450d5
22245119
2224511d
22245165
22245219
2224521d
22245319
2224531d
22245365
22245419
2224541d
22245519
2224551d
22245619
2224561d
22245719
2224571d
22245804
22245819
2224581d
22245865
22245904
22245919
2224591d
22245a04
22245c04
22245d04
22245e04
22246005
22246064
22246088
2224609b
222460d5
222460d9
22246105
22246164
22246205
22246264
22246305
22246364
22246405
22246464
22246505
22246564
22246605
22246664
22246705
22246764
22246805
22246864
22246905
22246964
22246a05
22246a64
22246b05
22246b64
22246c05
22246c64
22246d05
22246d64
22246e05
22246e64
22246f05
22246f64
22247064
222470d5
22247164
22247264
22247364
22247464
22247564
22247664
22247764
22247f5d
22248004
22248008
2224800c
22248013
22248019
2224801a
2224801d
22248028
22248038
22248048
2224805a
22248065
22248068
22248072
22248078
22248080
22248081
22248084
22248088
22248091
222480a0
222480a1
222480a4
222480a5
222480d1
222480e4
222480e5
22248104
22248113
2224811a
2224815a
22248184
2224819a
222481da
222481e4
222481e5
2224821a
2224825a
22248284
22248319
2224831d
22248419
2224841d
22248465
22248504
22248519
2224851d
22248565
22248619
2224861d
22248665
22248719
2224871d
22248765
22248804
22248819
2224881d
22248904
22248919
2224891d
22248a04
22248a19
22248a1d
22248b04
22248b19
22248b1d
22248c04
22248c19
22248c1d
22248d04
22248d19
22248d1d
22248e04
22248e19
22248e1d
22248f04
22248f19
22248f1d
22249019
2224901d
222490c0
22249119
2224911d
22249165
222491c0
22249219
2224921d
22249319
2224931d
22249365
22249419
2224941d
22249519
2224951d
22249619
2224961d
22249719
2224971d
22249804
22249819
2224981d
22249865
22249904
22249919
2224991d
22249a04
22249c04
22249d04
22249e04
2224a080
2224a09b
2224a0a0
2224a0a1
2224a0a4
2224a0a5
2224a0d4
2224a0d9
2224a0f8
2224c005
2224c008
2224c00c
2224c019
2224c01d
2224c028
2224c048
2224c065
2224c068
2224c088
2224c319
2224c31d
2224c419
2224c41d
2224c465
2224c519
2224c51d
2224c565
2224c619
2224c61d
2224c665
2224c719
2224c71d
2224c765
2224c819
2224c81d
2224c919
2224c91d
2224ca19
2224ca1d
2224cb19
2224cb1d
2224cc19
2224cc1d
2224cd19
2224cd1d
2224ce19
2224ce1d
2224cf19
2224cf1d
2224d019
2224d01d
2224d119
2224d11d
2224d219
2224d21d
2224d319
2224d31d
2224d365
2224d419
2224d41d
2224d519
2224d51d
2224d619
2224d61d
2224d719
2224d71d
2224d819
2224d81d
2224d865
2224d919
2224d91d
2224e0d9
2224e0e1
22280000
22280004
22280008
2228000c
22280013
22280014
22280018
2228001b
2228001d
2228001f
22280024
22280028
2228002b
22280033
22280034
22280035
22280036
22280037
22280038
22280044
22280048
22280053
22280054
2228006b
22280078
22280084
22280088
22280090
22280094
22280098
222800a4
222800a5
222800b8
222800c1
222800d4
222800d5
222800d8
222800e4
222800e5
22280100
22280104
2228011d
22280124
22280138
22280144
22280178
22280184
222801b8
222801e4
222801e5
22280244
22280284
22280344
22280444
22280504
22280544
22280804
222808d5
22280904
22280a04
22280b04
22280c04
22280d04
22280e04
22280f04
22281004
222810c1
22281104
22281804
22281904
22281a04
22281c04
22281d04
22281e04
22282005
2228200e
2228201f
2228202e
2228204a
2228204e
22282064
2228206a
2228206e
22282084
22282088
2228209b
222820a0
222820a4
222820a5
222820d5
222820d9
22282105
2228210e
2228212e
2228214e
22282164
2228216e
2228217e
22282184
222821a0
22282205
22282264
22282284
222822a0
22282305
22282364
22282405
22282464
22282505
22282564
22282605
22282664
22282705
22282764
22282805
22282845
2228285e
22282864
222828d5
22282905
22282945
22282964
22282a05
22282a45
22282a64
22282b05
22282b45
22282b64
22282c45
22282c64
22282d45
22282d64
22282e45
22282e64
22282f45
22282f64
22283045
22283064
22283145
22283164
22283245
22283264
22283345
22283364
22283445
22283464
22283545
22283564
22283645
22283664
22283745
22283764
22283845
22283945
22283a45
22283b45
22283c45
22283d45
22283e45
22283f45
22284004
22284008
2228400c
2228401d
22284028
22284038
2228403a
22284048
22284065
22284078
2228407a
22284088
222840b8
222840ce
222840d5
22284104
2228411d
22284138
22284178
222841b8
22284465
22284504
22284565
22284665
22284765
22284804
222848d5
22284904
22284a04
22284b04
22284c04
22284d04
22284e04
22284f04
22285004
222850c1
222850d5
22285165
22285365
22285804
22285865
22285904
22285a04
22285c04
22285d04
22285e04
2228600e
2228602e
2228604e
2228606e
22286088
2228609b
222860d5
222860d9
2228610e
2228612e
2228614e
2228616e
2228617e
222870d5
22287f5d
22288004
22288008
2228800c
22288013
22288028
22288038
22288048
22288065
22288068
22288072
22288078
22288080
22288081
22288084
22288088
22288091
222880a0
222880a1
222880a4
222880a5
222880b8
222880d1
222880e4
222880e5
22288104
22288113
22288138
22288178
22288184
222881b8
222881e4
222881e5
22288284
22288465
22288504
22288565
22288665
22288765
22288804
22288904
22288a04
22288b04
22288c04
22288d04
22288e04
22288f04
222890c0
22289165
222891c0
22289365
22289804
22289865
22289904
22289a04
22289c04
22289d04
22289e04
2228a00e
2228a02e
2228a04e
2228a06e
2228a080
2228a09b
2228a0a0
2228a0a1
2228a0a4
2228a0a5
2228a0d4
2228a0d9
2228a10e
2228a12e
2228a14e
2228a16e
2228a17e
2228c008
2228c00c
2228c028
2228c048
2228c065
2228c068
2228c088
2228c465
2228c565
2228c665
2228c765
2228d365
2228d865
2228e0d9
2228e0e1
222c0000
222c0004
222c0008
222c000c
222c0013
222c0014
222c0018
222c001b
222c001f
222c0024
222c0028
222c002b
222c0033
222c0034
222c0035
222c0036
222c0037
222c0038
222c003c
222c0044
222c0048
222c0053
222c0054
222c006b
222c0078
222c0084
222c0088
222c0090
222c0094
222c0098
222c00a4
222c00a5
222c00c1
222c00d4
222c00d5
222c00d8
222c00e4
222c00e5
222c0100
222c0104
222c010e
222c0124
222c0144
222c0184
222c01e4
222c01e5
222c020e
222c0244
222c0284
222c030e
222c0344
222c0444
222c0504
222c050e
222c0544
222c060e
222c070e
222c0804
222c08d5
222c0904
222c090e
222c0a04
222c0a0e
222c0b04
222c0b0e
222c0c04
222c0d04
222c0d0e
222c0e04
222c0e0e
222c0f04
222c0f0e
222c1004
222c10c1
222c1104
222c110e
222c120e
222c130e
222c150e
222c160e
222c170e
222c1804
222c1904
222c190e
222c1a04
222c1a0e
222c1b0e
222c1c04
222c1d04
222c1d0e
222c1e04
222c1e0e
222c1f0e
222c2005
222c201e
222c201f
222c204a
222c206a
222c2084
222c2088
222c209b
222c20a0
222c20a4
222c20a5
222c20d5
222c20d9
222c20f8
222c2105
222c211e
222c2184
222c21a0
222c2205
222c2284
222c22a0
222c2305
222c2405
222c2505
222c2605
222c2705
222c2805
222c2845
222c28d5
222c2905
222c2945
222c2a05
222c2a45
222c2b05
222c2b45
222c2c05
222c2c45
222c2d05
222c2d45
222c2e05
222c2e45
222c2f05
222c2f45
222c3005
222c3045
222c30c1
222c3105
222c3145
222c31c1
222c3205
222c3245
222c32c1
222c3305
222c3345
222c33c1
222c3405
222c3445
222c34c1
222c3505
222c3545
222c35c1
222c3605
222c3645
222c3705
222c3745
222c3845
222c3945
222c3a45
222c3b45
222c3c45
222c3d45
222c3e45
222c3f45
222c4004
222c4008
222c400c
222c4028
222c4038
222c4048
222c4065
222c4078
222c4088
222c40ce
222c40d5
222c4104
222c4465
222c4504
222c4565
222c4665
222c4765
222c4804
222c48d5
222c4904
222c4a04
222c4b04
222c4c04
222c4d04
222c4e04
222c4f04
222c5004
222c50c1
222c50d5
222c5165
222c5365
222c5804
222c5865
222c5904
222c5a04
222c5c04
222c5d04
222c5e04
222c6088
222c609b
222c60d5
222c60d9
222c70d5
222c7f5d
222c8004
222c8008
222c800c
222c8013
222c8028
222c8038
222c8048
222c8065
222c8068
222c8072
222c8078
222c8080
222c8081
222c8084
222c8088
222c8091
222c80a0
222c80a1
222c80a4
222c80a5
222c80d1
222c80e4
222c80e5
222c8104
222c8113
222c8184
222c81e4
222c81e5
222c8284
222c8465
222c8504
222c8565
222c8665
222c8765
222c8804
222c8904
222c8a04
222c8b04
222c8c04
222c8d04
222c8e04
222c8f04
222c90c0
222c9165
222c91c0
222c9365
222c9804
222c9865
222c9904
222c9a04
222c9c04
222c9d04
222c9e04
222ca080
222ca09b
222ca0a0
222ca0a1
222ca0a4
222ca0a5
222ca0d4
222ca0d9
222ca0f8
222cc005
222cc008
222cc00c
222cc028
222cc048
222cc065
222cc068
222cc088
222cc465
222cc565
222cc665
222cc765
222cd365
222cd865
222ce0d9
222ce0e1
22300000
22300004
22300008
22300013
22300014
22300018
22300019
2230001b
2230001f
22300024
22300028
2230002b
22300033
22300034
22300035
22300036
22300037
22300038
2230003c
22300044
22300048
22300053
22300054
22300059
2230005e
2230006b
22300078
22300084
22300088
22300090
22300094
22300098
223000a4
223000a5
223000c1
223000d4
223000d5
223000d8
223000e4
223000e5
22300100
22300104
22300119
22300124
22300138
2230013c
22300144
22300159
2230015e
22300178
22300184
223001e4
223001e5
22300244
2230025e
22300284
22300344
2230035e
22300444
2230045e
22300504
22300544
2230055e
2230065e
2230075e
22300804
2230085e
22300865
223008d5
22300904
2230095e
22300965
22300a04
22300a5e
22300b04
22300b5e
22300c04
22300c5e
22300d04
22300d5e
22300e04
22300e5e
22300f04
22300f5e
22301004
2230105e
223010c1
22301104
2230115e
2230125e
2230135e
2230145e
2230155e
2230165e
2230175e
22301804
22301904
22301a04
22301c04
22301d04
22301e04
22302004
22302005
2230200e
22302019
2230201f
22302025
2230202e
22302038
2230204a
2230204e
2230206a
2230206e
22302078
22302084
22302088
2230209b
223020a0
223020a4
223020a5
223020b8
223020d5
22302104
22302105
2230210e
22302119
22302125
2230212e
22302138
2230214e
2230216e
22302178
22302184
223021a0
223021b8
22302204
22302205
2230220e
22302219
22302225
2230222e
22302238
2230224e
2230226e
22302278
22302284
223022a0
223022b8
22302304
22302305
2230230e
22302319
22302325
2230232e
22302338
2230234e
2230236e
22302378
223023b8
22302404
22302405
2230240e
22302419
22302425
2230242e
22302438
2230244e
2230246e
22302478
223024b8
22302504
22302505
2230250e
22302519
22302525
2230252e
22302538
2230254e
2230256e
22302578
223025b8
22302604
22302605
2230260e
22302619
22302625
2230262e
22302638
2230264e
2230266e
22302678
223026b8
22302704
22302705
2230270e
22302719
22302725
2230272e
22302738
2230274e
2230276e
22302778
223027b8
22302804
22302805
2230280e
22302819
22302825
2230282e
22302838
22302845
2230284e
2230286e
22302878
223028b8
223028d5
22302904
22302905
2230290e
22302919
22302925
2230292e
22302938
22302945
2230294e
2230296e
22302978
223029b8
22302a04
22302a05
22302a0e
22302a19
22302a25
22302a2e
22302a38
22302a45
22302a4e
22302a6e
22302a78
22302ab8
22302b04
22302b05
22302b0e
22302b19
22302b25
22302b2e
22302b38
22302b45
22302b4e
22302b6e
22302b78
22302bb8
22302c04
22302c0e
22302c19
22302c25
22302c2e
22302c38
22302c45
22302c4e
22302c6e
22302c78
22302cb8
22302d04
22302d0e
22302d19
22302d25
22302d2e
22302d38
22302d45
22302d4e
22302d6e
22302d78
22302db8
22302e04
22302e0e
22302e19
22302e25
22302e2e
22302e38
22302e45
22302e4e
22302e6e
22302e78
22302eb8
22302f04
22302f0e
22302f19
22302f25
22302f2e
22302f38
22302f45
22302f4e
22302f6e
22302f78
22302fb8
2230300e
22303019
22303025
2230302e
22303038
22303045
2230304e
2230306e
22303078
223030b8
2230310e
22303119
22303125
2230312e
22303138
22303145
2230314e
2230316e
22303178
223031b8
2230320e
22303219
22303225
2230322e
22303238
22303245
2230324e
2230326e
22303278
223032b8
2230330e
22303319
22303325
2230332e
22303338
22303345
2230334e
2230336e
22303378
223033b8
2230340e
22303419
22303425
2230342e
22303438
22303445
2230344e
2230346e
22303478
223034b8
2230350e
22303519
22303525
2230352e
22303538
22303545
2230354e
2230356e
22303578
223035b8
2230360e
22303619
22303625
2230362e
22303638
22303645
2230364e
2230366e
22303678
223036b8
2230370e
22303719
22303725
2230372e
22303738
22303745
2230374e
2230376e
22303778
223037b8
22303845
22303945
22303a45
22303b45
22303c45
22303d45
22303e45
22303f19
22303f45
22304004
22304008
22304019
22304028
22304038
2230403a
2230403c
22304045
22304048
22304059
22304065
22304078
2230407a
22304088
223040ce
223040d5
22304104
22304119
22304138
2230413c
22304145
22304159
22304178
22304245
22304345
22304445
22304465
22304504
22304545
22304565
22304645
22304665
22304745
22304765
22304804
22304845
223048d5
22304904
22304945
22304a04
22304a45
22304b04
22304b45
22304c04
22304c45
22304d04
22304d45
22304e04
22304e45
22304e65
22304f04
22304f45
22304f65
22305004
22305045
223050d5
22305145
22305165
22305245
22305345
22305365
22305445
22305545
22305645
22305745
22305804
22305865
22305904
22305a04
22305c04
22305d04
22305e04
22306004
22306019
22306038
22306078
22306088
2230609b
223060b8
223060d5
223060d9
22306104
22306119
22306138
22306178
223061b8
223061d9
22306204
22306219
22306238
22306278
223062b8
22306304
22306319
22306338
22306378
223063b8
22306404
22306419
22306438
22306478
223064b8
22306504
22306519
22306538
22306578
223065b8
22306604
22306619
22306638
22306678
223066b8
22306704
22306719
22306738
22306778
223067b8
22306804
22306819
22306838
22306878
223068b8
22306919
22306938
22306978
223069b8
22306a19
22306a38
22306a78
22306ab8
22306b19
22306b38
22306b78
22306bb8
22306c19
22306c38
22306c78
22306cb8
22306d19
22306d38
22306d78
22306db8
22306e19
22306e38
22306e78
22306eb8
22306f19
22306f38
22306f78
22306fb8
22307019
22307038
22307078
223070b8
223070d5
22307119
22307138
22307178
223071b8
22307219
22307238
22307278
223072b8
22307319
22307338
22307378
223073b8
22307419
22307438
22307478
223074b8
22307519
22307538
22307578
223075b8
22307619
22307638
22307678
223076b8
22307719
22307738
22307778
223077b8
22307f19
22307f5d
22308004
22308008
22308013
22308019
2230801a
22308028
22308038
22308048
22308059
2230805a
22308065
22308068
22308072
22308078
22308080
22308081
22308084
22308088
22308091
22308099
223080a0
223080a1
223080a4
223080a5
223080b8
223080d1
223080e4
223080e5
223080f8
22308104
22308113
22308119
2230811a
22308138
22308159
2230815a
22308178
22308184
22308199
223081b8
223081da
223081e4
223081e5
223081f8
2230825a
22308284
22308465
22308504
22308565
22308665
22308765
22308804
22308904
22308a04
22308b04
22308c04
22308d04
22308e04
22308e65
22308f04
22308f65
223090c0
22309165
223091c0
22309365
22309804
22309865
22309904
22309a04
22309c04
22309d04
22309e04
2230a019
2230a038
2230a078
2230a080
2230a09b
2230a0a0
2230a0a1
2230a0a4
2230a0a5
2230a0b8
2230a0d4
2230a119
2230a138
2230a178
2230a1b8
2230a219
2230a238
2230a278
2230a2b8
2230a319
2230a338
2230a378
2230a3b8
2230a419
2230a438
2230a478
2230a4b8
2230a519
2230a538
2230a578
2230a5b8
2230a619
2230a638
2230a678
2230a6b8
2230a719
2230a738
2230a778
2230a7b8
2230a819
2230a838
2230a878
2230a8b8
2230a919
2230a938
2230a978
2230a9b8
2230aa19
2230aa38
2230aa78
2230aab8
2230ab19
2230ab38
2230ab78
2230abb8
2230ac19
2230ac38
2230ac78
2230acb8
2230ad19
2230ad38
2230ad78
2230adb8
2230ae19
2230ae38
2230ae78
2230aeb8
2230af19
2230af38
2230af78
2230afb8
2230b019
2230b038
2230b078
2230b0b8
2230b119
2230b138
2230b178
2230b1b8
2230b219
2230b238
2230b278
2230b2b8
2230b319
2230b338
2230b378
2230b3b8
2230b419
2230b438
2230b478
2230b4b8
2230b519
2230b538
2230b578
2230b5b8
2230b619
2230b638
2230b678
2230b6b8
2230b719
2230b738
2230b778
2230b7b8
2230bf19
2230c008
2230c028
2230c048
2230c065
2230c068
2230c088
2230c09a
2230c19a
2230c29a
2230c39a
2230c465
2230c49a
2230c565
2230c59a
2230c665
2230c69a
2230c765
2230c79a
2230c89a
2230c99a
2230ca9a
2230cb9a
2230cc9a
2230cd9a
2230ce65
2230ce9a
2230cf65
2230cf9a
2230d09a
2230d0c1
2230d19a
2230d1c1
2230d29a
2230d365
2230d39a
2230d49a
2230d59a
2230d69a
2230d79a
2230d865
2230e019
2230e038
2230e078
2230e0b8
2230e0e1
2230e119
2230e138
2230e178
2230e1b8
2230e219
2230e238
2230e278
2230e2b8
2230e319
2230e338
2230e378
2230e3b8
2230e419
2230e438
2230e478
2230e4b8
2230e519
2230e538
2230e578
2230e5b8
2230e619
2230e638
2230e678
2230e6b8
2230e719
2230e738
2230e778
2230e7b8
2230e819
2230e838
2230e878
2230e8b8
2230e919
2230e938
2230e978
2230e9b8
2230ea19
2230ea38
2230ea78
2230eab8
2230eb19
2230eb38
2230eb78
2230ebb8
2230ec19
2230ec38
2230ec78
2230ecb8
2230ed19
2230ed38
2230ed78
2230edb8
2230ee19
2230ee38
2230ee78
2230eeb8
2230ef19
2230ef38
2230ef78
2230efb8
2230f019
2230f038
2230f078
2230f0b8
2230f119
2230f138
2230f178
2230f1b8
2230f219
2230f238
2230f278
2230f2b8
2230f319
2230f338
2230f378
2230f3b8
2230f419
2230f438
2230f478
2230f4b8
2230f519
2230f538
2230f578
2230f5b8
2230f619
2230f638
2230f678
2230f6b8
2230f719
2230f738
2230f778
2230f7b8
2230ff19
22340000
22340004
22340008
22340013
22340014
22340018
22340019
2234001b
2234001d
2234001f
22340024
22340028
2234002b
22340033
22340034
22340035
22340036
22340037
22340038
2234003c
22340044
22340048
22340053
22340054
2234006b
22340078
22340084
22340088
22340090
22340094
22340098
223400a4
223400a5
223400c1
223400d4
223400d5
223400d8
223400e4
223400e5
22340100
22340104
22340124
22340144
22340184
223401e4
223401e5
22340244
22340284
22340319
2234031d
22340344
22340419
2234041d
22340444
22340504
22340519
2234051d
22340544
22340619
2234061d
22340719
2234071d
22340804
2234080f
22340819
2234081d
2234082f
22340865
223408d5
22340904
2234090f
22340919
2234091d
2234092f
22340965
22340a04
22340a0f
22340a19
22340a1d
22340a2f
22340b04
22340b0f
22340b19
22340b1d
22340b2f
22340c04
22340c0f
22340c19
22340c1d
22340c2f
22340d04
22340d0f
22340d19
22340d1d
22340d2f
22340e04
22340e0f
22340e19
22340e1d
22340e2f
22340f04
22340f0f
22340f19
22340f1d
22340f2f
22341004
2234100f
22341019
2234101d
2234102f
223410c1
22341104
2234110f
22341119
2234111d
2234112f
2234120f
22341219
2234121d
2234122f
2234130f
22341319
2234131d
2234132f
2234140f
22341419
2234141d
2234142f
2234150f
22341519
2234151d
2234152f
2234160f
22341619
2234161d
2234162f
2234170f
22341719
2234171d
2234172f
22341804
2234180f
22341819
2234181d
2234182f
22341904
2234190f
22341919
2234191d
2234192f
22341a04
22341a0f
22341a2f
22341b0f
22341b2f
22341c04
22341c0f
22341c2f
22341d04
22341d0f
22341d2f
22341e04
22341e0f
22341e2f
22341f0f
22341f2f
22342005
2234200e
2234201e
2234201f
2234202e
2234204a
2234206a
22342084
22342088
2234209b
223420a0
223420a4
223420a5
223420d5
223420d9
223420f8
22342105
2234210e
2234211e
2234212e
22342184
223421a0
22342205
2234220e
2234222e
22342284
223422a0
22342305
2234230e
2234232e
22342405
2234240e
2234242e
22342505
2234250e
2234252e
22342605
2234260e
2234262e
22342705
2234270e
2234272e
22342804
22342805
2234280e
2234282e
22342845
223428d5
22342904
22342905
2234290e
2234292e
22342945
22342a04
22342a05
22342a0e
22342a2e
22342a45
22342b04
22342b05
22342b0e
22342b2e
22342b45
22342c04
22342c05
22342c0e
22342c2e
22342c45
22342d04
22342d05
22342d0e
22342d2e
22342d45
22342e04
22342e05
22342e0e
22342e2e
22342e45
22342f04
22342f05
22342f0e
22342f2e
22342f45
22343004
22343005
2234300e
2234302e
22343045
22343104
22343105
2234310e
2234312e
22343145
22343204
22343205
2234320e
2234322e
22343245
22343304
22343305
2234330e
2234332e
22343345
22343404
22343405
2234340e
2234342e
22343445
22343504
22343505
2234350e
2234352e
22343545
22343604
22343605
2234360e
2234362e
22343645
22343704
22343705
2234372e
22343745
22343804
22343845
22343904
22343945
22343a04
22343a45
22343b04
22343b45
22343c04
22343c45
22343d04
22343d45
22343e04
22343e45
22343f04
22343f45
22344004
22344008
22344019
2234401d
22344028
22344038
22344045
22344048
22344065
22344078
22344088
223440ce
223440d5
22344104
22344145
22344245
22344319
2234431d
22344345
22344419
2234441d
22344445
22344465
22344504
22344519
2234451d
22344545
22344565
22344619
2234461d
22344645
22344665
22344719
2234471d
22344745
22344765
22344804
22344819
2234481d
22344845
223448d5
22344904
22344919
2234491d
22344945
22344a04
22344a19
22344a1d
22344a45
22344b04
22344b19
22344b1d
22344b45
22344c04
22344c19
22344c1d
22344c45
22344d04
22344d19
22344d1d
22344d45
22344e04
22344e19
22344e1d
22344e45
22344f04
22344f19
22344f1d
22344f45
22345004
22345019
2234501d
22345045
223450d5
22345119
2234511d
22345145
22345165
22345219
2234521d
22345245
22345319
2234531d
22345345
22345365
22345419
2234541d
22345445
22345519
2234551d
22345545
22345619
2234561d
22345645
22345719
2234571d
22345745
22345804
22345819
2234581d
22345865
22345904
22345919
2234591d
22345a04
22345c04
22345d04
22345e04
22346088
2234609b
223460d5
223460d9
223470d5
22347f5d
22348004
22348008
22348013
22348019
2234801a
2234801d
22348028
22348038
22348048
2234805a
22348065
22348068
22348072
22348078
22348080
22348081
22348084
22348088
22348091
223480a0
223480a1
223480a4
223480a5
223480d1
223480e4
223480e5
22348104
22348113
2234811a
2234815a
22348184
2234819a
223481da
223481e4
223481e5
2234821a
2234825a
22348284
22348319
2234831d
22348419
2234841d
22348465
22348504
22348519
2234851d
22348565
22348619
2234861d
22348665
22348719
2234871d
22348765
22348804
22348819
2234881d
22348904
22348919
2234891d
22348a04
22348a19
22348a1d
22348b04
22348b19
22348b1d
22348c04
22348c19
22348c1d
22348d04
22348d19
22348d1d
22348e04
22348e19
22348e1d
22348f04
22348f19
22348f1d
22349019
2234901d
223490c0
22349119
2234911d
22349165
223491c0
22349219
2234921d
22349319
2234931d
22349365
22349419
2234941d
22349519
2234951d
22349619
2234961d
22349719
2234971d
22349804
22349819
2234981d
22349865
22349904
22349919
2234991d
22349a04
22349c04
22349d04
22349e04
2234a080
2234a09b
2234a0a0
2234a0a1
2234a0a4
2234a0a5
2234a0d4
2234a0d9
2234a0f8
2234c005
2234c008
2234c019
2234c01d
2234c028
2234c048
2234c065
2234c068
2234c088
2234c319
2234c31d
2234c419
2234c41d
2234c465
2234c519
2234c51d
2234c565
2234c619
2234c61d
2234c665
2234c719
2234c71d
2234c765
2234c819
2234c81d
2234c919
2234c91d
2234ca19
2234ca1d
2234cb19
2234cb1d
2234cc19
2234cc1d
2234cd19
2234cd1d
2234ce19
2234ce1d
2234cf19
2234cf1d
2234d019
2234d01d
2234d0c1
2234d119
2234d11d
2234d1c1
2234d219
2234d21d
2234d319
2234d31d
2234d365
2234d419
2234d41d
2234d519
2234d51d
2234d619
2234d61d
2234d719
2234d71d
2234d819
2234d81d
2234d865
2234d919
2234d91d
2234e0d9
2234e0e1
22380000
22380004
22380008
22380013
22380014
22380018
2238001b
2238001d
2238001f
22380024
22380028
2238002b
22380033
22380034
22380035
22380036
22380037
22380038
22380044
22380048
22380053
22380054
2238006b
22380078
22380084
22380088
22380090
22380094
22380098
223800a4
223800a5
223800b8
223800c1
223800d4
223800d5
223800d8
223800e4
223800e5
22380100
22380104
2238011d
22380124
22380138
22380144
22380178
22380184
223801b8
223801e4
223801e5
22380244
22380284
22380344
22380444
22380504
22380544
22380804
22380865
223808d5
22380904
22380965
22380a04
22380b04
22380c04
22380d04
22380e04
22380f04
22381004
223810c1
22381104
22381804
22381904
22381a04
22381c04
22381d04
22381e04
22382004
2238200e
2238201f
2238202e
2238204a
2238206a
22382084
22382088
2238209b
223820a0
223820a4
223820a5
223820d5
223820d9
22382104
2238212e
2238216e
22382184
223821a0
22382204
22382284
223822a0
22382304
22382404
22382405
22382504
22382604
22382704
22382804
22382845
223828d5
22382904
22382945
22382a04
22382a05
22382a45
22382b04
22382b05
22382b45
22382c04
22382c05
22382c45
22382d04
22382d05
22382d45
22382e04
22382e05
22382e45
22382f04
22382f05
22382f45
22383004
2238300e
2238302e
22383045
2238304e
2238306e
22383104
22383145
22383204
22383245
22383304
22383345
22383404
22383405
22383445
22383504
22383545
22383604
22383645
22383704
22383745
22383805
22383845
22383945
22383a45
22383b45
22383c45
22383d45
22383e45
22383f45
22384004
22384008
2238401d
22384028
22384038
2238403a
22384045
22384048
22384065
22384078
2238407a
22384088
223840b8
223840ce
223840d5
22384104
2238411d
22384138
22384145
22384178
223841b8
22384245
22384345
22384445
22384465
22384504
22384545
22384565
22384645
22384665
22384745
22384765
22384804
22384845
223848d5
22384904
22384945
22384a04
22384a45
22384b04
22384b45
22384c04
22384c45
22384d04
22384d45
22384e04
22384e45
22384f04
22384f45
22385004
22385045
223850d5
22385145
22385165
22385245
22385345
22385365
22385445
22385545
22385645
22385745
22385804
22385865
22385904
22385a04
22385c04
22385d04
22385e04
22386004
2238600e
2238602e
22386088
2238609b
223860d5
223860d9
22386104
2238612e
2238616e
22386204
22386304
22386404
22386405
22386504
22386604
22386704
22386804
22386805
22386904
22386905
22386a04
22386a05
22386b04
22386b05
22386c04
22386c05
22386d04
22386d05
22386e04
22386e05
22386f04
22386f05
22387004
22387005
2238700e
2238702e
2238704e
2238706e
223870d5
22387104
22387105
22387204
22387205
22387304
22387305
22387404
22387405
22387504
22387604
22387704
22387805
22387f5d
22388004
22388008
22388013
22388028
22388038
22388048
22388065
22388068
22388072
22388078
22388080
22388081
22388084
22388088
22388091
223880a0
223880a1
223880a4
223880a5
223880b8
223880d1
223880e4
223880e5
22388104
22388113
22388138
22388178
22388184
223881b8
223881e4
223881e5
22388284
22388465
22388504
22388565
22388665
22388765
22388804
22388904
22388a04
22388b04
22388c04
22388d04
22388e04
22388f04
223890c0
22389165
223891c0
22389365
22389804
22389865
22389904
22389a04
22389c04
22389d04
22389e04
2238a00e
2238a02e
2238a080
2238a09b
2238a0a0
2238a0a1
2238a0a4
2238a0a5
2238a0d4
2238a0d9
2238a12e
2238a16e
2238a405
2238a805
2238a905
2238aa05
2238ab05
2238ac05
2238ad05
2238ae05
2238af05
2238b005
2238b04e
2238b06e
2238b105
2238b205
2238b305
2238b405
2238b805
2238c008
2238c028
2238c048
2238c065
2238c068
2238c088
2238d0c1
2238d1c1
2238d365
2238d865
2238e0d9
2238e0e1
2238e405
2238e805
2238e905
2238f005
2238f105
2238f205
2238f305
2238f405
2238f805
223c0000
223c0004
223c0008
223c0013
223c0014
223c0018
223c001b
223c001f
223c0024
223c0028
223c002b
223c0033
223c0034
223c0035
223c0036
223c0037
223c0038
223c003c
223c0044
223c0048
223c0053
223c0054
223c006b
223c0078
223c0084
223c0088
223c0090
223c0094
223c0098
223c00a4
223c00a5
223c00c1
223c00d4
223c00d5
223c00d8
223c00e4
223c00e5
223c0100
223c0104
223c010e
223c0124
223c0144
223c0184
223c01e4
223c01e5
223c020e
223c0244
223c0284
223c030e
223c0344
223c0444
223c0504
223c050e
223c0544
223c060e
223c070e
223c0804
223c0865
223c08d5
223c0904
223c090e
223c0965
223c0a04
223c0a0e
223c0b04
223c0b0e
223c0c04
223c0d04
223c0d0e
223c0e04
223c0e0e
223c0f04
223c0f0e
223c1004
223c10c1
223c1104
223c110e
223c120e
223c130e
223c150e
223c160e
223c170e
223c1804
223c1904
223c190e
223c1a04
223c1a0e
223c1b0e
223c1c04
223c1d04
223c1d0e
223c1e04
223c1e0e
223c1f0e
223c2004
223c200e
223c201e
223c201f
223c202e
223c204a
223c206a
223c2084
223c2088
223c209b
223c20a0
223c20a4
223c20a5
223c20c1
223c20d5
223c20d9
223c20f8
223c2104
223c210e
223c211e
223c212e
223c2184
223c21a0
223c21c1
223c2204
223c220e
223c222e
223c2284
223c22a0
223c22c1
223c2304
223c230e
223c232e
223c23c1
223c2404
223c240e
223c242e
223c24c1
223c2504
223c250e
223c252e
223c25c1
223c2604
223c260e
223c262e
223c2704
223c270e
223c272e
223c2804
223c280e
223c282e
223c2845
223c28d5
223c2904
223c290e
223c292e
223c2945
223c2a04
223c2a0e
223c2a2e
223c2a45
223c2b04
223c2b0e
223c2b2e
223c2b45
223c2c04
223c2c0e
223c2c2e
223c2c45
223c2d04
223c2d0e
223c2d2e
223c2d45
223c2e04
223c2e0e
223c2e2e
223c2e45
223c2f04
223c2f0e
223c2f2e
223c2f45
223c3004
223c300e
223c302e
223c3045
223c3104
223c310e
223c312e
223c3145
223c3204
223c320e
223c322e
223c3245
223c3304
223c330e
223c332e
223c3345
223c3404
223c340e
223c342e
223c3445
223c3504
223c350e
223c352e
223c3545
223c3604
223c360e
223c362e
223c3645
223c3704
223c370e
223c372e
223c3745
223c3845
223c3945
223c3a45
223c3b45
223c3c45
223c3d45
223c3e45
223c3f45
223c4004
223c4008
223c4028
223c4038
223c4045
223c4048
223c4065
223c4078
223c4088
223c4093
223c40ce
223c40d5
223c4104
223c4145
223c4245
223c4345
223c4445
223c4465
223c4504
223c4545
223c4565
223c4645
223c4665
223c4745
223c4765
223c4804
223c4845
223c48d5
223c4904
223c4945
223c4a04
223c4a45
223c4b04
223c4b45
223c4c04
223c4c45
223c4d04
223c4d45
223c4e04
223c4e45
223c4f04
223c4f45
223c5045
223c50d5
223c5145
223c5165
223c5245
223c5345
223c5365
223c5445
223c5545
223c5645
223c5745
223c5804
223c5865
223c5904
223c5a04
223c5c04
223c5d04
223c5e04
223c6004
223c6088
223c609b
223c60d5
223c60d9
223c6104
223c6204
223c6304
223c6404
223c6504
223c6604
223c6704
223c6804
223c6904
223c6a04
223c6b04
223c6c04
223c6d04
223c6e04
223c6f04
223c7004
223c70d5
223c7104
223c7204
223c7304
223c7404
223c7504
223c7604
223c7704
223c7f5d
223c8004
223c8008
223c8013
223c8028
223c8038
223c8048
223c8065
223c8068
223c8072
223c8078
223c8080
223c8081
223c8084
223c8088
223c8091
223c80a0
223c80a1
223c80a4
223c80a5
223c80d1
223c80e4
223c80e5
223c8104
223c8113
223c8184
223c81e4
223c81e5
223c8284
223c8465
223c8504
223c8565
223c8665
223c8765
223c8804
223c8904
223c8a04
223c8b04
223c8c04
223c8d04
223c8e04
223c8f04
223c90c0
223c9165
223c91c0
223c9365
223c9804
223c9865
223c9904
223c9a04
223c9c04
223c9d04
223c9e04
223ca004
223ca080
223ca09b
223ca0a0
223ca0a1
223ca0a4
223ca0a5
223ca0d4
223ca0d9
223ca0f8
223ca104
223ca204
223ca304
223ca404
223ca504
223ca604
223ca704
223ca804
223ca904
223caa04
223cab04
223cac04
223cad04
223cae04
223caf04
223cb004
223cb104
223cb204
223cb304
223cb404
223cb504
223cb604
223cb704
223cc005
223cc008
223cc028
223cc048
223cc065
223cc068
223cc088
223cd0c1
223cd1c1
223cd365
223cd865
223ce004
223ce0d9
223ce0e1
223ce104
223ce204
223ce304
223ce404
223ce504
223ce604
223ce704
223ce804
223ce904
223cea04
223ceb04
223cec04
223ced04
223cee04
223cef04
223cf004
223cf104
223cf204
223cf304
223cf404
223cf504
223cf604
223cf704
22400000
22400004
22400008
2240000c
22400013
22400014
22400018
22400019
2240001b
2240001f
22400024
22400028
2240002b
22400033
22400034
22400035
22400036
22400037
22400038
2240003c
22400048
22400053
22400054
22400059
2240005e
2240006b
22400078
22400084
22400085
22400088
22400090
22400094
22400098
224000c1
224000d4
224000d5
224000d8
224000e5
22400100
22400104
22400119
22400124
22400138
2240013c
22400159
2240015e
22400178
22400184
22400185
224001e5
22400204
2240025e
22400284
22400285
2240035e
2240045e
2240055e
2240065e
2240075e
2240085e
224008d5
2240095e
22400a5e
22400b5e
22400c5e
22400d5e
22400e5e
22400f5e
22401005
22401025
2240105e
224010c1
2240115e
2240125e
2240135e
2240145e
2240155e
2240165e
2240175e
22401825
22402004
22402005
2240200e
2240201f
2240202e
22402038
2240204a
2240204e
22402064
2240206a
2240206e
22402078
22402084
22402088
2240209b
224020a0
224020b8
224020c1
224020d5
22402104
22402105
2240210e
2240212e
22402138
2240214e
22402164
2240216e
22402178
22402184
224021a0
224021b8
224021c1
22402204
22402205
2240220e
2240222e
22402238
2240224e
22402264
2240226e
22402278
22402284
224022a0
224022b8
224022c1
22402304
22402305
2240230e
2240232e
22402338
2240234e
22402364
2240236e
22402378
224023b8
224023c1
22402404
22402405
2240240e
2240241e
22402425
2240242e
22402438
2240244e
22402464
2240246e
22402478
224024b8
224024c1
22402504
22402505
2240250e
2240251e
22402525
2240252e
22402538
2240254e
22402564
2240256e
22402578
224025b8
224025c1
22402605
2240260e
2240261e
2240262e
22402638
2240264e
22402664
2240266e
22402678
224026b8
22402705
2240270e
2240271e
2240272e
22402738
2240274e
22402764
2240276e
22402778
224027b8
22402805
2240280e
2240281e
2240282e
22402838
22402845
2240284e
22402864
2240286e
22402878
224028b8
224028d5
22402905
2240290e
2240291e
2240292e
22402938
2240294e
22402964
2240296e
22402978
224029b8
22402a05
22402a0e
22402a2e
22402a38
22402a4e
22402a64
22402a6e
22402a78
22402ab8
22402b05
22402b0e
22402b2e
22402b38
22402b4e
22402b64
22402b6e
22402b78
22402bb8
22402c0e
22402c2e
22402c38
22402c4e
22402c6e
22402c78
22402cb8
22402d0e
22402d2e
22402d38
22402d4e
22402d6e
22402d78
22402db8
22402e0e
22402e2e
22402e38
22402e4e
22402e6e
22402e78
22402eb8
22402f0e
22402f2e
22402f38
22402f4e
22402f6e
22402f78
22402fb8
22403005
2240300e
2240302e
22403038
22403045
2240304e
2240306e
22403078
224030b8
22403105
2240310e
2240312e
22403138
2240314e
2240316e
22403178
224031b8
2240320e
2240322e
22403238
2240324e
2240326e
22403278
224032b8
2240330e
2240332e
22403338
2240334e
2240336e
22403378
224033b8
22403405
2240340e
2240342e
22403438
2240344e
2240346e
22403478
224034b8
2240350e
2240352e
22403538
2240354e
2240356e
22403578
224035b8
2240360e
2240362e
22403638
2240364e
2240366e
22403678
224036b8
2240370e
2240372e
22403738
2240374e
2240376e
22403778
224037b8
22404008
2240400c
22404019
22404025
22404028
22404038
2240403a
2240403c
22404044
22404045
22404048
22404059
22404078
2240407a
22404088
224040ce
224040d5
22404119
22404125
22404138
2240413c
22404144
22404145
22404159
22404178
22404225
22404244
22404245
22404344
22404345
22404444
22404445
22404544
22404545
22404644
22404645
22404744
22404745
22404844
22404845
224048d5
22404944
22404945
22404a44
22404a45
22404b44
22404b45
22404c44
22404c45
22404d44
22404d45
22404e44
22404e45
22404f44
22404f45
22405025
22405044
22405045
224050c1
224050d5
22405144
22405145
22405244
22405245
22405344
22405345
22405444
22405445
22405544
22405545
22405644
22405645
22405744
22405745
22405825
22406038
22406045
22406065
22406078
22406088
2240609b
224060b8
224060d5
224060d9
22406138
22406165
22406178
224061b8
224061d9
2240621e
22406238
22406265
22406278
224062b8
2240631e
22406338
22406378
224063b8
2240641e
22406438
22406478
224064b8
2240651e
22406538
22406578
224065b8
2240661e
22406638
22406678
224066b8
2240671e
22406738
22406778
224067b8
2240681e
22406838
22406878
224068b8
2240691e
22406938
22406978
224069b8
22406a38
22406a78
22406ab8
22406b38
22406b78
22406bb8
22406c38
22406c78
22406cb8
22406d38
22406d78
22406db8
22406e38
22406e78
22406eb8
22406f38
22406f78
22406fb8
22407038
22407078
224070b8
224070d5
22407138
22407178
224071b8
22407238
22407278
224072b8
22407338
22407378
224073b8
22407405
22407438
22407478
224074b8
22407538
22407578
224075b8
22407638
22407678
224076b8
22407738
22407778
224077b8
22407f5d
22408008
2240800c
22408013
22408019
2240801a
22408028
22408038
22408048
22408059
2240805a
22408068
22408072
22408078
22408080
22408081
22408084
22408088
22408091
22408099
224080a0
224080a1
224080a4
224080b8
224080d1
224080f8
2240810c
22408113
22408119
2240811a
22408138
22408159
2240815a
22408178
22408184
22408199
224081a4
224081b8
224081da
224081f8
2240820c
2240825a
22408284
2240830c
2240840c
2240850c
2240860c
22408ac0
22408bc0
22408cc0
22408dc0
22408ec0
22408fc0
22409025
224090c0
224091c0
2240a038
2240a064
2240a078
2240a080
2240a09b
2240a0a0
2240a0a1
2240a0b8
2240a0d4
2240a138
2240a164
2240a178
2240a1b8
2240a238
2240a264
2240a278
2240a2b8
2240a338
2240a364
2240a378
2240a3b8
2240a438
2240a464
2240a478
2240a4b8
2240a538
2240a564
2240a578
2240a5b8
2240a638
2240a664
2240a678
2240a6b8
2240a738
2240a764
2240a778
2240a7b8
2240a838
2240a878
2240a8b8
2240a938
2240a978
2240a9b8
2240aa38
2240aa78
2240aab8
2240ab38
2240ab78
2240abb8
2240ac38
2240ac78
2240acb8
2240ad38
2240ad78
2240adb8
2240ae38
2240ae78
2240aeb8
2240af38
2240af78
2240afb8
2240b038
2240b078
2240b0b8
2240b138
2240b178
2240b1b8
2240b238
2240b278
2240b2b8
2240b338
2240b378
2240b3b8
2240b405
2240b438
2240b478
2240b4b8
2240b538
2240b578
2240b5b8
2240b638
2240b678
2240b6b8
2240b738
2240b778
2240b7b8
2240c008
2240c00c
2240c01a
2240c025
2240c028
2240c048
2240c068
2240c088
2240c0e5
2240c10c
2240c11a
2240c125
2240c1e5
2240c20c
2240c21a
2240c30c
2240c31a
2240c40c
2240c41a
2240c50c
2240c51a
2240c60c
2240c61a
2240c71a
2240c81a
2240c91a
2240ca1a
2240cac0
2240cb1a
2240cc1a
2240cd1a
2240ce1a
2240cf1a
2240d01a
2240d025
2240d11a
2240d21a
2240d31a
2240d41a
2240d51a
2240d61a
2240d71a
2240e038
2240e078
2240e0b8
2240e0e1
2240e138
2240e178
2240e1b8
2240e21e
2240e238
2240e278
2240e2b8
2240e338
2240e378
2240e3b8
2240e41e
2240e438
2240e478
2240e4b8
2240e51e
2240e538
2240e578
2240e5b8
2240e61e
2240e638
2240e678
2240e6b8
2240e71e
2240e738
2240e778
2240e7b8
2240e838
2240e878
2240e8b8
2240e938
2240e978
2240e9b8
2240ea38
2240ea78
2240eab8
2240eb38
2240eb78
2240ebb8
2240ec38
2240ec78
2240ecb8
2240ed38
2240ed78
2240edb8
2240ee38
2240ee78
2240eeb8
2240ef38
2240ef78
2240efb8
2240f038
2240f078
2240f0b8
2240f138
2240f178
2240f1b8
2240f238
2240f278
2240f2b8
2240f338
2240f378
2240f3b8
2240f405
2240f438
2240f478
2240f4b8
2240f538
2240f578
2240f5b8
2240f638
2240f678
2240f6b8
2240f738
2240f778
2240f7b8
22440000
22440004
22440008
2244000c
2244000f
22440013
22440014
22440018
22440019
2244001b
2244001d
2244001f
22440024
22440028
2244002b
2244002f
22440033
22440034
22440035
22440036
22440037
22440038
2244003c
22440048
22440053
22440054
2244006b
22440078
22440084
22440085
22440088
22440090
22440094
22440098
224400c1
224400d4
224400d5
224400d8
224400e5
22440100
22440104
2244010f
22440124
2244012f
22440184
22440185
224401e5
22440204
2244020f
2244022f
22440284
22440285
22440319
2244031d
22440419
2244041d
22440519
2244051d
22440619
2244061d
22440719
2244071d
22440819
2244081d
2244082f
224408d5
22440919
2244091d
2244092f
22440a19
22440a1d
22440a2f
22440b19
22440b1d
22440b2f
22440c19
22440c1d
22440c2f
22440d19
22440d1d
22440d2f
22440e19
22440e1d
22440e2f
22440f19
22440f1d
22440f2f
22441005
22441019
2244101d
22441025
2244102f
224410c1
22441119
2244111d
2244112f
22441219
2244121d
2244122f
22441319
2244131d
2244132f
22441419
2244141d
2244142f
22441519
2244151d
2244152f
22441619
2244161d
2244162f
22441719
2244171d
2244172f
22441819
2244181d
22441825
2244182f
22441919
2244191d
2244192f
22441a2f
22441b2f
22441c2f
22441d2f
22441e2f
22441f2f
22442004
22442005
2244200e
2244201e
2244201f
2244202e
2244204a
2244206a
22442084
22442088
2244209b
224420a0
224420d5
224420d9
224420f8
22442104
22442105
2244210e
2244211e
2244212e
22442184
224421a0
22442204
22442205
2244220e
2244222e
22442284
224422a0
22442304
22442305
2244230e
2244232e
22442404
22442405
2244240e
22442425
2244242e
22442504
22442505
2244250e
22442525
2244252e
22442605
2244260e
2244262e
22442705
2244270e
2244272e
22442805
2244280e
2244282e
22442845
224428d5
22442905
2244290e
2244292e
22442a05
22442a0e
22442a2e
22442b05
22442b0e
22442b2e
22442c0e
22442c2e
22442d0e
22442d2e
22442e0e
22442e2e
22442f0e
22442f2e
2244300e
2244302e
22443045
2244310e
2244312e
2244320e
2244322e
2244330e
2244332e
2244340e
2244342e
2244350e
2244352e
2244360e
2244362e
2244370e
2244372e
22444008
2244400c
22444019
2244401d
22444025
22444028
22444038
22444044
22444045
22444048
22444078
22444088
224440ce
224440d5
22444125
22444144
22444145
22444225
22444244
22444245
22444319
2244431d
22444344
22444345
22444419
2244441d
22444444
22444445
22444519
2244451d
22444544
22444545
22444619
2244461d
22444644
22444645
22444719
2244471d
22444744
22444745
22444819
2244481d
22444844
22444845
224448d5
22444919
2244491d
22444944
22444945
22444a19
22444a1d
22444a44
22444a45
22444b19
22444b1d
22444b44
22444b45
22444c19
22444c1d
22444c44
22444c45
22444d19
22444d1d
22444d44
22444d45
22444e19
22444e1d
22444e44
22444e45
22444f19
22444f1d
22444f44
22444f45
22445019
2244501d
22445025
22445044
22445045
224450c1
224450d5
22445119
2244511d
22445144
22445145
22445219
2244521d
22445244
22445245
22445319
2244531d
22445344
22445345
22445419
2244541d
22445444
22445445
22445519
2244551d
22445544
22445545
22445619
2244561d
22445644
22445645
22445719
2244571d
22445744
22445745
22445819
2244581d
22445825
22445919
2244591d
22446045
22446065
22446088
2244609b
224460d5
224460d9
22446165
22446265
224470d5
22447f5d
22448008
2244800c
22448013
22448019
2244801a
2244801d
22448028
22448038
22448048
2244805a
22448068
22448072
22448078
22448080
22448081
22448084
22448088
22448091
224480a0
224480a1
224480a4
224480d1
2244810c
22448113
2244811a
2244815a
22448184
2244819a
224481a4
224481da
2244820c
2244821a
2244825a
22448284
2244830c
22448319
2244831d
2244840c
22448419
2244841d
2244850c
22448519
2244851d
2244860c
22448619
2244861d
22448719
2244871d
22448819
2244881d
22448919
2244891d
22448a19
22448a1d
22448b19
22448b1d
22448c19
22448c1d
22448d19
22448d1d
22448e19
22448e1d
22448f19
22448f1d
22449019
2244901d
22449025
224490c0
22449119
2244911d
224491c0
22449219
2244921d
22449319
2244931d
22449419
2244941d
22449519
2244951d
22449619
2244961d
22449719
2244971d
22449819
2244981d
22449919
2244991d
2244a064
2244a080
2244a09b
2244a0a0
2244a0a1
2244a0d4
2244a0d9
2244a0f8
2244a164
2244a264
2244a364
2244a464
2244a564
2244a664
2244a764
2244c005
2244c008
2244c00c
2244c019
2244c01a
2244c01d
2244c025
2244c028
2244c048
2244c068
2244c088
2244c0e5
2244c10c
2244c11a
2244c125
2244c1e5
2244c20c
2244c21a
2244c30c
2244c319
2244c31a
2244c31d
2244c40c
2244c419
2244c41a
2244c41d
2244c50c
2244c519
2244c51a
2244c51d
2244c60c
2244c619
2244c61a
2244c61d
2244c719
2244c71a
2244c71d
2244c819
2244c81a
2244c81d
2244c919
2244c91a
2244c91d
2244ca19
2244ca1a
2244ca1d
2244cb19
2244cb1a
2244cb1d
2244cc19
2244cc1a
2244cc1d
2244cd19
2244cd1a
2244cd1d
2244ce19
2244ce1a
2244ce1d
2244cf19
2244cf1a
2244cf1d
2244d019
2244d01a
2244d01d
2244d025
2244d119
2244d11a
2244d11d
2244d219
2244d21a
2244d21d
2244d319
2244d31a
2244d31d
2244d419
2244d41a
2244d41d
2244d519
2244d51a
2244d51d
2244d619
2244d61a
2244d61d
2244d719
2244d71a
2244d71d
2244d819
2244d81d
2244d919
2244d91d
2244e0d9
2244e0e1
22480000
22480004
22480008
2248000c
22480013
22480014
22480018
2248001b
2248001d
2248001f
22480024
22480028
2248002b
22480033
22480034
22480035
22480036
22480037
22480038
22480048
22480053
22480054
2248006b
22480078
22480084
22480085
22480088
22480090
22480094
22480098
224800b8
224800c1
224800d4
224800d5
224800d8
224800e5
22480100
22480104
2248011d
22480124
22480138
22480178
22480184
22480185
224801b8
224801e5
22480204
22480284
22480285
224808d5
22481005
22481025
224810c1
22481825
22482004
22482005
2248201f
2248204a
2248206a
22482084
22482088
2248209b
224820a0
224820d5
224820d9
22482104
22482105
2248210e
2248212e
2248214e
2248215e
2248216e
2248217e
22482184
224821a0
22482204
22482205
22482284
224822a0
22482304
22482305
22482404
22482405
22482425
22482504
22482505
22482525
22482605
22482705
22482805
22482845
2248284e
224828d5
22482905
22482a05
22482b05
22483045
22484008
2248400c
2248401d
22484025
22484028
22484038
2248403a
22484044
22484045
22484048
22484078
2248407a
22484088
224840b8
224840ce
224840d5
2248411d
22484125
22484138
22484144
22484145
22484178
224841b8
22484225
22484244
22484245
22484344
22484345
22484444
22484445
22484544
22484545
22484644
22484645
22484744
22484745
22484844
22484845
224848d5
22484944
22484945
22484a44
22484a45
22484b44
22484b45
22484c44
22484c45
22484d44
22484d45
22484e44
22484e45
22484f44
22484f45
22485025
22485044
22485045
224850c1
224850d5
22485144
22485145
22485244
22485245
22485344
22485345
22485444
22485445
22485544
22485545
22485644
22485645
22485744
22485745
22485825
22486045
22486065
22486088
2248609b
224860d5
224860d9
2248610e
2248612e
2248614e
2248615e
22486165
2248616e
2248617e
22486265
224870d5
22487f5d
22488008
2248800c
22488013
22488028
22488038
22488048
22488068
22488072
22488078
22488080
22488081
22488084
22488088
22488091
224880a0
224880a1
224880a4
224880b8
224880d1
2248810c
22488113
22488138
22488178
22488184
224881a4
224881b8
2248820c
22488284
2248830c
2248840c
2248850c
2248860c
22489025
224890c0
224891c0
2248a064
2248a080
2248a09b
2248a0a0
2248a0a1
2248a0d4
2248a0d9
2248a10e
2248a12e
2248a14e
2248a15e
2248a164
2248a16e
2248a17e
2248a264
2248a364
2248a464
2248a564
2248a664
2248a764
2248c008
2248c00c
2248c01a
2248c025
2248c028
2248c048
2248c068
2248c088
2248c0e5
2248c10c
2248c11a
2248c125
2248c1e5
2248c20c
2248c21a
2248c30c
2248c31a
2248c40c
2248c41a
2248c50c
2248c51a
2248c60c
2248c61a
2248c71a
2248c81a
2248c91a
2248ca1a
2248cb1a
2248cc1a
2248cd1a
2248ce1a
2248cf1a
2248d01a
2248d025
2248d11a
2248d21a
2248d31a
2248d41a
2248d51a
2248d61a
2248d71a
2248e0d9
2248e0e1
224c0000
224c0004
224c0008
224c0013
224c0014
224c0018
224c001b
224c001f
224c0024
224c0028
224c002b
224c0033
224c0034
224c0035
224c0036
224c0037
224c0038
224c003c
224c0048
224c0053
224c0054
224c006b
224c0078
224c0084
224c0085
224c0088
224c0090
224c0094
224c0098
224c00c1
224c00d4
224c00d5
224c00d8
224c00e5
224c0100
224c0104
224c0124
224c0184
224c0185
224c01e5
224c0204
224c0284
224c0285
224c08d5
224c1005
224c1025
224c10c1
224c1825
224c2004
224c2005
224c201e
224c201f
224c204a
224c206a
224c2084
224c2088
224c209b
224c20a0
224c20d5
224c20d9
224c20f8
224c2104
224c2105
224c211e
224c2184
224c21a0
224c2204
224c2205
224c2284
224c22a0
224c2304
224c2305
224c2404
224c2405
224c2425
224c2504
224c2505
224c2525
224c2605
224c2705
224c2805
224c2845
224c28d5
224c2905
224c2a05
224c2b05
224c3045
224c30c1
224c31c1
224c32c1
224c33c1
224c34c1
224c35c1
224c4008
224c4025
224c4028
224c4038
224c4044
224c4045
224c4048
224c4078
224c4088
224c40ce
224c40d5
224c4125
224c4144
224c4145
224c4225
224c4244
224c4245
224c4344
224c4345
224c4444
224c4445
224c4544
224c4545
224c4644
224c4645
224c4744
224c4745
224c4844
224c4845
224c48d5
224c4944
224c4945
224c4a44
224c4a45
224c4b44
224c4b45
224c4c44
224c4c45
224c4d44
224c4d45
224c4e44
224c4e45
224c4f44
224c4f45
224c5025
224c5044
224c5045
224c50c1
224c50d5
224c5144
224c5145
224c5244
224c5245
224c5344
224c5345
224c5444
224c5445
224c5544
224c5545
224c5644
224c5645
224c5744
224c5745
224c5825
224c6045
224c6065
224c6088
224c609b
224c60d5
224c60d9
224c6165
224c6265
224c70d5
224c8008
224c8013
224c8028
224c8038
224c8048
224c8068
224c8072
224c8078
224c8080
224c8081
224c8084
224c8088
224c8091
224c80a0
224c80a1
224c80a4
224c80d1
224c8113
224c8184
224c81a4
224c8284
224c9025
224c90c0
224c91c0
224ca064
224ca080
224ca09b
224ca0a0
224ca0a1
224ca0d4
224ca0d9
224ca0f8
224ca164
224ca264
224ca364
224ca464
224ca564
224ca664
224ca764
224cc008
224cc025
224cc028
224cc048
224cc068
224cc088
224cc09a
224cc0e5
224cc125
224cc19a
224cc1e5
224cc29a
224cc39a
224cc49a
224cc59a
224cc69a
224cc79a
224cc89a
224cc99a
224cca9a
224ccb9a
224ccc9a
224ccd9a
224cce9a
224ccf9a
224cd025
224cd09a
224cd19a
224cd29a
224cd39a
224cd49a
224cd59a
224cd69a
224cd79a
224ce0d9
224ce0e1
22500000
22500004
22500008
22500013
22500014
22500018
22500019
2250001b
2250001f
22500024
22500028
2250002b
22500033
22500034
22500035
22500036
22500037
22500038
2250003c
22500048
22500053
22500054
22500059
2250005e
2250006b
22500078
22500084
22500085
22500088
22500090
22500094
22500098
225000c1
225000d4
225000d5
225000d8
225000e5
22500100
22500104
22500119
22500124
22500138
2250013c
22500159
2250015e
22500178
22500184
22500185
225001e5
22500204
2250025e
22500284
22500285
2250035e
2250045e
2250055e
2250065e
2250075e
2250085e
225008d5
2250095e
22500a5e
22500b5e
22500c5e
22500d5e
22500e5e
22500f5e
22501005
22501025
2250105e
225010c1
2250115e
2250125e
2250135e
2250145e
2250155e
2250165e
2250175e
22501825
22502004
22502005
2250200e
2250201f
2250202e
22502038
2250204a
2250204e
2250206a
2250206e
22502078
22502084
22502088
2250209b
225020a0
225020b8
225020d5
22502104
22502105
2250210e
2250212e
22502138
2250214e
2250216e
22502178
22502184
225021a0
225021b8
22502204
22502205
2250220e
2250222e
22502238
2250224e
2250226e
22502278
22502284
225022a0
225022b8
22502304
22502305
2250230e
2250232e
22502338
2250234e
2250236e
22502378
225023b8
22502404
22502405
2250240e
22502425
2250242e
22502438
2250244e
2250246e
22502478
225024b8
22502504
22502505
2250250e
22502525
2250252e
22502538
2250254e
2250256e
22502578
225025b8
22502604
22502605
2250260e
2250262e
22502638
2250264e
2250266e
22502678
225026b8
22502704
22502705
2250270e
2250272e
22502738
2250274e
2250276e
22502778
225027b8
22502804
22502805
2250280e
2250282e
22502838
22502845
2250284e
2250286e
22502878
225028b8
225028d5
22502904
22502905
2250290e
2250292e
22502938
2250294e
2250296e
22502978
225029b8
22502a04
22502a05
22502a0e
22502a2e
22502a38
22502a4e
22502a6e
22502a78
22502ab8
22502b04
22502b05
22502b0e
22502b2e
22502b38
22502b4e
22502b6e
22502b78
22502bb8
22502c0e
22502c2e
22502c38
22502c4e
22502c6e
22502c78
22502cb8
22502d0e
22502d2e
22502d38
22502d4e
22502d6e
22502d78
22502db8
22502e0e
22502e2e
22502e38
22502e4e
22502e6e
22502e78
22502eb8
22502f0e
22502f2e
22502f38
22502f4e
22502f6e
22502f78
22502fb8
2250300e
2250302e
22503038
22503045
2250304e
2250306e
22503078
225030b8
2250310e
2250312e
22503138
2250314e
2250316e
22503178
225031b8
2250320e
2250322e
22503238
2250324e
2250326e
22503278
225032b8
2250330e
2250332e
22503338
2250334e
2250336e
22503378
225033b8
2250340e
2250342e
22503438
2250344e
2250346e
22503478
225034b8
2250350e
2250352e
22503538
2250354e
2250356e
22503578
225035b8
2250360e
2250362e
22503638
2250364e
2250366e
22503678
225036b8
2250370e
2250372e
22503738
2250374e
2250376e
22503778
225037b8
22504008
22504019
22504025
22504028
22504038
2250403a
2250403c
22504044
22504045
22504048
22504059
22504078
2250407a
22504088
225040ce
225040d5
22504119
22504125
22504138
2250413c
22504144
22504145
22504159
22504178
22504225
22504244
22504245
22504344
22504345
22504444
22504445
22504544
22504545
22504644
22504645
22504744
22504745
22504844
22504845
225048d5
22504944
22504945
22504a44
22504a45
22504b44
22504b45
22504c44
22504c45
22504d44
22504d45
22504e44
22504e45
22504f44
22504f45
22505025
22505044
22505045
225050d5
22505144
22505145
22505244
22505245
22505344
22505345
22505444
22505445
22505544
22505545
22505644
22505645
22505744
22505745
22505825
22506004
22506038
22506045
22506065
22506078
22506088
2250609b
225060b8
225060d5
225060d9
22506104
22506138
22506165
22506178
225061b8
225061d9
22506204
22506238
22506265
22506278
225062b8
22506304
22506338
22506378
225063b8
22506404
22506438
22506478
225064b8
22506504
22506538
22506578
225065b8
22506604
22506638
22506678
225066b8
22506704
22506738
22506778
225067b8
22506804
22506838
22506878
225068b8
22506904
22506938
22506978
225069b8
22506a04
22506a38
22506a78
22506ab8
22506b04
22506b38
22506b78
22506bb8
22506c38
22506c78
22506cb8
22506d38
22506d78
22506db8
22506e38
22506e78
22506eb8
22506f38
22506f78
22506fb8
22507038
22507078
225070b8
225070d5
22507138
22507178
225071b8
22507238
22507278
225072b8
22507338
22507378
225073b8
22507438
22507478
225074b8
22507538
22507578
225075b8
22507638
22507678
225076b8
22507738
22507778
225077b8
22508008
22508013
22508019
2250801a
22508028
22508038
22508048
22508059
2250805a
22508068
22508072
22508078
22508080
22508081
22508084
22508088
22508091
22508099
225080a0
225080a1
225080a4
225080b8
225080d1
225080f8
22508113
22508119
2250811a
22508138
22508159
2250815a
22508178
22508184
22508199
225081a4
225081b8
225081da
225081f8
2250825a
22508284
22508ac0
22508bc0
22508cc0
22508dc0
22508ec0
22508fc0
22509025
225090c0
225091c0
2250a038
2250a078
2250a080
2250a09b
2250a0a0
2250a0a1
2250a0b8
2250a0d4
2250a138
2250a178
2250a1b8
2250a238
2250a278
2250a2b8
2250a338
2250a378
2250a3b8
2250a438
2250a478
2250a4b8
2250a538
2250a578
2250a5b8
2250a638
2250a678
2250a6b8
2250a738
2250a778
2250a7b8
2250a838
2250a878
2250a8b8
2250a938
2250a978
2250a9b8
2250aa38
2250aa78
2250aab8
2250ab38
2250ab78
2250abb8
2250ac38
2250ac78
2250acb8
2250ad38
2250ad78
2250adb8
2250ae38
2250ae78
2250aeb8
2250af38
2250af78
2250afb8
2250b038
2250b078
2250b0b8
2250b138
2250b178
2250b1b8
2250b238
2250b278
2250b2b8
2250b338
2250b378
2250b3b8
2250b438
2250b478
2250b4b8
2250b538
2250b578
2250b5b8
2250b638
2250b678
2250b6b8
2250b738
2250b778
2250b7b8
2250bf04
2250c008
2250c01a
2250c025
2250c028
2250c048
2250c068
2250c088
2250c0e5
2250c11a
2250c125
2250c1e5
2250c21a
2250c31a
2250c41a
2250c51a
2250c61a
2250c71a
2250c81a
2250c91a
2250ca1a
2250cac0
2250cb1a
2250cc1a
2250cd1a
2250ce1a
2250cf1a
2250d01a
2250d025
2250d0c1
2250d11a
2250d21a
2250d31a
2250d41a
2250d51a
2250d61a
2250d71a
2250e038
2250e078
2250e0b8
2250e0e1
2250e138
2250e178
2250e1b8
2250e238
2250e278
2250e2b8
2250e338
2250e378
2250e3b8
2250e438
2250e478
2250e4b8
2250e538
2250e578
2250e5b8
2250e638
2250e678
2250e6b8
2250e738
2250e778
2250e7b8
2250e838
2250e878
2250e8b8
2250e938
2250e978
2250e9b8
2250ea38
2250ea78
2250eab8
2250eb38
2250eb78
2250ebb8
2250ec38
2250ec78
2250ecb8
2250ed38
2250ed78
2250edb8
2250ee38
2250ee78
2250eeb8
2250ef38
2250ef78
2250efb8
2250f038
2250f078
2250f0b8
2250f138
2250f178
2250f1b8
2250f238
2250f278
2250f2b8
2250f338
2250f378
2250f3b8
2250f438
2250f478
2250f4b8
2250f538
2250f578
2250f5b8
2250f638
2250f678
2250f6b8
2250f738
2250f778
2250f7b8
22540000
22540004
22540008
22540013
22540014
22540018
22540019
2254001b
2254001d
2254001f
22540024
22540028
2254002b
22540033
22540034
22540035
22540036
22540037
22540038
2254003c
22540048
22540053
22540054
2254006b
22540078
22540084
22540085
22540088
22540090
22540094
22540098
225400c1
225400d4
225400d5
225400d8
225400e5
22540100
22540104
22540124
22540184
22540185
225401e5
22540204
22540284
22540285
22540319
2254031d
22540419
2254041d
22540519
2254051d
22540619
2254061d
22540719
2254071d
2254080f
22540819
2254081d
2254082f
225408d5
2254090f
22540919
2254091d
2254092f
22540a0f
22540a19
22540a1d
22540a2f
22540b0f
22540b19
22540b1d
22540b2f
22540c0f
22540c19
22540c1d
22540c2f
22540d0f
22540d19
22540d1d
22540d2f
22540e0f
22540e19
22540e1d
22540e2f
22540f0f
22540f19
22540f1d
22540f2f
22541005
2254100f
22541019
2254101d
22541025
2254102f
225410c1
2254110f
22541119
2254111d
2254112f
2254120f
22541219
2254121d
2254122f
2254130f
22541319
2254131d
2254132f
2254140f
22541419
2254141d
2254142f
2254150f
22541519
2254151d
2254152f
2254160f
22541619
2254161d
2254162f
2254170f
22541719
2254171d
2254172f
2254180f
22541819
2254181d
22541825
2254182f
2254190f
22541919
2254191d
2254192f
22541a0f
22541a2f
22541b0f
22541b2f
22541c0f
22541c2f
22541d0f
22541d2f
22541e0f
22541e2f
22541f0f
22541f2f
22542004
22542005
2254200e
2254201e
2254201f
2254202e
2254204a
2254206a
22542084
22542088
2254209b
225420a0
225420d5
225420d9
225420f8
22542104
22542105
2254210e
2254211e
2254212e
22542184
225421a0
22542204
22542205
2254220e
2254222e
22542284
225422a0
22542304
22542305
2254230e
2254232e
22542404
22542405
2254240e
22542425
2254242e
22542504
22542505
2254250e
22542525
2254252e
22542604
22542605
2254260e
2254262e
22542704
22542705
2254270e
2254272e
22542804
22542805
2254280e
2254282e
22542845
225428d5
22542904
22542905
2254290e
2254292e
22542a04
22542a05
22542a0e
22542a2e
22542b04
22542b05
22542b0e
22542b2e
22542c0e
22542c2e
22542d0e
22542d2e
22542e0e
22542e2e
22542f0e
22542f2e
2254300e
2254302e
22543045
2254310e
2254312e
2254320e
2254322e
2254330e
2254332e
2254340e
2254342e
2254350e
2254352e
2254360e
2254362e
2254370e
2254372e
22544008
22544019
2254401d
22544025
22544028
22544038
22544044
22544045
22544048
22544078
22544088
225440ce
225440d5
22544125
22544144
22544145
22544225
22544244
22544245
22544319
2254431d
22544344
22544345
22544419
2254441d
22544444
22544445
22544519
2254451d
22544544
22544545
22544619
2254461d
22544644
22544645
22544719
2254471d
22544744
22544745
22544819
2254481d
22544844
22544845
225448d5
22544919
2254491d
22544944
22544945
22544a19
22544a1d
22544a44
22544a45
22544b19
22544b1d
22544b44
22544b45
22544c19
22544c1d
22544c44
22544c45
22544d19
22544d1d
22544d44
22544d45
22544e19
22544e1d
22544e44
22544e45
22544f19
22544f1d
22544f44
22544f45
22545019
2254501d
22545025
22545044
22545045
225450d5
22545119
2254511d
22545144
22545145
22545219
2254521d
22545244
22545245
22545319
2254531d
22545344
22545345
22545419
2254541d
22545444
22545445
22545519
2254551d
22545544
22545545
22545619
2254561d
22545644
22545645
22545719
2254571d
22545744
22545745
22545819
2254581d
22545825
22545919
2254591d
22546004
22546045
22546065
22546088
2254609b
225460d5
225460d9
22546104
22546165
22546204
22546265
22546304
22546404
22546504
22546604
22546704
22546804
22546904
22546a04
22546b04
225470d5
22548008
22548013
22548019
2254801a
2254801d
22548028
22548038
22548048
2254805a
22548068
22548072
22548078
22548080
22548081
22548084
22548088
22548091
225480a0
225480a1
225480a4
225480d1
22548113
2254811a
2254815a
22548184
2254819a
225481a4
225481da
2254821a
2254825a
22548284
22548319
2254831d
22548419
2254841d
22548519
2254851d
22548619
2254861d
22548719
2254871d
22548819
2254881d
22548919
2254891d
22548a19
22548a1d
22548b19
22548b1d
22548c19
22548c1d
22548d19
22548d1d
22548e19
22548e1d
22548f19
22548f1d
22549019
2254901d
22549025
225490c0
22549119
2254911d
225491c0
22549219
2254921d
22549319
2254931d
22549419
2254941d
22549519
2254951d
22549619
2254961d
22549719
2254971d
22549819
2254981d
22549919
2254991d
2254a080
2254a09b
2254a0a0
2254a0a1
2254a0d4
2254a0d9
2254a0f8
2254bf04
2254c008
2254c019
2254c01a
2254c01d
2254c025
2254c028
2254c048
2254c068
2254c088
2254c0e5
2254c11a
2254c125
2254c1e5
2254c21a
2254c319
2254c31a
2254c31d
2254c419
2254c41a
2254c41d
2254c519
2254c51a
2254c51d
2254c619
2254c61a
2254c61d
2254c719
2254c71a
2254c71d
2254c819
2254c81a
2254c81d
2254c919
2254c91a
2254c91d
2254ca19
2254ca1a
2254ca1d
2254cb19
2254cb1a
2254cb1d
2254cc19
2254cc1a
2254cc1d
2254cd19
2254cd1a
2254cd1d
2254ce19
2254ce1a
2254ce1d
2254cf19
2254cf1a
2254cf1d
2254d019
2254d01a
2254d01d
2254d025
2254d0c1
2254d119
2254d11a
2254d11d
2254d219
2254d21a
2254d21d
2254d319
2254d31a
2254d31d
2254d419
2254d41a
2254d41d
2254d519
2254d51a
2254d51d
2254d619
2254d61a
2254d61d
2254d719
2254d71a
2254d71d
2254d819
2254d81d
2254d919
2254d91d
2254e0d9
2254e0e1
22580000
22580004
22580008
22580013
22580014
22580018
2258001b
2258001d
2258001f
22580024
22580028
2258002b
22580033
22580034
22580035
22580036
22580037
22580038
22580048
22580053
22580054
2258006b
22580078
22580084
22580085
22580088
22580090
22580094
22580098
225800b8
225800c1
225800d4
225800d5
225800d8
225800e5
22580100
22580104
2258011d
22580124
22580138
22580178
22580184
22580185
225801b8
225801e5
22580204
22580284
22580285
225808d5
22581005
22581025
225810c1
22581825
22582004
2258201f
2258202e
2258204a
2258206a
2258206e
22582084
22582088
2258209b
225820a0
225820d5
225820d9
22582104
22582184
225821a0
22582204
22582284
225822a0
22582304
22582404
22582425
22582504
22582525
22582604
22582704
22582804
2258284e
225828d5
22582904
22582a04
22582b04
22584008
2258401d
22584025
22584028
22584038
2258403a
22584044
22584045
22584048
22584078
2258407a
22584088
225840b8
225840ce
225840d5
2258411d
22584125
22584138
22584144
22584145
22584178
225841b8
22584225
22584244
22584245
22584344
22584345
22584444
22584445
22584544
22584545
22584644
22584645
22584744
22584745
22584844
22584845
225848d5
22584944
22584945
22584a44
22584a45
22584b44
22584b45
22584c44
22584c45
22584d44
22584d45
22584e44
22584e45
22584f44
22584f45
22585025
22585044
22585045
225850d5
22585144
22585145
22585244
22585245
22585344
22585345
22585444
22585445
22585544
22585545
22585644
22585645
22585744
22585745
22585825
22586004
22586065
22586088
2258609b
225860d5
225860d9
22586104
22586165
22586204
22586265
22586304
22586404
22586504
22586604
22586704
22586804
22586904
22586a04
22586b04
225870d5
22588008
22588013
22588028
22588038
22588048
22588068
22588072
22588078
22588080
22588081
22588084
22588088
22588091
225880a0
225880a1
225880a4
225880b8
225880d1
22588113
22588138
22588178
22588184
225881a4
225881b8
22588284
22589025
225890c0
225891c0
2258a080
2258a09b
2258a0a0
2258a0a1
2258a0d4
2258a0d9
2258bf04
2258c008
2258c01a
2258c025
2258c028
2258c048
2258c068
2258c088
2258c0e5
2258c11a
2258c125
2258c1e5
2258c21a
2258c31a
2258c41a
2258c51a
2258c61a
2258c71a
2258c81a
2258c91a
2258ca1a
2258cb1a
2258cc1a
2258cd1a
2258ce1a
2258cf1a
2258d01a
2258d025
2258d0c1
2258d11a
2258d21a
2258d31a
2258d41a
2258d51a
2258d61a
2258d71a
2258e0d9
2258e0e1
225c0000
225c0004
225c0008
225c0013
225c0014
225c0018
225c001b
225c001f
225c0024
225c0028
225c002b
225c0033
225c0034
225c0035
225c0036
225c0037
225c0038
225c003c
225c0048
225c0053
225c0054
225c006b
225c0078
225c0084
225c0085
225c0088
225c0090
225c0094
225c0098
225c00c1
225c00d4
225c00d5
225c00d8
225c00e5
225c0100
225c0104
225c0124
225c0184
225c0185
225c01e5
225c0204
225c0284
225c0285
225c08d5
225c1005
225c1025
225c10c1
225c1825
225c2004
225c200e
225c201e
225c201f
225c202e
225c204a
225c206a
225c2084
225c2088
225c209b
225c20a0
225c20c1
225c20d5
225c20d9
225c20f8
225c2104
225c210e
225c211e
225c212e
225c2184
225c21a0
225c21c1
225c2204
225c220e
225c222e
225c2284
225c22a0
225c22c1
225c2304
225c230e
225c232e
225c23c1
225c2404
225c240e
225c2425
225c242e
225c24c1
225c2504
225c250e
225c2525
225c252e
225c25c1
225c2604
225c260e
225c262e
225c2704
225c270e
225c272e
225c2804
225c280e
225c282e
225c28d5
225c2904
225c290e
225c292e
225c2a04
225c2a0e
225c2a2e
225c2b04
225c2b0e
225c2b2e
225c2c0e
225c2c2e
225c2d0e
225c2d2e
225c2e0e
225c2e2e
225c2f0e
225c2f2e
225c300e
225c302e
225c310e
225c312e
225c320e
225c322e
225c330e
225c332e
225c340e
225c342e
225c350e
225c352e
225c360e
225c362e
225c370e
225c372e
225c4008
225c4025
225c4028
225c4038
225c4044
225c4045
225c4048
225c4078
225c4088
225c40ce
225c40d5
225c4125
225c4144
225c4145
225c4225
225c4244
225c4245
225c4344
225c4345
225c4444
225c4445
225c4544
225c4545
225c4644
225c4645
225c4744
225c4745
225c4844
225c4845
225c48d5
225c4944
225c4945
225c4a44
225c4a45
225c4b44
225c4b45
225c4c44
225c4c45
225c4d44
225c4d45
225c4e44
225c4e45
225c4f44
225c4f45
225c5025
225c5044
225c5045
225c50d5
225c5144
225c5145
225c5244
225c5245
225c5344
225c5345
225c5444
225c5445
225c5544
225c5545
225c5644
225c5645
225c5744
225c5745
225c5825
225c6004
225c6065
225c6088
225c609b
225c60d5
225c60d9
225c6104
225c6165
225c6204
225c6265
225c6304
225c6404
225c6504
225c6604
225c6704
225c6804
225c6904
225c6a04
225c6b04
225c70d5
225c8008
225c8013
225c8028
225c8038
225c8048
225c8068
225c8072
225c8078
225c8080
225c8081
225c8084
225c8088
225c8091
225c80a0
225c80a1
225c80a4
225c80d1
225c8113
225c8184
225c81a4
225c8284
225c9025
225c90c0
225c91c0
225ca080
225ca09b
225ca0a0
225ca0a1
225ca0d4
225ca0d9
225ca0f8
225cbf04
225cc005
225cc008
225cc025
225cc028
225cc048
225cc068
225cc088
225cc09a
225cc0e5
225cc125
225cc19a
225cc1e5
225cc29a
225cc39a
225cc49a
225cc59a
225cc69a
225cc79a
225cc89a
225cc99a
225cca9a
225ccb9a
225ccc9a
225ccd9a
225cce9a
225ccf9a
225cd025
225cd09a
225cd0c1
225cd19a
225cd29a
225cd39a
225cd49a
225cd59a
225cd69a
225cd79a
225ce0d9
225ce0e1
22600004
2260000c
22600013
22600019
22600024
22600038
2260003c
22600053
22600059
2260005e
22600078
22600084
22600085
226000a0
226000e4
226000e5
22600104
22600119
22600124
22600138
2260013c
22600159
2260015e
22600178
22600184
22600185
226001a0
22600204
22600224
2260025e
22600284
22600285
226002a0
2260035e
2260045e
2260055e
2260065e
2260075e
2260085e
2260095e
22600a5e
22600b5e
22600c5e
22600d5e
22600e5e
22600f5e
22601025
2260105e
226010c1
2260115e
2260125e
2260135e
2260145e
2260155e
2260165e
2260175e
22601825
22602004
22602005
2260200e
2260202e
22602038
2260204e
2260206e
22602078
22602084
226020a0
226020b8
226020c1
226020e4
226020e5
22602104
22602105
2260210e
2260212e
22602138
2260214e
2260216e
22602178
22602184
226021a0
226021b8
226021c1
226021e4
226021e5
22602204
22602205
2260220e
2260222e
22602238
2260224e
2260226e
22602278
22602284
226022a0
226022b8
226022c1
226022e4
226022e5
22602304
22602305
2260230e
2260232e
22602338
2260234e
2260236e
22602378
226023b8
226023c1
22602404
22602405
2260240e
22602425
2260242e
22602438
2260244e
2260246e
22602478
226024b8
226024c1
22602504
22602505
2260250e
2260252e
22602538
2260254e
2260256e
22602578
226025b8
226025c1
22602604
22602605
2260260e
2260262e
22602638
2260264e
2260266e
22602678
226026b8
22602704
22602705
2260270e
2260272e
22602738
2260274e
2260276e
22602778
226027b8
22602804
22602805
2260280e
2260282e
22602838
2260284e
2260286e
22602878
226028b8
22602904
22602905
2260290e
2260292e
22602938
2260294e
2260296e
22602978
226029b8
22602a04
22602a05
22602a0e
22602a2e
22602a38
22602a4e
22602a6e
22602a78
22602ab8
22602b04
22602b05
22602b0e
22602b2e
22602b38
22602b4e
22602b6e
22602b78
22602bb8
22602c04
22602c0e
22602c2e
22602c38
22602c4e
22602c6e
22602c78
22602cb8
22602d04
22602d0e
22602d2e
22602d38
22602d4e
22602d6e
22602d78
22602db8
22602e04
22602e0e
22602e2e
22602e38
22602e4e
22602e6e
22602e78
22602eb8
22602f04
22602f0e
22602f2e
22602f38
22602f4e
22602f6e
22602f78
22602fb8
2260300e
2260302e
22603038
2260304e
2260306e
22603078
226030b8
2260310e
2260312e
22603138
2260314e
2260316e
22603178
226031b8
2260320e
2260322e
22603238
2260324e
2260326e
22603278
226032b8
2260330e
2260332e
22603338
2260334e
2260336e
22603378
226033b8
2260340e
2260342e
22603438
2260344e
2260346e
22603478
226034b8
2260350e
2260352e
22603538
2260354e
2260356e
22603578
226035b8
2260360e
2260362e
22603638
2260364e
2260366e
22603678
226036b8
2260370e
2260372e
22603738
2260374e
2260376e
22603778
226037b8
2260400c
22604019
22604025
22604028
22604038
2260403a
2260403c
22604044
22604059
22604078
2260407a
226040e4
226040e5
22604119
22604125
22604138
2260413c
22604144
22604159
22604178
226041e4
226041e5
22604244
226042e4
226042e5
22604344
22604444
22604544
22604644
22604744
22604844
22604944
22604a44
22604b44
22604c44
22604d44
22604e44
22604f44
22605025
22605044
226050c1
22605144
22605244
22605344
22605444
22605544
22605644
22605744
22605825
22606038
22606045
22606065
22606078
22606088
226060b8
226060d9
226060e4
226060e5
22606138
22606145
22606165
22606178
226061b8
226061d9
226061e4
226061e5
22606238
22606245
22606265
22606278
226062b8
226062e4
226062e5
22606338
22606345
22606378
226063b8
22606438
22606445
22606478
226064b8
22606538
22606545
22606578
226065b8
22606638
22606645
22606678
226066b8
22606738
22606745
22606778
226067b8
22606838
22606845
22606878
226068b8
22606938
22606945
22606978
226069b8
22606a38
22606a45
22606a78
22606ab8
22606b38
22606b45
22606b78
22606bb8
22606c38
22606c45
22606c78
22606cb8
22606d38
22606d45
22606d78
22606db8
22606e38
22606e45
22606e78
22606eb8
22606f38
22606f45
22606f78
22606fb8
22607038
22607045
22607078
226070b8
22607138
22607145
22607178
226071b8
22607238
22607245
22607278
226072b8
22607338
22607345
22607378
226073b8
22607438
22607445
22607478
226074b8
22607538
22607545
22607578
226075b8
22607638
22607645
22607678
226076b8
22607738
22607745
22607778
226077b8
2260800c
22608019
2260801a
22608028
22608038
22608059
2260805a
22608068
22608078
22608084
22608091
22608099
226080a4
226080b8
226080d1
226080e4
226080e5
226080f8
22608119
2260811a
22608138
22608159
2260815a
22608178
22608184
22608199
226081a4
226081b8
226081da
226081f8
22608284
226082a4
22608ac0
22608bc0
22608cc0
22608dc0
22608ec0
22608fc0
22609025
2260a038
2260a064
2260a078
2260a0b8
2260a0e4
2260a0e5
2260a138
2260a164
2260a178
2260a1b8
2260a1e4
2260a1e5
2260a238
2260a264
2260a278
2260a2b8
2260a2e4
2260a2e5
2260a338
2260a364
2260a378
2260a3b8
2260a438
2260a464
2260a478
2260a4b8
2260a538
2260a564
2260a578
2260a5b8
2260a638
2260a664
2260a678
2260a6b8
2260a738
2260a764
2260a778
2260a7b8
2260a838
2260a878
2260a8b8
2260a938
2260a978
2260a9b8
2260aa38
2260aa78
2260aab8
2260ab38
2260ab78
2260abb8
2260ac38
2260ac78
2260acb8
2260ad38
2260ad78
2260adb8
2260ae38
2260ae78
2260aeb8
2260af38
2260af78
2260afb8
2260b038
2260b078
2260b0b8
2260b138
2260b178
2260b1b8
2260b238
2260b278
2260b2b8
2260b338
2260b378
2260b3b8
2260b438
2260b478
2260b4b8
2260b538
2260b578
2260b5b8
2260b638
2260b678
2260b6b8
2260b738
2260b778
2260b7b8
2260c00c
2260c025
2260c028
2260c068
2260c0e4
2260c0e5
2260c125
2260c1e4
2260c1e5
2260c2e4
2260c2e5
2260cac0
2260d025
2260e038
2260e064
2260e078
2260e0a5
2260e0b8
2260e0e4
2260e0e5
2260e138
2260e164
2260e178
2260e1a5
2260e1b8
2260e1e4
2260e1e5
2260e238
2260e264
2260e278
2260e2a5
2260e2b8
2260e2e4
2260e2e5
2260e338
2260e364
2260e378
2260e3b8
2260e438
2260e464
2260e478
2260e4b8
2260e538
2260e564
2260e578
2260e5b8
2260e638
2260e664
2260e678
2260e6b8
2260e738
2260e764
2260e778
2260e7b8
2260e838
2260e878
2260e8b8
2260e938
2260e978
2260e9b8
2260ea38
2260ea78
2260eab8
2260eb38
2260eb78
2260ebb8
2260ec38
2260ec78
2260ecb8
2260ed38
2260ed78
2260edb8
2260ee38
2260ee78
2260eeb8
2260ef38
2260ef78
2260efb8
2260f038
2260f078
2260f0b8
2260f138
2260f178
2260f1b8
2260f238
2260f278
2260f2b8
2260f338
2260f378
2260f3b8
2260f438
2260f478
2260f4b8
2260f538
2260f578
2260f5b8
2260f638
2260f678
2260f6b8
2260f738
2260f778
2260f7b8
22640004
2264000c
2264000f
22640013
22640019
2264001d
22640024
2264002f
22640038
2264003c
22640053
22640078
22640084
22640085
226400a0
226400e4
226400e5
22640104
2264010f
22640124
2264012f
22640184
22640185
226401a0
22640204
2264020f
22640224
2264022f
22640284
22640285
226402a0
22640319
2264031d
22640419
2264041d
22640519
2264051d
22640619
2264061d
22640719
2264071d
22640819
2264081d
22640919
2264091d
22640a19
22640a1d
22640b19
22640b1d
22640c19
22640c1d
22640d19
22640d1d
22640e19
22640e1d
22640f19
22640f1d
22641019
2264101d
22641025
226410c1
22641119
2264111d
22641219
2264121d
22641319
2264131d
22641419
2264141d
22641519
2264151d
22641619
2264161d
22641719
2264171d
22641819
2264181d
22641825
22641919
2264191d
22642004
22642005
2264201e
22642084
226420a0
226420d9
226420e4
226420e5
226420f8
22642104
22642105
2264211e
22642184
226421a0
226421e4
226421e5
22642204
22642205
22642284
226422a0
226422e4
226422e5
22642304
22642305
22642404
22642405
22642425
22642504
22642505
22642604
22642605
22642704
22642705
22642804
22642805
22642904
22642905
22642a04
22642a05
22642b04
22642b05
22642c04
22642d04
22642e04
22642f04
22643004
22643104
22643204
22643304
22643404
22643504
22643604
22643704
2264400c
22644019
2264401d
22644025
22644038
22644044
22644078
226440e4
226440e5
22644125
22644144
226441e4
226441e5
22644244
226442e4
226442e5
22644319
2264431d
22644344
22644419
2264441d
22644444
22644519
2264451d
22644544
22644619
2264461d
22644644
22644719
2264471d
22644744
22644819
2264481d
22644844
22644919
2264491d
22644944
22644a19
22644a1d
22644a44
22644b19
22644b1d
22644b44
22644c19
22644c1d
22644c44
22644d19
22644d1d
22644d44
22644e19
22644e1d
22644e44
22644f19
22644f1d
22644f44
22645019
2264501d
22645025
22645044
226450c1
22645119
2264511d
22645144
22645219
2264521d
22645244
22645319
2264531d
22645344
22645419
2264541d
22645444
22645519
2264551d
22645544
22645619
2264561d
22645644
22645719
2264571d
22645744
22645819
2264581d
22645825
22645919
2264591d
22646045
22646065
226460d9
226460e4
226460e5
22646145
22646165
226461e4
226461e5
22646245
22646265
226462e4
226462e5
22646345
22646445
22646545
22646645
22646745
22646845
22646945
22646a45
22646b45
22646c45
22646d45
22646e45
22646f45
22647045
22647145
22647245
22647345
22647445
22647545
22647645
22647745
2264800c
22648019
2264801a
2264801d
22648038
2264805a
22648078
22648084
22648091
226480a4
226480d1
226480e4
226480e5
2264811a
2264815a
22648184
2264819a
226481a4
226481da
22648284
226482a4
22648319
2264831d
22648419
2264841d
22648519
2264851d
22648619
2264861d
22648719
2264871d
22648819
2264881d
22648919
2264891d
22648a19
22648a1d
22648b19
22648b1d
22648c19
22648c1d
22648d19
22648d1d
22648e19
22648e1d
22648f19
22648f1d
22649019
2264901d
22649025
22649119
2264911d
22649219
2264921d
22649319
2264931d
22649419
2264941d
22649519
2264951d
22649619
2264961d
22649719
2264971d
22649819
2264981d
22649919
2264991d
2264a064
2264a0d9
2264a0e4
2264a0e5
2264a0f8
2264a164
2264a1e4
2264a1e5
2264a264
2264a2e4
2264a2e5
2264a364
2264a464
2264a564
2264a664
2264a764
2264c005
2264c00c
2264c019
2264c01d
2264c025
2264c028
2264c068
2264c0e4
2264c0e5
2264c1e4
2264c1e5
2264c2e4
2264c2e5
2264c319
2264c31d
2264c419
2264c41d
2264c519
2264c51d
2264c619
2264c61d
2264c719
2264c71d
2264c819
2264c81d
2264c919
2264c91d
2264ca19
2264ca1d
2264cb19
2264cb1d
2264cc19
2264cc1d
2264cd19
2264cd1d
2264ce19
2264ce1d
2264cf19
2264cf1d
2264d019
2264d01d
2264d025
2264d119
2264d11d
2264d219
2264d21d
2264d319
2264d31d
2264d419
2264d41d
2264d519
2264d51d
2264d619
2264d61d
2264d719
2264d71d
2264d819
2264d81d
2264d919
2264d91d
2264e064
2264e0a5
2264e0d9
2264e0e4
2264e0e5
2264e164
2264e1a5
2264e1e4
2264e1e5
2264e264
2264e2a5
2264e2e4
2264e2e5
2264e364
2264e464
2264e564
2264e664
2264e764
22680004
2268000c
2268001d
22680024
22680038
22680045
22680078
22680084
22680085
226800a0
226800b8
226800e4
226800e5
22680104
2268011d
22680124
22680138
22680145
22680178
22680184
22680185
226801a0
226801b8
22680204
22680224
22680245
22680284
22680285
226802a0
22680345
22680445
22680545
22680645
22680745
22680845
22680945
22680a45
22680b45
22680c45
22680d45
22680e45
22680f45
22681025
22681045
226810c1
22681145
22681245
22681345
22681445
22681545
22681645
22681745
22681825
22682004
22682005
2268200e
2268202e
22682084
226820a0
226820d9
226820e4
226820e5
22682104
22682105
2268210e
2268214e
22682184
226821a0
226821e4
226821e5
22682204
22682205
22682284
226822a0
226822e4
226822e5
22682304
22682305
22682404
22682405
22682425
22682504
22682505
22682604
22682605
22682704
22682705
22682804
22682805
2268284e
22682904
22682905
22682a04
22682a05
22682b04
22682b05
22682c04
22682d04
22682e04
22682f04
2268400c
2268401d
22684025
22684038
2268403a
22684044
22684078
2268407a
226840b8
226840e4
226840e5
2268411d
22684125
22684138
22684144
22684178
226841b8
226841e4
226841e5
22684244
226842e4
226842e5
22684344
22684444
22684544
22684644
22684744
22684844
22684944
22684a44
22684b44
22684c44
22684d44
22684e44
22684f44
22685025
22685044
226850c1
22685144
22685244
22685344
22685444
22685544
22685644
22685744
22685825
2268600e
2268602e
22686045
22686065
226860d9
226860e4
226860e5
2268610e
2268612e
22686145
2268614e
22686165
2268616e
2268617e
226861e4
226861e5
22686245
22686265
226862e4
226862e5
22686345
22686445
22686545
22686645
22686745
22686845
22686945
22686a45
22686b45
22686c45
22686d45
22686e45
22686f45
22687045
22687145
22687245
22687345
22687445
22687545
22687645
22687745
2268800c
22688038
22688078
22688084
22688091
226880a4
226880b8
226880d1
226880e4
226880e5
22688138
22688178
22688184
226881a4
226881b8
22688284
226882a4
22689025
2268a00e
2268a02e
2268a064
2268a0d9
2268a0e4
2268a0e5
2268a10e
2268a14e
2268a164
2268a1e4
2268a1e5
2268a264
2268a2e4
2268a2e5
2268a364
2268a464
2268a564
2268a664
2268a764
2268c00c
2268c025
2268c0e4
2268c0e5
2268c1e4
2268c1e5
2268c2e4
2268c2e5
2268d025
2268e064
2268e0a5
2268e0d9
2268e0e4
2268e0e5
2268e164
2268e1a5
2268e1e4
2268e1e5
2268e264
2268e2a5
2268e2e4
2268e2e5
2268e364
2268e464
2268e564
2268e664
2268e764
226c0004
226c000c
226c0024
226c0038
226c003c
226c0045
226c0078
226c0084
226c0085
226c00a0
226c00e4
226c00e5
226c0104
226c0124
226c0145
226c0184
226c0185
226c01a0
226c0204
226c0224
226c0245
226c0284
226c0285
226c02a0
226c0345
226c0445
226c0545
226c0645
226c0745
226c0845
226c0945
226c0a45
226c0b45
226c0c45
226c0d45
226c0e45
226c0f45
226c1025
226c1045
226c10c1
226c1145
226c1245
226c1345
226c1445
226c1545
226c1645
226c1745
226c1825
226c2004
226c2005
226c201e
226c2084
226c20a0
226c20d9
226c20e4
226c20e5
226c20f8
226c2104
226c2105
226c211e
226c2184
226c21a0
226c21e4
226c21e5
226c2204
226c2205
226c2284
226c22a0
226c22e4
226c22e5
226c2304
226c2305
226c2404
226c2405
226c2425
226c2504
226c2505
226c2604
226c2605
226c2704
226c2705
226c2804
226c2805
226c2904
226c2905
226c2a04
226c2a05
226c2b04
226c2b05
226c2c04
226c2d04
226c2e04
226c2f04
226c30c1
226c31c1
226c32c1
226c33c1
226c34c1
226c35c1
226c400c
226c4025
226c4038
226c4044
226c4078
226c40e4
226c40e5
226c4125
226c4144
226c41e4
226c41e5
226c4244
226c42e4
226c42e5
226c4344
226c4444
226c4544
226c4644
226c4744
226c4844
226c4944
226c4a44
226c4b44
226c4c44
226c4d44
226c4e44
226c4f44
226c5025
226c5044
226c50c1
226c5144
226c5244
226c5344
226c5444
226c5544
226c5644
226c5744
226c5825
226c6045
226c6065
226c60d9
226c60e4
226c60e5
226c6145
226c6165
226c61e4
226c61e5
226c6245
226c6265
226c62e4
226c62e5
226c6345
226c6445
226c6545
226c6645
226c6745
226c6845
226c6945
226c6a45
226c6b45
226c6c45
226c6d45
226c6e45
226c6f45
226c7045
226c7145
226c7245
226c7345
226c7445
226c7545
226c7645
226c7745
226c800c
226c8038
226c8078
226c8084
226c8091
226c80a4
226c80d1
226c80e4
226c80e5
226c8184
226c81a4
226c8284
226c82a4
226c9025
226ca064
226ca0d9
226ca0e4
226ca0e5
226ca0f8
226ca164
226ca1e4
226ca1e5
226ca264
226ca2e4
226ca2e5
226ca364
226ca464
226ca564
226ca664
226ca764
226cc005
226cc00c
226cc025
226cc0e4
226cc0e5
226cc1e4
226cc1e5
226cc2e4
226cc2e5
226cd025
226ce064
226ce0a5
226ce0d9
226ce0e4
226ce0e5
226ce164
226ce1a5
226ce1e4
226ce1e5
226ce264
226ce2a5
226ce2e4
226ce2e5
226ce364
226ce464
226ce564
226ce664
226ce764
22700004
2270000c
22700019
22700024
22700038
2270003c
22700059
22700078
22700084
22700085
227000a0
227000e4
227000e5
22700104
22700119
22700124
22700138
2270013c
22700159
22700178
22700184
22700185
227001a0
22700204
22700224
22700284
22700285
227002a0
22701025
227010c1
22701825
22702004
22702005
2270200e
2270202e
22702038
2270204e
2270206e
22702078
22702084
227020a0
227020b8
227020e4
227020e5
22702104
22702105
2270210e
2270212e
22702138
2270214e
2270216e
22702178
22702184
227021a0
227021b8
227021e4
227021e5
22702204
22702205
2270220e
2270222e
22702238
2270224e
2270226e
22702278
22702284
227022a0
227022b8
227022e4
227022e5
22702304
22702305
2270230e
2270232e
22702338
2270234e
2270236e
22702378
227023b8
22702404
22702405
2270240e
22702425
2270242e
22702438
2270244e
2270246e
22702478
227024b8
22702504
22702505
2270250e
2270252e
22702538
2270254e
2270256e
22702578
227025b8
22702604
22702605
2270260e
2270262e
22702638
2270264e
2270266e
22702678
227026b8
22702704
22702705
2270270e
2270272e
22702738
2270274e
2270276e
22702778
227027b8
22702804
22702805
2270280e
2270282e
22702838
2270284e
2270286e
22702878
227028b8
22702904
22702905
2270290e
2270292e
22702938
2270294e
2270296e
22702978
227029b8
22702a04
22702a05
22702a0e
22702a2e
22702a38
22702a4e
22702a6e
22702a78
22702ab8
22702b04
22702b05
22702b0e
22702b2e
22702b38
22702b4e
22702b6e
22702b78
22702bb8
22702c04
22702c0e
22702c2e
22702c38
22702c4e
22702c6e
22702c78
22702cb8
22702d04
22702d0e
22702d2e
22702d38
22702d4e
22702d6e
22702d78
22702db8
22702e04
22702e0e
22702e2e
22702e38
22702e4e
22702e6e
22702e78
22702eb8
22702f04
22702f0e
22702f2e
22702f38
22702f4e
22702f6e
22702f78
22702fb8
22703004
2270300e
2270302e
22703038
2270304e
2270306e
22703078
227030b8
22703104
2270310e
2270312e
22703138
2270314e
2270316e
22703178
227031b8
22703204
2270320e
2270322e
22703238
2270324e
2270326e
22703278
227032b8
22703304
2270330e
2270332e
22703338
2270334e
2270336e
22703378
227033b8
22703404
2270340e
2270342e
22703438
2270344e
2270346e
22703478
227034b8
22703504
2270350e
2270352e
22703538
2270354e
2270356e
22703578
227035b8
22703604
2270360e
2270362e
22703638
2270364e
2270366e
22703678
227036b8
22703704
2270370e
2270372e
22703738
2270374e
2270376e
22703778
227037b8
2270400c
22704019
22704025
22704038
2270403a
2270403c
22704059
22704078
2270407a
227040e4
227040e5
22704119
22704125
22704138
2270413c
22704159
22704178
227041e4
227041e5
227042e4
227042e5
22705025
22705825
22706038
22706045
22706065
22706078
227060b8
227060d9
227060e4
227060e5
22706138
22706145
22706165
22706178
227061b8
227061d9
227061e4
227061e5
22706238
22706245
22706265
22706278
227062b8
227062e4
227062e5
22706338
22706345
22706378
227063b8
22706438
22706445
22706478
227064b8
22706538
22706545
22706578
227065b8
22706638
22706645
22706678
227066b8
22706738
22706745
22706778
227067b8
22706838
22706845
22706878
227068b8
22706938
22706945
22706978
227069b8
22706a38
22706a45
22706a78
22706ab8
22706b38
22706b45
22706b78
22706bb8
22706c38
22706c45
22706c78
22706cb8
22706d38
22706d45
22706d78
22706db8
22706e38
22706e45
22706e78
22706eb8
22706f38
22706f45
22706f78
22706fb8
22707038
22707045
22707078
227070b8
22707138
22707145
22707178
227071b8
22707238
22707245
22707278
227072b8
22707338
22707345
22707378
227073b8
22707438
22707445
22707478
227074b8
22707538
22707545
22707578
227075b8
22707638
22707645
22707678
227076b8
22707738
22707745
22707778
227077b8
22708019
2270801a
22708038
22708059
2270805a
22708078
22708084
22708091
22708099
227080a4
227080b8
227080d1
227080e4
227080e5
227080f8
22708119
2270811a
22708138
22708159
2270815a
22708178
22708184
22708199
227081a4
227081b8
227081da
227081f8
22708284
227082a4
22709025
2270a038
2270a078
2270a0b8
2270a0e4
2270a0e5
2270a138
2270a178
2270a1b8
2270a1e4
2270a1e5
2270a238
2270a278
2270a2b8
2270a2e4
2270a2e5
2270a338
2270a378
2270a3b8
2270a438
2270a478
2270a4b8
2270a538
2270a578
2270a5b8
2270a638
2270a678
2270a6b8
2270a738
2270a778
2270a7b8
2270a838
2270a878
2270a8b8
2270a938
2270a978
2270a9b8
2270aa38
2270aa78
2270aab8
2270ab38
2270ab78
2270abb8
2270ac38
2270ac78
2270acb8
2270ad38
2270ad78
2270adb8
2270ae38
2270ae78
2270aeb8
2270af38
2270af78
2270afb8
2270b038
2270b078
2270b0b8
2270b138
2270b178
2270b1b8
2270b238
2270b278
2270b2b8
2270b338
2270b378
2270b3b8
2270b438
2270b478
2270b4b8
2270b538
2270b578
2270b5b8
2270b638
2270b678
2270b6b8
2270b738
2270b778
2270b7b8
2270c025
2270c0e4
2270c0e5
2270c1e4
2270c1e5
2270c2e4
2270c2e5
2270d025
2270d0c1
2270e038
2270e078
2270e0a5
2270e0b8
2270e0e4
2270e0e5
2270e138
2270e178
2270e1a5
2270e1b8
2270e1e4
2270e1e5
2270e238
2270e278
2270e2a5
2270e2b8
2270e2e4
2270e2e5
2270e338
2270e378
2270e3b8
2270e438
2270e478
2270e4b8
2270e538
2270e578
2270e5b8
2270e638
2270e678
2270e6b8
2270e738
2270e778
2270e7b8
2270e838
2270e878
2270e8b8
2270e938
2270e978
2270e9b8
2270ea38
2270ea78
2270eab8
2270eb38
2270eb78
2270ebb8
2270ec38
2270ec78
2270ecb8
2270ed38
2270ed78
2270edb8
2270ee38
2270ee78
2270eeb8
2270ef38
2270ef78
2270efb8
2270f038
2270f078
2270f0b8
2270f138
2270f178
2270f1b8
2270f238
2270f278
2270f2b8
2270f338
2270f378
2270f3b8
2270f438
2270f478
2270f4b8
2270f538
2270f578
2270f5b8
2270f638
2270f678
2270f6b8
2270f738
2270f778
2270f7b8
22740004
2274000c
22740019
2274001d
22740024
22740038
2274003c
22740078
22740084
22740085
227400a0
227400e4
227400e5
22740104
22740124
22740184
22740185
227401a0
22740204
22740224
22740284
22740285
227402a0
22740319
2274031d
22740419
2274041d
22740519
2274051d
22740619
2274061d
22740719
2274071d
22740819
2274081d
22740919
2274091d
22740a19
22740a1d
22740b19
22740b1d
22740bd5
22740c19
22740c1d
22740d19
22740d1d
22740e19
22740e1d
22740f19
22740f1d
22741019
2274101d
22741025
227410c1
22741119
2274111d
22741219
2274121d
22741319
2274131d
22741419
2274141d
22741519
2274151d
22741619
2274161d
22741719
2274171d
22741819
2274181d
22741825
22741919
2274191d
22742004
22742005
2274201e
22742084
227420a0
227420d9
227420e4
227420e5
227420f8
22742104
22742105
2274211e
22742184
227421a0
227421e4
227421e5
22742204
22742205
22742284
227422a0
227422e4
227422e5
22742304
22742305
22742404
22742405
22742425
22742504
22742505
22742604
22742605
22742704
22742705
22742804
22742805
22742904
22742905
22742a04
22742a05
22742b04
22742b05
22742c04
22742d04
22742e04
22742f04
22743004
22743104
22743204
22743304
22743404
22743504
22743604
22743704
2274400c
22744019
2274401d
22744025
22744038
22744078
227440e4
227440e5
22744125
227441e4
227441e5
227442e4
227442e5
22744319
2274431d
22744419
2274441d
22744519
2274451d
22744619
2274461d
22744719
2274471d
22744819
2274481d
22744919
2274491d
22744a19
22744a1d
22744b19
22744b1d
22744c19
22744c1d
22744d19
22744d1d
22744e19
22744e1d
22744f19
22744f1d
22745019
2274501d
22745025
22745119
2274511d
22745219
2274521d
22745319
2274531d
22745419
2274541d
22745519
2274551d
22745619
2274561d
22745719
2274571d
22745819
2274581d
22745825
22745919
2274591d
22746045
22746065
227460d9
227460e4
227460e5
22746145
22746165
227461e4
227461e5
22746245
22746265
227462e4
227462e5
22746345
22746445
22746545
22746645
22746745
22746845
22746945
22746a45
22746b45
22746c45
22746d45
22746e45
22746f45
22747045
22747145
22747245
22747345
22747445
22747545
22747645
22747745
22748019
2274801a
2274801d
22748038
2274805a
22748078
22748084
22748091
227480a4
227480d1
227480e4
227480e5
2274811a
2274815a
22748184
2274819a
227481a4
227481da
22748284
227482a4
22748319
2274831d
22748419
2274841d
22748519
2274851d
22748619
2274861d
22748719
2274871d
22748819
2274881d
22748919
2274891d
22748a19
22748a1d
22748b19
22748b1d
22748c19
22748c1d
22748d19
22748d1d
22748e19
22748e1d
22748f19
22748f1d
22749019
2274901d
22749025
22749119
2274911d
22749219
2274921d
22749319
2274931d
22749419
2274941d
22749519
2274951d
22749619
2274961d
22749719
2274971d
22749819
2274981d
22749919
2274991d
2274a0d9
2274a0e4
2274a0e5
2274a0f8
2274a1e4
2274a1e5
2274a2e4
2274a2e5
2274c005
2274c019
2274c01d
2274c025
2274c0e4
2274c0e5
2274c1e4
2274c1e5
2274c2e4
2274c2e5
2274c319
2274c31d
2274c419
2274c41d
2274c519
2274c51d
2274c619
2274c61d
2274c719
2274c71d
2274c819
2274c81d
2274c919
2274c91d
2274ca19
2274ca1d
2274cb19
2274cb1d
2274cc19
2274cc1d
2274cd19
2274cd1d
2274ce19
2274ce1d
2274cf19
2274cf1d
2274d019
2274d01d
2274d025
2274d0c1
2274d119
2274d11d
2274d219
2274d21d
2274d319
2274d31d
2274d419
2274d41d
2274d519
2274d51d
2274d619
2274d61d
2274d719
2274d71d
2274d819
2274d81d
2274d919
2274d91d
2274e0a5
2274e0d9
2274e0e4
2274e0e5
2274e1a5
2274e1e4
2274e1e5
2274e2a5
2274e2e4
2274e2e5
22780004
2278000c
2278001d
22780024
22780038
22780078
22780084
22780085
227800a0
227800b8
227800e4
227800e5
22780104
2278011d
22780124
22780138
22780178
22780184
22780185
227801a0
227801b8
22780204
22780224
22780284
22780285
227802a0
227808d5
22780cd5
22780ed5
22781025
227810c1
22781825
2278200e
2278202e
22782084
227820a0
227820d9
227820e4
227820e5
2278210e
2278212e
2278214e
2278216e
22782184
227821a0
227821e4
227821e5
22782284
227822a0
227822e4
227822e5
22782425
2278284e
2278400c
2278401d
22784025
22784038
2278403a
22784078
2278407a
227840b8
227840e4
227840e5
2278411d
22784125
22784138
22784178
227841b8
227841e4
227841e5
227842e4
227842e5
22785025
22785825
2278600e
2278602e
22786045
22786065
227860d9
227860e4
227860e5
2278610e
2278612e
22786145
2278614e
22786165
2278616e
227861e4
227861e5
22786245
22786265
227862e4
227862e5
22786345
22786445
22786545
22786645
22786745
22786845
22786945
22786a45
22786b45
22786c45
22786d45
22786e45
22786f45
22787045
22787145
22787245
22787345
22787445
22787545
22787645
22787745
22788038
22788078
22788084
22788091
227880a4
227880b8
227880d1
227880e4
227880e5
22788138
22788178
22788184
227881a4
227881b8
22788284
227882a4
22789025
2278a00e
2278a02e
2278a0d9
2278a0e4
2278a0e5
2278a12e
2278a16e
2278a1e4
2278a1e5
2278a2e4
2278a2e5
2278c025
2278c0e4
2278c0e5
2278c1e4
2278c1e5
2278c2e4
2278c2e5
2278d025
2278d0c1
2278e0a5
2278e0d9
2278e0e4
2278e0e5
2278e12e
2278e16e
2278e1a5
2278e1e4
2278e1e5
2278e2a5
2278e2e4
2278e2e5
227c0004
227c000c
227c0024
227c0038
227c003c
227c0078
227c0084
227c0085
227c00a0
227c00e4
227c00e5
227c0104
227c0124
227c0184
227c0185
227c01a0
227c0204
227c0224
227c0284
227c0285
227c02a0
227c0bd5
227c1025
227c10c1
227c1825
227c2008
227c200e
227c201e
227c202e
227c2048
227c2084
227c20a0
227c20c1
227c20d9
227c20e4
227c20e5
227c20f8
227c210e
227c211e
227c212e
227c2184
227c21a0
227c21c1
227c21e4
227c21e5
227c2208
227c220e
227c222e
227c2248
227c2284
227c22a0
227c22c1
227c22e4
227c22e5
227c230e
227c232e
227c23c1
227c2408
227c240e
227c2425
227c242e
227c2448
227c24c1
227c250e
227c252e
227c25c1
227c2608
227c260e
227c262e
227c2648
227c270e
227c272e
227c2808
227c280e
227c282e
227c2848
227c290e
227c292e
227c2a08
227c2a0e
227c2a2e
227c2a48
227c2b0e
227c2b2e
227c2c08
227c2c0e
227c2c2e
227c2c48
227c2d0e
227c2d2e
227c2e08
227c2e0e
227c2e2e
227c2e48
227c2f0e
227c2f2e
227c3008
227c300e
227c302e
227c310e
227c312e
227c3208
227c320e
227c322e
227c330e
227c332e
227c3408
227c340e
227c342e
227c350e
227c352e
227c3608
227c360e
227c362e
227c370e
227c372e
227c3808
227c3a08
227c3c08
227c3e08
227c400c
227c4025
227c4038
227c4078
227c4093
227c40e4
227c40e5
227c4125
227c41e4
227c41e5
227c42e4
227c42e5
227c5025
227c5825
227c5f08
227c5f48
227c5f88
227c5fc8
227c6008
227c6045
227c6048
227c6065
227c60d9
227c60e4
227c60e5
227c6145
227c6165
227c61e4
227c61e5
227c6208
227c6245
227c6248
227c6265
227c62e4
227c62e5
227c6345
227c6408
227c6445
227c6448
227c6545
227c6608
227c6645
227c6648
227c6745
227c6808
227c6845
227c6848
227c6945
227c6a08
227c6a45
227c6a48
227c6b45
227c6c08
227c6c45
227c6c48
227c6d45
227c6e08
227c6e45
227c6e48
227c6f45
227c7008
227c7045
227c7145
227c7208
227c7245
227c7345
227c7408
227c7445
227c7545
227c7608
227c7645
227c7745
227c7808
227c7a08
227c7c08
227c7e08
227c8038
227c8078
227c8084
227c8091
227c80a4
227c80d1
227c80e4
227c80e5
227c8184
227c81a4
227c8284
227c82a4
227c9025
227c9f08
227c9f48
227c9f88
227c9fc8
227ca008
227ca048
227ca088
227ca0d9
227ca0e4
227ca0e5
227ca0f8
227ca108
227ca148
227ca188
227ca1e4
227ca1e5
227ca208
227ca248
227ca288
227ca2e4
227ca2e5
227ca308
227ca348
227ca388
227ca408
227ca448
227ca488
227ca508
227ca548
227ca588
227ca608
227ca648
227ca688
227ca708
227ca748
227ca788
227ca808
227ca848
227ca888
227ca908
227ca948
227ca988
227caa08
227caa48
227caa88
227cab08
227cab48
227cab88
227cac08
227cac48
227cac88
227cad08
227cad48
227cad88
227cae08
227cae48
227cae88
227caf08
227caf48
227caf88
227cb008
227cb048
227cb088
227cb108
227cb148
227cb188
227cb208
227cb248
227cb288
227cb308
227cb348
227cb388
227cb408
227cb448
227cb488
227cb508
227cb548
227cb588
227cb608
227cb648
227cb688
227cb708
227cb748
227cb788
227cc005
227cc025
227cc0e4
227cc0e5
227cc1e4
227cc1e5
227cc2e4
227cc2e5
227cd025
227cd0c1
227cdf08
227cdf48
227cdf88
227cdfc8
227ce008
227ce048
227ce088
227ce0a5
227ce0d9
227ce0e4
227ce0e5
227ce108
227ce148
227ce188
227ce1a5
227ce1e4
227ce1e5
227ce208
227ce248
227ce288
227ce2a5
227ce2e4
227ce2e5
227ce308
227ce348
227ce388
227ce408
227ce448
227ce488
227ce508
227ce548
227ce588
227ce608
227ce648
227ce688
227ce708
227ce748
227ce788
227ce808
227ce848
227ce888
227ce908
227ce948
227ce988
227cea08
227cea48
227cea88
227ceb08
227ceb48
227ceb88
227cec08
227cec48
227cec88
227ced08
227ced48
227ced88
227cee08
227cee48
227cee88
227cef08
227cef48
227cef88
227cf008
227cf048
227cf088
227cf108
227cf148
227cf188
227cf208
227cf248
227cf288
227cf308
227cf348
227cf388
227cf408
227cf448
227cf488
227cf508
227cf548
227cf588
227cf608
227cf648
227cf688
227cf708
227cf748
227cf788
22800008
2280000c
22800019
2280001b
2280001f
22800024
22800038
2280003c
22800048
22800059
22800065
22800078
22800084
22800088
228000a5
228000c5
22800165
22800184
228001a5
228001c5
22800284
228002a5
228002c5
2280031e
22800465
22800565
22800644
22800665
22800744
22800765
22800c44
22800cd5
22800d44
22800e44
22800f44
22801004
228010c1
22801104
22801304
22801404
22801504
22801644
22801704
22801744
22801804
22801904
2280191e
22801b04
22801c44
22801d44
22801e44
22801f44
22802004
2280200e
22802019
2280201f
22802025
2280202e
22802038
22802045
2280204e
22802064
2280206e
22802078
22802088
2280209b
228020b8
22802104
2280210e
22802119
2280212e
22802138
22802145
2280214e
22802164
2280216e
22802178
228021b8
22802204
22802205
2280220e
22802219
2280222e
22802238
22802245
2280224e
22802264
2280226e
22802278
228022b8
22802304
22802305
2280230e
22802319
2280232e
22802338
2280234e
22802364
2280236e
22802378
228023b8
22802404
2280240e
22802419
2280242e
22802438
2280244e
22802464
2280246e
22802478
228024b8
22802504
2280250e
22802519
2280252e
22802538
2280254e
22802564
2280256e
22802578
228025b8
22802604
2280260e
22802619
2280262e
22802638
2280264e
22802664
2280266e
22802678
228026b8
22802704
22802705
2280270e
22802719
2280272e
22802738
2280274e
22802764
2280276e
22802778
228027b8
22802805
2280280e
22802819
2280282e
22802838
2280284e
22802864
2280286e
22802878
228028b8
22802905
2280290e
22802919
2280292e
22802938
2280294e
22802964
2280296e
22802978
228029b8
22802a05
22802a0e
22802a19
22802a2e
22802a38
22802a4e
22802a64
22802a6e
22802a78
22802ab8
22802b05
22802b0e
22802b19
22802b2e
22802b38
22802b4e
22802b64
22802b6e
22802b78
22802bb8
22802c05
22802c0e
22802c19
22802c2e
22802c38
22802c4e
22802c6e
22802c78
22802cb8
22802d05
22802d0e
22802d19
22802d2e
22802d38
22802d4e
22802d6e
22802d78
22802db8
22802e05
22802e0e
22802e19
22802e2e
22802e38
22802e4e
22802e6e
22802e78
22802eb8
22802f0e
22802f19
22802f2e
22802f38
22802f4e
22802f6e
22802f78
22802fb8
2280300e
22803019
2280302e
22803038
2280304e
2280306e
22803078
228030b8
2280310e
22803119
2280312e
22803138
2280314e
2280316e
22803178
228031b8
2280320e
22803219
2280322e
22803238
2280324e
2280326e
22803278
228032b8
2280330e
22803319
2280332e
22803338
2280334e
2280336e
22803378
228033b8
2280340e
22803419
2280342e
22803438
2280344e
2280346e
22803478
228034b8
2280350e
22803519
2280352e
22803538
2280354e
2280356e
22803578
228035b8
2280360e
22803619
2280362e
22803638
2280364e
2280366e
22803678
228036b8
2280370e
22803719
2280372e
22803738
2280374e
2280376e
22803778
228037b8
22803f19
22804008
2280400c
22804019
22804038
2280403a
2280403c
22804045
22804048
22804059
22804078
2280407a
22804084
22804085
22804088
228040ce
22804145
22804185
228041ce
22804245
228042ce
22804345
22804365
228043ce
22804404
22804445
228044ce
22804545
228045ce
22804604
22804644
22804645
22804704
22804744
22804745
22804845
22804945
22804965
22804a45
22804b45
22804c04
22804c44
22804c45
22804c65
22804cd5
22804d04
22804d44
22804d45
22804e44
22804e45
22804f04
22804f44
22804f45
22805045
22805065
228050c1
22805145
22805165
22805245
22805265
22805345
22805365
22805404
22805445
22805465
22805504
22805545
22805565
22805644
22805645
22805665
22805704
22805744
22805745
22805765
22805b65
22805c44
22805d44
22805e44
22805f44
22806019
22806025
22806038
22806065
22806078
22806088
2280609b
228060b8
228060ce
228060d9
22806119
22806138
22806165
22806178
228061b8
228061ce
22806219
22806238
22806265
22806278
228062b8
228062ce
22806319
22806338
22806378
228063b8
228063ce
22806405
22806419
22806438
22806478
228064b8
228064ce
22806519
22806538
22806578
228065b8
228065ce
22806619
22806638
22806678
228066b8
228066ce
22806705
22806719
22806738
22806778
228067b8
228067ce
22806819
22806825
22806838
22806878
228068b8
228068ce
22806919
22806925
22806938
22806978
228069b8
228069ce
22806a19
22806a25
22806a38
22806a78
22806ab8
22806ace
22806b19
22806b25
22806b38
22806b78
22806bb8
22806bce
22806c05
22806c19
22806c25
22806c38
22806c78
22806cb8
22806cce
22806d19
22806d25
22806d38
22806d78
22806db8
22806dce
22806e19
22806e38
22806e78
22806eb8
22806ece
22806f19
22806f38
22806f78
22806fb8
22806fce
22807019
22807038
22807078
228070b8
228070ce
22807119
22807138
22807178
228071b8
228071ce
22807219
22807238
22807278
228072b8
228072ce
22807319
22807338
22807378
228073b8
228073ce
22807419
22807438
22807478
228074b8
228074ce
22807519
22807538
22807578
228075b8
228075ce
22807619
22807638
22807678
228076b8
228076ce
22807719
22807738
22807778
228077b8
228077ce
22807f19
22808008
2280800c
22808019
2280801a
22808038
22808048
22808059
2280805a
22808078
22808084
22808088
22808091
22808099
228080a5
228080b8
228080d1
228080f8
2280810c
2280815a
22808184
228081a5
228081da
2280820c
22808284
228082a5
2280830c
22808365
22808404
2280840c
2280850c
22808604
2280860c
22808644
22808704
22808744
22808965
22808c04
22808c44
22808c65
22808d04
22808d44
22808e44
22808f04
22808f44
22809065
22809165
22809265
22809365
22809404
22809465
22809504
22809565
22809644
22809665
22809704
22809744
22809765
22809c44
22809d44
22809e44
22809f44
2280a019
2280a038
2280a064
2280a078
2280a09b
2280a0a4
2280a0b8
2280a105
2280a119
2280a138
2280a164
2280a178
2280a1a4
2280a1b8
2280a219
2280a238
2280a264
2280a278
2280a2a4
2280a2b8
2280a319
2280a338
2280a364
2280a378
2280a3b8
2280a405
2280a419
2280a438
2280a464
2280a478
2280a4b8
2280a505
2280a519
2280a538
2280a564
2280a578
2280a5b8
2280a619
2280a638
2280a664
2280a678
2280a6b8
2280a705
2280a719
2280a738
2280a764
2280a778
2280a7b8
2280a819
2280a825
2280a838
2280a878
2280a8b8
2280a919
2280a925
2280a938
2280a978
2280a9b8
2280aa19
2280aa25
2280aa38
2280aa78
2280aab8
2280ab19
2280ab25
2280ab38
2280ab78
2280abb8
2280ac19
2280ac25
2280ac38
2280ac78
2280acb8
2280ad19
2280ad25
2280ad38
2280ad78
2280adb8
2280ae19
2280ae38
2280ae78
2280aeb8
2280af19
2280af38
2280af78
2280afb8
2280b019
2280b038
2280b078
2280b0b8
2280b119
2280b138
2280b178
2280b1b8
2280b219
2280b238
2280b278
2280b2b8
2280b319
2280b338
2280b378
2280b3b8
2280b419
2280b438
2280b478
2280b4b8
2280b519
2280b538
2280b578
2280b5b8
2280b619
2280b638
2280b678
2280b6b8
2280b719
2280b738
2280b778
2280b7b8
2280bf19
2280c008
2280c00c
2280c048
2280c084
2280c085
2280c088
2280c0ce
2280c10c
2280c184
2280c20c
2280c284
2280c30c
2280c404
2280c40c
2280c50c
2280c604
2280c60c
2280c704
2280c965
2280cac0
2280cc04
2280cc65
2280cd04
2280cf04
2280d065
2280d165
2280d265
2280d365
2280d465
2280d565
2280d665
2280d765
2280e019
2280e038
2280e078
2280e0b8
2280e105
2280e119
2280e138
2280e178
2280e1b8
2280e219
2280e238
2280e278
2280e2b8
2280e319
2280e338
2280e378
2280e3b8
2280e405
2280e419
2280e438
2280e478
2280e4b8
2280e505
2280e519
2280e538
2280e578
2280e5b8
2280e605
2280e619
2280e638
2280e678
2280e6b8
2280e719
2280e738
2280e778
2280e7b8
2280e819
2280e825
2280e838
2280e878
2280e8b8
2280e919
2280e925
2280e938
2280e978
2280e9b8
2280ea19
2280ea25
2280ea38
2280ea78
2280eab8
2280eb19
2280eb25
2280eb38
2280eb78
2280ebb8
2280ec19
2280ec25
2280ec38
2280ec78
2280ecb8
2280ed19
2280ed25
2280ed38
2280ed78
2280edb8
2280ee19
2280ee38
2280ee78
2280eeb8
2280ef19
2280ef38
2280ef78
2280efb8
2280f019
2280f038
2280f078
2280f0b8
2280f119
2280f138
2280f178
2280f1b8
2280f219
2280f238
2280f278
2280f2b8
2280f319
2280f338
2280f378
2280f3b8
2280f419
2280f438
2280f478
2280f4b8
2280f519
2280f538
2280f578
2280f5b8
2280f619
2280f638
2280f678
2280f6b8
2280f719
2280f738
2280f778
2280f7b8
2280ff19
22840008
2284000c
2284000f
22840019
2284001b
2284001d
2284001f
22840024
2284002f
22840038
2284003c
22840048
22840065
22840078
22840084
22840088
228400a5
228400ba
228400c5
2284010d
2284010f
2284012f
2284014d
22840165
22840184
228401a5
228401ba
228401c5
2284020f
2284022f
22840284
228402a5
228402ba
228402c5
22840319
2284031d
2284031e
228403ba
22840419
2284041d
22840465
228404ba
22840519
2284051d
22840565
228405ba
22840619
2284061d
22840644
22840665
228406ba
22840719
2284071d
22840744
22840765
228407ba
2284080f
22840819
2284081d
2284082f
2284084f
2284086f
228408ba
2284090f
22840919
2284091d
2284092f
2284094f
2284096f
228409ba
22840a0f
22840a19
22840a1d
22840a2f
22840a4f
22840a6f
22840aba
22840b0f
22840b19
22840b1d
22840b2f
22840b4f
22840b6f
22840bba
22840c0f
22840c19
22840c1d
22840c2f
22840c44
22840c4f
22840c6f
22840cd5
22840d0f
22840d19
22840d1d
22840d2f
22840d44
22840d4f
22840d6f
22840e0f
22840e19
22840e1d
22840e2f
22840e44
22840e4f
22840e6f
22840f0f
22840f19
22840f1d
22840f2f
22840f44
22840f4f
22840f6f
22841004
2284100f
22841019
2284101d
2284102f
2284104f
2284106f
228410c1
22841104
2284110f
22841119
2284111d
2284112f
2284114f
2284116f
2284120f
22841219
2284121d
2284122f
2284124f
2284126f
22841304
2284130f
22841319
2284131d
2284132f
2284134f
2284136f
22841404
2284140f
22841419
2284141d
2284142f
2284144f
2284146f
22841504
2284150f
22841519
2284151d
2284152f
2284154f
2284156f
2284160f
22841619
2284161d
2284162f
22841644
2284164f
2284166f
22841704
2284170f
22841719
2284171d
2284172f
22841744
2284174f
2284176f
22841804
2284180f
22841819
2284181d
2284182f
2284184f
2284186f
22841904
2284190f
22841919
2284191d
2284191e
2284192f
2284194f
2284196f
22841a0f
22841a2f
22841a4f
22841a6f
22841b04
22841b0f
22841b2f
22841b4f
22841b6f
22841c0f
22841c2f
22841c44
22841c4f
22841c6f
22841d0f
22841d2f
22841d44
22841d4f
22841d6f
22841e0f
22841e2f
22841e44
22841e4f
22841e6f
22841f0f
22841f2f
22841f44
22841f4f
22841f6f
22842004
2284201e
2284201f
22842025
22842045
22842088
2284209b
228420f8
22842104
22842145
22842204
22842205
22842245
22842304
22842305
22842404
22842504
22842604
22842704
22842705
22842805
22842905
22842a05
22842b05
22842c05
22842d05
22842e05
22844008
2284400c
22844019
2284401d
2284402e
22844038
22844048
22844078
22844084
22844085
22844088
228440ce
2284410d
2284412e
2284414d
22844185
228441ce
2284422e
228442ce
22844319
2284431d
2284432e
22844365
228443ce
22844404
22844419
2284441d
2284442e
228444ce
22844519
2284451d
2284452e
228445ce
22844604
22844619
2284461d
2284462e
22844644
22844704
22844719
2284471d
2284472e
22844744
22844819
2284481d
2284482e
22844919
2284491d
2284492e
22844965
22844a19
22844a1d
22844a2e
22844b19
22844b1d
22844b2e
22844c04
22844c19
22844c1d
22844c2e
22844c44
22844c65
22844cd5
22844d04
22844d19
22844d1d
22844d2e
22844d44
22844e19
22844e1d
22844e2e
22844e44
22844f04
22844f19
22844f1d
22844f2e
22844f44
22845019
2284501d
2284502e
228450c1
22845119
2284511d
2284512e
22845219
2284521d
2284522e
22845319
2284531d
2284532e
22845404
22845419
2284541d
2284542e
22845504
22845519
2284551d
2284552e
22845619
2284561d
2284562e
22845644
22845704
22845719
2284571d
2284572e
22845744
22845819
2284581d
22845919
2284591d
22845b65
22845c44
22845d44
22845e44
22845f44
22846025
22846065
22846088
2284609b
228460ce
22846165
228461ce
22846265
228462ce
228463ce
22846405
228464ce
228465ce
228466ce
22846705
228467ce
228468ce
228469ce
22846ace
22846bce
22846c05
22846cce
22846dce
22846ece
22846fce
228470ce
228471ce
228472ce
228473ce
228474ce
228475ce
228476ce
228477ce
22848008
2284800c
22848019
2284801a
2284801d
22848028
22848038
22848048
2284805a
22848068
22848078
22848084
22848088
22848091
228480a5
228480d1
2284810c
2284811a
22848128
2284815a
22848168
22848184
2284819a
228481a5
228481da
2284820c
22848228
22848268
22848284
228482a5
2284830c
22848319
2284831d
22848328
22848365
22848368
22848404
2284840c
22848419
2284841d
22848428
22848468
2284850c
22848519
2284851d
22848528
22848568
22848604
2284860c
22848619
2284861d
22848628
22848644
22848668
22848704
22848719
2284871d
22848728
22848744
22848768
22848819
2284881d
22848828
22848868
22848919
2284891d
22848928
22848965
22848968
22848a19
22848a1d
22848a28
22848a68
22848b19
22848b1d
22848b28
22848b68
22848c04
22848c19
22848c1d
22848c44
22848c65
22848d04
22848d19
22848d1d
22848d44
22848e19
22848e1d
22848e44
22848f04
22848f19
22848f1d
22848f44
22849019
2284901d
22849119
2284911d
22849219
2284921d
22849319
2284931d
22849404
22849419
2284941d
22849504
22849519
2284951d
22849619
2284961d
22849644
22849704
22849719
2284971d
22849744
22849819
2284981d
22849919
2284991d
22849c44
22849d44
22849e44
22849f44
2284a064
2284a09b
2284a0a4
2284a0f8
2284a105
2284a164
2284a1a4
2284a264
2284a2a4
2284a364
2284a405
2284a464
2284a505
2284a564
2284a664
2284a705
2284a764
2284c005
2284c008
2284c00c
2284c019
2284c01d
2284c028
2284c048
2284c068
2284c084
2284c085
2284c088
2284c0ce
2284c10c
2284c128
2284c168
2284c184
2284c20c
2284c228
2284c268
2284c284
2284c30c
2284c319
2284c31d
2284c328
2284c368
2284c404
2284c40c
2284c419
2284c41d
2284c428
2284c468
2284c50c
2284c519
2284c51d
2284c528
2284c568
2284c604
2284c60c
2284c619
2284c61d
2284c704
2284c719
2284c71d
2284c819
2284c81d
2284c919
2284c91d
2284c965
2284ca19
2284ca1d
2284cb19
2284cb1d
2284cc04
2284cc19
2284cc1d
2284cc65
2284cd04
2284cd19
2284cd1d
2284ce19
2284ce1d
2284cf04
2284cf19
2284cf1d
2284d019
2284d01d
2284d119
2284d11d
2284d219
2284d21d
2284d319
2284d31d
2284d419
2284d41d
2284d519
2284d51d
2284d619
2284d61d
2284d719
2284d71d
2284d819
2284d81d
2284d919
2284d91d
2284e105
2284e405
2284e505
2284e605
22880008
2288000c
2288001b
2288001d
2288001f
22880024
22880038
22880048
22880065
22880078
22880084
22880088
228800a5
228800b8
228800c5
22880165
22880184
228801a5
228801c5
22880284
228802a5
228802c5
2288031e
22880465
22880565
22880644
22880665
22880744
22880765
22880c44
22880d44
22880e44
22880f44
22881004
228810c1
22881104
22881304
22881404
22881504
22881644
22881704
22881744
22881804
22881904
2288191e
22881b04
22881c44
22881d44
22881e44
22881f44
2288200e
2288201e
2288201f
22882025
22882045
22882088
2288209b
2288210e
2288211e
2288212e
22882145
2288214e
22882205
2288221e
22882245
22882305
2288231e
2288241e
2288251e
2288261e
22882705
2288271e
22882805
2288281e
22882825
22882905
2288291e
22882925
22882a05
22882a1e
22882a25
22882b05
22882b1e
22882b25
22882c05
22882c1e
22882c25
22882d05
22882d1e
22882d25
22882e05
22882e1e
22882f1e
2288301e
2288311e
2288321e
2288331e
2288341e
2288351e
2288361e
2288371e
22884008
2288400c
2288401d
22884028
22884038
2288403a
22884045
22884048
22884078
2288407a
22884084
22884085
22884088
228840b8
228840ce
22884128
22884145
22884185
228841ce
22884228
22884245
228842ce
22884328
22884345
22884365
228843ce
22884404
22884428
22884445
228844ce
22884528
22884545
228845ce
22884604
22884628
22884644
22884645
22884704
22884728
22884744
22884745
22884828
22884845
22884928
22884945
22884965
22884a28
22884a45
22884b28
22884b45
22884c04
22884c44
22884c45
22884c65
22884d04
22884d44
22884d45
22884e44
22884e45
22884f04
22884f44
22884f45
22885045
228850c1
22885145
22885245
22885345
22885404
22885445
22885504
22885545
22885644
22885645
22885704
22885744
22885745
22885b65
22885c44
22885d44
22885e44
22885f44
22886025
22886065
22886088
2288609b
228860ce
2288614e
22886165
22886188
228861ce
22886265
22886288
228862ce
22886388
228863ce
22886405
22886488
228864ce
22886588
228865ce
22886688
228866ce
22886705
22886788
228867ce
22886825
22886888
228868ce
22886925
22886988
228869ce
22886a25
22886a88
22886ace
22886b25
22886b88
22886bce
22886c05
22886c25
22886c88
22886cce
22886d25
22886d88
22886dce
22886e88
22886ece
22886f88
22886fce
22887088
228870ce
22887188
228871ce
22887288
228872ce
22887388
228873ce
22887488
228874ce
22887588
228875ce
22887688
228876ce
22887788
228877ce
2288790e
2288792e
2288794e
22888008
2288800c
22888038
22888048
22888078
22888084
22888088
22888091
228880a5
228880b8
228880d1
2288810c
22888184
228881a5
2288820c
22888284
228882a5
2288830c
22888365
22888404
2288840c
2288850c
22888604
2288860c
22888644
22888704
22888744
22888965
22888c04
22888c44
22888c65
22888d04
22888d44
22888e44
22888f04
22888f44
22889404
22889504
22889644
22889704
22889744
22889c44
22889d44
22889e44
22889f44
2288a09b
2288a0a4
2288a105
2288a10e
2288a14e
2288a1a4
2288a2a4
2288a405
2288a505
2288a705
2288a825
2288a925
2288aa25
2288ab25
2288ac25
2288ad25
2288c008
2288c00c
2288c028
2288c048
2288c068
2288c084
2288c085
2288c088
2288c10c
2288c128
2288c168
2288c184
2288c20c
2288c228
2288c268
2288c284
2288c30c
2288c328
2288c368
2288c404
2288c40c
2288c428
2288c468
2288c50c
2288c528
2288c568
2288c604
2288c60c
2288c704
2288c965
2288cc04
2288cc65
2288cd04
2288cf04
2288e105
2288e14e
2288e405
2288e505
2288e605
2288e825
2288e925
2288ea25
2288eb25
2288ec25
2288ed25
2288f90e
2288f94e
228c0008
228c001b
228c001f
228c0024
228c0038
228c003c
228c0048
228c0065
228c0078
228c0084
228c0088
228c00a5
228c00c5
228c0165
228c0184
228c01a5
228c01c5
228c0284
228c02a5
228c02c5
228c031e
228c0465
228c0565
228c0644
228c0665
228c0744
228c0765
228c080f
228c082f
228c084f
228c086f
228c090f
228c092f
228c094f
228c096f
228c0a0f
228c0a2f
228c0a4f
228c0a6f
228c0b0f
228c0b2f
228c0b4f
228c0b6f
228c0c0f
228c0c2f
228c0c44
228c0c4f
228c0c6f
228c0d0f
228c0d2f
228c0d44
228c0d4f
228c0d6f
228c0e0f
228c0e2f
228c0e44
228c0e4f
228c0e6f
228c0f0f
228c0f2f
228c0f44
228c0f4f
228c0f6f
228c1004
228c100f
228c102f
228c104f
228c106f
228c10c1
228c1104
228c110f
228c112f
228c114f
228c116f
228c120f
228c122f
228c124f
228c126f
228c1304
228c130f
228c132f
228c134f
228c136f
228c1404
228c140f
228c142f
228c144f
228c146f
228c1504
228c150f
228c152f
228c154f
228c156f
228c160f
228c162f
228c1644
228c164f
228c166f
228c1704
228c170f
228c172f
228c1744
228c174f
228c176f
228c1804
228c180f
228c182f
228c184f
228c186f
228c1904
228c190f
228c191e
228c192f
228c194f
228c196f
228c1a0f
228c1a2f
228c1a4f
228c1a6f
228c1b04
228c1b0f
228c1b2f
228c1b4f
228c1b6f
228c1c0f
228c1c2f
228c1c44
228c1c4f
228c1c6f
228c1d0f
228c1d2f
228c1d44
228c1d4f
228c1d6f
228c1e0f
228c1e2f
228c1e44
228c1e4f
228c1e6f
228c1f0f
228c1f2f
228c1f44
228c1f4f
228c1f6f
228c2004
228c200e
228c201e
228c201f
228c2025
228c202e
228c2045
228c2088
228c209b
228c20f8
228c2104
228c210e
228c212e
228c2145
228c2204
228c2205
228c220e
228c222e
228c2245
228c2304
228c2305
228c230e
228c232e
228c2404
228c240e
228c242e
228c2504
228c250e
228c252e
228c2604
228c260e
228c262e
228c2704
228c2705
228c270e
228c272e
228c2805
228c280e
228c2825
228c282e
228c2905
228c290e
228c2925
228c292e
228c2a05
228c2a0e
228c2a25
228c2a2e
228c2b05
228c2b0e
228c2b25
228c2b2e
228c2c05
228c2c0e
228c2c2e
228c2d05
228c2d0e
228c2d2e
228c2e05
228c2e0e
228c2e2e
228c2f0e
228c2f2e
228c300e
228c302e
228c310e
228c312e
228c320e
228c322e
228c330e
228c332e
228c340e
228c342e
228c350e
228c360e
228c370e
228c4008
228c402e
228c4038
228c4045
228c4048
228c4078
228c4084
228c4085
228c4088
228c40ce
228c412e
228c4145
228c4185
228c41ce
228c422e
228c4245
228c42ce
228c432e
228c4345
228c4365
228c43ce
228c4404
228c442e
228c4445
228c44ce
228c452e
228c4545
228c45ce
228c4604
228c462e
228c4644
228c4645
228c4704
228c472e
228c4744
228c4745
228c482e
228c4845
228c492e
228c4945
228c4965
228c4a2e
228c4a45
228c4b2e
228c4b45
228c4c04
228c4c2e
228c4c44
228c4c45
228c4c65
228c4d04
228c4d2e
228c4d44
228c4d45
228c4e2e
228c4e44
228c4e45
228c4f04
228c4f2e
228c4f44
228c4f45
228c502e
228c5045
228c50c1
228c512e
228c5145
228c522e
228c5245
228c532e
228c5345
228c5404
228c542e
228c5445
228c5504
228c552e
228c5545
228c562e
228c5644
228c5645
228c5704
228c572e
228c5744
228c5745
228c5b65
228c5c44
228c5d44
228c5e44
228c5f44
228c6025
228c6065
228c6088
228c609b
228c6165
228c6265
228c6405
228c6705
228c6825
228c6925
228c6a25
228c6b25
228c6c05
228c8008
228c8038
228c8048
228c8078
228c8084
228c8088
228c8091
228c80a5
228c80d1
228c8184
228c81a5
228c8284
228c82a5
228c8365
228c8404
228c8604
228c8644
228c8704
228c8744
228c8965
228c8c04
228c8c44
228c8c65
228c8d04
228c8d44
228c8e44
228c8f04
228c8f44
228c9404
228c9504
228c9644
228c9704
228c9744
228c9c44
228c9d44
228c9e44
228c9f44
228ca09b
228ca0a4
228ca0f8
228ca105
228ca1a4
228ca2a4
228ca405
228ca505
228ca705
228ca825
228ca925
228caa25
228cab25
228cc008
228cc048
228cc084
228cc085
228cc088
228cc184
228cc284
228cc404
228cc604
228cc704
228cc965
228ccc04
228ccc65
228ccd04
228ccf04
228ce105
228ce405
228ce505
228ce605
228ce825
228ce925
228cea25
228ceb25
22900008
2290000f
22900019
2290001b
2290001f
22900024
22900038
2290003c
22900045
22900048
22900059
22900065
22900078
22900084
22900088
229000a5
229000c5
2290010f
22900145
22900165
22900184
229001a5
229001c5
2290020f
22900245
22900284
229002a5
229002c5
2290030f
2290031e
22900345
2290040f
22900445
22900465
2290050f
22900545
22900565
2290060f
22900644
22900645
22900665
2290070f
22900744
22900745
22900765
2290080f
22900845
2290090f
22900945
22900a0f
22900a45
22900b0f
22900b45
22900c44
22900c45
22900cd5
22900d44
22900d45
22900e44
22900e45
22900f44
22900f45
22901004
22901045
229010c1
22901104
22901145
22901245
22901304
22901345
22901404
22901445
22901504
22901545
22901644
22901645
22901704
22901744
22901745
22901804
22901904
2290191e
22901b04
22901c44
22901d44
22901e44
22901f44
22902019
2290201f
22902025
22902038
22902045
22902059
22902078
22902088
2290209b
22902119
22902138
22902145
22902159
22902178
22902205
22902219
22902238
22902245
22902259
22902278
22902305
22902319
22902338
22902359
22902378
22902419
22902438
22902459
22902478
22902519
22902538
22902559
22902578
22902619
22902638
22902659
22902678
22902705
22902719
22902738
22902759
22902778
22902805
22902819
22902838
22902859
22902878
22902905
22902919
22902938
22902959
22902978
22902a05
22902a19
22902a38
22902a59
22902a78
22902b05
22902b19
22902b38
22902b59
22902b78
22902c05
22902c19
22902c38
22902c59
22902c78
22902d05
22902d19
22902d38
22902d59
22902d78
22902e05
22902e19
22902e38
22902e59
22902e78
22902f19
22902f38
22902f59
22902f78
22903019
22903038
22903059
22903078
22903119
22903138
22903159
22903178
22903219
22903238
22903259
22903278
22903319
22903338
22903359
22903378
22903419
22903438
22903459
22903478
22903519
22903538
22903559
22903578
22903619
22903638
22903659
22903678
22903719
22903738
22903759
22903778
22903f19
22903f59
22903ff8
22904008
22904019
22904038
2290403a
2290403c
22904048
22904059
22904078
2290407a
22904084
22904085
22904088
229040ce
22904185
229041ce
229042ce
22904365
229043ce
22904404
229044ce
229045ce
22904604
22904644
22904704
22904744
22904965
22904c04
22904c44
22904c65
22904cd5
22904d04
22904d44
22904e44
22904f04
22904f44
22905404
22905504
22905644
22905704
22905744
22905b65
22905c44
22905d44
22905e44
22905f44
2290600e
22906019
22906025
22906038
2290604e
22906059
22906065
22906078
22906088
2290609b
229060d9
2290610e
22906119
22906138
2290614e
22906159
22906165
22906178
2290620e
22906219
22906238
2290624e
22906259
22906265
22906278
2290630e
22906319
22906338
2290634e
22906359
22906378
22906405
2290640e
22906419
22906438
2290644e
22906459
22906478
2290650e
22906519
22906538
2290654e
22906559
22906578
2290660e
22906619
22906638
2290664e
22906659
22906678
22906705
2290670e
22906719
22906738
2290674e
22906759
22906778
2290680e
22906819
22906838
2290684e
22906859
22906878
2290690e
22906919
22906938
2290694e
22906959
22906978
22906a0e
22906a19
22906a38
22906a4e
22906a59
22906a78
22906b0e
22906b19
22906b38
22906b4e
22906b59
22906b78
22906c05
22906c0e
22906c19
22906c38
22906c4e
22906c59
22906c78
22906d0e
22906d19
22906d38
22906d4e
22906d59
22906d78
22906e0e
22906e19
22906e38
22906e4e
22906e59
22906e78
22906f0e
22906f19
22906f38
22906f4e
22906f59
22906f78
2290700e
22907019
22907038
2290704e
22907059
22907078
2290710e
22907119
22907138
2290714e
22907159
22907178
2290720e
22907219
22907238
2290724e
22907259
22907278
2290730e
22907319
22907338
2290734e
22907359
22907378
2290740e
22907419
22907438
2290744e
22907459
22907478
2290750e
22907519
22907538
2290754e
22907559
22907578
2290760e
22907619
22907638
2290764e
22907659
22907678
2290770e
22907719
22907738
2290774e
22907759
22907778
22907f19
22907f59
22908008
22908019
2290801a
22908038
22908048
22908059
2290805a
22908078
22908084
22908088
22908091
22908099
229080a5
229080b8
229080d1
229080f8
2290815a
22908184
229081a5
229081da
22908284
229082a5
22908365
22908404
22908604
22908644
22908704
22908744
22908965
22908c04
22908c44
22908c65
22908d04
22908d44
22908e44
22908f04
22908f44
22909404
22909504
22909644
22909704
22909744
22909c44
22909d44
22909e44
22909f44
2290a019
2290a038
2290a059
2290a078
2290a09b
2290a0a4
2290a105
2290a119
2290a138
2290a159
2290a178
2290a1a4
2290a219
2290a238
2290a259
2290a278
2290a2a4
2290a319
2290a338
2290a359
2290a378
2290a405
2290a419
2290a438
2290a459
2290a478
2290a505
2290a519
2290a538
2290a559
2290a578
2290a619
2290a638
2290a659
2290a678
2290a705
2290a719
2290a738
2290a759
2290a778
2290a819
2290a838
2290a859
2290a878
2290a919
2290a938
2290a959
2290a978
2290aa19
2290aa38
2290aa59
2290aa78
2290ab19
2290ab38
2290ab59
2290ab78
2290ac19
2290ac38
2290ac59
2290ac78
2290ad19
2290ad38
2290ad59
2290ad78
2290ae19
2290ae38
2290ae59
2290ae78
2290af19
2290af38
2290af59
2290af78
2290b019
2290b038
2290b059
2290b078
2290b119
2290b138
2290b159
2290b178
2290b219
2290b238
2290b259
2290b278
2290b319
2290b338
2290b359
2290b378
2290b419
2290b438
2290b459
2290b478
2290b519
2290b538
2290b559
2290b578
2290b619
2290b638
2290b659
2290b678
2290b719
2290b738
2290b759
2290b778
2290bf19
2290bf59
2290c008
2290c048
2290c084
2290c085
2290c088
2290c184
2290c284
2290c404
2290c604
2290c704
2290c965
2290cac0
2290cc04
2290cc65
2290cd04
2290cf04
2290e019
2290e038
2290e059
2290e078
2290e105
2290e119
2290e138
2290e159
2290e178
2290e219
2290e238
2290e259
2290e278
2290e319
2290e338
2290e359
2290e378
2290e405
2290e419
2290e438
2290e459
2290e478
2290e505
2290e519
2290e538
2290e559
2290e578
2290e605
2290e619
2290e638
2290e659
2290e678
2290e719
2290e738
2290e759
2290e778
2290e819
2290e838
2290e859
2290e878
2290e919
2290e938
2290e959
2290e978
2290ea19
2290ea38
2290ea59
2290ea78
2290eb19
2290eb38
2290eb59
2290eb78
2290ec19
2290ec38
2290ec59
2290ec78
2290ed19
2290ed38
2290ed59
2290ed78
2290ee19
2290ee38
2290ee59
2290ee78
2290ef19
2290ef38
2290ef59
2290ef78
2290f019
2290f038
2290f059
2290f078
2290f119
2290f138
2290f159
2290f178
2290f219
2290f238
2290f259
2290f278
2290f319
2290f338
2290f359
2290f378
2290f419
2290f438
2290f459
2290f478
2290f519
2290f538
2290f559
2290f578
2290f619
2290f638
2290f659
2290f678
2290f719
2290f738
2290f759
2290f778
2290ff19
2290ff59
22940008
22940019
2294001b
2294001d
2294001f
22940024
22940038
2294003c
22940045
22940048
22940065
22940078
22940084
22940088
229400a5
229400c5
22940145
22940165
22940184
229401a5
229401c5
22940245
22940284
229402a5
229402c5
22940319
2294031d
2294031e
22940345
22940419
2294041d
22940445
22940465
22940519
2294051d
22940545
22940565
22940619
2294061d
22940644
22940645
22940665
22940719
2294071d
22940744
22940745
22940765
2294080f
22940819
2294081d
2294082f
22940845
2294084f
2294086f
2294090f
22940919
2294091d
2294092f
22940945
2294094f
2294096f
22940a0f
22940a19
22940a1d
22940a2f
22940a45
22940a4f
22940a6f
22940b0f
22940b19
22940b1d
22940b2f
22940b45
22940b4f
22940b6f
22940c0f
22940c19
22940c1d
22940c2f
22940c44
22940c45
22940c4f
22940c6f
22940cd5
22940d0f
22940d19
22940d1d
22940d2f
22940d44
22940d45
22940d4f
22940d6f
22940e0f
22940e19
22940e1d
22940e2f
22940e44
22940e45
22940e4f
22940e6f
22940f0f
22940f19
22940f1d
22940f2f
22940f44
22940f45
22940f4f
22940f6f
22941004
2294100f
22941019
2294101d
2294102f
22941045
2294104f
2294106f
229410c1
22941104
2294110f
22941119
2294111d
2294112f
22941145
2294114f
2294116f
2294120f
22941219
2294121d
2294122f
22941245
2294124f
2294126f
22941304
2294130f
22941319
2294131d
2294132f
22941345
2294134f
2294136f
22941404
2294140f
22941419
2294141d
2294142f
22941445
2294144f
2294146f
22941504
2294150f
22941519
2294151d
2294152f
22941545
2294154f
2294156f
2294160f
22941619
2294161d
2294162f
22941644
22941645
2294164f
2294166f
22941704
2294170f
22941719
2294171d
2294172f
22941744
22941745
2294174f
2294176f
22941804
2294180f
22941819
2294181d
2294182f
2294184f
2294186f
22941904
2294190f
22941919
2294191d
2294191e
2294192f
2294194f
2294196f
22941a0f
22941a2f
22941a4f
22941a6f
22941b04
22941b0f
22941b2f
22941b4f
22941b6f
22941c0f
22941c2f
22941c44
22941c4f
22941c6f
22941d0f
22941d2f
22941d44
22941d4f
22941d6f
22941e0f
22941e2f
22941e44
22941e4f
22941e6f
22941f0f
22941f2f
22941f44
22941f4f
22941f6f
2294201e
2294201f
22942025
22942045
22942088
2294209b
229420f8
22942145
22942205
22942245
22942305
22942705
22942805
22942905
22942a05
22942b05
22942c05
22942d05
22942e05
22944008
22944019
2294401d
22944038
22944048
22944078
22944084
22944085
22944088
229440ce
22944185
229441ce
229442ce
22944319
2294431d
22944365
229443ce
22944404
22944419
2294441d
229444ce
22944519
2294451d
229445ce
22944604
22944619
2294461d
22944644
22944704
22944719
2294471d
22944744
22944819
2294481d
22944919
2294491d
22944965
22944a19
22944a1d
22944b19
22944b1d
22944c04
22944c19
22944c1d
22944c44
22944c65
22944cd5
22944d04
22944d19
22944d1d
22944d44
22944e19
22944e1d
22944e44
22944f04
22944f19
22944f1d
22944f44
22945019
2294501d
22945119
2294511d
22945219
2294521d
22945319
2294531d
22945404
22945419
2294541d
22945504
22945519
2294551d
22945619
2294561d
22945644
22945704
22945719
2294571d
22945744
22945819
2294581d
22945919
2294591d
22945b65
22945c44
22945d44
22945e44
22945f44
22946025
22946065
22946088
2294609b
22946165
22946265
22946405
22946705
22946c05
22948008
2294800e
22948019
2294801a
2294801d
2294802e
22948038
22948048
2294805a
22948078
22948084
22948088
22948091
229480a5
229480d1
2294810e
2294811a
2294812e
2294815a
22948184
2294819a
229481a5
229481da
2294820e
2294822e
22948284
229482a5
2294830e
22948319
2294831d
2294832e
22948365
22948404
2294840e
22948419
2294841d
2294842e
2294850e
22948519
2294851d
2294852e
22948604
2294860e
22948619
2294861d
2294862e
22948644
22948704
2294870e
22948719
2294871d
2294872e
22948744
2294880e
22948819
2294881d
2294882e
2294890e
22948919
2294891d
2294892e
22948965
22948a0e
22948a19
22948a1d
22948a2e
22948b0e
22948b19
22948b1d
22948b2e
22948c04
22948c0e
22948c19
22948c1d
22948c2e
22948c44
22948c65
22948d04
22948d0e
22948d19
22948d1d
22948d2e
22948d44
22948e0e
22948e19
22948e1d
22948e2e
22948e44
22948f04
22948f0e
22948f19
22948f1d
22948f2e
22948f44
2294900e
22949019
2294901d
2294902e
2294910e
22949119
2294911d
2294912e
2294920e
22949219
2294921d
2294922e
2294930e
22949319
2294931d
2294932e
22949404
2294940e
22949419
2294941d
2294942e
22949504
2294950e
22949519
2294951d
2294952e
2294960e
22949619
2294961d
2294962e
22949644
22949704
2294970e
22949719
2294971d
2294972e
22949744
22949819
2294981d
22949919
2294991d
22949e44
22949f44
2294a09b
2294a0a4
2294a0f8
2294a105
2294a1a4
2294a2a4
2294a405
2294a505
2294a705
2294c005
2294c008
2294c019
2294c01d
2294c048
2294c084
2294c085
2294c088
2294c184
2294c284
2294c319
2294c31d
2294c404
2294c419
2294c41d
2294c519
2294c51d
2294c604
2294c619
2294c61d
2294c704
2294c719
2294c71d
2294c819
2294c81d
2294c919
2294c91d
2294c965
2294ca19
2294ca1d
2294cb19
2294cb1d
2294cc04
2294cc19
2294cc1d
2294cc65
2294cd04
2294cd19
2294cd1d
2294ce19
2294ce1d
2294cf04
2294cf19
2294cf1d
2294d019
2294d01d
2294d119
2294d11d
2294d219
2294d21d
2294d319
2294d31d
2294d419
2294d41d
2294d519
2294d51d
2294d619
2294d61d
2294d719
2294d71d
2294d819
2294d81d
2294d919
2294d91d
2294e105
2294e405
2294e505
2294e605
22980008
2298000f
2298001b
2298001d
2298001f
22980024
22980038
22980045
22980048
22980065
22980078
22980084
22980088
229800a5
229800b8
229800c5
2298010f
22980145
22980165
22980184
229801a5
229801c5
2298020f
22980245
22980284
229802a5
229802c5
2298030f
2298031e
22980345
2298040f
22980445
22980465
2298050f
22980545
22980565
2298060f
22980644
22980645
22980665
2298070f
22980744
22980745
22980765
2298080f
22980845
2298090f
22980945
22980a0f
22980a45
22980b0f
22980b45
22980c44
22980c45
22980d44
22980d45
22980e44
22980e45
22980f44
22980f45
22981004
22981045
229810c1
22981104
22981145
22981245
22981304
22981345
22981404
22981445
22981504
22981545
22981644
22981645
22981704
22981744
22981745
22981804
22981904
2298191e
22981b04
22981c44
22981d44
22981e44
22981f44
2298200e
2298201f
22982025
2298202e
22982045
2298206e
22982088
2298209b
2298210e
2298212e
22982145
2298214e
22982205
22982245
22982305
22982705
22982805
22982905
22982a05
22982b05
22982c05
22982d05
22982e05
22984008
2298401d
22984038
2298403a
22984048
22984078
2298407a
22984084
22984085
22984088
229840b8
229840ce
22984185
229841ce
229842ce
22984365
229843ce
22984404
229844ce
229845ce
22984604
22984644
22984704
22984744
22984965
22984c04
22984c44
22984c65
22984d04
22984d44
22984e44
22984f04
22984f44
22985404
22985504
22985644
22985704
22985744
22985b65
22985c44
22985d44
22985e44
22985f44
2298600e
22986025
2298602e
22986065
2298606e
22986088
2298609b
2298614e
22986165
22986265
22986405
22986705
22986c05
2298790e
2298792e
2298794e
22988008
22988038
22988045
22988048
22988078
22988084
22988088
22988091
229880a5
229880b8
229880d1
22988145
22988184
229881a5
22988245
22988284
229882a5
22988345
22988365
22988404
22988445
22988545
22988604
22988644
22988645
22988704
22988744
22988745
22988845
22988945
22988965
22988a45
22988b45
22988c04
22988c44
22988c45
22988c65
22988d04
22988d44
22988d45
22988e44
22988e45
22988f04
22988f44
22988f45
22989045
22989145
22989245
22989345
22989404
22989445
22989504
22989545
22989644
22989645
22989704
22989744
22989745
22989e44
22989f44
2298a00e
2298a02e
2298a06e
2298a09b
2298a0a4
2298a105
2298a10e
2298a12e
2298a14e
2298a1a4
2298a2a4
2298a405
2298a505
2298a705
2298c005
2298c008
2298c045
2298c048
2298c084
2298c085
2298c088
2298c145
2298c184
2298c245
2298c284
2298c345
2298c404
2298c445
2298c545
2298c604
2298c645
2298c704
2298c745
2298c845
2298c945
2298c965
2298ca45
2298cb45
2298cc04
2298cc45
2298cc65
2298cd04
2298cd45
2298ce45
2298cf04
2298cf45
2298d045
2298d145
2298d245
2298d345
2298d445
2298d545
2298d645
2298d745
2298e06e
2298e07e
2298e105
2298e14e
2298e405
2298e505
2298e605
2298f90e
2298f92e
2298f94e
229c0008
229c001b
229c001f
229c0024
229c0038
229c003c
229c0048
229c0065
229c0078
229c0084
229c0088
229c00a5
229c00c5
229c0165
229c0184
229c01a5
229c01c5
229c0284
229c02a5
229c02c5
229c031e
229c0465
229c0565
229c0644
229c0665
229c0744
229c0765
229c080f
229c082f
229c084f
229c086f
229c090f
229c092f
229c094f
229c096f
229c0a0f
229c0a2f
229c0a4f
229c0a6f
229c0b0f
229c0b2f
229c0b4f
229c0b6f
229c0c0f
229c0c2f
229c0c44
229c0c4f
229c0c6f
229c0d0f
229c0d2f
229c0d44
229c0d4f
229c0d6f
229c0e0f
229c0e2f
229c0e44
229c0e4f
229c0e6f
229c0f0f
229c0f2f
229c0f44
229c0f4f
229c0f6f
229c1004
229c100f
229c102f
229c104f
229c106f
229c10c1
229c1104
229c110f
229c112f
229c114f
229c116f
229c120f
229c122f
229c124f
229c126f
229c1304
229c130f
229c132f
229c134f
229c136f
229c1404
229c140f
229c142f
229c144f
229c146f
229c1504
229c150f
229c152f
229c154f
229c156f
229c160f
229c162f
229c1644
229c164f
229c166f
229c1704
229c170f
229c172f
229c1744
229c174f
229c176f
229c1804
229c180f
229c182f
229c184f
229c186f
229c1904
229c190f
229c191e
229c192f
229c194f
229c196f
229c1a0f
229c1a2f
229c1a4f
229c1a6f
229c1b04
229c1b0f
229c1b2f
229c1b4f
229c1b6f
229c1c0f
229c1c2f
229c1c44
229c1c4f
229c1c6f
229c1d0f
229c1d2f
229c1d44
229c1d4f
229c1d6f
229c1e0f
229c1e2f
229c1e44
229c1e4f
229c1e6f
229c1f0f
229c1f2f
229c1f44
229c1f4f
229c1f6f
229c201e
229c201f
229c2025
229c2045
229c2088
229c209b
229c20f8
229c2145
229c2205
229c2245
229c2305
229c2705
229c2805
229c2905
229c2a05
229c2b05
229c2c05
229c2d05
229c2e05
229c4008
229c4038
229c4048
229c4078
229c4084
229c4085
229c4088
229c40ce
229c4185
229c41ce
229c42ce
229c4365
229c43ce
229c4404
229c44ce
229c45ce
229c4604
229c4644
229c4704
229c4744
229c4965
229c4c04
229c4c44
229c4c65
229c4d04
229c4d44
229c4e44
229c4f04
229c4f44
229c5404
229c5504
229c5644
229c5704
229c5744
229c5b65
229c5c44
229c5d44
229c5e44
229c5f44
229c6025
229c6065
229c6088
229c609b
229c6165
229c6265
229c6405
229c6705
229c6c05
229c8008
229c800e
229c8038
229c8048
229c8078
229c8084
229c8088
229c8091
229c80a5
229c80d1
229c810e
229c8184
229c81a5
229c820e
229c8284
229c82a5
229c830e
229c8365
229c8404
229c840e
229c850e
229c8604
229c860e
229c8644
229c8704
229c870e
229c8744
229c880e
229c890e
229c8965
229c8a0e
229c8b0e
229c8c04
229c8c0e
229c8c44
229c8c65
229c8d04
229c8d0e
229c8d44
229c8e0e
229c8e44
229c8f04
229c8f0e
229c8f44
229c900e
229c910e
229c920e
229c930e
229c9404
229c940e
229c9504
229c950e
229c960e
229c9644
229c9704
229c970e
229c9744
229c9e44
229c9f44
229ca09b
229ca0a4
229ca0f8
229ca105
229ca1a4
229ca2a4
229ca405
229ca505
229ca705
229cc005
229cc008
229cc048
229cc084
229cc085
229cc088
229cc184
229cc284
229cc404
229cc604
229cc704
229cc965
229ccc04
229ccc65
229ccd04
229ccf04
229ce105
229ce405
229ce505
229ce605
22a00008
22a0000c
22a00019
22a0001b
22a0001f
22a00024
22a00038
22a0003c
22a00048
22a00059
22a00078
22a00084
22a00085
22a00088
22a000c4
22a00184
22a00185
22a001c4
22a00284
22a00285
22a002c4
22a0031e
22a00844
22a00845
22a00944
22a00945
22a00a45
22a00a64
22a00a65
22a00b45
22a00c45
22a00d45
22a00e45
22a00f45
22a01045
22a010a4
22a010a5
22a010c1
22a01145
22a011a4
22a011a5
22a01245
22a012a4
22a012a5
22a01345
22a01445
22a01545
22a01604
22a01645
22a01704
22a01745
22a01804
22a01845
22a01904
22a0191e
22a01945
22a01a04
22a01a45
22a01a65
22a01b04
22a01b45
22a01c45
22a01c65
22a01d45
22a01e04
22a01e45
22a01e65
22a01f45
22a02004
22a02005
22a0200e
22a02019
22a0201f
22a02025
22a0202e
22a02038
22a02045
22a0204e
22a02059
22a0206e
22a02078
22a02088
22a0209b
22a020f8
22a02104
22a02105
22a0210e
22a02119
22a0212e
22a02138
22a02145
22a0214e
22a02159
22a0216e
22a02178
22a021f8
22a02204
22a0220e
22a02219
22a0222e
22a02238
22a02245
22a0224e
22a02259
22a0226e
22a02278
22a022f8
22a02304
22a0230e
22a02319
22a0232e
22a02338
22a02345
22a0234e
22a02359
22a0236e
22a02378
22a023f8
22a02404
22a0240e
22a02419
22a0242e
22a02438
22a02445
22a0244e
22a02459
22a0246e
22a02478
22a024f8
22a02504
22a0250e
22a02519
22a0252e
22a02538
22a02545
22a0254e
22a02559
22a0256e
22a02578
22a025f8
22a0260e
22a02619
22a0262e
22a02638
22a02645
22a0264e
22a02659
22a0266e
22a02678
22a026f8
22a0270e
22a02719
22a0272e
22a02738
22a02745
22a0274e
22a02759
22a0276e
22a02778
22a027f8
22a0280e
22a02819
22a0282e
22a02838
22a02845
22a0284e
22a02859
22a0286e
22a02878
22a028f8
22a0290e
22a02919
22a0292e
22a02938
22a02945
22a0294e
22a02959
22a0296e
22a02978
22a029f8
22a02a0e
22a02a19
22a02a2e
22a02a38
22a02a45
22a02a4e
22a02a59
22a02a6e
22a02a78
22a02af8
22a02b0e
22a02b19
22a02b2e
22a02b38
22a02b45
22a02b4e
22a02b59
22a02b6e
22a02b78
22a02bf8
22a02c0e
22a02c19
22a02c2e
22a02c38
22a02c45
22a02c4e
22a02c59
22a02c6e
22a02c78
22a02cf8
22a02d0e
22a02d19
22a02d2e
22a02d38
22a02d45
22a02d4e
22a02d59
22a02d6e
22a02d78
22a02df8
22a02e0e
22a02e19
22a02e2e
22a02e38
22a02e45
22a02e4e
22a02e59
22a02e6e
22a02e78
22a02ef8
22a02f0e
22a02f19
22a02f2e
22a02f38
22a02f45
22a02f4e
22a02f59
22a02f6e
22a02f78
22a02ff8
22a03005
22a0300e
22a03019
22a0302e
22a03038
22a03045
22a0304e
22a03059
22a0306e
22a03078
22a030f8
22a03105
22a0310e
22a03119
22a0312e
22a03138
22a03145
22a0314e
22a03159
22a0316e
22a03178
22a031f8
22a0320e
22a03219
22a0322e
22a03238
22a03245
22a0324e
22a03259
22a0326e
22a03278
22a032f8
22a0330e
22a03319
22a0332e
22a03338
22a03345
22a0334e
22a03359
22a0336e
22a03378
22a033f8
22a0340e
22a03419
22a0342e
22a03438
22a03445
22a0344e
22a03459
22a0346e
22a03478
22a034f8
22a0350e
22a03519
22a0352e
22a03538
22a03545
22a0354e
22a03559
22a0356e
22a03578
22a035f8
22a0360e
22a03619
22a0362e
22a03638
22a03645
22a0364e
22a03659
22a0366e
22a03678
22a036f8
22a0370e
22a03719
22a0372e
22a03738
22a03745
22a0374e
22a03759
22a0376e
22a03778
22a037f8
22a03f19
22a03f59
22a04008
22a0400c
22a04019
22a04038
22a0403a
22a0403c
22a04048
22a04059
22a04065
22a04078
22a0407a
22a04084
22a04085
22a04088
22a040ce
22a04165
22a041ce
22a04265
22a042ce
22a04365
22a043ce
22a04444
22a04465
22a044ce
22a04544
22a045ce
22a04665
22a04765
22a04844
22a04944
22a04c65
22a04d65
22a05004
22a05064
22a050a5
22a050c1
22a05104
22a051a5
22a052a5
22a05464
22a05564
22a05604
22a05664
22a05704
22a05764
22a05804
22a05904
22a05a04
22a05b04
22a05c04
22a05d04
22a05e04
22a06005
22a06019
22a06038
22a06059
22a06065
22a06078
22a06088
22a0609b
22a060d9
22a06105
22a06119
22a06138
22a06159
22a06165
22a06178
22a06219
22a06238
22a06259
22a06265
22a06278
22a06319
22a06338
22a06359
22a06378
22a06419
22a06438
22a06459
22a06478
22a06519
22a06538
22a06559
22a06578
22a06619
22a06638
22a06659
22a06678
22a06719
22a06738
22a06759
22a06778
22a06819
22a06838
22a06859
22a06878
22a06919
22a06938
22a06959
22a06978
22a06a19
22a06a38
22a06a59
22a06a78
22a06b19
22a06b38
22a06b59
22a06b78
22a06c19
22a06c38
22a06c59
22a06c78
22a06d19
22a06d38
22a06d59
22a06d78
22a06e19
22a06e38
22a06e59
22a06e78
22a06f19
22a06f38
22a06f59
22a06f78
22a07019
22a07038
22a07059
22a07078
22a07119
22a07138
22a07159
22a07178
22a07219
22a07238
22a07259
22a07278
22a07319
22a07338
22a07359
22a07378
22a07419
22a07438
22a07459
22a07478
22a07519
22a07538
22a07559
22a07578
22a07619
22a07638
22a07659
22a07678
22a07719
22a07738
22a07759
22a07778
22a07f19
22a07f59
22a08008
22a08019
22a0801a
22a08038
22a08044
22a08048
22a08059
22a0805a
22a08065
22a08078
22a08084
22a08088
22a08099
22a080a4
22a080b8
22a080f8
22a08144
22a0815a
22a08165
22a08184
22a08265
22a08284
22a08365
22a08444
22a08465
22a08544
22a08665
22a08765
22a08844
22a08864
22a08865
22a08944
22a08964
22a08965
22a08a64
22a08a65
22a08c65
22a08d65
22a09004
22a09064
22a090a4
22a090a5
22a09104
22a091a4
22a091a5
22a09204
22a092a4
22a092a5
22a09304
22a09464
22a09564
22a09604
22a09664
22a09704
22a09764
22a09804
22a09904
22a09a04
22a09b04
22a09c04
22a09d04
22a09e04
22a0a019
22a0a038
22a0a059
22a0a064
22a0a078
22a0a09b
22a0a119
22a0a138
22a0a159
22a0a164
22a0a178
22a0a219
22a0a238
22a0a259
22a0a264
22a0a278
22a0a319
22a0a338
22a0a359
22a0a364
22a0a378
22a0a419
22a0a438
22a0a459
22a0a464
22a0a478
22a0a519
22a0a538
22a0a559
22a0a564
22a0a578
22a0a619
22a0a638
22a0a659
22a0a664
22a0a678
22a0a719
22a0a738
22a0a759
22a0a764
22a0a778
22a0a819
22a0a838
22a0a859
22a0a878
22a0a919
22a0a938
22a0a959
22a0a978
22a0aa19
22a0aa38
22a0aa59
22a0aa78
22a0ab19
22a0ab38
22a0ab59
22a0ab78
22a0ac19
22a0ac38
22a0ac59
22a0ac78
22a0ad19
22a0ad38
22a0ad59
22a0ad78
22a0ae19
22a0ae38
22a0ae59
22a0ae78
22a0af19
22a0af38
22a0af59
22a0af78
22a0b019
22a0b038
22a0b059
22a0b078
22a0b0a4
22a0b119
22a0b138
22a0b159
22a0b178
22a0b1a4
22a0b219
22a0b238
22a0b259
22a0b278
22a0b2a4
22a0b319
22a0b338
22a0b359
22a0b378
22a0b419
22a0b438
22a0b459
22a0b478
22a0b519
22a0b538
22a0b559
22a0b578
22a0b619
22a0b638
22a0b659
22a0b678
22a0b719
22a0b738
22a0b759
22a0b778
22a0bf19
22a0bf59
22a0c005
22a0c008
22a0c048
22a0c084
22a0c085
22a0c088
22a0c444
22a0c465
22a0c544
22a0c665
22a0c765
22a0c865
22a0ca64
22a0cac0
22a0cb64
22a0cc65
22a0cd65
22a0d004
22a0d064
22a0d104
22a0d204
22a0d304
22a0d404
22a0d464
22a0d504
22a0d564
22a0d664
22a0d764
22a0dc04
22a0dd04
22a0e019
22a0e038
22a0e059
22a0e064
22a0e078
22a0e119
22a0e138
22a0e159
22a0e164
22a0e178
22a0e219
22a0e238
22a0e259
22a0e264
22a0e278
22a0e319
22a0e338
22a0e359
22a0e364
22a0e378
22a0e419
22a0e438
22a0e459
22a0e464
22a0e478
22a0e519
22a0e538
22a0e559
22a0e564
22a0e578
22a0e619
22a0e638
22a0e659
22a0e664
22a0e678
22a0e719
22a0e738
22a0e759
22a0e764
22a0e778
22a0e819
22a0e838
22a0e859
22a0e878
22a0e919
22a0e938
22a0e959
22a0e978
22a0ea19
22a0ea38
22a0ea59
22a0ea78
22a0eb19
22a0eb38
22a0eb59
22a0eb78
22a0ec19
22a0ec38
22a0ec59
22a0ec78
22a0ed19
22a0ed38
22a0ed59
22a0ed78
22a0ee19
22a0ee38
22a0ee59
22a0ee78
22a0ef19
22a0ef38
22a0ef59
22a0ef78
22a0f019
22a0f038
22a0f059
22a0f078
22a0f0a5
22a0f119
22a0f138
22a0f159
22a0f178
22a0f1a5
22a0f219
22a0f238
22a0f259
22a0f278
22a0f2a5
22a0f319
22a0f338
22a0f359
22a0f378
22a0f419
22a0f438
22a0f459
22a0f478
22a0f519
22a0f538
22a0f559
22a0f578
22a0f619
22a0f638
22a0f659
22a0f678
22a0f719
22a0f738
22a0f759
22a0f778
22a0ff19
22a0ff59
22a40008
22a4000c
22a4000f
22a40019
22a4001b
22a4001d
22a4001f
22a40024
22a4002f
22a40038
22a4003c
22a40048
22a40078
22a40084
22a40085
22a40088
22a400c4
22a4010f
22a4012f
22a40184
22a40185
22a401c4
22a4020f
22a4022f
22a40284
22a40285
22a402c4
22a40319
22a4031d
22a4031e
22a40419
22a4041d
22a40519
22a4051d
22a40619
22a4061d
22a40719
22a4071d
22a4080f
22a40819
22a4081d
22a4082f
22a40844
22a40845
22a4084f
22a4086f
22a4090f
22a40919
22a4091d
22a4092f
22a40944
22a40945
22a4094f
22a4096f
22a40a0f
22a40a19
22a40a1d
22a40a2f
22a40a45
22a40a4f
22a40a64
22a40a65
22a40a6f
22a40b0f
22a40b19
22a40b1d
22a40b2f
22a40b45
22a40b4f
22a40b6f
22a40c0f
22a40c19
22a40c1d
22a40c2f
22a40c45
22a40c4f
22a40c6f
22a40d0f
22a40d19
22a40d1d
22a40d2f
22a40d45
22a40d4f
22a40d6f
22a40e0f
22a40e19
22a40e1d
22a40e2f
22a40e45
22a40e4f
22a40e6f
22a40f0f
22a40f19
22a40f1d
22a40f2f
22a40f45
22a40f4f
22a40f6f
22a4100f
22a41019
22a4101d
22a4102f
22a41045
22a4104f
22a4106f
22a410a4
22a410a5
22a410c1
22a4110f
22a41119
22a4111d
22a4112f
22a41145
22a4114f
22a4116f
22a411a4
22a411a5
22a4120f
22a41219
22a4121d
22a4122f
22a41245
22a4124f
22a4126f
22a412a4
22a412a5
22a4130f
22a41319
22a4131d
22a4132f
22a41345
22a4134f
22a4136f
22a4140f
22a41419
22a4141d
22a4142f
22a41445
22a4144f
22a4146f
22a4150f
22a41519
22a4151d
22a4152f
22a41545
22a4154f
22a4156f
22a41604
22a4160f
22a41619
22a4161d
22a4162f
22a41645
22a4164f
22a4166f
22a41704
22a4170f
22a41719
22a4171d
22a4172f
22a41745
22a4174f
22a4176f
22a41804
22a4180f
22a41819
22a4181d
22a4182f
22a41845
22a4184f
22a4186f
22a41904
22a4190f
22a41919
22a4191d
22a4191e
22a4192f
22a41945
22a4194f
22a4196f
22a41a04
22a41a0f
22a41a2f
22a41a45
22a41a4f
22a41a65
22a41a6f
22a41b04
22a41b0f
22a41b2f
22a41b45
22a41b4f
22a41b6f
22a41c0f
22a41c2f
22a41c45
22a41c4f
22a41c65
22a41c6f
22a41d0f
22a41d2f
22a41d45
22a41d4f
22a41d6f
22a41e04
22a41e0f
22a41e2f
22a41e45
22a41e4f
22a41e65
22a41e6f
22a41f0f
22a41f2f
22a41f45
22a41f4f
22a41f6f
22a42004
22a42005
22a4200e
22a4200f
22a4201e
22a4201f
22a42025
22a4202e
22a4202f
22a4204f
22a4206f
22a42088
22a4209b
22a420f8
22a42104
22a42105
22a4210e
22a4210f
22a4212e
22a4212f
22a4214f
22a4216f
22a42204
22a4220e
22a4220f
22a4222e
22a4222f
22a4224f
22a4226f
22a42304
22a4230e
22a4232e
22a42404
22a4240e
22a4242e
22a42504
22a4250e
22a4252e
22a4260e
22a4262e
22a4270e
22a4272e
22a4280e
22a4282e
22a4290e
22a4292e
22a42a0e
22a42a2e
22a42b0e
22a42b2e
22a42c0e
22a42c2e
22a42d0e
22a42d2e
22a42e0e
22a42e2e
22a42f0e
22a42f2e
22a43005
22a4300e
22a4302e
22a43105
22a4310e
22a4312e
22a4320e
22a4322e
22a4330e
22a4332e
22a4340e
22a4342e
22a4350e
22a4352e
22a4360e
22a4362e
22a4370e
22a4372e
22a44008
22a4400c
22a44019
22a4401d
22a44038
22a44048
22a44065
22a44078
22a44084
22a44085
22a44088
22a440ce
22a44165
22a441ce
22a44265
22a442ce
22a44319
22a4431d
22a44365
22a443ce
22a44419
22a4441d
22a44444
22a44465
22a444ce
22a44519
22a4451d
22a44544
22a445ce
22a44619
22a4461d
22a44665
22a44719
22a4471d
22a44765
22a44819
22a4481d
22a44844
22a44919
22a4491d
22a44944
22a44a19
22a44a1d
22a44b19
22a44b1d
22a44c19
22a44c1d
22a44c65
22a44d19
22a44d1d
22a44d65
22a44e19
22a44e1d
22a44f19
22a44f1d
22a45004
22a45019
22a4501d
22a45064
22a450a5
22a450c1
22a45104
22a45119
22a4511d
22a451a5
22a45219
22a4521d
22a452a5
22a45319
22a4531d
22a45419
22a4541d
22a45464
22a45519
22a4551d
22a45564
22a45604
22a45619
22a4561d
22a45664
22a45704
22a45719
22a4571d
22a45764
22a45804
22a45819
22a4581d
22a45904
22a45919
22a4591d
22a45a04
22a45b04
22a45c04
22a45d04
22a45e04
22a46005
22a46065
22a46088
22a4609b
22a46105
22a46165
22a46265
22a48008
22a48019
22a4801a
22a4801d
22a48038
22a48044
22a48048
22a4805a
22a48065
22a48078
22a48084
22a48088
22a480a4
22a4811a
22a48144
22a4815a
22a48165
22a48184
22a48265
22a48284
22a48319
22a4831d
22a48365
22a48419
22a4841d
22a48444
22a48465
22a48519
22a4851d
22a48544
22a48619
22a4861d
22a48665
22a48719
22a4871d
22a48765
22a48819
22a4881d
22a48844
22a48864
22a48865
22a48919
22a4891d
22a48944
22a48964
22a48965
22a48a19
22a48a1d
22a48a64
22a48a65
22a48b19
22a48b1d
22a48c19
22a48c1d
22a48c65
22a48d19
22a48d1d
22a48d65
22a48e19
22a48e1d
22a48f19
22a48f1d
22a49004
22a49019
22a4901d
22a49064
22a490a4
22a490a5
22a49104
22a49119
22a4911d
22a491a4
22a491a5
22a49204
22a49219
22a4921d
22a492a4
22a492a5
22a49304
22a49319
22a4931d
22a49419
22a4941d
22a49464
22a49519
22a4951d
22a49564
22a49604
22a49619
22a4961d
22a49664
22a49704
22a49719
22a4971d
22a49764
22a49804
22a49819
22a4981d
22a49904
22a49919
22a4991d
22a49a04
22a49b04
22a49c04
22a49d04
22a49e04
22a4a064
22a4a09b
22a4a0f8
22a4a164
22a4a264
22a4a364
22a4a464
22a4a564
22a4a664
22a4a764
22a4b0a4
22a4b1a4
22a4b2a4
22a4c005
22a4c008
22a4c019
22a4c01d
22a4c048
22a4c084
22a4c085
22a4c088
22a4c319
22a4c31d
22a4c419
22a4c41d
22a4c444
22a4c465
22a4c519
22a4c51d
22a4c544
22a4c619
22a4c61d
22a4c665
22a4c719
22a4c71d
22a4c765
22a4c819
22a4c81d
22a4c865
22a4c919
22a4c91d
22a4ca19
22a4ca1d
22a4ca64
22a4cb19
22a4cb1d
22a4cb64
22a4cc19
22a4cc1d
22a4cc65
22a4cd19
22a4cd1d
22a4cd65
22a4ce19
22a4ce1d
22a4cf19
22a4cf1d
22a4d004
22a4d019
22a4d01d
22a4d064
22a4d104
22a4d119
22a4d11d
22a4d204
22a4d219
22a4d21d
22a4d304
22a4d319
22a4d31d
22a4d404
22a4d419
22a4d41d
22a4d464
22a4d504
22a4d519
22a4d51d
22a4d564
22a4d619
22a4d61d
22a4d664
22a4d719
22a4d71d
22a4d764
22a4d819
22a4d81d
22a4d919
22a4d91d
22a4dc04
22a4dd04
22a4e064
22a4e164
22a4e264
22a4e364
22a4e464
22a4e564
22a4e664
22a4e764
22a4f0a5
22a4f1a5
22a4f2a5
22a80008
22a8000c
22a8001b
22a8001d
22a8001f
22a80024
22a80038
22a80048
22a80078
22a80084
22a80085
22a80088
22a800b8
22a800c4
22a80184
22a80185
22a801c4
22a80284
22a80285
22a802c4
22a8031e
22a80844
22a80845
22a80944
22a80945
22a80a45
22a80a64
22a80a65
22a80b45
22a80c45
22a80d45
22a80e45
22a80f45
22a81045
22a810a4
22a810a5
22a810c1
22a81145
22a811a4
22a811a5
22a81245
22a812a4
22a812a5
22a81345
22a81445
22a81545
22a81604
22a81645
22a81704
22a81745
22a81804
22a81845
22a81904
22a8191e
22a81945
22a81a04
22a81a45
22a81a65
22a81b04
22a81b45
22a81c45
22a81c65
22a81d45
22a81e04
22a81e45
22a81e65
22a81f45
22a82004
22a82005
22a8200e
22a8201f
22a82025
22a82045
22a8204e
22a82088
22a8209b
22a82104
22a82105
22a8210e
22a8212e
22a82145
22a8214e
22a8215e
22a8216e
22a8217e
22a82204
22a82245
22a82304
22a82345
22a82404
22a82445
22a82504
22a82545
22a82645
22a82745
22a83005
22a83105
22a84008
22a8400c
22a8401d
22a84038
22a8403a
22a84048
22a84065
22a84078
22a8407a
22a84084
22a84085
22a84088
22a840b8
22a840ce
22a84165
22a841ce
22a84265
22a842ce
22a84365
22a843ce
22a84444
22a84465
22a844ce
22a84544
22a845ce
22a84665
22a84765
22a84844
22a84944
22a84c65
22a84d65
22a85004
22a85064
22a850a5
22a850c1
22a85104
22a851a5
22a852a5
22a85464
22a85564
22a85604
22a85664
22a85704
22a85764
22a85804
22a85904
22a85a04
22a85b04
22a85c04
22a85d04
22a85e04
22a86005
22a8600e
22a8604e
22a86065
22a86088
22a8609b
22a86105
22a8614e
22a8615e
22a86165
22a8616e
22a8617e
22a86265
22a8790e
22a8792e
22a8794e
22a8795e
22a8796e
22a8797e
22a88008
22a88038
22a88044
22a88048
22a88065
22a88078
22a88084
22a88088
22a880a4
22a880b8
22a88144
22a88165
22a88184
22a88265
22a88284
22a88365
22a88444
22a88465
22a88544
22a88665
22a88765
22a88844
22a88864
22a88865
22a88944
22a88964
22a88965
22a88a64
22a88a65
22a88c65
22a88d65
22a89004
22a89064
22a890a4
22a890a5
22a89104
22a891a4
22a891a5
22a89204
22a892a4
22a892a5
22a89304
22a89464
22a89564
22a89604
22a89664
22a89704
22a89764
22a89804
22a89904
22a89a04
22a89b04
22a89c04
22a89d04
22a89e04
22a8a00e
22a8a04e
22a8a09b
22a8a10e
22a8a12e
22a8a14e
22a8a15e
22a8a16e
22a8a17e
22a8b0a4
22a8b1a4
22a8b2a4
22a8c005
22a8c008
22a8c048
22a8c084
22a8c085
22a8c088
22a8c444
22a8c465
22a8c544
22a8c665
22a8c765
22a8ca64
22a8cb64
22a8cc65
22a8cd65
22a8d004
22a8d064
22a8d104
22a8d204
22a8d304
22a8d404
22a8d464
22a8d504
22a8d564
22a8d664
22a8d764
22a8dc04
22a8dd04
22a8e04e
22a8e05e
22a8e14e
22a8e15e
22a8e16e
22a8e17e
22a8f0a5
22a8f1a5
22a8f2a5
22a8f90e
22a8f92e
22a8f94e
22a8f95e
22a8f96e
22a8f97e
22ac0008
22ac000c
22ac001b
22ac001f
22ac0024
22ac0038
22ac003c
22ac0048
22ac0078
22ac0084
22ac0085
22ac0088
22ac00c4
22ac0184
22ac0185
22ac01c4
22ac0284
22ac0285
22ac02c4
22ac031e
22ac0844
22ac0845
22ac0944
22ac0945
22ac0a45
22ac0a64
22ac0a65
22ac0b45
22ac0c45
22ac0d45
22ac0e45
22ac0f45
22ac1045
22ac10a4
22ac10a5
22ac10c1
22ac1145
22ac11a4
22ac11a5
22ac1245
22ac12a4
22ac12a5
22ac1345
22ac1445
22ac1545
22ac1604
22ac1645
22ac1704
22ac1745
22ac1804
22ac1845
22ac1904
22ac191e
22ac1945
22ac1a04
22ac1a45
22ac1a65
22ac1b04
22ac1b45
22ac1c45
22ac1c65
22ac1d45
22ac1e04
22ac1e45
22ac1e65
22ac1f45
22ac2004
22ac2005
22ac200e
22ac201e
22ac201f
22ac2025
22ac202e
22ac2088
22ac209b
22ac20f8
22ac2104
22ac2105
22ac210e
22ac212e
22ac2204
22ac220e
22ac222e
22ac2304
22ac230e
22ac232e
22ac2404
22ac240e
22ac242e
22ac2504
22ac250e
22ac252e
22ac260e
22ac262e
22ac270e
22ac272e
22ac280e
22ac282e
22ac290e
22ac292e
22ac2a0e
22ac2a2e
22ac2b0e
22ac2b2e
22ac2c0e
22ac2c2e
22ac2d0e
22ac2d2e
22ac2e0e
22ac2e2e
22ac2f0e
22ac2f2e
22ac3005
22ac300e
22ac302e
22ac3105
22ac310e
22ac312e
22ac320e
22ac322e
22ac330e
22ac332e
22ac340e
22ac342e
22ac350e
22ac352e
22ac360e
22ac362e
22ac370e
22ac372e
22ac4008
22ac400c
22ac4038
22ac4048
22ac4065
22ac4078
22ac4084
22ac4085
22ac4088
22ac40ce
22ac4165
22ac41ce
22ac4265
22ac42ce
22ac4365
22ac43ce
22ac4444
22ac4465
22ac44ce
22ac4544
22ac45ce
22ac4665
22ac4765
22ac4844
22ac4944
22ac4c65
22ac4d65
22ac5004
22ac5064
22ac50a5
22ac50c1
22ac5104
22ac51a5
22ac52a5
22ac5464
22ac5564
22ac5604
22ac5664
22ac5704
22ac5764
22ac5804
22ac5904
22ac5a04
22ac5b04
22ac5c04
22ac5d04
22ac5e04
22ac6005
22ac6065
22ac6088
22ac609b
22ac6105
22ac6165
22ac6265
22ac8008
22ac8038
22ac8044
22ac8048
22ac8065
22ac8078
22ac8084
22ac8088
22ac80a4
22ac8144
22ac8165
22ac8184
22ac8265
22ac8284
22ac8365
22ac8444
22ac8465
22ac8544
22ac8665
22ac8765
22ac8844
22ac8864
22ac8865
22ac8944
22ac8964
22ac8965
22ac8a64
22ac8a65
22ac8c65
22ac8d65
22ac9004
22ac9064
22ac90a4
22ac90a5
22ac9104
22ac91a4
22ac91a5
22ac9204
22ac92a4
22ac92a5
22ac9304
22ac9464
22ac9564
22ac9604
22ac9664
22ac9704
22ac9764
22ac9804
22ac9904
22ac9a04
22ac9b04
22ac9c04
22ac9d04
22ac9e04
22aca09b
22aca0f8
22acb0a4
22acb1a4
22acb2a4
22acc005
22acc008
22acc048
22acc084
22acc085
22acc088
22acc444
22acc544
22acca64
22accb64
22accc65
22acd004
22acd064
22acd104
22acd204
22acd304
22acd404
22acd464
22acd504
22acd564
22acd664
22acd764
22acdc04
22acdd04
22acf0a5
22acf1a5
22acf2a5
22b00008
22b00019
22b0001b
22b0001f
22b00024
22b00038
22b0003c
22b00045
22b00048
22b00059
22b00078
22b00084
22b00085
22b00088
22b000c4
22b00145
22b00184
22b00185
22b001c4
22b00245
22b00284
22b00285
22b002c4
22b0031e
22b00345
22b00445
22b00545
22b00645
22b00745
22b00844
22b00845
22b00944
22b00945
22b00a45
22b00a64
22b00a65
22b00b45
22b00c45
22b00d45
22b00e45
22b00f45
22b01045
22b010a4
22b010a5
22b010c1
22b01145
22b011a4
22b011a5
22b01245
22b012a4
22b012a5
22b01345
22b01445
22b01545
22b01604
22b01645
22b01704
22b01745
22b01804
22b01904
22b0191e
22b01a04
22b01a65
22b01b04
22b01c65
22b01e04
22b01e65
22b02005
22b02019
22b0201f
22b02025
22b02038
22b02045
22b02059
22b02078
22b02088
22b0209b
22b020f8
22b02105
22b02119
22b02138
22b02145
22b02159
22b02178
22b021f8
22b02219
22b02238
22b02245
22b02259
22b02278
22b022f8
22b02319
22b02338
22b02345
22b02359
22b02378
22b023f8
22b02419
22b02438
22b02445
22b02459
22b02478
22b024f8
22b02519
22b02538
22b02545
22b02559
22b02578
22b025f8
22b02619
22b02638
22b02645
22b02659
22b02678
22b026f8
22b02719
22b02738
22b02745
22b02759
22b02778
22b027f8
22b02819
22b02838
22b02859
22b02878
22b028f8
22b02919
22b02938
22b02959
22b02978
22b029f8
22b02a19
22b02a38
22b02a59
22b02a78
22b02af8
22b02b19
22b02b38
22b02b59
22b02b78
22b02bf8
22b02c19
22b02c38
22b02c59
22b02c78
22b02cf8
22b02d19
22b02d38
22b02d59
22b02d78
22b02df8
22b02e19
22b02e38
22b02e59
22b02e78
22b02ef8
22b02f19
22b02f38
22b02f59
22b02f78
22b02ff8
22b03005
22b03019
22b03038
22b03059
22b03078
22b030f8
22b03105
22b03119
22b03138
22b03159
22b03178
22b031f8
22b03219
22b03238
22b03259
22b03278
22b032f8
22b03319
22b03338
22b03359
22b03378
22b033f8
22b03419
22b03438
22b03459
22b03478
22b034f8
22b03519
22b03538
22b03559
22b03578
22b035f8
22b03619
22b03638
22b03659
22b03678
22b036f8
22b03719
22b03738
22b03759
22b03778
22b037f8
22b03f19
22b03f59
22b04008
22b04019
22b04038
22b0403a
22b0403c
22b04048
22b04059
22b04065
22b04078
22b0407a
22b04084
22b04085
22b04088
22b040ce
22b04165
22b041ce
22b04265
22b042ce
22b04365
22b043ce
22b04444
22b04465
22b044ce
22b04544
22b045ce
22b04665
22b04765
22b04844
22b04944
22b04c65
22b04d65
22b05004
22b05064
22b050a5
22b05104
22b051a5
22b052a5
22b05464
22b05564
22b05604
22b05664
22b05704
22b05764
22b05804
22b05904
22b05a04
22b05b04
22b05c04
22b05d04
22b05e04
22b06004
22b06005
22b0600e
22b06019
22b06038
22b0604e
22b06059
22b06065
22b06078
22b06088
22b0609b
22b060d9
22b06104
22b06105
22b0610e
22b06119
22b06138
22b0614e
22b06159
22b06165
22b06178
22b06204
22b0620e
22b06219
22b06238
22b0624e
22b06259
22b06265
22b06278
22b06304
22b0630e
22b06319
22b06338
22b0634e
22b06359
22b06378
22b06404
22b0640e
22b06419
22b06438
22b0644e
22b06459
22b06478
22b06504
22b0650e
22b06519
22b06538
22b0654e
22b06559
22b06578
22b06604
22b0660e
22b06619
22b06638
22b0664e
22b06659
22b06678
22b06704
22b0670e
22b06719
22b06738
22b0674e
22b06759
22b06778
22b06804
22b0680e
22b06819
22b06838
22b0684e
22b06859
22b06878
22b06904
22b0690e
22b06919
22b06938
22b0694e
22b06959
22b06978
22b06a04
22b06a0e
22b06a19
22b06a38
22b06a4e
22b06a59
22b06a78
22b06b04
22b06b0e
22b06b19
22b06b38
22b06b4e
22b06b59
22b06b78
22b06c04
22b06c0e
22b06c19
22b06c38
22b06c4e
22b06c59
22b06c78
22b06d04
22b06d0e
22b06d19
22b06d38
22b06d4e
22b06d59
22b06d78
22b06e04
22b06e0e
22b06e19
22b06e38
22b06e4e
22b06e59
22b06e78
22b06f04
22b06f0e
22b06f19
22b06f38
22b06f4e
22b06f59
22b06f78
22b07004
22b0700e
22b07019
22b07038
22b0704e
22b07059
22b07078
22b07104
22b0710e
22b07119
22b07138
22b0714e
22b07159
22b07178
22b07204
22b0720e
22b07219
22b07238
22b0724e
22b07259
22b07278
22b07304
22b0730e
22b07319
22b07338
22b0734e
22b07359
22b07378
22b07404
22b0740e
22b07419
22b07438
22b0744e
22b07459
22b07478
22b07504
22b0750e
22b07519
22b07538
22b0754e
22b07559
22b07578
22b07604
22b0760e
22b07619
22b07638
22b0764e
22b07659
22b07678
22b07704
22b0770e
22b07719
22b07738
22b0774e
22b07759
22b07778
22b07f19
22b07f59
22b08008
22b08019
22b0801a
22b08038
22b08044
22b08048
22b08059
22b0805a
22b08065
22b08078
22b08084
22b08088
22b08099
22b080a4
22b080b8
22b080f8
22b08144
22b0815a
22b08165
22b08184
22b08265
22b08284
22b08365
22b08444
22b08465
22b08544
22b08665
22b08765
22b08844
22b08864
22b08865
22b08944
22b08964
22b08965
22b08a64
22b08a65
22b08c65
22b08d65
22b09004
22b09064
22b090a4
22b090a5
22b09104
22b091a4
22b091a5
22b09204
22b092a4
22b092a5
22b09304
22b09464
22b09564
22b09604
22b09664
22b09704
22b09764
22b09804
22b09904
22b09a04
22b09b04
22b09c04
22b09d04
22b09e04
22b0a019
22b0a038
22b0a059
22b0a078
22b0a09b
22b0a119
22b0a138
22b0a159
22b0a178
22b0a219
22b0a238
22b0a259
22b0a278
22b0a319
22b0a338
22b0a359
22b0a378
22b0a419
22b0a438
22b0a459
22b0a478
22b0a519
22b0a538
22b0a559
22b0a578
22b0a619
22b0a638
22b0a659
22b0a678
22b0a719
22b0a738
22b0a759
22b0a778
22b0a819
22b0a838
22b0a859
22b0a878
22b0a919
22b0a938
22b0a959
22b0a978
22b0aa19
22b0aa38
22b0aa59
22b0aa78
22b0ab19
22b0ab38
22b0ab59
22b0ab78
22b0ac19
22b0ac38
22b0ac59
22b0ac78
22b0ad19
22b0ad38
22b0ad59
22b0ad78
22b0ae19
22b0ae38
22b0ae59
22b0ae78
22b0af19
22b0af38
22b0af59
22b0af78
22b0b019
22b0b038
22b0b059
22b0b078
22b0b0a4
22b0b119
22b0b138
22b0b159
22b0b178
22b0b1a4
22b0b219
22b0b238
22b0b259
22b0b278
22b0b2a4
22b0b319
22b0b338
22b0b359
22b0b378
22b0b419
22b0b438
22b0b459
22b0b478
22b0b519
22b0b538
22b0b559
22b0b578
22b0b619
22b0b638
22b0b659
22b0b678
22b0b719
22b0b738
22b0b759
22b0b778
22b0bf19
22b0bf59
22b0c005
22b0c008
22b0c048
22b0c084
22b0c085
22b0c088
22b0c444
22b0c544
22b0ca64
22b0cb64
22b0cc65
22b0d004
22b0d064
22b0d104
22b0d204
22b0d304
22b0d404
22b0d464
22b0d504
22b0d564
22b0d664
22b0d764
22b0dc04
22b0dd04
22b0e019
22b0e038
22b0e059
22b0e078
22b0e119
22b0e138
22b0e159
22b0e178
22b0e219
22b0e238
22b0e259
22b0e278
22b0e319
22b0e338
22b0e359
22b0e378
22b0e419
22b0e438
22b0e459
22b0e478
22b0e519
22b0e538
22b0e559
22b0e578
22b0e619
22b0e638
22b0e659
22b0e678
22b0e719
22b0e738
22b0e759
22b0e778
22b0e819
22b0e838
22b0e859
22b0e878
22b0e919
22b0e938
22b0e959
22b0e978
22b0ea19
22b0ea38
22b0ea59
22b0ea78
22b0eb19
22b0eb38
22b0eb59
22b0eb78
22b0ec19
22b0ec38
22b0ec59
22b0ec78
22b0ed19
22b0ed38
22b0ed59
22b0ed78
22b0ee19
22b0ee38
22b0ee59
22b0ee78
22b0ef19
22b0ef38
22b0ef59
22b0ef78
22b0f019
22b0f038
22b0f059
22b0f078
22b0f0a5
22b0f119
22b0f138
22b0f159
22b0f178
22b0f1a5
22b0f219
22b0f238
22b0f259
22b0f278
22b0f2a5
22b0f319
22b0f338
22b0f359
22b0f378
22b0f419
22b0f438
22b0f459
22b0f478
22b0f519
22b0f538
22b0f559
22b0f578
22b0f619
22b0f638
22b0f659
22b0f678
22b0f719
22b0f738
22b0f759
22b0f778
22b0ff19
22b0ff59
22b40008
22b40019
22b4001b
22b4001d
22b4001f
22b40024
22b40038
22b4003c
22b40045
22b40048
22b40078
22b40084
22b40085
22b40088
22b400c4
22b40145
22b40184
22b40185
22b401c4
22b40245
22b40284
22b40285
22b402c4
22b40319
22b4031d
22b4031e
22b40345
22b40419
22b4041d
22b40445
22b40519
22b4051d
22b40545
22b40619
22b4061d
22b40645
22b40719
22b4071d
22b40745
22b40819
22b4081d
22b40844
22b40845
22b40919
22b4091d
22b40944
22b40945
22b40a19
22b40a1d
22b40a45
22b40a64
22b40a65
22b40b19
22b40b1d
22b40b45
22b40c19
22b40c1d
22b40c45
22b40d19
22b40d1d
22b40d45
22b40e19
22b40e1d
22b40e45
22b40f19
22b40f1d
22b40f45
22b41019
22b4101d
22b41045
22b410a4
22b410a5
22b410c1
22b41119
22b4111d
22b41145
22b411a4
22b411a5
22b41219
22b4121d
22b41245
22b412a4
22b412a5
22b41319
22b4131d
22b41345
22b41419
22b4141d
22b41445
22b41519
22b4151d
22b41545
22b41604
22b41619
22b4161d
22b41645
22b41704
22b41719
22b4171d
22b41745
22b41804
22b41819
22b4181d
22b41904
22b41919
22b4191d
22b4191e
22b41a04
22b41a65
22b41b04
22b41c65
22b41e04
22b41e65
22b42005
22b4201e
22b4201f
22b42025
22b42045
22b42088
22b4209b
22b420f8
22b42105
22b42145
22b42245
22b42345
22b42445
22b42545
22b42645
22b42745
22b42845
22b42945
22b42a45
22b42b45
22b43005
22b43105
22b44008
22b44019
22b4401d
22b44038
22b44048
22b44065
22b44078
22b44084
22b44085
22b44088
22b440ce
22b44165
22b441ce
22b44265
22b442ce
22b44319
22b4431d
22b44365
22b443ce
22b44419
22b4441d
22b44444
22b44465
22b444ce
22b44519
22b4451d
22b44544
22b445ce
22b44619
22b4461d
22b44665
22b44719
22b4471d
22b44765
22b44819
22b4481d
22b44844
22b44919
22b4491d
22b44944
22b44a19
22b44a1d
22b44b19
22b44b1d
22b44c19
22b44c1d
22b44c65
22b44d19
22b44d1d
22b44d65
22b44e19
22b44e1d
22b44f19
22b44f1d
22b45004
22b45019
22b4501d
22b45064
22b450a5
22b45104
22b45119
22b4511d
22b451a5
22b45219
22b4521d
22b452a5
22b45319
22b4531d
22b45419
22b4541d
22b45464
22b45519
22b4551d
22b45564
22b45604
22b45619
22b4561d
22b45664
22b45704
22b45719
22b4571d
22b45764
22b45804
22b45819
22b4581d
22b45904
22b45919
22b4591d
22b45a04
22b45b04
22b45c04
22b45d04
22b45e04
22b46005
22b46065
22b46088
22b4609b
22b46105
22b46165
22b46265
22b48008
22b48019
22b4801a
22b4801d
22b48038
22b48044
22b48048
22b4805a
22b48065
22b48078
22b48084
22b48088
22b480a4
22b4811a
22b48144
22b4815a
22b48165
22b48184
22b48265
22b48284
22b48319
22b4831d
22b48365
22b48419
22b4841d
22b48444
22b48465
22b48519
22b4851d
22b48544
22b48619
22b4861d
22b48665
22b48719
22b4871d
22b48765
22b48819
22b4881d
22b48864
22b48865
22b48919
22b4891d
22b48964
22b48965
22b48a19
22b48a1d
22b48a64
22b48a65
22b48b19
22b48b1d
22b48c19
22b48c1d
22b48c65
22b48d19
22b48d1d
22b48d65
22b48e19
22b48e1d
22b48f19
22b48f1d
22b49004
22b49019
22b4901d
22b49064
22b490a4
22b490a5
22b49104
22b49119
22b4911d
22b491a4
22b491a5
22b49204
22b49219
22b4921d
22b492a4
22b492a5
22b49304
22b49319
22b4931d
22b49419
22b4941d
22b49464
22b49519
22b4951d
22b49564
22b49604
22b49619
22b4961d
22b49664
22b49704
22b49719
22b4971d
22b49764
22b49804
22b49819
22b4981d
22b49904
22b49919
22b4991d
22b49a04
22b49b04
22b49c04
22b49d04
22b49e04
22b4a09b
22b4a0f8
22b4b0a4
22b4b1a4
22b4b2a4
22b4c005
22b4c008
22b4c019
22b4c01d
22b4c048
22b4c084
22b4c085
22b4c088
22b4c319
22b4c31d
22b4c419
22b4c41d
22b4c519
22b4c51d
22b4c619
22b4c61d
22b4c719
22b4c71d
22b4c819
22b4c81d
22b4c919
22b4c91d
22b4ca19
22b4ca1d
22b4ca64
22b4cb19
22b4cb1d
22b4cb64
22b4cc19
22b4cc1d
22b4cd19
22b4cd1d
22b4ce19
22b4ce1d
22b4cf19
22b4cf1d
22b4d004
22b4d019
22b4d01d
22b4d064
22b4d104
22b4d119
22b4d11d
22b4d204
22b4d219
22b4d21d
22b4d304
22b4d319
22b4d31d
22b4d404
22b4d419
22b4d41d
22b4d464
22b4d504
22b4d519
22b4d51d
22b4d564
22b4d619
22b4d61d
22b4d664
22b4d719
22b4d71d
22b4d764
22b4d819
22b4d81d
22b4d919
22b4d91d
22b4dc04
22b4dd04
22b4f0a5
22b4f1a5
22b4f2a5
22b80008
22b8001b
22b8001d
22b8001f
22b80024
22b80038
22b80045
22b80048
22b80078
22b80084
22b80085
22b80088
22b800b8
22b800c4
22b80145
22b80184
22b80185
22b801c4
22b80245
22b80284
22b80285
22b802c4
22b8031e
22b80345
22b80445
22b80545
22b80645
22b80745
22b80844
22b80845
22b80944
22b80945
22b80a45
22b80a64
22b80a65
22b80b45
22b80c45
22b80d45
22b80e45
22b80f45
22b81045
22b810a4
22b810a5
22b810c1
22b81145
22b811a4
22b811a5
22b81245
22b812a4
22b812a5
22b81345
22b81445
22b81545
22b81604
22b81645
22b81704
22b81745
22b81804
22b81904
22b8191e
22b81a04
22b81a65
22b81b04
22b81c65
22b81e04
22b81e65
22b82005
22b8201f
22b82025
22b82045
22b82088
22b8209b
22b82105
22b8210e
22b8212e
22b82145
22b8214e
22b8215e
22b8216e
22b8217e
22b82245
22b82345
22b82445
22b82545
22b82645
22b82745
22b83005
22b83105
22b8310e
22b8314e
22b84008
22b8401d
22b84038
22b8403a
22b84048
22b84065
22b84078
22b8407a
22b84084
22b84085
22b84088
22b840b8
22b840ce
22b84165
22b841ce
22b84265
22b842ce
22b84365
22b843ce
22b84444
22b84465
22b844ce
22b84544
22b845ce
22b84665
22b84765
22b84844
22b84944
22b84c65
22b84d65
22b85004
22b85064
22b850a5
22b85104
22b851a5
22b852a5
22b85464
22b85564
22b85604
22b85664
22b85704
22b85764
22b85804
22b85904
22b85a04
22b85b04
22b85c04
22b85d04
22b85e04
22b86004
22b86005
22b86065
22b86088
22b8609b
22b86105
22b8614e
22b8615e
22b86165
22b8616e
22b8617e
22b86265
22b8710e
22b8714e
22b8790e
22b8792e
22b8794e
22b8795e
22b8796e
22b8797e
22b88008
22b88038
22b88044
22b88048
22b88065
22b88078
22b88084
22b88088
22b880a4
22b880b8
22b88144
22b88165
22b88184
22b88265
22b88284
22b88365
22b88444
22b88465
22b88544
22b88665
22b88765
22b88864
22b88865
22b88964
22b88965
22b88a64
22b88a65
22b88c65
22b88d65
22b89004
22b89064
22b890a4
22b890a5
22b89104
22b891a4
22b891a5
22b89204
22b892a4
22b892a5
22b89304
22b89464
22b89564
22b89604
22b89664
22b89704
22b89764
22b89804
22b89904
22b89a04
22b89b04
22b89c04
22b89d04
22b89e04
22b8a004
22b8a09b
22b8a10e
22b8b0a4
22b8b14e
22b8b1a4
22b8b2a4
22b8c008
22b8c048
22b8c084
22b8c085
22b8c088
22b8ca64
22b8cb64
22b8d004
22b8d064
22b8d104
22b8d204
22b8d304
22b8d404
22b8d464
22b8d504
22b8d564
22b8d664
22b8d764
22b8dc04
22b8dd04
22b8e004
22b8f0a5
22b8f1a5
22b8f2a5
22b8f90e
22bc0008
22bc001b
22bc001f
22bc0024
22bc0038
22bc003c
22bc0048
22bc0078
22bc0084
22bc0085
22bc0088
22bc00c4
22bc0184
22bc0185
22bc01c4
22bc0284
22bc0285
22bc02c4
22bc031e
22bc0844
22bc0944
22bc0a64
22bc0a65
22bc10a4
22bc10a5
22bc10c1
22bc11a4
22bc11a5
22bc12a4
22bc12a5
22bc1604
22bc1704
22bc1804
22bc1904
22bc191e
22bc1a04
22bc1a65
22bc1b04
22bc1c65
22bc1e04
22bc1e65
22bc2004
22bc2005
22bc200e
22bc201e
22bc201f
22bc2025
22bc2045
22bc2088
22bc209b
22bc20f8
22bc2105
22bc210e
22bc2145
22bc220e
22bc2245
22bc230e
22bc2345
22bc240e
22bc2445
22bc250e
22bc2545
22bc260e
22bc2645
22bc270e
22bc2745
22bc280e
22bc2845
22bc290e
22bc2945
22bc2a0e
22bc2a45
22bc2b0e
22bc2b45
22bc2c0e
22bc2d0e
22bc2e0e
22bc2f0e
22bc3005
22bc300e
22bc3105
22bc310e
22bc320e
22bc330e
22bc340e
22bc350e
22bc360e
22bc370e
22bc4008
22bc4038
22bc4048
22bc4065
22bc4078
22bc4084
22bc4085
22bc4088
22bc40ce
22bc4165
22bc41ce
22bc4265
22bc42ce
22bc4365
22bc43ce
22bc4444
22bc4465
22bc44ce
22bc4544
22bc45ce
22bc4665
22bc4765
22bc4844
22bc4944
22bc4c65
22bc4d65
22bc5004
22bc5064
22bc50a5
22bc5104
22bc51a5
22bc52a5
22bc5464
22bc5564
22bc5604
22bc5664
22bc5704
22bc5764
22bc5804
22bc5904
22bc5a04
22bc5b04
22bc5c04
22bc5d04
22bc5e04
22bc6005
22bc6065
22bc6088
22bc609b
22bc6105
22bc6165
22bc6265
22bc8008
22bc8038
22bc8044
22bc8048
22bc8065
22bc8078
22bc8084
22bc8088
22bc80a4
22bc8144
22bc8165
22bc8184
22bc8265
22bc8284
22bc8365
22bc8444
22bc8465
22bc8544
22bc8665
22bc8765
22bc8864
22bc8865
22bc8964
22bc8965
22bc8a64
22bc8a65
22bc8c65
22bc8d65
22bc9004
22bc9064
22bc90a4
22bc90a5
22bc9104
22bc91a4
22bc91a5
22bc9204
22bc92a4
22bc92a5
22bc9304
22bc9464
22bc9564
22bc9604
22bc9664
22bc9704
22bc9764
22bc9804
22bc9904
22bc9a04
22bc9b04
22bc9c04
22bc9d04
22bc9e04
22bca09b
22bca0f8
22bcb0a4
22bcb1a4
22bcb2a4
22bcc008
22bcc048
22bcc084
22bcc085
22bcc088
22bcca64
22bccb64
22bcd004
22bcd064
22bcd104
22bcd204
22bcd304
22bcd404
22bcd464
22bcd504
22bcd564
22bcd664
22bcd764
22bcdc04
22bcdd04
22bcf0a5
22bcf1a5
22bcf2a5
22c00004
22c00008
22c00019
22c0001b
22c0001f
22c00024
22c00025
22c00038
22c0003c
22c00044
22c00048
22c00059
22c00078
22c00084
22c00088
22c00104
22c00125
22c00144
22c00184
22c00204
22c00244
22c0031e
22c00344
22c00444
22c00544
22c00644
22c00744
22c00844
22c00944
22c00a44
22c00b44
22c00c44
22c00d44
22c00e44
22c00f44
22c01044
22c01144
22c01244
22c01344
22c01444
22c01544
22c01644
22c01744
22c0191e
22c02005
22c0200e
22c0201f
22c0202e
22c0204e
22c0206e
22c02088
22c0209b
22c020a4
22c020a5
22c020c1
22c02105
22c0210e
22c0211e
22c0212e
22c0214e
22c0216e
22c021a4
22c021a5
22c021c1
22c0220e
22c0221e
22c0222e
22c0224e
22c0226e
22c022c1
22c0230e
22c0231e
22c0232e
22c0234e
22c0236e
22c023c1
22c0240e
22c0241e
22c0242e
22c0244e
22c0246e
22c024c1
22c0250e
22c0251e
22c0252e
22c0254e
22c0256e
22c025c1
22c0260e
22c0262e
22c0264e
22c0266e
22c026c1
22c0270e
22c0271e
22c0272e
22c0274e
22c0276e
22c027c1
22c0280e
22c0281e
22c0282e
22c0284e
22c0286e
22c028c1
22c0290e
22c0291e
22c0292e
22c0294e
22c0296e
22c029c1
22c02a0e
22c02a2e
22c02a4e
22c02a6e
22c02ac1
22c02b0e
22c02b2e
22c02b4e
22c02b6e
22c02bc1
22c02c0e
22c02c2e
22c02c4e
22c02c6e
22c02cc1
22c02d0e
22c02d2e
22c02d4e
22c02d6e
22c02dc1
22c02e0e
22c02e2e
22c02e4e
22c02e6e
22c02ec1
22c02f0e
22c02f2e
22c02f4e
22c02f6e
22c02fc1
22c0300e
22c0302e
22c0304e
22c0306e
22c030c1
22c0310e
22c0312e
22c0314e
22c0316e
22c031c1
22c0320e
22c0322e
22c0324e
22c0326e
22c032c1
22c0330e
22c0332e
22c0334e
22c0336e
22c033c1
22c0340e
22c0342e
22c0344e
22c0346e
22c034c1
22c0350e
22c0352e
22c0354e
22c0356e
22c035c1
22c0360e
22c0362e
22c0364e
22c0366e
22c036c1
22c0370e
22c0372e
22c0374e
22c0376e
22c037c1
22c04008
22c0400d
22c04019
22c04025
22c04038
22c0403c
22c04045
22c04048
22c04059
22c04065
22c04078
22c04084
22c04085
22c04088
22c040a4
22c040a5
22c04125
22c04145
22c04165
22c04185
22c041a4
22c041a5
22c04245
22c04265
22c04345
22c04445
22c04545
22c04645
22c04745
22c04845
22c04945
22c04a45
22c04b45
22c04c45
22c04d45
22c04e45
22c04f45
22c05005
22c05045
22c05105
22c05145
22c05205
22c05245
22c05345
22c05445
22c05545
22c05645
22c05745
22c05825
22c06004
22c0600d
22c06065
22c06088
22c0609b
22c060a4
22c060a5
22c060ce
22c060d9
22c06104
22c0611e
22c06165
22c061a4
22c061a5
22c061ce
22c06204
22c06265
22c062ce
22c06304
22c0631e
22c063ce
22c06404
22c0641e
22c064ce
22c06504
22c0651e
22c065ce
22c06604
22c066ce
22c06704
22c0671e
22c067ce
22c06804
22c0681e
22c068ce
22c06904
22c0691e
22c069ce
22c06a04
22c06ace
22c06b04
22c06bce
22c06cce
22c06dce
22c06ece
22c06fce
22c07004
22c070ce
22c07104
22c071ce
22c07204
22c072ce
22c07304
22c073ce
22c07404
22c074ce
22c07504
22c075ce
22c07604
22c076ce
22c07704
22c077ce
22c07804
22c07904
22c07a04
22c07b04
22c08008
22c08019
22c0801a
22c08038
22c08048
22c08059
22c0805a
22c08078
22c08088
22c08099
22c080a5
22c080b8
22c080f8
22c0815a
22c081a5
22c08ac0
22c08bc0
22c08cc0
22c08dc0
22c08ec0
22c08fc0
22c0a004
22c0a044
22c0a045
22c0a09b
22c0a0a4
22c0a0a5
22c0a104
22c0a144
22c0a145
22c0a1a4
22c0a1a5
22c0a204
22c0a244
22c0a245
22c0a304
22c0a344
22c0a404
22c0a444
22c0a504
22c0a544
22c0a604
22c0a644
22c0a704
22c0a744
22c0a804
22c0a844
22c0a904
22c0a944
22c0aa04
22c0aa44
22c0ab04
22c0ab44
22c0b004
22c0b104
22c0b204
22c0b304
22c0b404
22c0b504
22c0b604
22c0b704
22c0b804
22c0b904
22c0ba04
22c0bb04
22c0bf38
22c0bf78
22c0bfb8
22c0bff8
22c0c008
22c0c00d
22c0c048
22c0c084
22c0c085
22c0c088
22c0c0a4
22c0c0a5
22c0c10d
22c0c1a4
22c0c1a5
22c0c20d
22c0c30d
22c0c40d
22c0cac0
22c0e004
22c0e00d
22c0e0a4
22c0e0a5
22c0e104
22c0e10d
22c0e11e
22c0e1a4
22c0e1a5
22c0e204
22c0e20d
22c0e21e
22c0e304
22c0e30d
22c0e404
22c0e40d
22c0e41e
22c0e504
22c0e51e
22c0e604
22c0e704
22c0e71e
22c0e804
22c0e904
22c0ea04
22c0eb04
22c0f004
22c0f104
22c0f204
22c0f304
22c0f404
22c0f504
22c0f604
22c0f704
22c0f804
22c0f904
22c0fa04
22c0fb04
22c40004
22c40008
22c4000e
22c4000f
22c40019
22c4001b
22c4001d
22c4001f
22c40024
22c40025
22c4002f
22c40044
22c40048
22c4004e
22c40084
22c40088
22c40104
22c4010e
22c4010f
22c40125
22c4012f
22c40144
22c4014e
22c40184
22c40204
22c4020e
22c4022f
22c40244
22c4024e
22c4030e
22c40319
22c4031d
22c4031e
22c40344
22c4034e
22c4040e
22c40419
22c4041d
22c40444
22c4044e
22c4050e
22c40519
22c4051d
22c40544
22c4054e
22c4060e
22c40619
22c4061d
22c40644
22c4064e
22c4070e
22c40719
22c4071d
22c40744
22c4074e
22c4080e
22c40819
22c4081d
22c40844
22c4084e
22c4090e
22c40919
22c4091d
22c40944
22c4094e
22c40a0e
22c40a19
22c40a1d
22c40a44
22c40a4e
22c40b0e
22c40b19
22c40b1d
22c40b44
22c40b4e
22c40c0e
22c40c19
22c40c1d
22c40c44
22c40c4e
22c40d0e
22c40d19
22c40d1d
22c40d44
22c40d4e
22c40e0e
22c40e19
22c40e1d
22c40e44
22c40e4e
22c40f0e
22c40f19
22c40f1d
22c40f44
22c40f4e
22c4100e
22c41019
22c4101d
22c41044
22c4104e
22c4110e
22c41119
22c4111d
22c41144
22c4114e
22c4120e
22c41219
22c4121d
22c41244
22c4124e
22c4130e
22c41319
22c4131d
22c41344
22c4134e
22c4140e
22c41419
22c4141d
22c41444
22c4144e
22c4150e
22c41519
22c4151d
22c41544
22c4154e
22c4160e
22c41619
22c4161d
22c41644
22c4164e
22c4170e
22c41719
22c4171d
22c41744
22c4174e
22c41819
22c4181d
22c41919
22c4191d
22c4191e
22c41925
22c42005
22c4200e
22c4201e
22c4201f
22c4202e
22c42088
22c4209b
22c420a4
22c420a5
22c42105
22c4210e
22c4212e
22c421a4
22c421a5
22c4220e
22c4222e
22c4230e
22c4232e
22c4240e
22c4242e
22c4250e
22c4252e
22c4260e
22c4262e
22c4270e
22c4272e
22c4280e
22c4282e
22c4290e
22c4292e
22c42a0e
22c42a2e
22c42b0e
22c42b2e
22c42c0e
22c42c2e
22c42d0e
22c42d2e
22c42e0e
22c42e2e
22c42f0e
22c42f2e
22c4300e
22c4302e
22c4310e
22c4312e
22c4320e
22c4322e
22c4330e
22c4332e
22c4340e
22c4342e
22c4350e
22c4352e
22c4360e
22c4362e
22c4370e
22c4372e
22c44008
22c4400d
22c4400e
22c44019
22c4401d
22c44025
22c4402e
22c44045
22c44048
22c4404e
22c44065
22c44084
22c44085
22c44088
22c440a4
22c440a5
22c4410e
22c44125
22c4412e
22c44145
22c4414e
22c44165
22c44185
22c441a4
22c441a5
22c4420e
22c4422e
22c44245
22c4424e
22c44265
22c4430e
22c44319
22c4431d
22c4432e
22c44345
22c4434e
22c4440e
22c44419
22c4441d
22c4442e
22c44445
22c4444e
22c4450e
22c44519
22c4451d
22c4452e
22c44545
22c4454e
22c4460e
22c44619
22c4461d
22c44645
22c4464e
22c4470e
22c44719
22c4471d
22c44745
22c4474e
22c4480e
22c44819
22c4481d
22c44845
22c4484e
22c4490e
22c44919
22c4491d
22c44945
22c4494e
22c44a0e
22c44a19
22c44a1d
22c44a45
22c44a4e
22c44b0e
22c44b19
22c44b1d
22c44b45
22c44b4e
22c44c0e
22c44c19
22c44c1d
22c44c45
22c44c4e
22c44d0e
22c44d19
22c44d1d
22c44d45
22c44d4e
22c44e0e
22c44e19
22c44e1d
22c44e45
22c44e4e
22c44f0e
22c44f19
22c44f1d
22c44f45
22c44f4e
22c45005
22c4500e
22c45019
22c4501d
22c45045
22c4504e
22c45105
22c4510e
22c45119
22c4511d
22c45145
22c4514e
22c45205
22c4520e
22c45219
22c4521d
22c45245
22c4524e
22c4530e
22c45319
22c4531d
22c45345
22c4534e
22c4540e
22c45419
22c4541d
22c45445
22c4544e
22c4550e
22c45519
22c4551d
22c45545
22c4554e
22c4560e
22c45619
22c4561d
22c45645
22c4564e
22c4570e
22c45719
22c4571d
22c45745
22c4574e
22c45819
22c4581d
22c45919
22c4591d
22c45925
22c46004
22c4600d
22c46065
22c46088
22c4609b
22c460a4
22c460a5
22c460ce
22c46104
22c46165
22c461a4
22c461a5
22c461ce
22c46204
22c46265
22c462ce
22c46304
22c463ce
22c46404
22c464ce
22c46504
22c465ce
22c46604
22c466ce
22c46704
22c467ce
22c46804
22c468ce
22c46904
22c469ce
22c46a04
22c46ace
22c46b04
22c46bce
22c46cce
22c46dce
22c46ece
22c46fce
22c47004
22c470ce
22c47104
22c471ce
22c47204
22c472ce
22c47304
22c473ce
22c47404
22c474ce
22c47504
22c475ce
22c47604
22c476ce
22c47704
22c477ce
22c47804
22c47904
22c47a04
22c47b04
22c48008
22c48019
22c4801a
22c4801d
22c48048
22c4805a
22c48088
22c480a5
22c4811a
22c4815a
22c481a5
22c48319
22c4831d
22c48419
22c4841d
22c48519
22c4851d
22c48619
22c4861d
22c48719
22c4871d
22c48819
22c4881d
22c48919
22c4891d
22c48a19
22c48a1d
22c48b19
22c48b1d
22c48c19
22c48c1d
22c48d19
22c48d1d
22c48e19
22c48e1d
22c48f19
22c48f1d
22c49019
22c4901d
22c49119
22c4911d
22c49219
22c4921d
22c49319
22c4931d
22c49419
22c4941d
22c49519
22c4951d
22c49619
22c4961d
22c49719
22c4971d
22c49819
22c4981d
22c49919
22c4991d
22c49925
22c4a004
22c4a00e
22c4a02e
22c4a044
22c4a045
22c4a09b
22c4a0a4
22c4a0a5
22c4a104
22c4a10e
22c4a12e
22c4a144
22c4a145
22c4a1a4
22c4a1a5
22c4a204
22c4a20e
22c4a22e
22c4a244
22c4a245
22c4a304
22c4a30e
22c4a32e
22c4a344
22c4a404
22c4a40e
22c4a42e
22c4a444
22c4a504
22c4a50e
22c4a52e
22c4a544
22c4a604
22c4a60e
22c4a62e
22c4a644
22c4a704
22c4a70e
22c4a72e
22c4a744
22c4a804
22c4a80e
22c4a82e
22c4a844
22c4a904
22c4a90e
22c4a92e
22c4a944
22c4aa04
22c4aa0e
22c4aa2e
22c4aa44
22c4ab04
22c4ab0e
22c4ab2e
22c4ab44
22c4ac0e
22c4ac2e
22c4ad0e
22c4ad2e
22c4ae0e
22c4ae2e
22c4af0e
22c4af2e
22c4b004
22c4b00e
22c4b02e
22c4b104
22c4b10e
22c4b12e
22c4b204
22c4b20e
22c4b22e
22c4b304
22c4b30e
22c4b32e
22c4b404
22c4b40e
22c4b42e
22c4b504
22c4b50e
22c4b52e
22c4b604
22c4b60e
22c4b62e
22c4b704
22c4b70e
22c4b72e
22c4b804
22c4b904
22c4ba04
22c4bb04
22c4c008
22c4c00d
22c4c048
22c4c084
22c4c085
22c4c088
22c4c0a4
22c4c0a5
22c4c10d
22c4c1a4
22c4c1a5
22c4c20d
22c4c30d
22c4c40d
22c4d925
22c4e004
22c4e00d
22c4e0a4
22c4e0a5
22c4e104
22c4e10d
22c4e1a4
22c4e1a5
22c4e204
22c4e20d
22c4e304
22c4e30d
22c4e404
22c4e40d
22c4e504
22c4e604
22c4e704
22c4e804
22c4e904
22c4ea04
22c4eb04
22c4f004
22c4f104
22c4f204
22c4f304
22c4f404
22c4f504
22c4f604
22c4f704
22c4f804
22c4f904
22c4fa04
22c4fb04
22c80004
22c80008
22c8001b
22c8001d
22c8001f
22c80024
22c80025
22c80038
22c80048
22c80078
22c80084
22c80088
22c800b8
22c80104
22c80125
22c80184
22c80204
22c8031e
22c8191e
22c82005
22c8201f
22c82088
22c8209b
22c820a4
22c820a5
22c82105
22c8210e
22c8212e
22c8214e
22c8215e
22c8216e
22c8217e
22c821a4
22c821a5
22c8300e
22c8304e
22c84008
22c8400d
22c8401d
22c84025
22c84038
22c84045
22c84048
22c84065
22c84078
22c84084
22c84085
22c84088
22c840a4
22c840a5
22c840b8
22c84125
22c84145
22c84165
22c84185
22c841a4
22c841a5
22c84245
22c84265
22c84345
22c84445
22c84545
22c84645
22c84745
22c84845
22c84945
22c84a45
22c84b45
22c84c45
22c84d45
22c84e45
22c84f45
22c85005
22c85045
22c85105
22c85145
22c85205
22c85245
22c85345
22c85445
22c85545
22c85645
22c85745
22c86004
22c8600d
22c86065
22c86088
22c8609b
22c860a4
22c860a5
22c86104
22c8614e
22c8615e
22c86165
22c8616e
22c8617e
22c861a4
22c861a5
22c86204
22c86265
22c86304
22c86404
22c86504
22c86604
22c86704
22c86804
22c86904
22c86a04
22c86b04
22c8790e
22c8792e
22c8794e
22c8795e
22c8796e
22c8797e
22c88008
22c88038
22c88048
22c88078
22c88088
22c880a5
22c880b8
22c881a5
22c8a004
22c8a00e
22c8a044
22c8a045
22c8a09b
22c8a0a4
22c8a0a5
22c8a104
22c8a10e
22c8a12e
22c8a144
22c8a145
22c8a14e
22c8a16e
22c8a1a4
22c8a1a5
22c8a204
22c8a244
22c8a245
22c8a304
22c8a344
22c8a404
22c8a444
22c8a504
22c8a544
22c8a604
22c8a644
22c8a704
22c8a744
22c8a804
22c8a844
22c8a904
22c8a944
22c8aa04
22c8aa44
22c8ab04
22c8ab44
22c8b00e
22c8b04e
22c8c008
22c8c00d
22c8c048
22c8c084
22c8c085
22c8c088
22c8c0a4
22c8c0a5
22c8c10d
22c8c1a4
22c8c1a5
22c8c20d
22c8c30d
22c8c40d
22c8e004
22c8e00d
22c8e0a4
22c8e0a5
22c8e104
22c8e10d
22c8e1a4
22c8e1a5
22c8e204
22c8e20d
22c8e304
22c8e30d
22c8e404
22c8e40d
22c8e504
22c8e604
22c8e704
22c8e804
22c8e904
22c8ea04
22c8eb04
22c8f80e
22cc0004
22cc0008
22cc001b
22cc001f
22cc0024
22cc0025
22cc0048
22cc0084
22cc0088
22cc0104
22cc0125
22cc0184
22cc0204
22cc031e
22cc191e
22cc2005
22cc200e
22cc201e
22cc201f
22cc202e
22cc2088
22cc209b
22cc20a4
22cc20a5
22cc2105
22cc210e
22cc212e
22cc21a4
22cc21a5
22cc220e
22cc222e
22cc230e
22cc232e
22cc240e
22cc242e
22cc250e
22cc252e
22cc260e
22cc262e
22cc270e
22cc272e
22cc280e
22cc282e
22cc290e
22cc292e
22cc2a0e
22cc2a2e
22cc2b0e
22cc2b2e
22cc2c0e
22cc2c2e
22cc2d0e
22cc2d2e
22cc2e0e
22cc2e2e
22cc2f0e
22cc2f2e
22cc300e
22cc302e
22cc310e
22cc312e
22cc320e
22cc322e
22cc330e
22cc332e
22cc340e
22cc342e
22cc350e
22cc352e
22cc360e
22cc362e
22cc370e
22cc372e
22cc4008
22cc400d
22cc4025
22cc402e
22cc4045
22cc4048
22cc4065
22cc4084
22cc4085
22cc4088
22cc40a4
22cc40a5
22cc4125
22cc412e
22cc4145
22cc4165
22cc4185
22cc41a4
22cc41a5
22cc422e
22cc4245
22cc4265
22cc432e
22cc4345
22cc442e
22cc4445
22cc452e
22cc4545
22cc4645
22cc4745
22cc4845
22cc4945
22cc4a45
22cc4b45
22cc4c45
22cc4d45
22cc4e45
22cc4f45
22cc5005
22cc5045
22cc5105
22cc5145
22cc5205
22cc5245
22cc5345
22cc5445
22cc5545
22cc5645
22cc5745
22cc6004
22cc600d
22cc602e
22cc6065
22cc6088
22cc609b
22cc60a4
22cc60a5
22cc6104
22cc612e
22cc6165
22cc61a4
22cc61a5
22cc6204
22cc622e
22cc6265
22cc6304
22cc632e
22cc6404
22cc642e
22cc6504
22cc652e
22cc6604
22cc662e
22cc6704
22cc672e
22cc6804
22cc682e
22cc6904
22cc692e
22cc6a04
22cc6a2e
22cc6b04
22cc6b2e
22cc6c2e
22cc6d2e
22cc6e2e
22cc6f2e
22cc702e
22cc712e
22cc722e
22cc732e
22cc742e
22cc752e
22cc762e
22cc772e
22cc8008
22cc8048
22cc8088
22cc80a5
22cc81a5
22cca004
22cca00e
22cca02e
22cca044
22cca045
22cca09b
22cca0a4
22cca0a5
22cca104
22cca10e
22cca12e
22cca144
22cca145
22cca1a4
22cca1a5
22cca204
22cca20e
22cca22e
22cca244
22cca245
22cca304
22cca30e
22cca32e
22cca344
22cca404
22cca40e
22cca42e
22cca444
22cca504
22cca50e
22cca52e
22cca544
22cca604
22cca60e
22cca62e
22cca644
22cca704
22cca70e
22cca72e
22cca744
22cca804
22cca80e
22cca82e
22cca844
22cca904
22cca90e
22cca92e
22cca944
22ccaa04
22ccaa0e
22ccaa2e
22ccaa44
22ccab04
22ccab0e
22ccab2e
22ccab44
22ccac0e
22ccac2e
22ccad0e
22ccad2e
22ccae0e
22ccae2e
22ccaf0e
22ccaf2e
22ccb00e
22ccb02e
22ccb10e
22ccb12e
22ccb20e
22ccb22e
22ccb30e
22ccb32e
22ccb40e
22ccb42e
22ccb50e
22ccb52e
22ccb60e
22ccb62e
22ccb70e
22ccb72e
22ccc008
22ccc00d
22ccc048
22ccc084
22ccc085
22ccc088
22ccc0a4
22ccc0a5
22ccc10d
22ccc1a4
22ccc1a5
22ccc20d
22ccc30d
22ccc40d
22cce004
22cce00d
22cce02e
22cce0a4
22cce0a5
22cce104
22cce10d
22cce12e
22cce1a4
22cce1a5
22cce204
22cce20d
22cce22e
22cce304
22cce30d
22cce32e
22cce404
22cce40d
22cce42e
22cce504
22cce52e
22cce604
22cce62e
22cce704
22cce72e
22cce804
22cce82e
22cce904
22cce92e
22ccea04
22ccea2e
22cceb04
22cceb2e
22ccec2e
22cced2e
22ccee2e
22ccef2e
22ccf02e
22ccf12e
22ccf22e
22ccf32e
22ccf42e
22ccf52e
22ccf62e
22ccf72e
22d00004
22d00008
22d00019
22d0001b
22d0001f
22d00024
22d00025
22d00038
22d0003c
22d00045
22d00048
22d00059
22d00078
22d00084
22d00088
22d00104
22d00125
22d00145
22d00184
22d00204
22d00245
22d0031e
22d00345
22d00445
22d00545
22d00645
22d00745
22d00845
22d00945
22d00a45
22d00b45
22d00c45
22d00d45
22d00e45
22d00f45
22d01045
22d01145
22d01245
22d01345
22d01445
22d01545
22d01645
22d01745
22d0191e
22d02005
22d0201f
22d02088
22d0209b
22d020a4
22d020a5
22d020c1
22d02105
22d021a4
22d021a5
22d021c1
22d022c1
22d023c1
22d024c1
22d025c1
22d026c1
22d027c1
22d028c1
22d029c1
22d02ac1
22d02bc1
22d03ff8
22d04008
22d04019
22d04025
22d04038
22d0403c
22d04048
22d04059
22d04065
22d04078
22d04084
22d04085
22d04088
22d040a4
22d040a5
22d04125
22d04165
22d04185
22d041a4
22d041a5
22d04265
22d05005
22d05105
22d05205
22d0600e
22d0604e
22d06065
22d06088
22d0609b
22d060a4
22d060a5
22d060d9
22d0610e
22d0614e
22d06165
22d061a4
22d061a5
22d0620e
22d0624e
22d06265
22d0630e
22d0634e
22d0640e
22d0644e
22d0650e
22d0654e
22d0660e
22d0664e
22d0670e
22d0674e
22d0680e
22d0684e
22d0690e
22d0694e
22d06a0e
22d06a4e
22d06b0e
22d06b4e
22d06c0e
22d06c4e
22d06d0e
22d06d4e
22d06e0e
22d06e4e
22d06f0e
22d06f4e
22d0700e
22d0704e
22d0710e
22d0714e
22d0720e
22d0724e
22d0730e
22d0734e
22d0740e
22d0744e
22d0750e
22d0754e
22d0760e
22d0764e
22d0770e
22d0774e
22d08008
22d08019
22d0801a
22d08038
22d08045
22d08048
22d08059
22d0805a
22d08078
22d08088
22d08099
22d080a5
22d080b8
22d080f8
22d08145
22d0815a
22d081a5
22d08245
22d08345
22d08445
22d08545
22d08645
22d08745
22d08845
22d08945
22d08a45
22d08ac0
22d08b45
22d08bc0
22d08c45
22d08cc0
22d08d45
22d08dc0
22d08e45
22d08ec0
22d08f45
22d08fc0
22d09045
22d09145
22d09245
22d09345
22d09445
22d09545
22d09645
22d09745
22d0a044
22d0a045
22d0a09b
22d0a0a4
22d0a0a5
22d0a144
22d0a145
22d0a1a4
22d0a1a5
22d0a244
22d0a245
22d0a344
22d0a444
22d0a544
22d0a644
22d0a744
22d0a844
22d0a944
22d0aa44
22d0ab44
22d0c008
22d0c044
22d0c048
22d0c084
22d0c085
22d0c088
22d0c0a4
22d0c0a5
22d0c144
22d0c1a4
22d0c1a5
22d0c244
22d0c344
22d0c444
22d0c544
22d0c644
22d0c744
22d0c844
22d0c944
22d0ca44
22d0cac0
22d0cb44
22d0cc44
22d0cd44
22d0ce44
22d0cf44
22d0d044
22d0d144
22d0d244
22d0d344
22d0d444
22d0d544
22d0d644
22d0d744
22d0e0a4
22d0e0a5
22d0e1a4
22d0e1a5
22d40004
22d40008
22d4000f
22d40019
22d4001b
22d4001d
22d4001f
22d40024
22d40025
22d4002f
22d40045
22d40048
22d40084
22d40088
22d40104
22d4010f
22d40125
22d4012f
22d40145
22d40184
22d40204
22d4022f
22d40245
22d40319
22d4031d
22d4031e
22d40345
22d40419
22d4041d
22d40445
22d40519
22d4051d
22d40545
22d40619
22d4061d
22d40645
22d40719
22d4071d
22d40745
22d40819
22d4081d
22d40845
22d40919
22d4091d
22d40945
22d40a19
22d40a1d
22d40a45
22d40b19
22d40b1d
22d40b45
22d40c19
22d40c1d
22d40c45
22d40d19
22d40d1d
22d40d45
22d40e19
22d40e1d
22d40e45
22d40f19
22d40f1d
22d40f45
22d41019
22d4101d
22d41045
22d41119
22d4111d
22d41145
22d41219
22d4121d
22d41245
22d41319
22d4131d
22d41345
22d41419
22d4141d
22d41445
22d41519
22d4151d
22d41545
22d41619
22d4161d
22d41645
22d41719
22d4171d
22d41745
22d41819
22d4181d
22d41919
22d4191d
22d4191e
22d42005
22d4200e
22d4201e
22d4201f
22d4202e
22d42088
22d4209b
22d420a4
22d420a5
22d420c1
22d42105
22d4210e
22d4212e
22d421a4
22d421a5
22d421c1
22d4220e
22d4222e
22d422c1
22d4230e
22d4232e
22d423c1
22d4240e
22d4242e
22d424c1
22d4250e
22d4252e
22d425c1
22d4260e
22d4262e
22d426c1
22d4270e
22d4272e
22d427c1
22d4280e
22d4282e
22d428c1
22d4290e
22d4292e
22d429c1
22d42a0e
22d42a2e
22d42ac1
22d42b0e
22d42b2e
22d42bc1
22d42c0e
22d42c2e
22d42d0e
22d42d2e
22d42e0e
22d42e2e
22d42f0e
22d42f2e
22d4300e
22d4302e
22d4310e
22d4312e
22d4320e
22d4322e
22d4330e
22d4332e
22d4340e
22d4342e
22d4350e
22d4352e
22d4360e
22d4362e
22d4370e
22d4372e
22d44008
22d44019
22d4401d
22d44025
22d4402e
22d44048
22d44065
22d44084
22d44085
22d44088
22d440a4
22d440a5
22d44125
22d4412e
22d44165
22d44185
22d441a4
22d441a5
22d4422e
22d44265
22d44319
22d4431d
22d4432e
22d44419
22d4441d
22d4442e
22d44519
22d4451d
22d4452e
22d44619
22d4461d
22d44719
22d4471d
22d44819
22d4481d
22d44919
22d4491d
22d44a19
22d44a1d
22d44b19
22d44b1d
22d44c19
22d44c1d
22d44d19
22d44d1d
22d44e19
22d44e1d
22d44f19
22d44f1d
22d45005
22d45019
22d4501d
22d45105
22d45119
22d4511d
22d45205
22d45219
22d4521d
22d45319
22d4531d
22d45419
22d4541d
22d45519
22d4551d
22d45619
22d4561d
22d45719
22d4571d
22d45819
22d4581d
22d45919
22d4591d
22d46065
22d46088
22d4609b
22d460a4
22d460a5
22d46165
22d461a4
22d461a5
22d46265
22d48008
22d48019
22d4801a
22d4801d
22d48045
22d48048
22d4805a
22d48088
22d480a5
22d4811a
22d48145
22d4815a
22d481a5
22d48245
22d48319
22d4831d
22d48345
22d48419
22d4841d
22d48445
22d48519
22d4851d
22d48545
22d48619
22d4861d
22d48645
22d48719
22d4871d
22d48745
22d48819
22d4881d
22d48845
22d48919
22d4891d
22d48945
22d48a19
22d48a1d
22d48a45
22d48b19
22d48b1d
22d48b45
22d48c19
22d48c1d
22d48c45
22d48d19
22d48d1d
22d48d45
22d48e19
22d48e1d
22d48e45
22d48f19
22d48f1d
22d48f45
22d49019
22d4901d
22d49045
22d49119
22d4911d
22d49145
22d49219
22d4921d
22d49245
22d49319
22d4931d
22d49345
22d49419
22d4941d
22d49445
22d49519
22d4951d
22d49545
22d49619
22d4961d
22d49645
22d49719
22d4971d
22d49745
22d49819
22d4981d
22d49919
22d4991d
22d4a00e
22d4a02e
22d4a044
22d4a045
22d4a09b
22d4a0a4
22d4a0a5
22d4a10e
22d4a12e
22d4a144
22d4a145
22d4a1a4
22d4a1a5
22d4a20e
22d4a22e
22d4a244
22d4a245
22d4a30e
22d4a32e
22d4a344
22d4a40e
22d4a42e
22d4a444
22d4a50e
22d4a52e
22d4a544
22d4a60e
22d4a62e
22d4a644
22d4a70e
22d4a72e
22d4a744
22d4a80e
22d4a82e
22d4a844
22d4a90e
22d4a92e
22d4a944
22d4aa0e
22d4aa2e
22d4aa44
22d4ab0e
22d4ab2e
22d4ab44
22d4ac0e
22d4ac2e
22d4ad0e
22d4ad2e
22d4ae0e
22d4ae2e
22d4af0e
22d4af2e
22d4b00e
22d4b02e
22d4b10e
22d4b12e
22d4b20e
22d4b22e
22d4b30e
22d4b32e
22d4b40e
22d4b42e
22d4b50e
22d4b52e
22d4b60e
22d4b62e
22d4b70e
22d4b72e
22d4c008
22d4c048
22d4c084
22d4c085
22d4c088
22d4c0a4
22d4c0a5
22d4c1a4
22d4c1a5
22d4e0a4
22d4e0a5
22d4e1a4
22d4e1a5
22d80004
22d80008
22d8001b
22d8001d
22d8001f
22d80024
22d80025
22d80038
22d80045
22d80048
22d80078
22d80084
22d80088
22d800b8
22d80104
22d80125
22d80145
22d80184
22d80204
22d8031e
22d8191e
22d82005
22d8201f
22d82088
22d8209b
22d820a4
22d820a5
22d82105
22d8210e
22d821a4
22d821a5
22d84008
22d8401d
22d84025
22d84038
22d84045
22d84048
22d84065
22d84078
22d84084
22d84085
22d84088
22d840a4
22d840a5
22d840b8
22d84125
22d84145
22d84165
22d84185
22d841a4
22d841a5
22d84265
22d85005
22d85105
22d85205
22d86065
22d86088
22d8609b
22d860a4
22d860a5
22d860c1
22d86165
22d861a4
22d861a5
22d861c1
22d86265
22d862c1
22d863c1
22d864c1
22d865c1
22d866c1
22d867c1
22d868c1
22d869c1
22d86ac1
22d86bc1
22d86cc1
22d86dc1
22d86ec1
22d86fc1
22d870c1
22d871c1
22d872c1
22d873c1
22d874c1
22d875c1
22d876c1
22d877c1
22d8790e
22d88008
22d88038
22d88045
22d88048
22d88078
22d88088
22d880a5
22d880b8
22d88145
22d881a5
22d8a02e
22d8a044
22d8a045
22d8a06e
22d8a07e
22d8a09b
22d8a0a4
22d8a0a5
22d8a10e
22d8a12e
22d8a144
22d8a145
22d8a14e
22d8a15e
22d8a16e
22d8a17e
22d8a1a4
22d8a1a5
22d8a244
22d8a245
22d8a344
22d8a444
22d8a544
22d8a644
22d8a744
22d8a844
22d8a944
22d8aa44
22d8ab44
22d8c008
22d8c044
22d8c045
22d8c048
22d8c084
22d8c085
22d8c088
22d8c0a4
22d8c0a5
22d8c144
22d8c145
22d8c1a4
22d8c1a5
22d8c244
22d8c344
22d8c444
22d8c544
22d8c644
22d8c744
22d8c844
22d8c944
22d8ca44
22d8cb44
22d8cc44
22d8cd44
22d8ce44
22d8cf44
22d8d044
22d8d144
22d8d244
22d8d344
22d8d444
22d8d544
22d8d644
22d8d744
22d8e06e
22d8e07e
22d8e0a4
22d8e0a5
22d8e14e
22d8e15e
22d8e16e
22d8e17e
22d8e1a4
22d8e1a5
22d8f82e
22d8f86e
22d8f87e
22d8f90e
22d8f92e
22d8f94e
22d8f95e
22d8f96e
22d8f97e
22dc0004
22dc0008
22dc001b
22dc001f
22dc0024
22dc0025
22dc0045
22dc0048
22dc0084
22dc0088
22dc0104
22dc0125
22dc0145
22dc0184
22dc0204
22dc031e
22dc191e
22dc2005
22dc200e
22dc201e
22dc201f
22dc2088
22dc209b
22dc20a4
22dc20a5
22dc2105
22dc210e
22dc21a4
22dc21a5
22dc220e
22dc230e
22dc240e
22dc250e
22dc260e
22dc270e
22dc280e
22dc290e
22dc2a0e
22dc2b0e
22dc2c0e
22dc2d0e
22dc2e0e
22dc2f0e
22dc300e
22dc310e
22dc320e
22dc330e
22dc340e
22dc350e
22dc360e
22dc370e
22dc4008
22dc4025
22dc402e
22dc4045
22dc4048
22dc4065
22dc4084
22dc4085
22dc4088
22dc40a4
22dc40a5
22dc4125
22dc412e
22dc4145
22dc4165
22dc4185
22dc41a4
22dc41a5
22dc422e
22dc4265
22dc432e
22dc442e
22dc452e
22dc5005
22dc5105
22dc5205
22dc6065
22dc6088
22dc609b
22dc60a4
22dc60a5
22dc6165
22dc61a4
22dc61a5
22dc6265
22dc8008
22dc8045
22dc8048
22dc8088
22dc80a5
22dc8145
22dc81a5
22dca00e
22dca02e
22dca044
22dca045
22dca09b
22dca0a4
22dca0a5
22dca10e
22dca12e
22dca144
22dca145
22dca1a4
22dca1a5
22dca20e
22dca22e
22dca244
22dca245
22dca30e
22dca32e
22dca344
22dca40e
22dca42e
22dca444
22dca50e
22dca52e
22dca544
22dca60e
22dca62e
22dca644
22dca70e
22dca72e
22dca744
22dca80e
22dca82e
22dca844
22dca90e
22dca92e
22dca944
22dcaa0e
22dcaa2e
22dcaa44
22dcab0e
22dcab2e
22dcab44
22dcac0e
22dcac2e
22dcad0e
22dcad2e
22dcae0e
22dcae2e
22dcaf0e
22dcaf2e
22dcb00e
22dcb02e
22dcb10e
22dcb12e
22dcb20e
22dcb22e
22dcb30e
22dcb32e
22dcb40e
22dcb42e
22dcb50e
22dcb52e
22dcb60e
22dcb62e
22dcb70e
22dcb72e
22dcc008
22dcc045
22dcc048
22dcc084
22dcc085
22dcc088
22dcc0a4
22dcc0a5
22dcc145
22dcc1a4
22dcc1a5
22dce0a4
22dce0a5
22dce1a4
22dce1a5
22e00004
22e00019
22e00024
22e00025
22e00038
22e0003c
22e00044
22e00059
22e00078
22e00084
22e000e5
22e00104
22e00124
22e00144
22e00204
22e00224
22e00244
22e00344
22e00444
22e00544
22e00644
22e00744
22e00844
22e00944
22e00a44
22e00b44
22e00c44
22e00d44
22e00e44
22e00f44
22e01044
22e010a5
22e01144
22e011a5
22e01244
22e012a5
22e01344
22e01444
22e01544
22e01644
22e01744
22e01825
22e01925
22e02004
22e02005
22e0200e
22e0204e
22e020a4
22e020a5
22e020c1
22e02104
22e0210e
22e0214e
22e02204
22e0220e
22e02245
22e0224e
22e02304
22e0230e
22e02345
22e0234e
22e023c1
22e02404
22e0240e
22e0244e
22e02504
22e0250e
22e0254e
22e02604
22e0260e
22e0264e
22e026c1
22e02704
22e0270e
22e0274e
22e02804
22e0280e
22e0284e
22e02904
22e0290e
22e0294e
22e02a04
22e02a0e
22e02a4e
22e02b04
22e02b0e
22e02b4e
22e02c04
22e02c0e
22e02c4e
22e02d04
22e02d0e
22e02d4e
22e02e04
22e02e0e
22e02e4e
22e02f04
22e02f0e
22e02f4e
22e03004
22e0300e
22e0304e
22e03104
22e0310e
22e0314e
22e03204
22e0320e
22e0324e
22e03304
22e0330e
22e0334e
22e033c1
22e03404
22e0340e
22e0344e
22e03504
22e0350e
22e0354e
22e03604
22e0360e
22e0364e
22e03704
22e0370e
22e0374e
22e03804
22e03904
22e03a04
22e03b04
22e03c04
22e03d04
22e03e04
22e03f04
22e0400d
22e04019
22e04025
22e04038
22e0403c
22e04059
22e04078
22e04085
22e040a4
22e040a5
22e05825
22e05925
22e06004
22e0600d
22e06065
22e06088
22e060a4
22e060a5
22e060c1
22e060d9
22e06104
22e06165
22e06204
22e06265
22e06304
22e06404
22e06504
22e065c1
22e06604
22e066c1
22e06704
22e06804
22e06904
22e06a04
22e06b04
22e06c04
22e06d04
22e06e04
22e06f04
22e07004
22e07104
22e07204
22e07304
22e07404
22e07504
22e07604
22e07704
22e07804
22e07904
22e07a04
22e07b04
22e08019
22e0801a
22e08038
22e08059
22e0805a
22e08078
22e08099
22e080a5
22e080b8
22e080f8
22e0815a
22e08ac0
22e08bc0
22e08cc0
22e08dc0
22e08ec0
22e08fc0
22e090a4
22e090a5
22e091a4
22e091a5
22e092a4
22e092a5
22e09825
22e09925
22e0a004
22e0a044
22e0a0a4
22e0a0a5
22e0a0c1
22e0a104
22e0a144
22e0a204
22e0a244
22e0a304
22e0a344
22e0a404
22e0a444
22e0a504
22e0a544
22e0a5c1
22e0a604
22e0a644
22e0a6c1
22e0a704
22e0a744
22e0a804
22e0a844
22e0a904
22e0a944
22e0aa04
22e0aa44
22e0ab04
22e0ab44
22e0ac04
22e0ad04
22e0ae04
22e0af04
22e0b004
22e0b0a4
22e0b104
22e0b1a4
22e0b204
22e0b2a4
22e0b304
22e0b3c1
22e0b404
22e0b504
22e0b604
22e0b704
22e0b804
22e0b904
22e0ba04
22e0bb04
22e0c00d
22e0c084
22e0c085
22e0c0a4
22e0c0a5
22e0c0e5
22e0c10d
22e0c185
22e0c20d
22e0c285
22e0c30d
22e0c40d
22e0cac0
22e0d825
22e0d925
22e0e004
22e0e00d
22e0e0a4
22e0e0a5
22e0e104
22e0e10d
22e0e204
22e0e20d
22e0e304
22e0e30d
22e0e404
22e0e40d
22e0e504
22e0e5c1
22e0e604
22e0e6c1
22e0e704
22e0e804
22e0e904
22e0ea04
22e0eb04
22e0ec04
22e0ed04
22e0ee04
22e0ef04
22e0f004
22e0f104
22e0f204
22e0f304
22e0f404
22e0f504
22e0f604
22e0f704
22e0f804
22e0f904
22e0fa04
22e0fb04
22e40004
22e4000f
22e40019
22e4001d
22e40024
22e40025
22e40044
22e40084
22e400e5
22e40104
22e4010f
22e40124
22e40144
22e40204
22e40224
22e40244
22e40319
22e4031d
22e40344
22e40419
22e4041d
22e40444
22e40519
22e4051d
22e40544
22e40619
22e4061d
22e40644
22e40719
22e4071d
22e40744
22e40819
22e4081d
22e40844
22e40919
22e4091d
22e40944
22e40a19
22e40a1d
22e40a44
22e40b19
22e40b1d
22e40b44
22e40c19
22e40c1d
22e40c44
22e40d19
22e40d1d
22e40d44
22e40e19
22e40e1d
22e40e44
22e40f19
22e40f1d
22e40f44
22e4100f
22e41019
22e4101d
22e41044
22e410a5
22e4110f
22e41119
22e4111d
22e41144
22e411a5
22e4120f
22e41219
22e4121d
22e41244
22e412a5
22e4130f
22e41319
22e4131d
22e41344
22e4140f
22e41419
22e4141d
22e41444
22e4150f
22e41519
22e4151d
22e41544
22e4160f
22e41619
22e4161d
22e41644
22e4170f
22e41719
22e4171d
22e41744
22e4180f
22e41819
22e4181d
22e4190f
22e41919
22e4191d
22e41a0f
22e41b0f
22e41c0f
22e41d0f
22e41e0f
22e41f0f
22e42005
22e4200e
22e4200f
22e4201e
22e4202e
22e420a4
22e420a5
22e4210e
22e4210f
22e4212e
22e4220e
22e4220f
22e4222e
22e42245
22e4230e
22e4230f
22e4232e
22e4240e
22e4240f
22e4242e
22e4250e
22e4250f
22e4252e
22e4260e
22e4262e
22e4270e
22e4272e
22e4280e
22e4282e
22e4290e
22e4292e
22e42a0e
22e42a2e
22e42b0e
22e42b2e
22e42c0e
22e42c2e
22e42d0e
22e42d2e
22e42e0e
22e42e2e
22e42f0e
22e42f2e
22e43004
22e4300e
22e4302e
22e43104
22e4310e
22e4312e
22e43204
22e4320e
22e4322e
22e43304
22e4330e
22e4332e
22e43404
22e4340e
22e4342e
22e43504
22e4350e
22e4352e
22e43604
22e4360e
22e4362e
22e43704
22e4370e
22e4372e
22e43804
22e43904
22e43a04
22e43b04
22e43c04
22e43d04
22e43e04
22e43f04
22e4400d
22e44019
22e4401d
22e44025
22e4402e
22e44085
22e440a4
22e440a5
22e4412e
22e4422e
22e44319
22e4431d
22e4432e
22e44419
22e4441d
22e4442e
22e44519
22e4451d
22e4452e
22e44619
22e4461d
22e4462e
22e44719
22e4471d
22e4472e
22e44819
22e4481d
22e4482e
22e44919
22e4491d
22e4492e
22e44a19
22e44a1d
22e44a2e
22e44b19
22e44b1d
22e44b2e
22e44c19
22e44c1d
22e44d19
22e44d1d
22e44e19
22e44e1d
22e44f19
22e44f1d
22e45019
22e4501d
22e45119
22e4511d
22e45219
22e4521d
22e45319
22e4531d
22e45419
22e4541d
22e45519
22e4551d
22e45619
22e4561d
22e45719
22e4571d
22e45819
22e4581d
22e45919
22e4591d
22e4600d
22e46064
22e46065
22e460a4
22e460a5
22e46164
22e46165
22e46264
22e46265
22e46364
22e46464
22e46564
22e46664
22e46764
22e46864
22e46964
22e46a64
22e46b64
22e46c64
22e46d64
22e46e64
22e46f64
22e47004
22e47064
22e47104
22e47164
22e47204
22e47264
22e47304
22e47364
22e47404
22e47464
22e47504
22e47564
22e47604
22e47664
22e47704
22e47764
22e47804
22e47904
22e47a04
22e47b04
22e48019
22e4801a
22e4801d
22e4805a
22e480a5
22e4811a
22e4815a
22e48319
22e4831d
22e48419
22e4841d
22e48519
22e4851d
22e48619
22e4861d
22e48719
22e4871d
22e48819
22e4881d
22e48919
22e4891d
22e48a19
22e48a1d
22e48b19
22e48b1d
22e48c19
22e48c1d
22e48d19
22e48d1d
22e48e19
22e48e1d
22e48f19
22e48f1d
22e49019
22e4901d
22e490a4
22e490a5
22e49119
22e4911d
22e491a4
22e491a5
22e49219
22e4921d
22e492a4
22e492a5
22e49319
22e4931d
22e49419
22e4941d
22e49519
22e4951d
22e49619
22e4961d
22e49719
22e4971d
22e49819
22e4981d
22e49919
22e4991d
22e4a02e
22e4a044
22e4a064
22e4a0a4
22e4a0a5
22e4a12e
22e4a144
22e4a164
22e4a22e
22e4a244
22e4a264
22e4a32e
22e4a344
22e4a364
22e4a42e
22e4a444
22e4a464
22e4a52e
22e4a544
22e4a564
22e4a62e
22e4a644
22e4a664
22e4a72e
22e4a744
22e4a764
22e4a82e
22e4a844
22e4a864
22e4a92e
22e4a944
22e4a964
22e4aa2e
22e4aa44
22e4aa64
22e4ab2e
22e4ab44
22e4ab64
22e4ac2e
22e4ac64
22e4ad2e
22e4ad64
22e4ae2e
22e4ae64
22e4af2e
22e4af64
22e4b004
22e4b02e
22e4b064
22e4b0a4
22e4b104
22e4b12e
22e4b164
22e4b1a4
22e4b204
22e4b22e
22e4b264
22e4b2a4
22e4b304
22e4b32e
22e4b364
22e4b404
22e4b42e
22e4b464
22e4b504
22e4b52e
22e4b564
22e4b604
22e4b664
22e4b704
22e4b764
22e4b804
22e4b904
22e4ba04
22e4bb04
22e4c00d
22e4c084
22e4c085
22e4c0a4
22e4c0a5
22e4c0e5
22e4c10d
22e4c185
22e4c20d
22e4c285
22e4c30d
22e4c40d
22e4e00d
22e4e0a4
22e4e0a5
22e4e10d
22e4e20d
22e4e30d
22e4e40d
22e4f004
22e4f104
22e4f204
22e4f304
22e4f404
22e4f504
22e4f604
22e4f704
22e4f804
22e4f904
22e4fa04
22e4fb04
22e80004
22e8001d
22e80024
22e80025
22e80038
22e80044
22e80078
22e80084
22e800b8
22e800e5
22e80104
22e80124
22e80144
22e80204
22e80224
22e80244
22e80344
22e80444
22e80544
22e80644
22e80744
22e80844
22e80944
22e80a44
22e80b44
22e80c44
22e80d44
22e80e44
22e80f44
22e81044
22e810a5
22e81144
22e811a5
22e81244
22e812a5
22e81344
22e81444
22e81544
22e81644
22e81744
22e82005
22e820a4
22e820a5
22e8210e
22e8212e
22e8214e
22e8216e
22e8400d
22e8401d
22e84025
22e84038
22e84078
22e84085
22e840a4
22e840a5
22e840b8
22e8600d
22e86065
22e860a4
22e860a5
22e8614e
22e86165
22e8616e
22e86265
22e88038
22e88078
22e880a5
22e880b8
22e890a4
22e890a5
22e891a4
22e891a5
22e892a4
22e892a5
22e8a00e
22e8a044
22e8a04e
22e8a05e
22e8a0a4
22e8a0a5
22e8a144
22e8a244
22e8a344
22e8a444
22e8a544
22e8a644
22e8a744
22e8a844
22e8a944
22e8aa44
22e8ab44
22e8b0a4
22e8b1a4
22e8b2a4
22e8c00d
22e8c084
22e8c085
22e8c0a4
22e8c0a5
22e8c0e5
22e8c10d
22e8c185
22e8c20d
22e8c285
22e8c30d
22e8c40d
22e8e00d
22e8e04e
22e8e05e
22e8e0a4
22e8e0a5
22e8e10d
22e8e20d
22e8e30d
22e8e40d
22e8f80e
22e8f84e
22e8f85e
22ec0004
22ec0024
22ec0025
22ec0044
22ec0084
22ec00e5
22ec0104
22ec0124
22ec0144
22ec0204
22ec0224
22ec0244
22ec0344
22ec0444
22ec0544
22ec0644
22ec0744
22ec0844
22ec0944
22ec0a44
22ec0b44
22ec0c44
22ec0d44
22ec0e44
22ec0f44
22ec1044
22ec10a5
22ec1144
22ec11a5
22ec1244
22ec12a5
22ec1344
22ec1444
22ec1544
22ec1644
22ec1744
22ec2005
22ec200e
22ec201e
22ec202e
22ec20a4
22ec20a5
22ec210e
22ec212e
22ec220e
22ec222e
22ec230e
22ec232e
22ec240e
22ec242e
22ec250e
22ec252e
22ec260e
22ec262e
22ec270e
22ec272e
22ec280e
22ec282e
22ec290e
22ec292e
22ec2a0e
22ec2a2e
22ec2b0e
22ec2b2e
22ec2c0e
22ec2c2e
22ec2d0e
22ec2d2e
22ec2e0e
22ec2e2e
22ec2f0e
22ec2f2e
22ec300e
22ec302e
22ec310e
22ec312e
22ec320e
22ec322e
22ec330e
22ec332e
22ec340e
22ec342e
22ec350e
22ec352e
22ec360e
22ec362e
22ec370e
22ec372e
22ec400d
22ec4025
22ec4085
22ec40a4
22ec40a5
22ec600d
22ec600e
22ec6065
22ec60a4
22ec60a5
22ec610e
22ec6165
22ec620e
22ec6265
22ec630e
22ec640e
22ec650e
22ec660e
22ec670e
22ec680e
22ec690e
22ec6a0e
22ec6b0e
22ec6c0e
22ec6d0e
22ec6e0e
22ec6f0e
22ec700e
22ec710e
22ec720e
22ec730e
22ec740e
22ec750e
22ec760e
22ec770e
22ec7e5d
22ec80a5
22ec90a4
22ec90a5
22ec91a4
22ec91a5
22ec92a4
22ec92a5
22eca00e
22eca02e
22eca044
22eca0a4
22eca0a5
22eca10e
22eca12e
22eca144
22eca20e
22eca22e
22eca244
22eca30e
22eca32e
22eca344
22eca40e
22eca42e
22eca444
22eca50e
22eca52e
22eca544
22eca60e
22eca62e
22eca644
22eca70e
22eca72e
22eca744
22eca80e
22eca82e
22eca844
22eca90e
22eca92e
22eca944
22ecaa0e
22ecaa2e
22ecaa44
22ecab0e
22ecab2e
22ecab44
22ecac0e
22ecac2e
22ecad0e
22ecad2e
22ecae0e
22ecae2e
22ecaf0e
22ecaf2e
22ecb00e
22ecb02e
22ecb0a4
22ecb10e
22ecb12e
22ecb1a4
22ecb20e
22ecb22e
22ecb2a4
22ecb30e
22ecb32e
22ecb40e
22ecb42e
22ecb50e
22ecb52e
22ecb60e
22ecb62e
22ecb70e
22ecb72e
22ecc00d
22ecc084
22ecc085
22ecc0a4
22ecc0a5
22ecc0e5
22ecc10d
22ecc185
22ecc20d
22ecc285
22ecc30d
22ecc40d
22ece00d
22ece00e
22ece0a4
22ece0a5
22ece10d
22ece10e
22ece20d
22ece20e
22ece30d
22ece30e
22ece40d
22ece40e
22ece50e
22ece60e
22ece70e
22ece80e
22ece90e
22ecea0e
22eceb0e
22ecec0e
22eced0e
22ecee0e
22ecef0e
22ecf00e
22ecf10e
22ecf20e
22ecf30e
22ecf40e
22ecf50e
22ecf60e
22ecf70e
22f00004
22f0000f
22f00019
22f00024
22f00025
22f00038
22f0003c
22f00059
22f00078
22f00084
22f000e5
22f00104
22f0010f
22f00124
22f00204
22f0020f
22f00224
22f0030f
22f0040f
22f0050f
22f0060f
22f0070f
22f0080f
22f0090f
22f00a0f
22f00b0f
22f010a5
22f011a5
22f012a5
22f01825
22f02004
22f02005
22f02045
22f020a4
22f020a5
22f02104
22f02145
22f02204
22f02245
22f02304
22f02345
22f02404
22f02445
22f02504
22f02545
22f02604
22f02645
22f02704
22f02745
22f02804
22f02845
22f02904
22f02945
22f02a04
22f02a45
22f02b04
22f02b45
22f02c04
22f02c45
22f02d04
22f02d45
22f02e04
22f02e45
22f02f04
22f02f45
22f03004
22f03045
22f03104
22f03145
22f03204
22f03245
22f03304
22f03345
22f03404
22f03445
22f03504
22f03545
22f03604
22f03645
22f03704
22f03745
22f0400f
22f04019
22f04025
22f04038
22f0403c
22f04059
22f04078
22f04085
22f040a4
22f040a5
22f0410f
22f0420f
22f0430f
22f0440f
22f0450f
22f0460f
22f0470f
22f0480f
22f0490f
22f04a0f
22f04b0f
22f05825
22f06004
22f06065
22f060a4
22f060a5
22f060d9
22f06104
22f06165
22f06204
22f06265
22f06304
22f06404
22f06504
22f06604
22f06704
22f06804
22f06904
22f06a04
22f06b04
22f07e5d
22f08019
22f0801a
22f08038
22f08059
22f0805a
22f08078
22f08099
22f080a5
22f080b8
22f080f8
22f0815a
22f090a4
22f090a5
22f091a4
22f091a5
22f092a4
22f092a5
22f0a004
22f0a0a4
22f0a0a5
22f0a104
22f0a204
22f0a304
22f0a404
22f0a504
22f0a604
22f0a704
22f0a804
22f0a904
22f0aa04
22f0ab04
22f0b0a4
22f0b1a4
22f0b2a4
22f0c00f
22f0c04f
22f0c084
22f0c085
22f0c0a4
22f0c0a5
22f0c0e5
22f0c10f
22f0c14f
22f0c185
22f0c20f
22f0c24f
22f0c285
22f0c30f
22f0c34f
22f0c40f
22f0c44f
22f0c50f
22f0c54f
22f0c60f
22f0c64f
22f0c70f
22f0c74f
22f0c80f
22f0c84f
22f0c90f
22f0c94f
22f0ca0f
22f0ca4f
22f0cb0f
22f0cb4f
22f0e004
22f0e0a4
22f0e0a5
22f0e104
22f0e204
22f0e304
22f0e404
22f0e504
22f0e604
22f0e704
22f0e804
22f0e904
22f0ea04
22f0eb04
22f40004
22f4000e
22f40019
22f4001d
22f40024
22f40025
22f4004e
22f40084
22f400e5
22f40104
22f4010e
22f40124
22f4014e
22f40204
22f4020e
22f40224
22f4024e
22f4030e
22f40319
22f4031d
22f4034e
22f4040e
22f40419
22f4041d
22f4044e
22f4050e
22f40519
22f4051d
22f4054e
22f4060e
22f40619
22f4061d
22f4064e
22f4070e
22f40719
22f4071d
22f4074e
22f4080e
22f40819
22f4081d
22f4084e
22f4090e
22f40919
22f4091d
22f4094e
22f40a0e
22f40a19
22f40a1d
22f40a4e
22f40b0e
22f40b19
22f40b1d
22f40b4e
22f40c0e
22f40c19
22f40c1d
22f40c4e
22f40d0e
22f40d19
22f40d1d
22f40d4e
22f40e0e
22f40e19
22f40e1d
22f40e4e
22f40f0e
22f40f19
22f40f1d
22f40f4e
22f4100e
22f41019
22f4101d
22f4104e
22f410a5
22f4110e
22f41119
22f4111d
22f4114e
22f411a5
22f4120e
22f41219
22f4121d
22f4124e
22f412a5
22f4130e
22f41319
22f4131d
22f4134e
22f4140e
22f41419
22f4141d
22f4144e
22f4150e
22f41519
22f4151d
22f4154e
22f4160e
22f41619
22f4161d
22f4164e
22f4170e
22f41719
22f4171d
22f4174e
22f41819
22f4181d
22f41919
22f4191d
22f42004
22f42005
22f4200e
22f4201e
22f4202e
22f42045
22f420a4
22f420a5
22f42104
22f4210e
22f4212e
22f42145
22f42204
22f4220e
22f4222e
22f42245
22f42304
22f4230e
22f4232e
22f42345
22f42404
22f4240e
22f4242e
22f42445
22f42504
22f4250e
22f4252e
22f42545
22f42604
22f4260e
22f4262e
22f42645
22f42704
22f4270e
22f4272e
22f42745
22f42804
22f4280e
22f4282e
22f42845
22f42904
22f4290e
22f4292e
22f42945
22f42a04
22f42a0e
22f42a2e
22f42a45
22f42b04
22f42b0e
22f42b2e
22f42b45
22f42c04
22f42c0e
22f42c2e
22f42c45
22f42d04
22f42d0e
22f42d2e
22f42d45
22f42e04
22f42e0e
22f42e2e
22f42e45
22f42f04
22f42f0e
22f42f2e
22f42f45
22f43004
22f4300e
22f4302e
22f43045
22f43104
22f4310e
22f4312e
22f43145
22f43204
22f4320e
22f4322e
22f43245
22f43304
22f4330e
22f4332e
22f43345
22f43404
22f4340e
22f4342e
22f43445
22f43504
22f4350e
22f4352e
22f43545
22f43604
22f4360e
22f4362e
22f43645
22f43704
22f4370e
22f4372e
22f43745
22f44019
22f4401d
22f44025
22f4402e
22f44085
22f440a4
22f440a5
22f4412e
22f4422e
22f44319
22f4431d
22f4432e
22f44419
22f4441d
22f4442e
22f44519
22f4451d
22f4452e
22f44619
22f4461d
22f4462e
22f44719
22f4471d
22f4472e
22f44819
22f4481d
22f4482e
22f44919
22f4491d
22f4492e
22f44a19
22f44a1d
22f44a2e
22f44b19
22f44b1d
22f44b2e
22f44c19
22f44c1d
22f44d19
22f44d1d
22f44e19
22f44e1d
22f44f19
22f44f1d
22f45019
22f4501d
22f45119
22f4511d
22f45219
22f4521d
22f45319
22f4531d
22f45419
22f4541d
22f45519
22f4551d
22f45619
22f4561d
22f45719
22f4571d
22f45819
22f4581d
22f45919
22f4591d
22f46004
22f46065
22f460a4
22f460a5
22f46104
22f46165
22f46204
22f46265
22f46304
22f46404
22f46504
22f46604
22f46704
22f46804
22f46904
22f46a04
22f46b04
22f47e5d
22f48019
22f4801a
22f4801d
22f4805a
22f480a5
22f4811a
22f4815a
22f48319
22f4831d
22f48419
22f4841d
22f48519
22f4851d
22f48619
22f4861d
22f48719
22f4871d
22f48819
22f4881d
22f48919
22f4891d
22f48a19
22f48a1d
22f48b19
22f48b1d
22f48c19
22f48c1d
22f48d19
22f48d1d
22f48e19
22f48e1d
22f48f19
22f48f1d
22f49019
22f4901d
22f490a4
22f490a5
22f49119
22f4911d
22f491a4
22f491a5
22f49219
22f4921d
22f492a4
22f492a5
22f49319
22f4931d
22f49419
22f4941d
22f49519
22f4951d
22f49619
22f4961d
22f49719
22f4971d
22f49819
22f4981d
22f49919
22f4991d
22f4a004
22f4a00e
22f4a02e
22f4a0a4
22f4a0a5
22f4a104
22f4a10e
22f4a12e
22f4a204
22f4a20e
22f4a22e
22f4a304
22f4a30e
22f4a32e
22f4a404
22f4a40e
22f4a42e
22f4a504
22f4a50e
22f4a52e
22f4a604
22f4a60e
22f4a62e
22f4a704
22f4a70e
22f4a72e
22f4a804
22f4a80e
22f4a82e
22f4a904
22f4a90e
22f4a92e
22f4aa04
22f4aa0e
22f4aa2e
22f4ab04
22f4ab0e
22f4ab2e
22f4ac0e
22f4ac2e
22f4ad0e
22f4ad2e
22f4ae0e
22f4ae2e
22f4af0e
22f4af2e
22f4b00e
22f4b02e
22f4b0a4
22f4b10e
22f4b12e
22f4b1a4
22f4b20e
22f4b22e
22f4b2a4
22f4b30e
22f4b32e
22f4b40e
22f4b42e
22f4b50e
22f4b52e
22f4b60e
22f4b62e
22f4b70e
22f4b72e
22f4c084
22f4c085
22f4c0a4
22f4c0a5
22f4c0e5
22f4c185
22f4c285
22f4e004
22f4e0a4
22f4e0a5
22f4e104
22f4e204
22f4e304
22f4e404
22f4e504
22f4e604
22f4e704
22f4e804
22f4e904
22f4ea04
22f4eb04
22f80004
22f8000f
22f8001d
22f80024
22f80025
22f80038
22f80044
22f80078
22f80084
22f800b8
22f800e5
22f80104
22f8010f
22f80124
22f80144
22f80204
22f8020f
22f80224
22f80244
22f8030f
22f80344
22f8040f
22f80444
22f8050f
22f80544
22f8060f
22f80644
22f8070f
22f80744
22f8080f
22f80844
22f8090f
22f80944
22f80a0f
22f80a44
22f80b0f
22f80b44
22f80c44
22f80d44
22f80e44
22f80f44
22f81044
22f810a5
22f81144
22f811a5
22f81244
22f812a5
22f81344
22f81444
22f81544
22f81644
22f81744
22f82004
22f82005
22f820a4
22f820a5
22f82104
22f8210e
22f8212e
22f8214e
22f8216e
22f82204
22f82304
22f82404
22f82504
22f82604
22f82704
22f82804
22f82904
22f82a04
22f82b04
22f82c04
22f82d04
22f82e04
22f82f04
22f83004
22f8300e
22f8304e
22f83104
22f83204
22f83304
22f83404
22f83504
22f83604
22f83704
22f8400f
22f8401d
22f84025
22f84038
22f84078
22f84085
22f840a4
22f840a5
22f840b8
22f8410f
22f8420f
22f8430f
22f8440f
22f8450f
22f8460f
22f8470f
22f8480f
22f8490f
22f84a0f
22f84b0f
22f86004
22f86065
22f860a4
22f860a5
22f86104
22f8614e
22f86165
22f8616e
22f86204
22f86265
22f86304
22f86404
22f86504
22f86604
22f86704
22f86804
22f86904
22f86a04
22f86b04
22f87e5d
22f88038
22f88078
22f880a5
22f880b8
22f890a4
22f890a5
22f891a4
22f891a5
22f892a4
22f892a5
22f8a004
22f8a0a4
22f8a0a5
22f8a104
22f8a12e
22f8a15e
22f8a204
22f8a304
22f8a404
22f8a504
22f8a604
22f8a704
22f8a804
22f8a904
22f8aa04
22f8ab04
22f8b00e
22f8b04e
22f8b0a4
22f8b1a4
22f8b2a4
22f8c00f
22f8c04f
22f8c084
22f8c085
22f8c0a4
22f8c0a5
22f8c0e5
22f8c10f
22f8c14f
22f8c185
22f8c20f
22f8c24f
22f8c285
22f8c30f
22f8c34f
22f8c40f
22f8c44f
22f8c50f
22f8c54f
22f8c60f
22f8c64f
22f8c70f
22f8c74f
22f8c80f
22f8c84f
22f8c90f
22f8c94f
22f8ca0f
22f8ca4f
22f8cb0f
22f8cb4f
22f8e004
22f8e0a4
22f8e0a5
22f8e104
22f8e15e
22f8e204
22f8e304
22f8e404
22f8e504
22f8e604
22f8e704
22f8e804
22f8e904
22f8ea04
22f8eb04
22f8f92e
22f8f95e
22fc0004
22fc000e
22fc001b
22fc0024
22fc0025
22fc0084
22fc00e5
22fc0104
22fc010e
22fc011b
22fc0124
22fc0204
22fc020e
22fc021b
22fc0224
22fc030e
22fc031b
22fc040e
22fc041b
22fc050e
22fc051b
22fc060e
22fc061b
22fc070e
22fc071b
22fc080e
22fc081b
22fc090e
22fc091b
22fc0a0e
22fc0a1b
22fc0b0e
22fc0b1b
22fc0c0e
22fc0c1b
22fc0d0e
22fc0d1b
22fc0e0e
22fc0e1b
22fc0f0e
22fc0f1b
22fc100e
22fc100f
22fc101b
22fc10a5
22fc110e
22fc110f
22fc111b
22fc11a5
22fc120e
22fc120f
22fc121b
22fc12a5
22fc130e
22fc130f
22fc131b
22fc140e
22fc140f
22fc141b
22fc150e
22fc150f
22fc151b
22fc160e
22fc160f
22fc161b
22fc170e
22fc170f
22fc171b
22fc180f
22fc190f
22fc1a0f
22fc1b0f
22fc1c0f
22fc1d0f
22fc1e0f
22fc1f0f
22fc2004
22fc2005
22fc2008
22fc200e
22fc200f
22fc201e
22fc2048
22fc209b
22fc20a4
22fc20a5
22fc2104
22fc210e
22fc210f
22fc219b
22fc2204
22fc2208
22fc220e
22fc220f
22fc2248
22fc229b
22fc2304
22fc230e
22fc230f
22fc239b
22fc2404
22fc2408
22fc240e
22fc240f
22fc2448
22fc249b
22fc2504
22fc250e
22fc250f
22fc259b
22fc2604
22fc2608
22fc260e
22fc2648
22fc269b
22fc2704
22fc270e
22fc279b
22fc2804
22fc2808
22fc280e
22fc2848
22fc289b
22fc2904
22fc290e
22fc299b
22fc2a04
22fc2a08
22fc2a0e
22fc2a48
22fc2a9b
22fc2b04
22fc2b0e
22fc2b9b
22fc2c04
22fc2c08
22fc2c0e
22fc2c48
22fc2c9b
22fc2d04
22fc2d0e
22fc2d9b
22fc2e04
22fc2e08
22fc2e0e
22fc2e48
22fc2e9b
22fc2f04
22fc2f0e
22fc2f9b
22fc3004
22fc3008
22fc300e
22fc309b
22fc3104
22fc310e
22fc319b
22fc3204
22fc3208
22fc320e
22fc329b
22fc3304
22fc330e
22fc339b
22fc3404
22fc3408
22fc340e
22fc349b
22fc3504
22fc350e
22fc359b
22fc3604
22fc3608
22fc360e
22fc369b
22fc3704
22fc370e
22fc379b
22fc3808
22fc3a08
22fc3c08
22fc3e08
22fc4025
22fc4085
22fc40a4
22fc40a5
22fc5f08
22fc5f48
22fc5f88
22fc5fc8
22fc6004
22fc6008
22fc6048
22fc6065
22fc60a4
22fc60a5
22fc6104
22fc6165
22fc6204
22fc6208
22fc6248
22fc6265
22fc6304
22fc6404
22fc6408
22fc6448
22fc6504
22fc6604
22fc6608
22fc6648
22fc6704
22fc6804
22fc6808
22fc6848
22fc6904
22fc6a04
22fc6a08
22fc6a48
22fc6b04
22fc6c08
22fc6c48
22fc6e08
22fc6e48
22fc7008
22fc7208
22fc7408
22fc7608
22fc7808
22fc7a08
22fc7c08
22fc7e08
22fc7e5d
22fc80a5
22fc90a4
22fc90a5
22fc91a4
22fc91a5
22fc92a4
22fc92a5
22fc9f08
22fc9f48
22fc9f88
22fc9fc8
22fca004
22fca008
22fca00e
22fca02e
22fca048
22fca088
22fca09b
22fca0a4
22fca0a5
22fca104
22fca108
22fca10e
22fca12e
22fca148
22fca188
22fca19b
22fca204
22fca208
22fca20e
22fca22e
22fca248
22fca288
22fca29b
22fca304
22fca308
22fca30e
22fca32e
22fca348
22fca388
22fca39b
22fca404
22fca408
22fca40e
22fca42e
22fca448
22fca488
22fca49b
22fca504
22fca508
22fca50e
22fca52e
22fca548
22fca588
22fca59b
22fca604
22fca608
22fca60e
22fca62e
22fca648
22fca688
22fca69b
22fca704
22fca708
22fca70e
22fca72e
22fca748
22fca788
22fca79b
22fca804
22fca808
22fca80e
22fca82e
22fca848
22fca888
22fca89b
22fca904
22fca908
22fca90e
22fca92e
22fca948
22fca988
22fca99b
22fcaa04
22fcaa08
22fcaa0e
22fcaa2e
22fcaa48
22fcaa88
22fcaa9b
22fcab04
22fcab08
22fcab0e
22fcab2e
22fcab48
22fcab88
22fcab9b
22fcac08
22fcac0e
22fcac2e
22fcac48
22fcac88
22fcac9b
22fcad08
22fcad0e
22fcad2e
22fcad48
22fcad88
22fcad9b
22fcae08
22fcae0e
22fcae2e
22fcae48
22fcae88
22fcae9b
22fcaf08
22fcaf0e
22fcaf2e
22fcaf48
22fcaf88
22fcaf9b
22fcb008
22fcb00e
22fcb02e
22fcb048
22fcb088
22fcb09b
22fcb0a4
22fcb108
22fcb10e
22fcb12e
22fcb148
22fcb188
22fcb19b
22fcb1a4
22fcb208
22fcb20e
22fcb22e
22fcb248
22fcb288
22fcb29b
22fcb2a4
22fcb308
22fcb30e
22fcb32e
22fcb348
22fcb388
22fcb39b
22fcb408
22fcb40e
22fcb42e
22fcb448
22fcb488
22fcb49b
22fcb508
22fcb50e
22fcb52e
22fcb548
22fcb588
22fcb59b
22fcb608
22fcb60e
22fcb62e
22fcb648
22fcb688
22fcb69b
22fcb708
22fcb70e
22fcb72e
22fcb748
22fcb788
22fcb79b
22fcc00e
22fcc04e
22fcc084
22fcc085
22fcc0a4
22fcc0a5
22fcc0e5
22fcc10e
22fcc14e
22fcc185
22fcc20e
22fcc24e
22fcc285
22fcc30e
22fcc34e
22fcc40e
22fcc44e
22fcc50e
22fcc54e
22fcc60e
22fcc64e
22fcc70e
22fcc74e
22fcc80e
22fcc84e
22fcc90e
22fcc94e
22fcca0e
22fcca4e
22fccb0e
22fccb4e
22fccc0e
22fccc4e
22fccd0e
22fccd4e
22fcce0e
22fcce4e
22fccf08
22fccf0e
22fccf4e
22fccf88
22fccfc8
22fcd00e
22fcd04e
22fcd10e
22fcd14e
22fcd20e
22fcd24e
22fcd30e
22fcd34e
22fcd40e
22fcd44e
22fcd50e
22fcd54e
22fcd60e
22fcd64e
22fcd70e
22fcd74e
22fcdf08
22fcdf48
22fcdf88
22fcdfc8
22fce004
22fce008
22fce048
22fce088
22fce0a4
22fce0a5
22fce104
22fce108
22fce148
22fce188
22fce204
22fce208
22fce248
22fce288
22fce304
22fce308
22fce348
22fce388
22fce404
22fce408
22fce448
22fce488
22fce504
22fce508
22fce548
22fce588
22fce604
22fce608
22fce648
22fce688
22fce704
22fce708
22fce748
22fce788
22fce804
22fce808
22fce848
22fce888
22fce904
22fce908
22fce948
22fce988
22fcea04
22fcea08
22fcea48
22fcea88
22fceb04
22fceb08
22fceb48
22fceb88
22fcec08
22fcec48
22fcec88
22fced08
22fced48
22fced88
22fcee08
22fcee48
22fcee88
22fcef08
22fcef48
22fcef88
22fcf008
22fcf048
22fcf088
22fcf108
22fcf148
22fcf188
22fcf208
22fcf248
22fcf288
22fcf308
22fcf348
22fcf388
22fcf408
22fcf448
22fcf488
22fcf508
22fcf548
22fcf588
22fcf608
22fcf648
22fcf688
22fcf708
22fcf748
22fcf788
