00180000
00180004
00180008
0018000c
00180010
00180014
00180018
0018001c
00180020
00180024
00180028
0018002c
00180030
00180034
00180038
0018003c
00180040
00180041
00180042
00180044
00180045
00180046
00180047
00180048
00180049
0018004a
00180050
00180054
00180058
0018005c
00180070
00180074
00180078
00180079
0018007a
0018007b
0018007c
00180080
00180084
00180088
0018008c
00180090
00180094
00180098
001800a0
001800a4
001800a8
001800ac
001800b8
001800bc
001800c0
001800c4
001800c8
001800cc
001800d4
001800d8
001800e0
001800e4
001800e8
001800f4
001800f8
00180100
00180104
00180110
00180114
00180140
00180141
00180144
00180145
00180146
00180148
00180149
00180150
00180154
00180170
00180178
00180179
0018017a
0018017b
0018017c
00180200
00180204
00180240
00180241
00180244
00180245
00180246
00180248
00180249
00180270
00180278
00180279
0018027a
0018027b
0018027c
00180300
00180304
00180344
00180345
00180346
00180349
00180370
00180378
00180379
0018037a
0018037b
0018037c
00180400
00180444
00180446
00180470
00180478
00180479
0018047a
0018047b
0018047c
00180500
00180544
00180546
00180570
00180578
00180579
0018057a
0018057b
0018057c
00180600
00180644
00180646
00180670
00180678
00180679
0018067a
0018067b
0018067c
00180700
00180704
00180744
00180746
00180770
00180778
00180779
0018077a
0018077b
0018077c
00180800
00180804
00180844
00180846
00180870
00180878
00180879
0018087a
0018087b
0018087c
00180900
00180904
00180944
00180946
00180970
00180978
00180979
0018097a
0018097b
0018097c
00180a00
00180a04
00180a44
00180a46
00180a70
00180a78
00180a79
00180a7a
00180a7b
00180a7c
00180b00
00180b04
00180b44
00180b46
00180b70
00180b78
00180b79
00180b7a
00180b7b
00180b7c
00180c00
00180c04
00180c44
00180c46
00180c70
00180c78
00180c79
00180c7a
00180c7b
00180c7c
00180d00
00180d44
00180d46
00180d70
00180d78
00180d79
00180d7a
00180d7b
00180d7c
00180e00
00180e04
00180e44
00180e46
00180e70
00180e78
00180e79
00180e7a
00180e7b
00180e7c
00180f00
00180f44
00180f46
00180f70
00180f78
00180f79
00180f7a
00180f7b
00180f7c
00181000
00181004
00181044
00181046
00181070
00181078
00181079
0018107a
0018107b
0018107c
00181100
00181104
00181144
00181146
00181170
00181178
00181179
0018117a
0018117b
0018117c
00181200
00181204
00181244
00181246
00181270
00181278
00181279
0018127a
0018127b
0018127c
00181300
00181304
00181344
00181346
00181370
00181378
00181379
0018137a
0018137b
0018137c
00181400
00181444
00181446
00181470
00181478
00181479
0018147a
0018147b
0018147c
00181500
00181544
00181546
00181570
00181578
00181579
0018157a
0018157b
0018157c
00181600
00181644
00181646
00181670
00181678
00181679
0018167a
0018167b
0018167c
00181700
00181744
00181746
00181770
00181778
00181779
0018177a
0018177b
0018177c
00181c04
00181f04
00182010
00182024
00182034
00182045
00182046
00182047
00182104
00182145
00182146
00182246
00182346
00182446
00182546
00182646
00182746
00182846
00182946
00182a46
00182b46
00182c46
00182d46
00182e46
00182f46
00183046
00183104
00183146
00183246
00183346
00183446
00183546
00183646
00183746
00184040
00184041
00184044
00184045
00184047
00184048
00184140
00184141
00184144
00184145
00184148
00184240
00184241
00184244
00184248
00184341
00184344
00184348
00184441
00184444
00184448
00184541
00184544
00184548
00184641
00184644
00184648
00184741
00184744
00184748
00184841
00184844
00184848
00184941
00184944
00184948
00184a41
00184a44
00184a48
00184b41
00184b44
00184b48
00184c41
00184c44
00184c48
00184d41
00184d44
00184d48
00184e41
00184e44
00184e48
00184f41
00184f44
00184f48
00185041
00185044
00185048
00185141
00185144
00185148
00185241
00185244
00185248
00185341
00185344
00185348
00185441
00185444
00185448
00185541
00185544
00185548
00185641
00185644
00185648
00185741
00185744
00185748
00186040
00186044
00186045
00186047
00186048
00186140
00186144
00186240
00186244
00186344
00186444
00186544
00186644
00186744
00186844
00186944
00186a44
00186b44
00186c44
00186d44
00186e44
00186f44
00187044
00187144
00187244
00187344
00187444
00187544
00187644
00187744
00188040
00188041
00188044
00188047
00188048
00188140
00188141
00188144
00188148
00188240
00188241
00188244
00188248
00188344
00188444
00188544
00188644
00188744
00188844
00188944
00188a44
00188b44
00188c44
00188d44
00188e44
00188f44
00189044
00189144
00189244
00189344
00189444
00189544
00189644
00189744
0018a047
0018c040
0018c041
0018c044
0018c046
0018c047
0018c048
0018c140
0018c141
0018c144
0018c146
0018c148
0018c240
0018c241
0018c244
0018c246
0018c248
0018c341
0018c344
0018c346
0018c348
0018c441
0018c444
0018c446
0018c448
0018c541
0018c544
0018c546
0018c548
0018c641
0018c644
0018c646
0018c648
0018c741
0018c744
0018c746
0018c748
0018c841
0018c844
0018c846
0018c848
0018c941
0018c944
0018c946
0018c948
0018ca41
0018ca44
0018ca46
0018ca48
0018cb41
0018cb44
0018cb46
0018cb48
0018cc41
0018cc44
0018cc46
0018cc48
0018cd41
0018cd44
0018cd46
0018cd48
0018ce41
0018ce44
0018ce46
0018ce48
0018cf41
0018cf44
0018cf46
0018cf48
0018d041
0018d044
0018d046
0018d048
0018d141
0018d144
0018d146
0018d148
0018d241
0018d244
0018d246
0018d248
0018d341
0018d344
0018d346
0018d348
0018d441
0018d444
0018d446
0018d448
0018d541
0018d544
0018d546
0018d548
0018d641
0018d644
0018d646
0018d648
0018d741
0018d744
0018d746
0018d748
0018e044
0018e045
0018e047
0018e048
0018e144
0018e244
0018e344
0018e444
0018e544
0018e644
0018e744
0018e844
0018e944
0018ea44
0018eb44
0018ec44
0018ed44
0018ee44
0018ef44
0018f044
0018f144
0018f244
0018f344
0018f444
0018f544
0018f644
0018f744
01180000
01180004
01180008
0118000c
01180010
01180014
01180018
0118001c
01180020
01180024
01180028
0118002c
01180030
01180034
01180038
0118003c
01180040
01180041
01180042
01180045
01180046
01180047
01180048
01180049
0118004a
01180050
01180054
01180058
0118005c
01180070
01180074
01180078
01180079
0118007a
01180080
01180084
01180088
0118008c
01180090
01180094
01180098
011800a0
011800a4
011800a8
011800ac
011800b8
011800bc
011800c0
011800c4
011800c8
011800cc
011800d4
011800d8
011800e0
011800e4
011800e8
011800f4
011800f8
01180100
01180104
01180110
01180114
01180140
01180141
01180145
01180146
01180148
01180149
01180150
01180154
01180170
01180178
01180179
0118017a
01180204
01180240
01180241
01180245
01180246
01180248
01180249
01180270
01180278
01180279
0118027a
01180304
01180345
01180346
01180349
01180370
01180378
01180379
0118037a
01180400
01180446
01180470
01180478
01180479
0118047a
01180500
01180546
01180570
01180578
01180579
0118057a
01180646
01180670
01180678
01180679
0118067a
01180704
01180746
01180770
01180778
01180779
0118077a
01180800
01180804
01180846
01180870
01180878
01180879
0118087a
01180900
01180904
01180946
01180970
01180978
01180979
0118097a
01180a04
01180a46
01180a70
01180a78
01180a79
01180a7a
01180b04
01180b46
01180b70
01180b78
01180b79
01180b7a
01180c00
01180c04
01180c46
01180c70
01180c78
01180c79
01180c7a
01180d00
01180d46
01180d70
01180d78
01180d79
01180d7a
01180e04
01180e46
01180e70
01180e78
01180e79
01180e7a
01180f46
01180f70
01180f78
01180f79
01180f7a
01181000
01181004
01181046
01181070
01181078
01181079
0118107a
01181100
01181104
01181146
01181170
01181178
01181179
0118117a
01181204
01181246
01181270
01181278
01181279
0118127a
01181304
01181346
01181370
01181378
01181379
0118137a
01181400
01181446
01181470
01181478
01181479
0118147a
01181500
01181546
01181570
01181578
01181579
0118157a
01181646
01181670
01181678
01181679
0118167a
01181746
01181770
01181778
01181779
0118177a
01181800
01181900
01181c00
01181c04
01181d00
01181f04
01182000
01182010
01182024
01182034
01182045
01182046
01182047
01182100
01182104
01182145
01182146
01182246
01182346
01182400
01182446
01182500
01182546
01182646
01182746
01182800
01182846
01182900
01182946
01182a46
01182b46
01182c00
01182c46
01182d00
01182d46
01182e46
01182f46
01183000
01183046
01183100
01183104
01183146
01183246
01183346
01183400
01183446
01183500
01183546
01183646
01183746
01183800
01183900
01183c00
01183d00
01184000
01184040
01184045
01184047
01184100
01184140
01184145
01184240
01184400
01184500
01184800
01184900
01184c00
01184d00
01185000
01185100
01185400
01185500
01185800
01185900
01185c00
01185d00
01186040
01186045
01186047
01186048
01186140
01186240
01188040
01188041
01188047
01188048
01188140
01188141
01188148
01188240
01188241
01188248
0118a047
0118c040
0118c046
0118c047
0118c140
0118c146
0118c240
0118c246
0118c346
0118c446
0118c546
0118c646
0118c746
0118c846
0118c946
0118ca46
0118cb46
0118cc46
0118cd46
0118ce46
0118cf46
0118d046
0118d146
0118d246
0118d346
0118d446
0118d546
0118d646
0118d746
0118e045
0118e047
0118e048
02180000
02180004
02180008
0218000c
02180010
02180014
02180018
0218001c
02180020
02180024
02180028
0218002c
02180030
02180034
02180038
0218003c
02180040
02180041
02180042
02180045
02180046
02180047
02180048
02180049
0218004a
02180050
02180054
02180058
0218005c
02180070
02180074
02180078
02180079
0218007a
02180080
02180084
02180088
0218008c
02180090
02180094
02180098
021800a0
021800a4
021800a8
021800ac
021800b8
021800bc
021800c0
021800c4
021800c8
021800cc
021800d4
021800d8
021800e0
021800e4
021800e8
021800f4
021800f8
02180100
02180104
02180110
02180114
02180140
02180141
02180145
02180146
02180148
02180149
02180150
02180154
02180170
02180178
02180179
0218017a
02180200
02180204
02180240
02180241
02180245
02180246
02180248
02180249
02180270
02180278
02180279
0218027a
02180300
02180304
02180345
02180346
02180349
02180370
02180378
02180379
0218037a
02180400
02180446
02180470
02180478
02180479
0218047a
02180500
02180546
02180570
02180578
02180579
0218057a
02180600
02180646
02180670
02180678
02180679
0218067a
02180700
02180704
02180746
02180770
02180778
02180779
0218077a
02180800
02180804
02180846
02180870
02180878
02180879
0218087a
02180900
02180904
02180946
02180970
02180978
02180979
0218097a
02180a00
02180a04
02180a46
02180a70
02180a78
02180a79
02180a7a
02180b00
02180b04
02180b46
02180b70
02180b78
02180b79
02180b7a
02180c00
02180c04
02180c46
02180c70
02180c78
02180c79
02180c7a
02180d00
02180d46
02180d70
02180d78
02180d79
02180d7a
02180e00
02180e04
02180e46
02180e70
02180e78
02180e79
02180e7a
02180f00
02180f46
02180f70
02180f78
02180f79
02180f7a
02181000
02181004
02181046
02181070
02181078
02181079
0218107a
02181100
02181104
02181146
02181170
02181178
02181179
0218117a
02181200
02181204
02181246
02181270
02181278
02181279
0218127a
02181300
02181304
02181346
02181370
02181378
02181379
0218137a
02181400
02181446
02181470
02181478
02181479
0218147a
02181500
02181546
02181570
02181578
02181579
0218157a
02181600
02181646
02181670
02181678
02181679
0218167a
02181700
02181746
02181770
02181778
02181779
0218177a
02181c04
02181f04
02182000
02182010
02182024
02182034
02182045
02182046
02182047
02182100
02182104
02182145
02182146
02182200
02182246
02182300
02182346
02182400
02182446
02182500
02182546
02182600
02182646
02182700
02182746
02182800
02182846
02182900
02182946
02182a00
02182a46
02182b00
02182b46
02182c00
02182c46
02182d00
02182d46
02182e00
02182e46
02182f00
02182f46
02183000
02183046
02183100
02183104
02183146
02183200
02183246
02183300
02183346
02183400
02183446
02183500
02183546
02183600
02183646
02183700
02183746
02184040
02184045
02184047
02184140
02184145
02184240
02186040
02186045
02186047
02186048
02186140
02186240
02188040
02188041
02188047
02188048
02188140
02188141
02188148
02188240
02188241
02188248
0218a047
0218c040
0218c046
0218c047
0218c140
0218c146
0218c240
0218c246
0218c346
0218c446
0218c546
0218c646
0218c746
0218c846
0218c946
0218ca46
0218cb46
0218cc46
0218cd46
0218ce46
0218cf46
0218d046
0218d146
0218d246
0218d346
0218d446
0218d546
0218d646
0218d746
0218e045
0218e047
0218e048
03180000
03180004
03180008
0318000c
03180010
03180014
03180018
0318001c
03180020
03180024
03180028
0318002c
03180030
03180034
03180038
0318003c
03180040
03180041
03180042
03180045
03180046
03180047
03180048
03180049
0318004a
03180050
03180054
03180058
0318005c
03180074
03180080
03180084
03180088
0318008c
03180090
03180094
03180098
031800a0
031800a4
031800a8
031800ac
031800b8
031800bc
031800c0
031800c4
031800c8
031800cc
031800d4
031800d8
031800e0
031800e4
031800e8
031800f4
031800f8
03180100
03180104
03180110
03180114
03180140
03180141
03180145
03180146
03180148
03180149
03180150
03180154
03180200
03180204
03180240
03180241
03180245
03180246
03180248
03180249
03180300
03180304
03180345
03180346
03180349
03180400
03180446
03180500
03180546
03180600
03180646
03180700
03180704
03180746
03180800
03180804
03180846
03180900
03180904
03180946
03180a00
03180a04
03180a46
03180b00
03180b04
03180b46
03180c00
03180c04
03180c46
03180d00
03180d46
03180e00
03180e04
03180e46
03180f00
03180f46
03181000
03181004
03181046
03181100
03181104
03181146
03181200
03181204
03181246
03181300
03181304
03181346
03181400
03181446
03181500
03181546
03181600
03181646
03181700
03181746
03181c04
03181f04
03182010
03182024
03182034
03182045
03182046
03182047
03182104
03182145
03182146
03182246
03182346
03182446
03182546
03182646
03182746
03182846
03182946
03182a46
03182b46
03182c46
03182d46
03182e46
03182f46
03183046
03183104
03183146
03183246
03183346
03183446
03183546
03183646
03183746
03184040
03184045
03184047
03184140
03184145
03184240
03186040
03186045
03186047
03186048
03186140
03186240
03188040
03188041
03188047
03188048
03188140
03188141
03188148
03188240
03188241
03188248
0318a047
0318c040
0318c047
0318c140
0318c240
0318e045
0318e047
0318e048
04180000
04180004
04180008
0418000c
04180010
04180014
04180018
0418001c
04180020
04180024
04180028
0418002c
04180030
04180034
04180038
0418003c
04180040
04180041
04180042
04180045
04180046
04180047
04180048
04180049
0418004a
04180050
04180054
04180058
0418005c
04180070
04180074
0418007c
04180080
04180084
04180088
0418008c
04180090
04180094
04180098
041800a0
041800a4
041800a8
041800ac
041800b8
041800bc
041800c0
041800c4
041800c8
041800cc
041800d4
041800d8
041800e0
041800e4
041800e8
041800f4
041800f8
04180100
04180104
04180110
04180114
04180140
04180141
04180145
04180146
04180148
04180149
04180150
04180154
04180170
0418017c
04180200
04180204
04180240
04180241
04180245
04180248
04180249
04180270
0418027c
04180300
04180304
04180345
04180349
04180370
0418037c
04180400
04180470
0418047c
04180500
04180570
0418057c
04180600
04180670
0418067c
04180700
04180704
04180770
0418077c
04180800
04180804
04180870
0418087c
04180900
04180904
04180970
0418097c
04180a00
04180a04
04180a70
04180a7c
04180b00
04180b04
04180b70
04180b7c
04180c00
04180c04
04180c70
04180c7c
04180d00
04180d70
04180d7c
04180e00
04180e04
04180e70
04180e7c
04180f00
04180f70
04180f7c
04181000
04181004
04181070
0418107c
04181100
04181104
04181170
0418117c
04181200
04181204
04181270
0418127c
04181300
04181304
04181370
0418137c
04181400
04181470
0418147c
04181500
04181570
0418157c
04181600
04181670
0418167c
04181700
04181770
0418177c
04181c04
04181f04
04182010
04182024
04182034
04182045
04182046
04182047
04182104
04182145
04183104
04184040
04184045
04184047
04184140
04184145
04184240
04186040
04186045
04186047
04186048
04186140
04186240
04188040
04188041
04188047
04188048
04188140
04188141
04188148
04188240
04188241
04188248
0418a047
0418c040
0418c047
0418c140
0418c240
0418e045
0418e047
0418e048
05180000
05180004
05180008
0518000c
05180010
05180014
05180018
0518001c
05180020
05180024
05180028
0518002c
05180030
05180034
05180038
0518003c
05180040
05180041
05180042
05180045
05180046
05180047
05180048
05180049
0518004a
05180050
05180054
05180058
0518005c
05180070
05180074
05180080
05180084
05180088
0518008c
05180090
05180094
05180098
051800a0
051800a4
051800a8
051800ac
051800b8
051800bc
051800c0
051800c4
051800c8
051800cc
051800d4
051800d8
051800e0
051800e4
051800e8
051800f4
051800f8
05180100
05180104
05180110
05180114
05180140
05180141
05180145
05180146
05180148
05180149
05180150
05180154
05180170
05180200
05180204
05180240
05180241
05180245
05180248
05180249
05180270
05180300
05180304
05180345
05180349
05180370
05180400
05180470
05180500
05180570
05180600
05180670
05180700
05180704
05180770
05180800
05180804
05180870
05180900
05180904
05180970
05180a00
05180a04
05180a70
05180b00
05180b04
05180b70
05180c00
05180c04
05180c70
05180d00
05180d70
05180e00
05180e04
05180e70
05180f00
05180f70
05181000
05181004
05181070
05181100
05181104
05181170
05181200
05181204
05181270
05181300
05181304
05181370
05181400
05181470
05181500
05181570
05181600
05181670
05181700
05181770
05181c04
05181f04
05182010
05182024
05182034
05182045
05182046
05182047
05182104
05182145
05183104
05184040
05184045
05184047
05184140
05184145
05184240
05186040
05186045
05186047
05186048
05186140
05186240
05188040
05188041
05188047
05188048
05188140
05188141
05188148
05188240
05188241
05188248
0518a047
0518c040
0518c046
0518c047
0518c140
0518c240
0518e045
0518e047
0518e048
06180000
06180004
06180008
0618000c
06180010
06180014
06180018
0618001c
06180020
06180024
06180028
0618002c
06180030
06180034
06180038
0618003c
06180040
06180041
06180042
06180045
06180046
06180047
06180048
06180049
0618004a
06180050
06180054
06180058
0618005c
06180074
06180078
06180079
0618007a
06180080
06180084
06180088
0618008c
06180090
06180094
06180098
061800a0
061800a4
061800a8
061800ac
061800b8
061800bc
061800c0
061800c4
061800c8
061800cc
061800d4
061800d8
061800e0
061800e4
061800e8
061800f4
061800f8
06180100
06180104
06180110
06180114
06180140
06180141
06180145
06180146
06180148
06180149
06180150
06180154
06180178
06180179
0618017a
06180200
06180204
06180240
06180241
06180245
06180248
06180249
06180278
06180279
0618027a
06180300
06180304
06180345
06180349
06180378
06180379
0618037a
06180400
06180478
06180479
0618047a
06180500
06180578
06180579
0618057a
06180600
06180678
06180679
0618067a
06180700
06180704
06180778
06180779
0618077a
06180800
06180804
06180878
06180879
0618087a
06180900
06180904
06180978
06180979
0618097a
06180a00
06180a04
06180a78
06180a79
06180a7a
06180b00
06180b04
06180b78
06180b79
06180b7a
06180c00
06180c04
06180c78
06180c79
06180c7a
06180d00
06180d78
06180d79
06180d7a
06180e00
06180e04
06180e78
06180e79
06180e7a
06180f00
06180f78
06180f79
06180f7a
06181000
06181004
06181078
06181079
0618107a
06181100
06181104
06181178
06181179
0618117a
06181200
06181204
06181278
06181279
0618127a
06181300
06181304
06181378
06181379
0618137a
06181400
06181478
06181479
0618147a
06181500
06181578
06181579
0618157a
06181600
06181678
06181679
0618167a
06181700
06181778
06181779
0618177a
06181c04
06181f04
06182010
06182024
06182034
06182045
06182046
06182047
06182078
06182079
0618207a
06182104
06182145
06182178
06182179
0618217a
06182278
06182279
0618227a
06182378
06182379
0618237a
06182478
06182479
0618247a
06182578
06182579
0618257a
06182678
06182679
0618267a
06182778
06182779
0618277a
06182878
06182879
0618287a
06182978
06182979
0618297a
06182a78
06182a79
06182a7a
06182b78
06182b79
06182b7a
06182c78
06182c79
06182c7a
06182d78
06182d79
06182d7a
06182e78
06182e79
06182e7a
06182f78
06182f79
06182f7a
06183078
06183079
0618307a
06183104
06183178
06183179
0618317a
06183278
06183279
0618327a
06183378
06183379
0618337a
06183478
06183479
0618347a
06183578
06183579
0618357a
06183678
06183679
0618367a
06183778
06183779
0618377a
06184040
06184045
06184047
06184078
06184079
0618407a
06184140
06184145
06184178
06184179
0618417a
06184240
06184278
06184279
0618427a
06184378
06184379
0618437a
06184478
06184479
0618447a
06184578
06184579
0618457a
06184678
06184679
0618467a
06184778
06184779
0618477a
06184878
06184879
0618487a
06184978
06184979
0618497a
06184a78
06184a79
06184a7a
06184b78
06184b79
06184b7a
06184c78
06184c79
06184c7a
06184d78
06184d79
06184d7a
06184e78
06184e79
06184e7a
06184f78
06184f79
06184f7a
06185078
06185079
0618507a
06185178
06185179
0618517a
06185278
06185279
0618527a
06185378
06185379
0618537a
06185478
06185479
0618547a
06185578
06185579
0618557a
06185678
06185679
0618567a
06185778
06185779
0618577a
06186040
06186045
06186047
06186048
06186078
06186079
0618607a
06186140
06186178
06186179
0618617a
06186240
06186278
06186279
0618627a
06186378
06186379
0618637a
06186478
06186479
0618647a
06186578
06186579
0618657a
06186678
06186679
0618667a
06186778
06186779
0618677a
06186878
06186879
0618687a
06186978
06186979
0618697a
06186a78
06186a79
06186a7a
06186b78
06186b79
06186b7a
06186c78
06186c79
06186c7a
06186d78
06186d79
06186d7a
06186e78
06186e79
06186e7a
06186f78
06186f79
06186f7a
06187078
06187079
0618707a
06187178
06187179
0618717a
06187278
06187279
0618727a
06187378
06187379
0618737a
06187478
06187479
0618747a
06187578
06187579
0618757a
06187678
06187679
0618767a
06187778
06187779
0618777a
06188040
06188041
06188047
06188048
06188078
06188079
0618807a
06188140
06188141
06188148
06188178
06188179
0618817a
06188240
06188241
06188248
06188278
06188279
0618827a
06188378
06188379
0618837a
06188478
06188479
0618847a
06188578
06188579
0618857a
06188678
06188679
0618867a
06188778
06188779
0618877a
06188878
06188879
0618887a
06188978
06188979
0618897a
06188a78
06188a79
06188a7a
06188b78
06188b79
06188b7a
06188c78
06188c79
06188c7a
06188d78
06188d79
06188d7a
06188e78
06188e79
06188e7a
06188f78
06188f79
06188f7a
06189078
06189079
0618907a
06189178
06189179
0618917a
06189278
06189279
0618927a
06189378
06189379
0618937a
06189478
06189479
0618947a
06189578
06189579
0618957a
06189678
06189679
0618967a
06189778
06189779
0618977a
0618a047
0618a078
0618a079
0618a07a
0618a178
0618a179
0618a17a
0618a278
0618a279
0618a27a
0618a378
0618a379
0618a37a
0618a478
0618a479
0618a47a
0618a578
0618a579
0618a57a
0618a678
0618a679
0618a67a
0618a778
0618a779
0618a77a
0618a878
0618a879
0618a87a
0618a978
0618a979
0618a97a
0618aa78
0618aa79
0618aa7a
0618ab78
0618ab79
0618ab7a
0618ac78
0618ac79
0618ac7a
0618ad78
0618ad79
0618ad7a
0618ae78
0618ae79
0618ae7a
0618af78
0618af79
0618af7a
0618b078
0618b079
0618b07a
0618b178
0618b179
0618b17a
0618b278
0618b279
0618b27a
0618b378
0618b379
0618b37a
0618b478
0618b479
0618b47a
0618b578
0618b579
0618b57a
0618b678
0618b679
0618b67a
0618b778
0618b779
0618b77a
0618c040
0618c046
0618c047
0618c078
0618c079
0618c07a
0618c140
0618c178
0618c179
0618c17a
0618c240
0618c278
0618c279
0618c27a
0618c378
0618c379
0618c37a
0618c478
0618c479
0618c47a
0618c578
0618c579
0618c57a
0618c678
0618c679
0618c67a
0618c778
0618c779
0618c77a
0618c878
0618c879
0618c87a
0618c978
0618c979
0618c97a
0618ca78
0618ca79
0618ca7a
0618cb78
0618cb79
0618cb7a
0618cc78
0618cc79
0618cc7a
0618cd78
0618cd79
0618cd7a
0618ce78
0618ce79
0618ce7a
0618cf78
0618cf79
0618cf7a
0618d078
0618d079
0618d07a
0618d178
0618d179
0618d17a
0618d278
0618d279
0618d27a
0618d378
0618d379
0618d37a
0618d478
0618d479
0618d47a
0618d578
0618d579
0618d57a
0618d678
0618d679
0618d67a
0618d778
0618d779
0618d77a
0618e045
0618e047
0618e048
0618e078
0618e079
0618e07a
0618e178
0618e179
0618e17a
0618e278
0618e279
0618e27a
0618e378
0618e379
0618e37a
0618e478
0618e479
0618e47a
0618e578
0618e579
0618e57a
0618e678
0618e679
0618e67a
0618e778
0618e779
0618e77a
0618e878
0618e879
0618e87a
0618e978
0618e979
0618e97a
0618ea78
0618ea79
0618ea7a
0618eb78
0618eb79
0618eb7a
0618ec78
0618ec79
0618ec7a
0618ed78
0618ed79
0618ed7a
0618ee78
0618ee79
0618ee7a
0618ef78
0618ef79
0618ef7a
0618f078
0618f079
0618f07a
0618f178
0618f179
0618f17a
0618f278
0618f279
0618f27a
0618f378
0618f379
0618f37a
0618f478
0618f479
0618f47a
0618f578
0618f579
0618f57a
0618f678
0618f679
0618f67a
0618f778
0618f779
0618f77a
07180000
07180004
07180008
0718000c
07180010
07180014
07180018
0718001c
07180020
07180024
07180028
0718002c
07180030
07180034
07180038
0718003c
07180040
07180041
07180042
07180045
07180046
07180047
07180048
07180049
0718004a
07180050
07180054
07180058
0718005c
07180074
07180078
07180079
0718007a
0718007b
07180080
07180084
07180088
0718008c
07180090
07180094
07180098
071800a0
071800a4
071800a8
071800ac
071800b8
071800bc
071800c0
071800c4
071800c8
071800cc
071800d4
071800d8
071800e0
071800e4
071800e8
071800f4
071800f8
07180100
07180104
07180110
07180114
07180140
07180141
07180145
07180146
07180148
07180149
07180150
07180154
07180178
07180179
0718017a
0718017b
07180200
07180204
07180240
07180241
07180245
07180248
07180249
07180278
07180279
0718027a
0718027b
07180300
07180304
07180345
07180349
07180378
07180379
0718037a
0718037b
07180400
07180478
07180479
0718047a
0718047b
07180500
07180578
07180579
0718057a
0718057b
07180600
07180678
07180679
0718067a
0718067b
07180700
07180704
07180778
07180779
0718077a
0718077b
07180800
07180804
07180878
07180879
0718087a
0718087b
07180900
07180904
07180978
07180979
0718097a
0718097b
07180a00
07180a04
07180a78
07180a79
07180a7a
07180a7b
07180b00
07180b04
07180b78
07180b79
07180b7a
07180b7b
07180c00
07180c04
07180c78
07180c79
07180c7a
07180c7b
07180d00
07180d78
07180d79
07180d7a
07180d7b
07180e00
07180e04
07180e78
07180e79
07180e7a
07180e7b
07180f00
07180f78
07180f79
07180f7a
07180f7b
07181000
07181004
07181078
07181079
0718107a
0718107b
07181100
07181104
07181178
07181179
0718117a
0718117b
07181200
07181204
07181278
07181279
0718127a
0718127b
07181300
07181304
07181378
07181379
0718137a
0718137b
07181400
07181478
07181479
0718147a
0718147b
07181500
07181578
07181579
0718157a
0718157b
07181600
07181678
07181679
0718167a
0718167b
07181700
07181778
07181779
0718177a
0718177b
07181c04
07181f04
07182010
07182024
07182034
07182045
07182046
07182047
07182078
07182079
0718207a
0718207b
07182104
07182145
07182178
07182179
0718217a
0718217b
07182278
07182279
0718227a
0718227b
07182378
07182379
0718237a
0718237b
07182478
07182479
0718247a
0718247b
07182578
07182579
0718257a
0718257b
07182678
07182679
0718267a
0718267b
07182778
07182779
0718277a
0718277b
07182878
07182879
0718287a
0718287b
07182978
07182979
0718297a
0718297b
07182a78
07182a79
07182a7a
07182a7b
07182b78
07182b79
07182b7a
07182b7b
07182c78
07182c79
07182c7a
07182c7b
07182d78
07182d79
07182d7a
07182d7b
07182e78
07182e79
07182e7a
07182e7b
07182f78
07182f79
07182f7a
07182f7b
07183078
07183079
0718307a
0718307b
07183104
07183178
07183179
0718317a
0718317b
07183278
07183279
0718327a
0718327b
07183378
07183379
0718337a
0718337b
07183478
07183479
0718347a
0718347b
07183578
07183579
0718357a
0718357b
07183678
07183679
0718367a
0718367b
07183778
07183779
0718377a
0718377b
07184040
07184045
07184047
07184078
07184079
0718407a
0718407b
07184140
07184145
07184178
07184179
0718417a
0718417b
07184240
07184278
07184279
0718427a
0718427b
07184378
07184379
0718437a
0718437b
07184478
07184479
0718447a
0718447b
07184578
07184579
0718457a
0718457b
07184678
07184679
0718467a
0718467b
07184778
07184779
0718477a
0718477b
07184878
07184879
0718487a
0718487b
07184978
07184979
0718497a
0718497b
07184a78
07184a79
07184a7a
07184a7b
07184b78
07184b79
07184b7a
07184b7b
07184c78
07184c79
07184c7a
07184c7b
07184d78
07184d79
07184d7a
07184d7b
07184e78
07184e79
07184e7a
07184e7b
07184f78
07184f79
07184f7a
07184f7b
07185078
07185079
0718507a
0718507b
07185178
07185179
0718517a
0718517b
07185278
07185279
0718527a
0718527b
07185378
07185379
0718537a
0718537b
07185478
07185479
0718547a
0718547b
07185578
07185579
0718557a
0718557b
07185678
07185679
0718567a
0718567b
07185778
07185779
0718577a
0718577b
07186040
07186045
07186047
07186048
07186078
07186079
0718607a
0718607b
07186140
07186178
07186179
0718617a
0718617b
07186240
07186278
07186279
0718627a
0718627b
07186378
07186379
0718637a
0718637b
07186478
07186479
0718647a
0718647b
07186578
07186579
0718657a
0718657b
07186678
07186679
0718667a
0718667b
07186778
07186779
0718677a
0718677b
07186878
07186879
0718687a
0718687b
07186978
07186979
0718697a
0718697b
07186a78
07186a79
07186a7a
07186a7b
07186b78
07186b79
07186b7a
07186b7b
07186c78
07186c79
07186c7a
07186c7b
07186d78
07186d79
07186d7a
07186d7b
07186e78
07186e79
07186e7a
07186e7b
07186f78
07186f79
07186f7a
07186f7b
07187078
07187079
0718707a
0718707b
07187178
07187179
0718717a
0718717b
07187278
07187279
0718727a
0718727b
07187378
07187379
0718737a
0718737b
07187478
07187479
0718747a
0718747b
07187578
07187579
0718757a
0718757b
07187678
07187679
0718767a
0718767b
07187778
07187779
0718777a
0718777b
07188040
07188041
07188047
07188048
07188079
0718807a
07188140
07188141
07188148
07188179
0718817a
07188240
07188241
07188248
07188279
0718827a
07188379
0718837a
07188479
0718847a
07188579
0718857a
07188679
0718867a
07188779
0718877a
07188879
0718887a
07188979
0718897a
07188a79
07188a7a
07188b79
07188b7a
07188c79
07188c7a
07188d79
07188d7a
07188e79
07188e7a
07188f79
07188f7a
07189079
0718907a
07189179
0718917a
07189279
0718927a
07189379
0718937a
07189479
0718947a
07189579
0718957a
07189679
0718967a
07189779
0718977a
0718a047
0718a079
0718a07a
0718a179
0718a17a
0718a279
0718a27a
0718a379
0718a37a
0718a479
0718a47a
0718a579
0718a57a
0718a679
0718a67a
0718a779
0718a77a
0718a879
0718a87a
0718a979
0718a97a
0718aa79
0718aa7a
0718ab79
0718ab7a
0718ac79
0718ac7a
0718ad79
0718ad7a
0718ae79
0718ae7a
0718af79
0718af7a
0718b079
0718b07a
0718b179
0718b17a
0718b279
0718b27a
0718b379
0718b37a
0718b479
0718b47a
0718b579
0718b57a
0718b679
0718b67a
0718b779
0718b77a
0718c040
0718c046
0718c047
0718c079
0718c07a
0718c140
0718c179
0718c17a
0718c240
0718c279
0718c27a
0718c379
0718c37a
0718c479
0718c47a
0718c579
0718c57a
0718c679
0718c67a
0718c779
0718c77a
0718c879
0718c87a
0718c979
0718c97a
0718ca79
0718ca7a
0718cb79
0718cb7a
0718cc79
0718cc7a
0718cd79
0718cd7a
0718ce79
0718ce7a
0718cf79
0718cf7a
0718d079
0718d07a
0718d179
0718d17a
0718d279
0718d27a
0718d379
0718d37a
0718d479
0718d47a
0718d579
0718d57a
0718d679
0718d67a
0718d779
0718d77a
0718e045
0718e047
0718e048
0718e079
0718e07a
0718e179
0718e17a
0718e279
0718e27a
0718e379
0718e37a
0718e479
0718e47a
0718e579
0718e57a
0718e679
0718e67a
0718e779
0718e77a
0718e879
0718e87a
0718e979
0718e97a
0718ea79
0718ea7a
0718eb79
0718eb7a
0718ec79
0718ec7a
0718ed79
0718ed7a
0718ee79
0718ee7a
0718ef79
0718ef7a
0718f079
0718f07a
0718f179
0718f17a
0718f279
0718f27a
0718f379
0718f37a
0718f479
0718f47a
0718f579
0718f57a
0718f679
0718f67a
0718f779
0718f77a
08180000
08180004
08180008
0818000c
08180010
08180014
08180018
0818001c
08180020
08180024
08180028
0818002c
08180030
08180034
08180038
0818003c
08180042
08180045
08180046
08180047
08180049
0818004a
0818004c
08180050
08180054
08180058
0818005c
08180074
0818007c
08180080
08180084
08180088
0818008c
08180090
08180094
08180098
081800a0
081800a4
081800a8
081800ac
081800b8
081800bc
081800c0
081800c4
081800c8
081800cc
081800d4
081800d8
081800e0
081800e4
081800e8
081800f4
081800f8
08180104
08180110
08180114
08180145
08180146
08180149
0818014c
08180150
08180154
0818017c
08180204
08180245
08180249
0818024c
0818027c
08180304
08180345
08180349
0818034c
0818037c
0818044c
0818047c
0818054c
0818057c
0818064c
0818067c
08180704
0818074c
0818077c
08180804
0818084c
0818087c
08180904
0818094c
0818097c
08180a04
08180a4c
08180a7c
08180b04
08180b4c
08180b7c
08180c04
08180c4c
08180c7c
08180d4c
08180d7c
08180e04
08180e4c
08180e7c
08180f4c
08180f7c
08181004
0818104c
0818107c
08181104
0818114c
0818117c
08181204
0818124c
0818127c
08181304
0818134c
0818137c
0818144c
0818147c
0818154c
0818157c
0818164c
0818167c
0818174c
0818177c
08181c04
08181f04
08182010
08182024
08182034
08182045
08182046
08182047
08182104
08182145
08183104
08184045
08184047
08184145
08186045
08186047
08186048
08188047
0818a047
0818c047
0818e045
0818e047
0818e048
09180000
09180001
09180002
09180004
09180008
0918000c
09180010
09180014
09180018
0918001c
09180020
09180024
09180028
0918002c
09180030
09180034
09180038
0918003c
09180042
09180045
09180046
09180047
09180049
0918004a
0918004c
09180050
09180054
09180058
0918005c
09180074
09180078
09180079
0918007a
0918007b
0918007c
0918007d
0918007e
09180080
09180084
09180088
0918008c
09180090
09180094
09180098
091800a0
091800a4
091800a8
091800ac
091800b8
091800bc
091800c0
091800c4
091800c8
091800cc
091800d4
091800d8
091800e0
091800e4
091800e8
091800f4
091800f8
09180104
09180110
09180114
09180145
09180149
0918014c
09180150
09180154
09180178
09180179
0918017a
0918017b
09180204
09180245
09180249
0918024c
09180278
09180279
0918027a
0918027b
09180304
09180345
09180349
0918034c
09180378
09180379
0918037a
0918037b
0918044c
09180478
09180479
0918047a
0918047b
0918054c
09180578
09180579
0918057a
0918057b
0918064c
09180678
09180679
0918067a
0918067b
09180704
0918074c
09180778
09180779
0918077a
0918077b
09180804
0918084c
09180878
09180879
0918087a
0918087b
09180904
0918094c
09180978
09180979
0918097a
0918097b
09180a04
09180a4c
09180a78
09180a79
09180a7a
09180a7b
09180b04
09180b4c
09180b78
09180b79
09180b7a
09180b7b
09180c04
09180c4c
09180c78
09180c79
09180c7a
09180c7b
09180d4c
09180d78
09180d79
09180d7a
09180d7b
09180e04
09180e4c
09180e78
09180e79
09180e7a
09180e7b
09180f4c
09180f78
09180f79
09180f7a
09180f7b
09181004
0918104c
09181078
09181079
0918107a
0918107b
09181104
0918114c
09181178
09181179
0918117a
0918117b
09181204
0918124c
09181278
09181279
0918127a
0918127b
09181304
0918134c
09181378
09181379
0918137a
0918137b
0918144c
09181478
09181479
0918147a
0918147b
0918154c
09181578
09181579
0918157a
0918157b
0918164c
09181678
09181679
0918167a
0918167b
0918174c
09181778
09181779
0918177a
0918177b
09181c04
09181f04
09182000
09182001
09182002
09182010
09182024
09182034
09182045
09182046
09182047
0918207c
0918207d
0918207e
09182104
09182145
09183104
09184000
09184001
09184002
09184045
09184047
09184078
09184079
0918407a
0918407b
0918407c
0918407d
0918407e
09184145
09184178
09184179
0918417a
0918417b
09184278
09184279
0918427a
0918427b
09184378
09184379
0918437a
0918437b
09184478
09184479
0918447a
0918447b
09184578
09184579
0918457a
0918457b
09184678
09184679
0918467a
0918467b
09184778
09184779
0918477a
0918477b
09184878
09184879
0918487a
0918487b
09184978
09184979
0918497a
0918497b
09184a78
09184a79
09184a7a
09184a7b
09184b78
09184b79
09184b7a
09184b7b
09184c78
09184c79
09184c7a
09184c7b
09184d78
09184d79
09184d7a
09184d7b
09184e78
09184e79
09184e7a
09184e7b
09184f78
09184f79
09184f7a
09184f7b
09185078
09185079
0918507a
0918507b
09185178
09185179
0918517a
0918517b
09185278
09185279
0918527a
0918527b
09185378
09185379
0918537a
0918537b
09185478
09185479
0918547a
0918547b
09185578
09185579
0918557a
0918557b
09185678
09185679
0918567a
0918567b
09185778
09185779
0918577a
0918577b
09186000
09186001
09186002
09186045
09186047
09186048
09186078
09186079
0918607a
0918607b
0918607c
0918607d
0918607e
09186178
09186179
0918617a
0918617b
09186278
09186279
0918627a
0918627b
09186378
09186379
0918637a
0918637b
09186478
09186479
0918647a
0918647b
09186578
09186579
0918657a
0918657b
09186678
09186679
0918667a
0918667b
09186778
09186779
0918677a
0918677b
09186878
09186879
0918687a
0918687b
09186978
09186979
0918697a
0918697b
09186a78
09186a79
09186a7a
09186a7b
09186b78
09186b79
09186b7a
09186b7b
09186c78
09186c79
09186c7a
09186c7b
09186d78
09186d79
09186d7a
09186d7b
09186e78
09186e79
09186e7a
09186e7b
09186f78
09186f79
09186f7a
09186f7b
09187078
09187079
0918707a
0918707b
09187178
09187179
0918717a
0918717b
09187278
09187279
0918727a
0918727b
09187378
09187379
0918737a
0918737b
09187478
09187479
0918747a
0918747b
09187578
09187579
0918757a
0918757b
09187678
09187679
0918767a
0918767b
09187778
09187779
0918777a
0918777b
09188000
09188001
09188002
09188047
09188078
09188079
0918807a
0918807b
0918807c
0918807d
0918807e
09188178
09188179
0918817a
0918817b
09188278
09188279
0918827a
0918827b
09188378
09188379
0918837a
0918837b
09188478
09188479
0918847a
0918847b
09188578
09188579
0918857a
0918857b
09188678
09188679
0918867a
0918867b
09188778
09188779
0918877a
0918877b
09188878
09188879
0918887a
0918887b
09188978
09188979
0918897a
0918897b
09188a78
09188a79
09188a7a
09188a7b
09188b78
09188b79
09188b7a
09188b7b
09188c78
09188c79
09188c7a
09188c7b
09188d78
09188d79
09188d7a
09188d7b
09188e78
09188e79
09188e7a
09188e7b
09188f78
09188f79
09188f7a
09188f7b
09189078
09189079
0918907a
0918907b
09189178
09189179
0918917a
0918917b
09189278
09189279
0918927a
0918927b
09189378
09189379
0918937a
0918937b
09189478
09189479
0918947a
0918947b
09189578
09189579
0918957a
0918957b
09189678
09189679
0918967a
0918967b
09189778
09189779
0918977a
0918977b
0918a000
0918a001
0918a002
0918a047
0918a07c
0918a07d
0918a07e
0918c000
0918c001
0918c002
0918c047
0918c078
0918c079
0918c07a
0918c07b
0918c07c
0918c07d
0918c07e
0918c178
0918c179
0918c17a
0918c17b
0918c278
0918c279
0918c27a
0918c27b
0918c378
0918c379
0918c37a
0918c37b
0918c478
0918c479
0918c47a
0918c47b
0918c578
0918c579
0918c57a
0918c57b
0918c678
0918c679
0918c67a
0918c67b
0918c778
0918c779
0918c77a
0918c77b
0918c878
0918c879
0918c87a
0918c87b
0918c978
0918c979
0918c97a
0918c97b
0918ca78
0918ca79
0918ca7a
0918ca7b
0918cb78
0918cb79
0918cb7a
0918cb7b
0918cc78
0918cc79
0918cc7a
0918cc7b
0918cd78
0918cd79
0918cd7a
0918cd7b
0918ce78
0918ce79
0918ce7a
0918ce7b
0918cf78
0918cf79
0918cf7a
0918cf7b
0918d078
0918d079
0918d07a
0918d07b
0918d178
0918d179
0918d17a
0918d17b
0918d278
0918d279
0918d27a
0918d27b
0918d378
0918d379
0918d37a
0918d37b
0918d478
0918d479
0918d47a
0918d47b
0918d578
0918d579
0918d57a
0918d57b
0918d678
0918d679
0918d67a
0918d67b
0918d778
0918d779
0918d77a
0918d77b
0918e000
0918e001
0918e002
0918e045
0918e047
0918e048
0918e078
0918e079
0918e07a
0918e07b
0918e07c
0918e07d
0918e07e
0918e178
0918e179
0918e17a
0918e17b
0918e278
0918e279
0918e27a
0918e27b
0918e378
0918e379
0918e37a
0918e37b
0918e478
0918e479
0918e47a
0918e47b
0918e578
0918e579
0918e57a
0918e57b
0918e678
0918e679
0918e67a
0918e67b
0918e778
0918e779
0918e77a
0918e77b
0918e878
0918e879
0918e87a
0918e87b
0918e978
0918e979
0918e97a
0918e97b
0918ea78
0918ea79
0918ea7a
0918ea7b
0918eb78
0918eb79
0918eb7a
0918eb7b
0918ec78
0918ec79
0918ec7a
0918ec7b
0918ed78
0918ed79
0918ed7a
0918ed7b
0918ee78
0918ee79
0918ee7a
0918ee7b
0918ef78
0918ef79
0918ef7a
0918ef7b
0918f078
0918f079
0918f07a
0918f07b
0918f178
0918f179
0918f17a
0918f17b
0918f278
0918f279
0918f27a
0918f27b
0918f378
0918f379
0918f37a
0918f37b
0918f478
0918f479
0918f47a
0918f47b
0918f578
0918f579
0918f57a
0918f57b
0918f678
0918f679
0918f67a
0918f67b
0918f778
0918f779
0918f77a
0918f77b
0a180000
0a180004
0a180008
0a18000c
0a180010
0a180014
0a180018
0a18001c
0a180020
0a180024
0a180028
0a18002c
0a180030
0a180034
0a180038
0a18003c
0a180042
0a180045
0a180046
0a180047
0a180049
0a18004a
0a180050
0a180054
0a180058
0a18005c
0a180074
0a180078
0a180079
0a18007c
0a180080
0a180084
0a180088
0a18008c
0a180090
0a180094
0a180098
0a1800a0
0a1800a4
0a1800a8
0a1800ac
0a1800b8
0a1800bc
0a1800c0
0a1800c4
0a1800c8
0a1800cc
0a1800d4
0a1800d8
0a1800e0
0a1800e4
0a1800e8
0a1800f4
0a1800f8
0a180100
0a180104
0a180110
0a180114
0a180145
0a180149
0a180150
0a180154
0a180178
0a180179
0a18017c
0a180200
0a180204
0a180245
0a180249
0a180278
0a180279
0a18027c
0a180300
0a180304
0a180345
0a180349
0a180378
0a180379
0a18037c
0a180400
0a180478
0a180479
0a18047c
0a180500
0a180578
0a180579
0a18057c
0a180600
0a180678
0a180679
0a18067c
0a180700
0a180704
0a180778
0a180779
0a18077c
0a180800
0a180804
0a180878
0a180879
0a18087c
0a180900
0a180904
0a180978
0a180979
0a18097c
0a180a00
0a180a04
0a180a78
0a180a79
0a180a7c
0a180b00
0a180b04
0a180b78
0a180b79
0a180b7c
0a180c00
0a180c04
0a180c78
0a180c79
0a180c7c
0a180d00
0a180d78
0a180d79
0a180d7c
0a180e00
0a180e04
0a180e78
0a180e79
0a180e7c
0a180f00
0a180f78
0a180f79
0a180f7c
0a181000
0a181004
0a181078
0a181079
0a18107c
0a181100
0a181104
0a181178
0a181179
0a18117c
0a181200
0a181204
0a181278
0a181279
0a18127c
0a181300
0a181304
0a181378
0a181379
0a18137c
0a181400
0a181478
0a181479
0a18147c
0a181500
0a181578
0a181579
0a18157c
0a181600
0a181678
0a181679
0a18167c
0a181700
0a181778
0a181779
0a18177c
0a181c04
0a181f04
0a182010
0a182024
0a182034
0a182045
0a182046
0a182047
0a182104
0a182145
0a183104
0a184045
0a184047
0a184078
0a184079
0a184145
0a184178
0a184179
0a184278
0a184279
0a184378
0a184379
0a184478
0a184479
0a184578
0a184579
0a184678
0a184679
0a184778
0a184779
0a184878
0a184879
0a184978
0a184979
0a184a78
0a184a79
0a184b78
0a184b79
0a184c78
0a184c79
0a184d78
0a184d79
0a184e78
0a184e79
0a184f78
0a184f79
0a185078
0a185079
0a185178
0a185179
0a185278
0a185279
0a185378
0a185379
0a185478
0a185479
0a185578
0a185579
0a185678
0a185679
0a185778
0a185779
0a186045
0a186047
0a186048
0a186078
0a186079
0a186178
0a186179
0a186278
0a186279
0a186378
0a186379
0a186478
0a186479
0a186578
0a186579
0a186678
0a186679
0a186778
0a186779
0a186878
0a186879
0a186978
0a186979
0a186a78
0a186a79
0a186b78
0a186b79
0a186c78
0a186c79
0a186d78
0a186d79
0a186e78
0a186e79
0a186f78
0a186f79
0a187078
0a187079
0a187178
0a187179
0a187278
0a187279
0a187378
0a187379
0a187478
0a187479
0a187578
0a187579
0a187678
0a187679
0a187778
0a187779
0a188047
0a188078
0a188079
0a188178
0a188179
0a188278
0a188279
0a188378
0a188379
0a188478
0a188479
0a188578
0a188579
0a188678
0a188679
0a188778
0a188779
0a188878
0a188879
0a188978
0a188979
0a188a78
0a188a79
0a188b78
0a188b79
0a188c78
0a188c79
0a188d78
0a188d79
0a188e78
0a188e79
0a188f78
0a188f79
0a189078
0a189079
0a189178
0a189179
0a189278
0a189279
0a189378
0a189379
0a189478
0a189479
0a189578
0a189579
0a189678
0a189679
0a189778
0a189779
0a18a047
0a18c047
0a18c078
0a18c079
0a18c178
0a18c179
0a18c278
0a18c279
0a18c378
0a18c379
0a18c478
0a18c479
0a18c578
0a18c579
0a18c678
0a18c679
0a18c778
0a18c779
0a18c878
0a18c879
0a18c978
0a18c979
0a18ca78
0a18ca79
0a18cb78
0a18cb79
0a18cc78
0a18cc79
0a18cd78
0a18cd79
0a18ce78
0a18ce79
0a18cf78
0a18cf79
0a18d078
0a18d079
0a18d178
0a18d179
0a18d278
0a18d279
0a18d378
0a18d379
0a18d478
0a18d479
0a18d578
0a18d579
0a18d678
0a18d679
0a18d778
0a18d779
0a18e045
0a18e047
0a18e048
0a18e078
0a18e079
0a18e178
0a18e179
0a18e278
0a18e279
0a18e378
0a18e379
0a18e478
0a18e479
0a18e578
0a18e579
0a18e678
0a18e679
0a18e778
0a18e779
0a18e878
0a18e879
0a18e978
0a18e979
0a18ea78
0a18ea79
0a18eb78
0a18eb79
0a18ec78
0a18ec79
0a18ed78
0a18ed79
0a18ee78
0a18ee79
0a18ef78
0a18ef79
0a18f078
0a18f079
0a18f178
0a18f179
0a18f278
0a18f279
0a18f378
0a18f379
0a18f478
0a18f479
0a18f578
0a18f579
0a18f678
0a18f679
0a18f778
0a18f779
0b180000
0b180004
0b180008
0b18000c
0b180010
0b180014
0b180018
0b18001c
0b180020
0b180024
0b180028
0b18002c
0b180030
0b180034
0b180038
0b18003c
0b180042
0b180045
0b180046
0b180047
0b180049
0b18004a
0b180050
0b180054
0b180058
0b18005c
0b180074
0b180080
0b180084
0b180088
0b18008c
0b180090
0b180094
0b180098
0b1800a0
0b1800a4
0b1800a8
0b1800ac
0b1800b8
0b1800bc
0b1800c0
0b1800c4
0b1800c8
0b1800cc
0b1800d4
0b1800d8
0b1800e0
0b1800e4
0b1800e8
0b1800f4
0b1800f8
0b180100
0b180104
0b180110
0b180114
0b180145
0b180149
0b180150
0b180154
0b180200
0b180204
0b180245
0b180249
0b180300
0b180304
0b180345
0b180349
0b180400
0b180500
0b180600
0b180700
0b180704
0b180800
0b180804
0b180900
0b180904
0b180a00
0b180a04
0b180b00
0b180b04
0b180c00
0b180c04
0b180d00
0b180e00
0b180e04
0b180f00
0b181000
0b181004
0b181100
0b181104
0b181200
0b181204
0b181300
0b181304
0b181400
0b181500
0b181600
0b181700
0b181c04
0b181f04
0b182010
0b182024
0b182034
0b182045
0b182046
0b182047
0b182104
0b182145
0b183104
0b184045
0b184047
0b184145
0b186045
0b186047
0b186048
0b188047
0b18a047
0b18c047
0b18e045
0b18e047
0b18e048
0c180000
0c180004
0c180008
0c18000c
0c180010
0c180014
0c180018
0c18001c
0c180020
0c180024
0c180028
0c18002c
0c180030
0c180034
0c180038
0c18003c
0c180042
0c180045
0c180046
0c180047
0c180049
0c18004a
0c180050
0c180054
0c180058
0c18005c
0c180074
0c180080
0c180084
0c180088
0c18008c
0c180090
0c180094
0c180098
0c1800a0
0c1800a4
0c1800a8
0c1800ac
0c1800b8
0c1800bc
0c1800c0
0c1800c4
0c1800c8
0c1800cc
0c1800d4
0c1800d8
0c1800e0
0c1800e4
0c1800e8
0c1800f4
0c1800f8
0c180100
0c180104
0c180110
0c180114
0c180145
0c180149
0c180150
0c180154
0c180200
0c180204
0c180245
0c180249
0c180300
0c180304
0c180345
0c180349
0c180400
0c180500
0c180600
0c180700
0c180704
0c180800
0c180804
0c180900
0c180904
0c180a00
0c180a04
0c180b00
0c180b04
0c180c00
0c180c04
0c180d00
0c180e00
0c180e04
0c180f00
0c181000
0c181004
0c181100
0c181104
0c181200
0c181204
0c181300
0c181304
0c181400
0c181500
0c181600
0c181700
0c181c04
0c181f04
0c182010
0c182024
0c182034
0c182045
0c182046
0c182047
0c182104
0c182145
0c183104
0c184045
0c184047
0c184145
0c186045
0c186047
0c186048
0c188047
0c18a047
0c18c047
0c18e045
0c18e047
0c18e048
0d180000
0d180004
0d180008
0d18000c
0d180010
0d180014
0d180018
0d18001c
0d180020
0d180024
0d180028
0d18002c
0d180030
0d180034
0d180038
0d18003c
0d180042
0d180045
0d180046
0d180047
0d180049
0d18004a
0d18004c
0d180050
0d180054
0d180058
0d18005c
0d180074
0d180078
0d180079
0d18007a
0d18007b
0d180080
0d180084
0d180088
0d18008c
0d180090
0d180094
0d180098
0d1800a0
0d1800a4
0d1800a8
0d1800ac
0d1800b8
0d1800bc
0d1800c0
0d1800c4
0d1800c8
0d1800cc
0d1800d4
0d1800d8
0d1800e0
0d1800e4
0d1800e8
0d1800f4
0d1800f8
0d180100
0d180104
0d180110
0d180114
0d180145
0d180149
0d18014c
0d180150
0d180154
0d180178
0d180179
0d18017a
0d18017b
0d180200
0d180204
0d180245
0d180249
0d18024c
0d180278
0d180279
0d18027a
0d18027b
0d180300
0d180304
0d180345
0d180349
0d18034c
0d180378
0d180379
0d18037a
0d18037b
0d180400
0d18044c
0d180478
0d180479
0d18047a
0d18047b
0d180500
0d18054c
0d180578
0d180579
0d18057a
0d18057b
0d180600
0d18064c
0d180678
0d180679
0d18067a
0d18067b
0d180700
0d180704
0d18074c
0d180778
0d180779
0d18077a
0d18077b
0d180800
0d180804
0d18084c
0d180878
0d180879
0d18087a
0d18087b
0d180900
0d180904
0d18094c
0d180978
0d180979
0d18097a
0d18097b
0d180a00
0d180a04
0d180a4c
0d180a78
0d180a79
0d180a7a
0d180a7b
0d180b00
0d180b04
0d180b4c
0d180b78
0d180b79
0d180b7a
0d180b7b
0d180c00
0d180c04
0d180c4c
0d180c78
0d180c79
0d180c7a
0d180c7b
0d180d00
0d180d4c
0d180d78
0d180d79
0d180d7a
0d180d7b
0d180e00
0d180e04
0d180e4c
0d180e78
0d180e79
0d180e7a
0d180e7b
0d180f00
0d180f4c
0d180f78
0d180f79
0d180f7a
0d180f7b
0d181000
0d181004
0d18104c
0d181078
0d181079
0d18107a
0d18107b
0d181100
0d181104
0d18114c
0d181178
0d181179
0d18117a
0d18117b
0d181200
0d181204
0d18124c
0d181278
0d181279
0d18127a
0d18127b
0d181300
0d181304
0d18134c
0d181378
0d181379
0d18137a
0d18137b
0d181400
0d18144c
0d181478
0d181479
0d18147a
0d18147b
0d181500
0d18154c
0d181578
0d181579
0d18157a
0d18157b
0d181600
0d18164c
0d181678
0d181679
0d18167a
0d18167b
0d181700
0d18174c
0d181778
0d181779
0d18177a
0d18177b
0d181c04
0d181f04
0d182010
0d182024
0d182034
0d182045
0d182046
0d182047
0d182078
0d182079
0d18207a
0d18207b
0d182104
0d182145
0d182178
0d182179
0d18217a
0d18217b
0d182278
0d182279
0d18227a
0d18227b
0d182378
0d182379
0d18237a
0d18237b
0d182478
0d182479
0d18247a
0d18247b
0d182578
0d182579
0d18257a
0d18257b
0d182678
0d182679
0d18267a
0d18267b
0d182778
0d182779
0d18277a
0d18277b
0d182878
0d182879
0d18287a
0d18287b
0d182978
0d182979
0d18297a
0d18297b
0d182a78
0d182a79
0d182a7a
0d182a7b
0d182b78
0d182b79
0d182b7a
0d182b7b
0d182c78
0d182c79
0d182c7a
0d182c7b
0d182d78
0d182d79
0d182d7a
0d182d7b
0d182e78
0d182e79
0d182e7a
0d182e7b
0d182f78
0d182f79
0d182f7a
0d182f7b
0d183078
0d183079
0d18307a
0d18307b
0d183104
0d183178
0d183179
0d18317a
0d18317b
0d183278
0d183279
0d18327a
0d18327b
0d183378
0d183379
0d18337a
0d18337b
0d183478
0d183479
0d18347a
0d18347b
0d183578
0d183579
0d18357a
0d18357b
0d183678
0d183679
0d18367a
0d18367b
0d183778
0d183779
0d18377a
0d18377b
0d184045
0d184047
0d184078
0d184079
0d18407a
0d18407b
0d184145
0d184178
0d184179
0d18417a
0d18417b
0d184278
0d184279
0d18427a
0d18427b
0d184378
0d184379
0d18437a
0d18437b
0d184478
0d184479
0d18447a
0d18447b
0d184578
0d184579
0d18457a
0d18457b
0d184678
0d184679
0d18467a
0d18467b
0d184778
0d184779
0d18477a
0d18477b
0d184878
0d184879
0d18487a
0d18487b
0d184978
0d184979
0d18497a
0d18497b
0d184a78
0d184a79
0d184a7a
0d184a7b
0d184b78
0d184b79
0d184b7a
0d184b7b
0d184c78
0d184c79
0d184c7a
0d184c7b
0d184d78
0d184d79
0d184d7a
0d184d7b
0d184e78
0d184e79
0d184e7a
0d184e7b
0d184f78
0d184f79
0d184f7a
0d184f7b
0d185078
0d185079
0d18507a
0d18507b
0d185178
0d185179
0d18517a
0d18517b
0d185278
0d185279
0d18527a
0d18527b
0d185378
0d185379
0d18537a
0d18537b
0d185478
0d185479
0d18547a
0d18547b
0d185578
0d185579
0d18557a
0d18557b
0d185678
0d185679
0d18567a
0d18567b
0d185778
0d185779
0d18577a
0d18577b
0d186045
0d186047
0d186048
0d186078
0d186079
0d18607a
0d18607b
0d186178
0d186179
0d18617a
0d18617b
0d186278
0d186279
0d18627a
0d18627b
0d186378
0d186379
0d18637a
0d18637b
0d186478
0d186479
0d18647a
0d18647b
0d186578
0d186579
0d18657a
0d18657b
0d186678
0d186679
0d18667a
0d18667b
0d186778
0d186779
0d18677a
0d18677b
0d186878
0d186879
0d18687a
0d18687b
0d186978
0d186979
0d18697a
0d18697b
0d186a78
0d186a79
0d186a7a
0d186a7b
0d186b78
0d186b79
0d186b7a
0d186b7b
0d186c78
0d186c79
0d186c7a
0d186c7b
0d186d78
0d186d79
0d186d7a
0d186d7b
0d186e78
0d186e79
0d186e7a
0d186e7b
0d186f78
0d186f79
0d186f7a
0d186f7b
0d187078
0d187079
0d18707a
0d18707b
0d187178
0d187179
0d18717a
0d18717b
0d187278
0d187279
0d18727a
0d18727b
0d187378
0d187379
0d18737a
0d18737b
0d187478
0d187479
0d18747a
0d18747b
0d187578
0d187579
0d18757a
0d18757b
0d187678
0d187679
0d18767a
0d18767b
0d187778
0d187779
0d18777a
0d18777b
0d188047
0d188078
0d188079
0d18807a
0d18807b
0d188178
0d188179
0d18817a
0d18817b
0d188278
0d188279
0d18827a
0d18827b
0d188378
0d188379
0d18837a
0d18837b
0d188478
0d188479
0d18847a
0d18847b
0d188578
0d188579
0d18857a
0d18857b
0d188678
0d188679
0d18867a
0d18867b
0d188778
0d188779
0d18877a
0d18877b
0d188878
0d188879
0d18887a
0d18887b
0d188978
0d188979
0d18897a
0d18897b
0d188a78
0d188a79
0d188a7a
0d188a7b
0d188b78
0d188b79
0d188b7a
0d188b7b
0d188c78
0d188c79
0d188c7a
0d188c7b
0d188d78
0d188d79
0d188d7a
0d188d7b
0d188e78
0d188e79
0d188e7a
0d188e7b
0d188f78
0d188f79
0d188f7a
0d188f7b
0d189078
0d189079
0d18907a
0d18907b
0d189178
0d189179
0d18917a
0d18917b
0d189278
0d189279
0d18927a
0d18927b
0d189378
0d189379
0d18937a
0d18937b
0d189478
0d189479
0d18947a
0d18947b
0d189578
0d189579
0d18957a
0d18957b
0d189678
0d189679
0d18967a
0d18967b
0d189778
0d189779
0d18977a
0d18977b
0d18a047
0d18a078
0d18a079
0d18a07a
0d18a07b
0d18a178
0d18a179
0d18a17a
0d18a17b
0d18a278
0d18a279
0d18a27a
0d18a27b
0d18a378
0d18a379
0d18a37a
0d18a37b
0d18a478
0d18a479
0d18a47a
0d18a47b
0d18a578
0d18a579
0d18a57a
0d18a57b
0d18a678
0d18a679
0d18a67a
0d18a67b
0d18a778
0d18a779
0d18a77a
0d18a77b
0d18a878
0d18a879
0d18a87a
0d18a87b
0d18a978
0d18a979
0d18a97a
0d18a97b
0d18aa78
0d18aa79
0d18aa7a
0d18aa7b
0d18ab78
0d18ab79
0d18ab7a
0d18ab7b
0d18ac78
0d18ac79
0d18ac7a
0d18ac7b
0d18ad78
0d18ad79
0d18ad7a
0d18ad7b
0d18ae78
0d18ae79
0d18ae7a
0d18ae7b
0d18af78
0d18af79
0d18af7a
0d18af7b
0d18b078
0d18b079
0d18b07a
0d18b07b
0d18b178
0d18b179
0d18b17a
0d18b17b
0d18b278
0d18b279
0d18b27a
0d18b27b
0d18b378
0d18b379
0d18b37a
0d18b37b
0d18b478
0d18b479
0d18b47a
0d18b47b
0d18b578
0d18b579
0d18b57a
0d18b57b
0d18b678
0d18b679
0d18b67a
0d18b67b
0d18b778
0d18b779
0d18b77a
0d18b77b
0d18c047
0d18c078
0d18c079
0d18c07a
0d18c07b
0d18c178
0d18c179
0d18c17a
0d18c17b
0d18c278
0d18c279
0d18c27a
0d18c27b
0d18c378
0d18c379
0d18c37a
0d18c37b
0d18c478
0d18c479
0d18c47a
0d18c47b
0d18c578
0d18c579
0d18c57a
0d18c57b
0d18c678
0d18c679
0d18c67a
0d18c67b
0d18c778
0d18c779
0d18c77a
0d18c77b
0d18c878
0d18c879
0d18c87a
0d18c87b
0d18c978
0d18c979
0d18c97a
0d18c97b
0d18ca78
0d18ca79
0d18ca7a
0d18ca7b
0d18cb78
0d18cb79
0d18cb7a
0d18cb7b
0d18cc78
0d18cc79
0d18cc7a
0d18cc7b
0d18cd78
0d18cd79
0d18cd7a
0d18cd7b
0d18ce78
0d18ce79
0d18ce7a
0d18ce7b
0d18cf78
0d18cf79
0d18cf7a
0d18cf7b
0d18d078
0d18d079
0d18d07a
0d18d07b
0d18d178
0d18d179
0d18d17a
0d18d17b
0d18d278
0d18d279
0d18d27a
0d18d27b
0d18d378
0d18d379
0d18d37a
0d18d37b
0d18d478
0d18d479
0d18d47a
0d18d47b
0d18d578
0d18d579
0d18d57a
0d18d57b
0d18d678
0d18d679
0d18d67a
0d18d67b
0d18d778
0d18d779
0d18d77a
0d18d77b
0d18e045
0d18e047
0d18e048
0d18e078
0d18e079
0d18e07a
0d18e07b
0d18e178
0d18e179
0d18e17a
0d18e17b
0d18e278
0d18e279
0d18e27a
0d18e27b
0d18e378
0d18e379
0d18e37a
0d18e37b
0d18e478
0d18e479
0d18e47a
0d18e47b
0d18e578
0d18e579
0d18e57a
0d18e57b
0d18e678
0d18e679
0d18e67a
0d18e67b
0d18e778
0d18e779
0d18e77a
0d18e77b
0d18e878
0d18e879
0d18e87a
0d18e87b
0d18e978
0d18e979
0d18e97a
0d18e97b
0d18ea78
0d18ea79
0d18ea7a
0d18ea7b
0d18eb78
0d18eb79
0d18eb7a
0d18eb7b
0d18ec78
0d18ec79
0d18ec7a
0d18ec7b
0d18ed78
0d18ed79
0d18ed7a
0d18ed7b
0d18ee78
0d18ee79
0d18ee7a
0d18ee7b
0d18ef78
0d18ef79
0d18ef7a
0d18ef7b
0d18f078
0d18f079
0d18f07a
0d18f07b
0d18f178
0d18f179
0d18f17a
0d18f17b
0d18f278
0d18f279
0d18f27a
0d18f27b
0d18f378
0d18f379
0d18f37a
0d18f37b
0d18f478
0d18f479
0d18f47a
0d18f47b
0d18f578
0d18f579
0d18f57a
0d18f57b
0d18f678
0d18f679
0d18f67a
0d18f67b
0d18f778
0d18f779
0d18f77a
0d18f77b
0e180000
0e180004
0e180008
0e18000c
0e180010
0e180014
0e180018
0e18001c
0e180020
0e180024
0e180028
0e18002c
0e180030
0e180034
0e180038
0e18003c
0e180042
0e180045
0e180046
0e180047
0e180049
0e18004a
0e180050
0e180054
0e180058
0e18005c
0e180074
0e180078
0e180079
0e18007a
0e18007b
0e180080
0e180084
0e180088
0e18008c
0e180090
0e180094
0e180098
0e1800a0
0e1800a4
0e1800a8
0e1800ac
0e1800b8
0e1800bc
0e1800c0
0e1800c4
0e1800c8
0e1800cc
0e1800d4
0e1800d8
0e1800e0
0e1800e4
0e1800e8
0e1800f4
0e1800f8
0e180104
0e180110
0e180114
0e180145
0e180149
0e180150
0e180154
0e180178
0e180179
0e18017a
0e18017b
0e180204
0e180245
0e180249
0e180278
0e180279
0e18027a
0e18027b
0e180304
0e180345
0e180349
0e180378
0e180379
0e18037a
0e18037b
0e180478
0e180479
0e18047a
0e18047b
0e180578
0e180579
0e18057a
0e18057b
0e180678
0e180679
0e18067a
0e18067b
0e180704
0e180778
0e180779
0e18077a
0e18077b
0e180804
0e180878
0e180879
0e18087a
0e18087b
0e180904
0e180978
0e180979
0e18097a
0e18097b
0e180a04
0e180a78
0e180a79
0e180a7a
0e180a7b
0e180b04
0e180b78
0e180b79
0e180b7a
0e180b7b
0e180c04
0e180c78
0e180c79
0e180c7a
0e180c7b
0e180d78
0e180d79
0e180d7a
0e180d7b
0e180e04
0e180e78
0e180e79
0e180e7a
0e180e7b
0e180f78
0e180f79
0e180f7a
0e180f7b
0e181004
0e181078
0e181079
0e18107a
0e18107b
0e181104
0e181178
0e181179
0e18117a
0e18117b
0e181204
0e181278
0e181279
0e18127a
0e18127b
0e181304
0e181378
0e181379
0e18137a
0e18137b
0e181478
0e181479
0e18147a
0e18147b
0e181578
0e181579
0e18157a
0e18157b
0e181678
0e181679
0e18167a
0e18167b
0e181778
0e181779
0e18177a
0e18177b
0e181c04
0e181f04
0e182010
0e182024
0e182034
0e182045
0e182046
0e182047
0e182078
0e182079
0e18207a
0e18207b
0e182104
0e182145
0e182178
0e182179
0e18217a
0e18217b
0e182278
0e182279
0e18227a
0e18227b
0e182378
0e182379
0e18237a
0e18237b
0e182478
0e182479
0e18247a
0e18247b
0e182578
0e182579
0e18257a
0e18257b
0e182678
0e182679
0e18267a
0e18267b
0e182778
0e182779
0e18277a
0e18277b
0e182878
0e182879
0e18287a
0e18287b
0e182978
0e182979
0e18297a
0e18297b
0e182a78
0e182a79
0e182a7a
0e182a7b
0e182b78
0e182b79
0e182b7a
0e182b7b
0e182c78
0e182c79
0e182c7a
0e182c7b
0e182d78
0e182d79
0e182d7a
0e182d7b
0e182e78
0e182e79
0e182e7a
0e182e7b
0e182f78
0e182f79
0e182f7a
0e182f7b
0e183078
0e183079
0e18307a
0e18307b
0e183104
0e183178
0e183179
0e18317a
0e18317b
0e183278
0e183279
0e18327a
0e18327b
0e183378
0e183379
0e18337a
0e18337b
0e183478
0e183479
0e18347a
0e18347b
0e183578
0e183579
0e18357a
0e18357b
0e183678
0e183679
0e18367a
0e18367b
0e183778
0e183779
0e18377a
0e18377b
0e184045
0e184047
0e184078
0e184079
0e18407a
0e18407b
0e184145
0e184178
0e184179
0e18417a
0e18417b
0e184278
0e184279
0e18427a
0e18427b
0e184378
0e184379
0e18437a
0e18437b
0e184478
0e184479
0e18447a
0e18447b
0e184578
0e184579
0e18457a
0e18457b
0e184678
0e184679
0e18467a
0e18467b
0e184778
0e184779
0e18477a
0e18477b
0e184878
0e184879
0e18487a
0e18487b
0e184978
0e184979
0e18497a
0e18497b
0e184a78
0e184a79
0e184a7a
0e184a7b
0e184b78
0e184b79
0e184b7a
0e184b7b
0e184c78
0e184c79
0e184c7a
0e184c7b
0e184d78
0e184d79
0e184d7a
0e184d7b
0e184e78
0e184e79
0e184e7a
0e184e7b
0e184f78
0e184f79
0e184f7a
0e184f7b
0e185078
0e185079
0e18507a
0e18507b
0e185178
0e185179
0e18517a
0e18517b
0e185278
0e185279
0e18527a
0e18527b
0e185378
0e185379
0e18537a
0e18537b
0e185478
0e185479
0e18547a
0e18547b
0e185578
0e185579
0e18557a
0e18557b
0e185678
0e185679
0e18567a
0e18567b
0e185778
0e185779
0e18577a
0e18577b
0e186045
0e186047
0e186048
0e186078
0e186079
0e18607a
0e18607b
0e186178
0e186179
0e18617a
0e18617b
0e186278
0e186279
0e18627a
0e18627b
0e186378
0e186379
0e18637a
0e18637b
0e186478
0e186479
0e18647a
0e18647b
0e186578
0e186579
0e18657a
0e18657b
0e186678
0e186679
0e18667a
0e18667b
0e186778
0e186779
0e18677a
0e18677b
0e186878
0e186879
0e18687a
0e18687b
0e186978
0e186979
0e18697a
0e18697b
0e186a78
0e186a79
0e186a7a
0e186a7b
0e186b78
0e186b79
0e186b7a
0e186b7b
0e186c78
0e186c79
0e186c7a
0e186c7b
0e186d78
0e186d79
0e186d7a
0e186d7b
0e186e78
0e186e79
0e186e7a
0e186e7b
0e186f78
0e186f79
0e186f7a
0e186f7b
0e187078
0e187079
0e18707a
0e18707b
0e187178
0e187179
0e18717a
0e18717b
0e187278
0e187279
0e18727a
0e18727b
0e187378
0e187379
0e18737a
0e18737b
0e187478
0e187479
0e18747a
0e18747b
0e187578
0e187579
0e18757a
0e18757b
0e187678
0e187679
0e18767a
0e18767b
0e187778
0e187779
0e18777a
0e18777b
0e188047
0e188078
0e188079
0e18807a
0e18807b
0e188178
0e188179
0e18817a
0e18817b
0e188278
0e188279
0e18827a
0e18827b
0e188378
0e188379
0e18837a
0e18837b
0e188478
0e188479
0e18847a
0e18847b
0e188578
0e188579
0e18857a
0e18857b
0e188678
0e188679
0e18867a
0e18867b
0e188778
0e188779
0e18877a
0e18877b
0e188878
0e188879
0e18887a
0e18887b
0e188978
0e188979
0e18897a
0e18897b
0e188a78
0e188a79
0e188a7a
0e188a7b
0e188b78
0e188b79
0e188b7a
0e188b7b
0e188c78
0e188c79
0e188c7a
0e188c7b
0e188d78
0e188d79
0e188d7a
0e188d7b
0e188e78
0e188e79
0e188e7a
0e188e7b
0e188f78
0e188f79
0e188f7a
0e188f7b
0e189078
0e189079
0e18907a
0e18907b
0e189178
0e189179
0e18917a
0e18917b
0e189278
0e189279
0e18927a
0e18927b
0e189378
0e189379
0e18937a
0e18937b
0e189478
0e189479
0e18947a
0e18947b
0e189578
0e189579
0e18957a
0e18957b
0e189678
0e189679
0e18967a
0e18967b
0e189778
0e189779
0e18977a
0e18977b
0e18a047
0e18a078
0e18a079
0e18a07a
0e18a07b
0e18a178
0e18a179
0e18a17a
0e18a17b
0e18a278
0e18a279
0e18a27a
0e18a27b
0e18a378
0e18a379
0e18a37a
0e18a37b
0e18a478
0e18a479
0e18a47a
0e18a47b
0e18a578
0e18a579
0e18a57a
0e18a57b
0e18a678
0e18a679
0e18a67a
0e18a67b
0e18a778
0e18a779
0e18a77a
0e18a77b
0e18a878
0e18a879
0e18a87a
0e18a87b
0e18a978
0e18a979
0e18a97a
0e18a97b
0e18aa78
0e18aa79
0e18aa7a
0e18aa7b
0e18ab78
0e18ab79
0e18ab7a
0e18ab7b
0e18ac78
0e18ac79
0e18ac7a
0e18ac7b
0e18ad78
0e18ad79
0e18ad7a
0e18ad7b
0e18ae78
0e18ae79
0e18ae7a
0e18ae7b
0e18af78
0e18af79
0e18af7a
0e18af7b
0e18b078
0e18b079
0e18b07a
0e18b07b
0e18b178
0e18b179
0e18b17a
0e18b17b
0e18b278
0e18b279
0e18b27a
0e18b27b
0e18b378
0e18b379
0e18b37a
0e18b37b
0e18b478
0e18b479
0e18b47a
0e18b47b
0e18b578
0e18b579
0e18b57a
0e18b57b
0e18b678
0e18b679
0e18b67a
0e18b67b
0e18b778
0e18b779
0e18b77a
0e18b77b
0e18c047
0e18c078
0e18c079
0e18c07a
0e18c07b
0e18c178
0e18c179
0e18c17a
0e18c17b
0e18c278
0e18c279
0e18c27a
0e18c27b
0e18c378
0e18c379
0e18c37a
0e18c37b
0e18c478
0e18c479
0e18c47a
0e18c47b
0e18c578
0e18c579
0e18c57a
0e18c57b
0e18c678
0e18c679
0e18c67a
0e18c67b
0e18c778
0e18c779
0e18c77a
0e18c77b
0e18c878
0e18c879
0e18c87a
0e18c87b
0e18c978
0e18c979
0e18c97a
0e18c97b
0e18ca78
0e18ca79
0e18ca7a
0e18ca7b
0e18cb78
0e18cb79
0e18cb7a
0e18cb7b
0e18cc78
0e18cc79
0e18cc7a
0e18cc7b
0e18cd78
0e18cd79
0e18cd7a
0e18cd7b
0e18ce78
0e18ce79
0e18ce7a
0e18ce7b
0e18cf78
0e18cf79
0e18cf7a
0e18cf7b
0e18d078
0e18d079
0e18d07a
0e18d07b
0e18d178
0e18d179
0e18d17a
0e18d17b
0e18d278
0e18d279
0e18d27a
0e18d27b
0e18d378
0e18d379
0e18d37a
0e18d37b
0e18d478
0e18d479
0e18d47a
0e18d47b
0e18d578
0e18d579
0e18d57a
0e18d57b
0e18d678
0e18d679
0e18d67a
0e18d67b
0e18d778
0e18d779
0e18d77a
0e18d77b
0e18e045
0e18e047
0e18e048
0e18e078
0e18e079
0e18e07a
0e18e07b
0e18e178
0e18e179
0e18e17a
0e18e17b
0e18e278
0e18e279
0e18e27a
0e18e27b
0e18e378
0e18e379
0e18e37a
0e18e37b
0e18e478
0e18e479
0e18e47a
0e18e47b
0e18e578
0e18e579
0e18e57a
0e18e57b
0e18e678
0e18e679
0e18e67a
0e18e67b
0e18e778
0e18e779
0e18e77a
0e18e77b
0e18e878
0e18e879
0e18e87a
0e18e87b
0e18e978
0e18e979
0e18e97a
0e18e97b
0e18ea78
0e18ea79
0e18ea7a
0e18ea7b
0e18eb78
0e18eb79
0e18eb7a
0e18eb7b
0e18ec78
0e18ec79
0e18ec7a
0e18ec7b
0e18ed78
0e18ed79
0e18ed7a
0e18ed7b
0e18ee78
0e18ee79
0e18ee7a
0e18ee7b
0e18ef78
0e18ef79
0e18ef7a
0e18ef7b
0e18f078
0e18f079
0e18f07a
0e18f07b
0e18f178
0e18f179
0e18f17a
0e18f17b
0e18f278
0e18f279
0e18f27a
0e18f27b
0e18f378
0e18f379
0e18f37a
0e18f37b
0e18f478
0e18f479
0e18f47a
0e18f47b
0e18f578
0e18f579
0e18f57a
0e18f57b
0e18f678
0e18f679
0e18f67a
0e18f67b
0e18f778
0e18f779
0e18f77a
0e18f77b
0f180000
0f180004
0f180008
0f18000c
0f180010
0f180014
0f180018
0f18001c
0f180020
0f180024
0f180028
0f18002c
0f180030
0f180034
0f180038
0f18003c
0f180042
0f180045
0f180046
0f180047
0f180049
0f18004a
0f18004c
0f180050
0f180054
0f180058
0f18005c
0f180074
0f180078
0f180079
0f18007a
0f180080
0f180084
0f180088
0f18008c
0f180090
0f180094
0f180098
0f1800a0
0f1800a4
0f1800a8
0f1800ac
0f1800b8
0f1800bc
0f1800c0
0f1800c4
0f1800c8
0f1800cc
0f1800d4
0f1800d8
0f1800e0
0f1800e4
0f1800e8
0f1800f4
0f1800f8
0f180100
0f180104
0f180110
0f180114
0f180145
0f180149
0f18014c
0f180150
0f180154
0f180178
0f180179
0f18017a
0f180200
0f180204
0f180245
0f180249
0f18024c
0f180278
0f180279
0f18027a
0f180300
0f180304
0f180345
0f180349
0f18034c
0f180378
0f180379
0f18037a
0f180400
0f18044c
0f180478
0f180479
0f18047a
0f180500
0f18054c
0f180578
0f180579
0f18057a
0f180600
0f18064c
0f180678
0f180679
0f18067a
0f180700
0f180704
0f18074c
0f180778
0f180779
0f18077a
0f180800
0f180804
0f18084c
0f180878
0f180879
0f18087a
0f180900
0f180904
0f18094c
0f180978
0f180979
0f18097a
0f180a00
0f180a04
0f180a4c
0f180a78
0f180a79
0f180a7a
0f180b00
0f180b04
0f180b4c
0f180b78
0f180b79
0f180b7a
0f180c00
0f180c04
0f180c4c
0f180c78
0f180c79
0f180c7a
0f180d00
0f180d4c
0f180d78
0f180d79
0f180d7a
0f180e00
0f180e04
0f180e4c
0f180e78
0f180e79
0f180e7a
0f180f00
0f180f4c
0f180f78
0f180f79
0f180f7a
0f181000
0f181004
0f18104c
0f181078
0f181079
0f18107a
0f181100
0f181104
0f18114c
0f181178
0f181179
0f18117a
0f181200
0f181204
0f18124c
0f181278
0f181279
0f18127a
0f181300
0f181304
0f18134c
0f181378
0f181379
0f18137a
0f181400
0f18144c
0f181478
0f181479
0f18147a
0f181500
0f18154c
0f181578
0f181579
0f18157a
0f181600
0f18164c
0f181678
0f181679
0f18167a
0f181700
0f18174c
0f181778
0f181779
0f18177a
0f181c04
0f181f04
0f182010
0f182024
0f182034
0f182045
0f182046
0f182047
0f182078
0f182079
0f18207a
0f182104
0f182145
0f182178
0f182179
0f18217a
0f182278
0f182279
0f18227a
0f182378
0f182379
0f18237a
0f182478
0f182479
0f18247a
0f182578
0f182579
0f18257a
0f182678
0f182679
0f18267a
0f182778
0f182779
0f18277a
0f182878
0f182879
0f18287a
0f182978
0f182979
0f18297a
0f182a78
0f182a79
0f182a7a
0f182b78
0f182b79
0f182b7a
0f182c78
0f182c79
0f182c7a
0f182d78
0f182d79
0f182d7a
0f182e78
0f182e79
0f182e7a
0f182f78
0f182f79
0f182f7a
0f183078
0f183079
0f18307a
0f183104
0f183178
0f183179
0f18317a
0f183278
0f183279
0f18327a
0f183378
0f183379
0f18337a
0f183478
0f183479
0f18347a
0f183578
0f183579
0f18357a
0f183678
0f183679
0f18367a
0f183778
0f183779
0f18377a
0f184045
0f184047
0f184078
0f184079
0f18407a
0f184145
0f184178
0f184179
0f18417a
0f184278
0f184279
0f18427a
0f184378
0f184379
0f18437a
0f184478
0f184479
0f18447a
0f184578
0f184579
0f18457a
0f184678
0f184679
0f18467a
0f184778
0f184779
0f18477a
0f184878
0f184879
0f18487a
0f184978
0f184979
0f18497a
0f184a78
0f184a79
0f184a7a
0f184b78
0f184b79
0f184b7a
0f184c78
0f184c79
0f184c7a
0f184d78
0f184d79
0f184d7a
0f184e78
0f184e79
0f184e7a
0f184f78
0f184f79
0f184f7a
0f185078
0f185079
0f18507a
0f185178
0f185179
0f18517a
0f185278
0f185279
0f18527a
0f185378
0f185379
0f18537a
0f185478
0f185479
0f18547a
0f185578
0f185579
0f18557a
0f185678
0f185679
0f18567a
0f185778
0f185779
0f18577a
0f186045
0f186047
0f186048
0f186078
0f186079
0f18607a
0f186178
0f186179
0f18617a
0f186278
0f186279
0f18627a
0f186378
0f186379
0f18637a
0f186478
0f186479
0f18647a
0f186578
0f186579
0f18657a
0f186678
0f186679
0f18667a
0f186778
0f186779
0f18677a
0f186878
0f186879
0f18687a
0f186978
0f186979
0f18697a
0f186a78
0f186a79
0f186a7a
0f186b78
0f186b79
0f186b7a
0f186c78
0f186c79
0f186c7a
0f186d78
0f186d79
0f186d7a
0f186e78
0f186e79
0f186e7a
0f186f78
0f186f79
0f186f7a
0f187078
0f187079
0f18707a
0f187178
0f187179
0f18717a
0f187278
0f187279
0f18727a
0f187378
0f187379
0f18737a
0f187478
0f187479
0f18747a
0f187578
0f187579
0f18757a
0f187678
0f187679
0f18767a
0f187778
0f187779
0f18777a
0f188047
0f188079
0f18807a
0f188179
0f18817a
0f188279
0f18827a
0f188379
0f18837a
0f188479
0f18847a
0f188579
0f18857a
0f188679
0f18867a
0f188779
0f18877a
0f188879
0f18887a
0f188979
0f18897a
0f188a79
0f188a7a
0f188b79
0f188b7a
0f188c79
0f188c7a
0f188d79
0f188d7a
0f188e79
0f188e7a
0f188f79
0f188f7a
0f189079
0f18907a
0f189179
0f18917a
0f189279
0f18927a
0f189379
0f18937a
0f189479
0f18947a
0f189579
0f18957a
0f189679
0f18967a
0f189779
0f18977a
0f18a047
0f18a079
0f18a07a
0f18a179
0f18a17a
0f18a279
0f18a27a
0f18a379
0f18a37a
0f18a479
0f18a47a
0f18a579
0f18a57a
0f18a679
0f18a67a
0f18a779
0f18a77a
0f18a879
0f18a87a
0f18a979
0f18a97a
0f18aa79
0f18aa7a
0f18ab79
0f18ab7a
0f18ac79
0f18ac7a
0f18ad79
0f18ad7a
0f18ae79
0f18ae7a
0f18af79
0f18af7a
0f18b079
0f18b07a
0f18b179
0f18b17a
0f18b279
0f18b27a
0f18b379
0f18b37a
0f18b479
0f18b47a
0f18b579
0f18b57a
0f18b679
0f18b67a
0f18b779
0f18b77a
0f18c047
0f18c079
0f18c07a
0f18c179
0f18c17a
0f18c279
0f18c27a
0f18c379
0f18c37a
0f18c479
0f18c47a
0f18c579
0f18c57a
0f18c679
0f18c67a
0f18c779
0f18c77a
0f18c879
0f18c87a
0f18c979
0f18c97a
0f18ca79
0f18ca7a
0f18cb79
0f18cb7a
0f18cc79
0f18cc7a
0f18cd79
0f18cd7a
0f18ce79
0f18ce7a
0f18cf79
0f18cf7a
0f18d079
0f18d07a
0f18d179
0f18d17a
0f18d279
0f18d27a
0f18d379
0f18d37a
0f18d479
0f18d47a
0f18d579
0f18d57a
0f18d679
0f18d67a
0f18d779
0f18d77a
0f18e045
0f18e047
0f18e048
0f18e079
0f18e07a
0f18e179
0f18e17a
0f18e279
0f18e27a
0f18e379
0f18e37a
0f18e479
0f18e47a
0f18e579
0f18e57a
0f18e679
0f18e67a
0f18e779
0f18e77a
0f18e879
0f18e87a
0f18e979
0f18e97a
0f18ea79
0f18ea7a
0f18eb79
0f18eb7a
0f18ec79
0f18ec7a
0f18ed79
0f18ed7a
0f18ee79
0f18ee7a
0f18ef79
0f18ef7a
0f18f079
0f18f07a
0f18f179
0f18f17a
0f18f279
0f18f27a
0f18f379
0f18f37a
0f18f479
0f18f47a
0f18f579
0f18f57a
0f18f679
0f18f67a
0f18f779
0f18f77a
10180000
10180004
10180008
1018000c
10180010
10180014
10180018
1018001c
10180020
10180024
10180028
1018002c
10180030
10180034
10180038
1018003c
10180041
10180042
10180045
10180046
10180047
10180049
1018004a
10180050
10180054
10180058
1018005c
10180070
10180074
10180078
10180079
1018007a
1018007b
1018007c
10180080
10180084
10180088
1018008c
10180090
10180094
10180098
101800a0
101800a4
101800a8
101800ac
101800b8
101800bc
101800c0
101800c4
101800c8
101800cc
101800d4
101800d8
101800e0
101800e4
101800e8
101800f4
101800f8
10180104
10180110
10180114
10180141
10180145
10180149
10180150
10180154
10180170
10180178
10180179
1018017a
1018017b
1018017c
10180204
10180245
10180249
10180270
10180278
10180279
1018027a
1018027b
1018027c
10180304
10180345
10180349
10180370
10180378
10180379
1018037a
1018037b
1018037c
10180470
10180478
10180479
1018047a
1018047b
1018047c
10180570
10180578
10180579
1018057a
1018057b
1018057c
10180670
10180678
10180679
1018067a
1018067b
1018067c
10180704
10180770
10180778
10180779
1018077a
1018077b
1018077c
10180804
10180870
10180878
10180879
1018087a
1018087b
1018087c
10180904
10180970
10180978
10180979
1018097a
1018097b
1018097c
10180a04
10180a70
10180a78
10180a79
10180a7a
10180a7b
10180a7c
10180b04
10180b70
10180b78
10180b79
10180b7a
10180b7b
10180b7c
10180c04
10180c70
10180c78
10180c79
10180c7a
10180c7b
10180c7c
10180d70
10180d78
10180d79
10180d7a
10180d7b
10180d7c
10180e04
10180e70
10180e78
10180e79
10180e7a
10180e7b
10180e7c
10180f70
10180f78
10180f79
10180f7a
10180f7b
10180f7c
10181004
10181070
10181078
10181079
1018107a
1018107b
1018107c
10181104
10181170
10181178
10181179
1018117a
1018117b
1018117c
10181204
10181270
10181278
10181279
1018127a
1018127b
1018127c
10181304
10181370
10181378
10181379
1018137a
1018137b
1018137c
10181470
10181478
10181479
1018147a
1018147b
1018147c
10181570
10181578
10181579
1018157a
1018157b
1018157c
10181670
10181678
10181679
1018167a
1018167b
1018167c
10181770
10181778
10181779
1018177a
1018177b
1018177c
10181c04
10181f04
10182000
10182010
10182024
10182034
10182045
10182047
10182078
10182079
1018207a
1018207b
10182104
10182145
10182178
10182179
1018217a
1018217b
10182278
10182279
1018227a
1018227b
10182378
10182379
1018237a
1018237b
10182478
10182479
1018247a
1018247b
10182578
10182579
1018257a
1018257b
10182678
10182679
1018267a
1018267b
10182778
10182779
1018277a
1018277b
10182878
10182879
1018287a
1018287b
10182978
10182979
1018297a
1018297b
10182a78
10182a79
10182a7a
10182a7b
10182b78
10182b79
10182b7a
10182b7b
10182c78
10182c79
10182c7a
10182c7b
10182d78
10182d79
10182d7a
10182d7b
10182e78
10182e79
10182e7a
10182e7b
10182f78
10182f79
10182f7a
10182f7b
10183078
10183079
1018307a
1018307b
10183104
10183178
10183179
1018317a
1018317b
10183278
10183279
1018327a
1018327b
10183378
10183379
1018337a
1018337b
10183478
10183479
1018347a
1018347b
10183578
10183579
1018357a
1018357b
10183678
10183679
1018367a
1018367b
10183778
10183779
1018377a
1018377b
10184000
10184045
10184047
10184078
10184079
1018407a
1018407b
10184145
10184178
10184179
1018417a
1018417b
10184278
10184279
1018427a
1018427b
10184378
10184379
1018437a
1018437b
10184478
10184479
1018447a
1018447b
10184578
10184579
1018457a
1018457b
10184678
10184679
1018467a
1018467b
10184778
10184779
1018477a
1018477b
10184878
10184879
1018487a
1018487b
10184978
10184979
1018497a
1018497b
10184a78
10184a79
10184a7a
10184a7b
10184b78
10184b79
10184b7a
10184b7b
10184c78
10184c79
10184c7a
10184c7b
10184d78
10184d79
10184d7a
10184d7b
10184e78
10184e79
10184e7a
10184e7b
10184f78
10184f79
10184f7a
10184f7b
10185078
10185079
1018507a
1018507b
10185178
10185179
1018517a
1018517b
10185278
10185279
1018527a
1018527b
10185378
10185379
1018537a
1018537b
10185478
10185479
1018547a
1018547b
10185578
10185579
1018557a
1018557b
10185678
10185679
1018567a
1018567b
10185778
10185779
1018577a
1018577b
10186000
10186045
10186047
10186048
10186078
10186079
1018607a
1018607b
10186178
10186179
1018617a
1018617b
10186278
10186279
1018627a
1018627b
10186378
10186379
1018637a
1018637b
10186478
10186479
1018647a
1018647b
10186578
10186579
1018657a
1018657b
10186678
10186679
1018667a
1018667b
10186778
10186779
1018677a
1018677b
10186878
10186879
1018687a
1018687b
10186978
10186979
1018697a
1018697b
10186a78
10186a79
10186a7a
10186a7b
10186b78
10186b79
10186b7a
10186b7b
10186c78
10186c79
10186c7a
10186c7b
10186d78
10186d79
10186d7a
10186d7b
10186e78
10186e79
10186e7a
10186e7b
10186f78
10186f79
10186f7a
10186f7b
10187078
10187079
1018707a
1018707b
10187178
10187179
1018717a
1018717b
10187278
10187279
1018727a
1018727b
10187378
10187379
1018737a
1018737b
10187478
10187479
1018747a
1018747b
10187578
10187579
1018757a
1018757b
10187678
10187679
1018767a
1018767b
10187778
10187779
1018777a
1018777b
10188041
10188047
10188078
10188079
1018807a
1018807b
10188141
10188178
10188179
1018817a
1018817b
10188278
10188279
1018827a
1018827b
10188378
10188379
1018837a
1018837b
10188478
10188479
1018847a
1018847b
10188578
10188579
1018857a
1018857b
10188678
10188679
1018867a
1018867b
10188778
10188779
1018877a
1018877b
10188878
10188879
1018887a
1018887b
10188978
10188979
1018897a
1018897b
10188a78
10188a79
10188a7a
10188a7b
10188b78
10188b79
10188b7a
10188b7b
10188c78
10188c79
10188c7a
10188c7b
10188d78
10188d79
10188d7a
10188d7b
10188e78
10188e79
10188e7a
10188e7b
10188f78
10188f79
10188f7a
10188f7b
10189078
10189079
1018907a
1018907b
10189178
10189179
1018917a
1018917b
10189278
10189279
1018927a
1018927b
10189378
10189379
1018937a
1018937b
10189478
10189479
1018947a
1018947b
10189578
10189579
1018957a
1018957b
10189678
10189679
1018967a
1018967b
10189778
10189779
1018977a
1018977b
1018a047
1018a078
1018a079
1018a07a
1018a07b
1018a178
1018a179
1018a17a
1018a17b
1018a278
1018a279
1018a27a
1018a27b
1018a378
1018a379
1018a37a
1018a37b
1018a478
1018a479
1018a47a
1018a47b
1018a578
1018a579
1018a57a
1018a57b
1018a678
1018a679
1018a67a
1018a67b
1018a778
1018a779
1018a77a
1018a77b
1018a878
1018a879
1018a87a
1018a87b
1018a978
1018a979
1018a97a
1018a97b
1018aa78
1018aa79
1018aa7a
1018aa7b
1018ab78
1018ab79
1018ab7a
1018ab7b
1018ac78
1018ac79
1018ac7a
1018ac7b
1018ad78
1018ad79
1018ad7a
1018ad7b
1018ae78
1018ae79
1018ae7a
1018ae7b
1018af78
1018af79
1018af7a
1018af7b
1018b078
1018b079
1018b07a
1018b07b
1018b178
1018b179
1018b17a
1018b17b
1018b278
1018b279
1018b27a
1018b27b
1018b378
1018b379
1018b37a
1018b37b
1018b478
1018b479
1018b47a
1018b47b
1018b578
1018b579
1018b57a
1018b57b
1018b678
1018b679
1018b67a
1018b67b
1018b778
1018b779
1018b77a
1018b77b
1018c047
1018c078
1018c079
1018c07a
1018c07b
1018c178
1018c179
1018c17a
1018c17b
1018c278
1018c279
1018c27a
1018c27b
1018c378
1018c379
1018c37a
1018c37b
1018c478
1018c479
1018c47a
1018c47b
1018c578
1018c579
1018c57a
1018c57b
1018c678
1018c679
1018c67a
1018c67b
1018c778
1018c779
1018c77a
1018c77b
1018c878
1018c879
1018c87a
1018c87b
1018c978
1018c979
1018c97a
1018c97b
1018ca78
1018ca79
1018ca7a
1018ca7b
1018cb78
1018cb79
1018cb7a
1018cb7b
1018cc78
1018cc79
1018cc7a
1018cc7b
1018cd78
1018cd79
1018cd7a
1018cd7b
1018ce78
1018ce79
1018ce7a
1018ce7b
1018cf78
1018cf79
1018cf7a
1018cf7b
1018d078
1018d079
1018d07a
1018d07b
1018d178
1018d179
1018d17a
1018d17b
1018d278
1018d279
1018d27a
1018d27b
1018d378
1018d379
1018d37a
1018d37b
1018d478
1018d479
1018d47a
1018d47b
1018d578
1018d579
1018d57a
1018d57b
1018d678
1018d679
1018d67a
1018d67b
1018d778
1018d779
1018d77a
1018d77b
1018e045
1018e047
1018e048
1018e078
1018e079
1018e07a
1018e07b
1018e178
1018e179
1018e17a
1018e17b
1018e278
1018e279
1018e27a
1018e27b
1018e378
1018e379
1018e37a
1018e37b
1018e478
1018e479
1018e47a
1018e47b
1018e578
1018e579
1018e57a
1018e57b
1018e678
1018e679
1018e67a
1018e67b
1018e778
1018e779
1018e77a
1018e77b
1018e878
1018e879
1018e87a
1018e87b
1018e978
1018e979
1018e97a
1018e97b
1018ea78
1018ea79
1018ea7a
1018ea7b
1018eb78
1018eb79
1018eb7a
1018eb7b
1018ec78
1018ec79
1018ec7a
1018ec7b
1018ed78
1018ed79
1018ed7a
1018ed7b
1018ee78
1018ee79
1018ee7a
1018ee7b
1018ef78
1018ef79
1018ef7a
1018ef7b
1018f078
1018f079
1018f07a
1018f07b
1018f178
1018f179
1018f17a
1018f17b
1018f278
1018f279
1018f27a
1018f27b
1018f378
1018f379
1018f37a
1018f37b
1018f478
1018f479
1018f47a
1018f47b
1018f578
1018f579
1018f57a
1018f57b
1018f678
1018f679
1018f67a
1018f67b
1018f778
1018f779
1018f77a
1018f77b
11180000
11180001
11180002
11180004
11180008
1118000c
11180010
11180014
11180018
1118001c
11180020
11180024
11180028
1118002c
11180030
11180034
11180038
1118003c
11180041
11180042
11180045
11180046
11180047
11180049
1118004a
11180050
11180054
11180058
1118005c
11180070
11180074
11180078
11180079
1118007a
11180080
11180084
11180088
1118008c
11180090
11180094
11180098
111800a0
111800a4
111800a8
111800ac
111800b8
111800bc
111800c0
111800c4
111800c8
111800cc
111800d4
111800d8
111800e0
111800e4
111800e8
111800f4
111800f8
11180104
11180110
11180114
11180141
11180145
11180146
11180149
11180150
11180154
11180170
11180178
11180179
1118017a
11180204
11180245
11180249
11180270
11180278
11180279
1118027a
11180304
11180345
11180349
11180370
11180378
11180379
1118037a
11180446
11180470
11180478
11180479
1118047a
11180546
11180570
11180578
11180579
1118057a
11180670
11180678
11180679
1118067a
11180704
11180770
11180778
11180779
1118077a
11180804
11180846
11180870
11180878
11180879
1118087a
11180904
11180946
11180970
11180978
11180979
1118097a
11180a04
11180a70
11180a78
11180a79
11180a7a
11180b04
11180b70
11180b78
11180b79
11180b7a
11180c04
11180c46
11180c70
11180c78
11180c79
11180c7a
11180d46
11180d70
11180d78
11180d79
11180d7a
11180e04
11180e70
11180e78
11180e79
11180e7a
11180f70
11180f78
11180f79
11180f7a
11181004
11181046
11181070
11181078
11181079
1118107a
11181104
11181146
11181170
11181178
11181179
1118117a
11181204
11181270
11181278
11181279
1118127a
11181304
11181370
11181378
11181379
1118137a
11181446
11181470
11181478
11181479
1118147a
11181546
11181570
11181578
11181579
1118157a
11181670
11181678
11181679
1118167a
11181770
11181778
11181779
1118177a
11181846
11181946
11181c04
11181c46
11181d46
11181f04
11182000
11182001
11182002
11182010
11182024
11182034
11182045
11182046
11182047
11182078
11182079
1118207a
11182104
11182145
11182146
11182178
11182179
1118217a
11182278
11182279
1118227a
11182378
11182379
1118237a
11182446
11182478
11182479
1118247a
11182546
11182578
11182579
1118257a
11182678
11182679
1118267a
11182778
11182779
1118277a
11182846
11182878
11182879
1118287a
11182946
11182978
11182979
1118297a
11182a78
11182a79
11182a7a
11182b78
11182b79
11182b7a
11182c46
11182c78
11182c79
11182c7a
11182d46
11182d78
11182d79
11182d7a
11182e78
11182e79
11182e7a
11182f78
11182f79
11182f7a
11183046
11183078
11183079
1118307a
11183104
11183146
11183178
11183179
1118317a
11183278
11183279
1118327a
11183378
11183379
1118337a
11183446
11183478
11183479
1118347a
11183546
11183578
11183579
1118357a
11183678
11183679
1118367a
11183778
11183779
1118377a
11183846
11183946
11183c46
11183d46
11184000
11184001
11184002
11184045
11184047
11184078
11184079
1118407a
11184145
11184178
11184179
1118417a
11184278
11184279
1118427a
11184378
11184379
1118437a
11184478
11184479
1118447a
11184578
11184579
1118457a
11184678
11184679
1118467a
11184778
11184779
1118477a
11184878
11184879
1118487a
11184978
11184979
1118497a
11184a78
11184a79
11184a7a
11184b78
11184b79
11184b7a
11184c78
11184c79
11184c7a
11184d78
11184d79
11184d7a
11184e78
11184e79
11184e7a
11184f78
11184f79
11184f7a
11185078
11185079
1118507a
11185178
11185179
1118517a
11185278
11185279
1118527a
11185378
11185379
1118537a
11185478
11185479
1118547a
11185578
11185579
1118557a
11185678
11185679
1118567a
11185778
11185779
1118577a
11186000
11186001
11186002
11186045
11186047
11186048
11186078
11186079
1118607a
11186178
11186179
1118617a
11186278
11186279
1118627a
11186378
11186379
1118637a
11186478
11186479
1118647a
11186578
11186579
1118657a
11186678
11186679
1118667a
11186778
11186779
1118677a
11186878
11186879
1118687a
11186978
11186979
1118697a
11186a78
11186a79
11186a7a
11186b78
11186b79
11186b7a
11186c78
11186c79
11186c7a
11186d78
11186d79
11186d7a
11186e78
11186e79
11186e7a
11186f78
11186f79
11186f7a
11187078
11187079
1118707a
11187178
11187179
1118717a
11187278
11187279
1118727a
11187378
11187379
1118737a
11187478
11187479
1118747a
11187578
11187579
1118757a
11187678
11187679
1118767a
11187778
11187779
1118777a
11188000
11188001
11188002
11188041
11188047
11188078
11188079
1118807a
11188141
11188178
11188179
1118817a
11188278
11188279
1118827a
11188378
11188379
1118837a
11188478
11188479
1118847a
11188578
11188579
1118857a
11188678
11188679
1118867a
11188778
11188779
1118877a
11188878
11188879
1118887a
11188978
11188979
1118897a
11188a78
11188a79
11188a7a
11188b78
11188b79
11188b7a
11188c78
11188c79
11188c7a
11188d78
11188d79
11188d7a
11188e78
11188e79
11188e7a
11188f78
11188f79
11188f7a
11189078
11189079
1118907a
11189178
11189179
1118917a
11189278
11189279
1118927a
11189378
11189379
1118937a
11189478
11189479
1118947a
11189578
11189579
1118957a
11189678
11189679
1118967a
11189778
11189779
1118977a
1118a000
1118a001
1118a002
1118a047
1118a078
1118a079
1118a07a
1118a178
1118a179
1118a17a
1118a278
1118a279
1118a27a
1118a378
1118a379
1118a37a
1118a478
1118a479
1118a47a
1118a578
1118a579
1118a57a
1118a678
1118a679
1118a67a
1118a778
1118a779
1118a77a
1118a878
1118a879
1118a87a
1118a978
1118a979
1118a97a
1118aa78
1118aa79
1118aa7a
1118ab78
1118ab79
1118ab7a
1118ac78
1118ac79
1118ac7a
1118ad78
1118ad79
1118ad7a
1118ae78
1118ae79
1118ae7a
1118af78
1118af79
1118af7a
1118b078
1118b079
1118b07a
1118b178
1118b179
1118b17a
1118b278
1118b279
1118b27a
1118b378
1118b379
1118b37a
1118b478
1118b479
1118b47a
1118b578
1118b579
1118b57a
1118b678
1118b679
1118b67a
1118b778
1118b779
1118b77a
1118c000
1118c001
1118c002
1118c046
1118c047
1118c078
1118c079
1118c07a
1118c146
1118c178
1118c179
1118c17a
1118c278
1118c279
1118c27a
1118c378
1118c379
1118c37a
1118c446
1118c478
1118c479
1118c47a
1118c546
1118c578
1118c579
1118c57a
1118c678
1118c679
1118c67a
1118c778
1118c779
1118c77a
1118c846
1118c878
1118c879
1118c87a
1118c946
1118c978
1118c979
1118c97a
1118ca78
1118ca79
1118ca7a
1118cb78
1118cb79
1118cb7a
1118cc46
1118cc78
1118cc79
1118cc7a
1118cd46
1118cd78
1118cd79
1118cd7a
1118ce78
1118ce79
1118ce7a
1118cf78
1118cf79
1118cf7a
1118d046
1118d078
1118d079
1118d07a
1118d146
1118d178
1118d179
1118d17a
1118d278
1118d279
1118d27a
1118d378
1118d379
1118d37a
1118d446
1118d478
1118d479
1118d47a
1118d546
1118d578
1118d579
1118d57a
1118d678
1118d679
1118d67a
1118d778
1118d779
1118d77a
1118d846
1118d946
1118dc46
1118dd46
1118e000
1118e001
1118e002
1118e045
1118e047
1118e048
1118e078
1118e079
1118e07a
1118e178
1118e179
1118e17a
1118e278
1118e279
1118e27a
1118e378
1118e379
1118e37a
1118e478
1118e479
1118e47a
1118e578
1118e579
1118e57a
1118e678
1118e679
1118e67a
1118e778
1118e779
1118e77a
1118e878
1118e879
1118e87a
1118e978
1118e979
1118e97a
1118ea78
1118ea79
1118ea7a
1118eb78
1118eb79
1118eb7a
1118ec78
1118ec79
1118ec7a
1118ed78
1118ed79
1118ed7a
1118ee78
1118ee79
1118ee7a
1118ef78
1118ef79
1118ef7a
1118f078
1118f079
1118f07a
1118f178
1118f179
1118f17a
1118f278
1118f279
1118f27a
1118f378
1118f379
1118f37a
1118f478
1118f479
1118f47a
1118f578
1118f579
1118f57a
1118f678
1118f679
1118f67a
1118f778
1118f779
1118f77a
12180000
12180004
12180008
1218000c
12180010
12180014
12180018
1218001c
12180020
12180024
12180028
1218002c
12180030
12180034
12180038
1218003c
12180041
12180042
12180045
12180046
12180047
12180049
1218004a
12180050
12180054
12180058
1218005c
12180070
12180074
12180078
12180079
1218007a
1218007b
12180080
12180084
12180088
1218008c
12180090
12180094
12180098
121800a0
121800a4
121800a8
121800ac
121800b8
121800bc
121800c0
121800c4
121800c8
121800cc
121800d4
121800d8
121800e0
121800e4
121800e8
121800f4
121800f8
12180104
12180110
12180114
12180141
12180145
12180146
12180149
12180150
12180154
12180170
12180178
12180179
1218017a
1218017b
12180204
12180245
12180246
12180249
12180270
12180278
12180279
1218027a
1218027b
12180304
12180345
12180346
12180349
12180370
12180378
12180379
1218037a
1218037b
12180446
12180470
12180478
12180479
1218047a
1218047b
12180546
12180570
12180578
12180579
1218057a
1218057b
12180646
12180670
12180678
12180679
1218067a
1218067b
12180704
12180746
12180770
12180778
12180779
1218077a
1218077b
12180804
12180846
12180870
12180878
12180879
1218087a
1218087b
12180904
12180946
12180970
12180978
12180979
1218097a
1218097b
12180a04
12180a46
12180a70
12180a78
12180a79
12180a7a
12180a7b
12180b04
12180b46
12180b70
12180b78
12180b79
12180b7a
12180b7b
12180c04
12180c46
12180c70
12180c78
12180c79
12180c7a
12180c7b
12180d46
12180d70
12180d78
12180d79
12180d7a
12180d7b
12180e04
12180e46
12180e70
12180e78
12180e79
12180e7a
12180e7b
12180f46
12180f70
12180f78
12180f79
12180f7a
12180f7b
12181004
12181046
12181070
12181078
12181079
1218107a
1218107b
12181104
12181146
12181170
12181178
12181179
1218117a
1218117b
12181204
12181246
12181270
12181278
12181279
1218127a
1218127b
12181304
12181346
12181370
12181378
12181379
1218137a
1218137b
12181446
12181470
12181478
12181479
1218147a
1218147b
12181546
12181570
12181578
12181579
1218157a
1218157b
12181646
12181670
12181678
12181679
1218167a
1218167b
12181746
12181770
12181778
12181779
1218177a
1218177b
12181c04
12181f04
12182000
12182010
12182024
12182034
12182045
12182046
12182047
12182078
12182079
1218207a
1218207b
12182104
12182145
12182146
12182178
12182179
1218217a
1218217b
12182246
12182278
12182279
1218227a
1218227b
12182346
12182378
12182379
1218237a
1218237b
12182446
12182478
12182479
1218247a
1218247b
12182546
12182578
12182579
1218257a
1218257b
12182646
12182678
12182679
1218267a
1218267b
12182746
12182778
12182779
1218277a
1218277b
12182846
12182878
12182879
1218287a
1218287b
12182946
12182978
12182979
1218297a
1218297b
12182a46
12182a78
12182a79
12182a7a
12182a7b
12182b46
12182b78
12182b79
12182b7a
12182b7b
12182c46
12182c78
12182c79
12182c7a
12182c7b
12182d46
12182d78
12182d79
12182d7a
12182d7b
12182e46
12182e78
12182e79
12182e7a
12182e7b
12182f46
12182f78
12182f79
12182f7a
12182f7b
12183046
12183078
12183079
1218307a
1218307b
12183104
12183146
12183178
12183179
1218317a
1218317b
12183246
12183278
12183279
1218327a
1218327b
12183346
12183378
12183379
1218337a
1218337b
12183446
12183478
12183479
1218347a
1218347b
12183546
12183578
12183579
1218357a
1218357b
12183646
12183678
12183679
1218367a
1218367b
12183746
12183778
12183779
1218377a
1218377b
12184000
12184045
12184047
12184078
12184079
1218407a
1218407b
12184145
12184178
12184179
1218417a
1218417b
12184278
12184279
1218427a
1218427b
12184378
12184379
1218437a
1218437b
12184478
12184479
1218447a
1218447b
12184578
12184579
1218457a
1218457b
12184678
12184679
1218467a
1218467b
12184778
12184779
1218477a
1218477b
12184878
12184879
1218487a
1218487b
12184978
12184979
1218497a
1218497b
12184a78
12184a79
12184a7a
12184a7b
12184b78
12184b79
12184b7a
12184b7b
12184c78
12184c79
12184c7a
12184c7b
12184d78
12184d79
12184d7a
12184d7b
12184e78
12184e79
12184e7a
12184e7b
12184f78
12184f79
12184f7a
12184f7b
12185078
12185079
1218507a
1218507b
12185178
12185179
1218517a
1218517b
12185278
12185279
1218527a
1218527b
12185378
12185379
1218537a
1218537b
12185478
12185479
1218547a
1218547b
12185578
12185579
1218557a
1218557b
12185678
12185679
1218567a
1218567b
12185778
12185779
1218577a
1218577b
12186000
12186045
12186047
12186048
12186078
12186079
1218607a
1218607b
12186178
12186179
1218617a
1218617b
12186278
12186279
1218627a
1218627b
12186378
12186379
1218637a
1218637b
12186478
12186479
1218647a
1218647b
12186578
12186579
1218657a
1218657b
12186678
12186679
1218667a
1218667b
12186778
12186779
1218677a
1218677b
12186878
12186879
1218687a
1218687b
12186978
12186979
1218697a
1218697b
12186a78
12186a79
12186a7a
12186a7b
12186b78
12186b79
12186b7a
12186b7b
12186c78
12186c79
12186c7a
12186c7b
12186d78
12186d79
12186d7a
12186d7b
12186e78
12186e79
12186e7a
12186e7b
12186f78
12186f79
12186f7a
12186f7b
12187078
12187079
1218707a
1218707b
12187178
12187179
1218717a
1218717b
12187278
12187279
1218727a
1218727b
12187378
12187379
1218737a
1218737b
12187478
12187479
1218747a
1218747b
12187578
12187579
1218757a
1218757b
12187678
12187679
1218767a
1218767b
12187778
12187779
1218777a
1218777b
12188041
12188047
12188078
1218807a
1218807b
12188141
12188178
1218817a
1218817b
12188278
1218827a
1218827b
12188378
1218837a
1218837b
12188478
1218847a
1218847b
12188578
1218857a
1218857b
12188678
1218867a
1218867b
12188778
1218877a
1218877b
12188878
1218887a
1218887b
12188978
1218897a
1218897b
12188a78
12188a7a
12188a7b
12188b78
12188b7a
12188b7b
12188c78
12188c7a
12188c7b
12188d78
12188d7a
12188d7b
12188e78
12188e7a
12188e7b
12188f78
12188f7a
12188f7b
12189078
1218907a
1218907b
12189178
1218917a
1218917b
12189278
1218927a
1218927b
12189378
1218937a
1218937b
12189478
1218947a
1218947b
12189578
1218957a
1218957b
12189678
1218967a
1218967b
12189778
1218977a
1218977b
1218a047
1218a078
1218a07a
1218a07b
1218a178
1218a17a
1218a17b
1218a278
1218a27a
1218a27b
1218a378
1218a37a
1218a37b
1218a478
1218a47a
1218a47b
1218a578
1218a57a
1218a57b
1218a678
1218a67a
1218a67b
1218a778
1218a77a
1218a77b
1218a878
1218a87a
1218a87b
1218a978
1218a97a
1218a97b
1218aa78
1218aa7a
1218aa7b
1218ab78
1218ab7a
1218ab7b
1218ac78
1218ac7a
1218ac7b
1218ad78
1218ad7a
1218ad7b
1218ae78
1218ae7a
1218ae7b
1218af78
1218af7a
1218af7b
1218b078
1218b07a
1218b07b
1218b178
1218b17a
1218b17b
1218b278
1218b27a
1218b27b
1218b378
1218b37a
1218b37b
1218b478
1218b47a
1218b47b
1218b578
1218b57a
1218b57b
1218b678
1218b67a
1218b67b
1218b778
1218b77a
1218b77b
1218c046
1218c047
1218c078
1218c07a
1218c07b
1218c146
1218c178
1218c17a
1218c17b
1218c246
1218c278
1218c27a
1218c27b
1218c346
1218c378
1218c37a
1218c37b
1218c446
1218c478
1218c47a
1218c47b
1218c546
1218c578
1218c57a
1218c57b
1218c646
1218c678
1218c67a
1218c67b
1218c746
1218c778
1218c77a
1218c77b
1218c846
1218c878
1218c87a
1218c87b
1218c946
1218c978
1218c97a
1218c97b
1218ca46
1218ca78
1218ca7a
1218ca7b
1218cb46
1218cb78
1218cb7a
1218cb7b
1218cc46
1218cc78
1218cc7a
1218cc7b
1218cd46
1218cd78
1218cd7a
1218cd7b
1218ce46
1218ce78
1218ce7a
1218ce7b
1218cf46
1218cf78
1218cf7a
1218cf7b
1218d046
1218d078
1218d07a
1218d07b
1218d146
1218d178
1218d17a
1218d17b
1218d246
1218d278
1218d27a
1218d27b
1218d346
1218d378
1218d37a
1218d37b
1218d446
1218d478
1218d47a
1218d47b
1218d546
1218d578
1218d57a
1218d57b
1218d646
1218d678
1218d67a
1218d67b
1218d746
1218d778
1218d77a
1218d77b
1218e045
1218e047
1218e048
1218e078
1218e07a
1218e07b
1218e178
1218e17a
1218e17b
1218e278
1218e27a
1218e27b
1218e378
1218e37a
1218e37b
1218e478
1218e47a
1218e47b
1218e578
1218e57a
1218e57b
1218e678
1218e67a
1218e67b
1218e778
1218e77a
1218e77b
1218e878
1218e87a
1218e87b
1218e978
1218e97a
1218e97b
1218ea78
1218ea7a
1218ea7b
1218eb78
1218eb7a
1218eb7b
1218ec78
1218ec7a
1218ec7b
1218ed78
1218ed7a
1218ed7b
1218ee78
1218ee7a
1218ee7b
1218ef78
1218ef7a
1218ef7b
1218f078
1218f07a
1218f07b
1218f178
1218f17a
1218f17b
1218f278
1218f27a
1218f27b
1218f378
1218f37a
1218f37b
1218f478
1218f47a
1218f47b
1218f578
1218f57a
1218f57b
1218f678
1218f67a
1218f67b
1218f778
1218f77a
1218f77b
13180000
13180001
13180002
13180004
13180008
1318000c
13180010
13180014
13180018
1318001c
13180020
13180024
13180028
1318002c
13180030
13180034
13180038
1318003c
13180041
13180042
13180045
13180046
13180047
13180049
1318004a
13180050
13180054
13180058
1318005c
13180070
13180074
1318007c
1318007d
13180080
13180084
13180088
1318008c
13180090
13180094
13180098
131800a0
131800a4
131800a8
131800ac
131800b8
131800bc
131800c0
131800c4
131800c8
131800cc
131800d4
131800d8
131800e0
131800e4
131800e8
131800f4
131800f8
13180104
13180110
13180114
13180141
13180145
13180146
13180149
13180150
13180154
13180170
1318017c
1318017d
13180204
13180245
13180246
13180249
13180270
1318027c
1318027d
13180304
13180345
13180346
13180349
13180370
1318037c
1318037d
13180446
13180470
1318047c
1318047d
13180546
13180570
1318057c
1318057d
13180646
13180670
1318067c
1318067d
13180704
13180746
13180770
1318077c
1318077d
13180804
13180846
13180870
1318087c
1318087d
13180904
13180946
13180970
1318097c
1318097d
13180a04
13180a46
13180a70
13180a7c
13180a7d
13180b04
13180b46
13180b70
13180b7c
13180b7d
13180c04
13180c46
13180c70
13180c7c
13180c7d
13180d46
13180d70
13180d7c
13180d7d
13180e04
13180e46
13180e70
13180e7c
13180e7d
13180f46
13180f70
13180f7c
13180f7d
13181004
13181046
13181070
1318107c
1318107d
13181104
13181146
13181170
1318117c
1318117d
13181204
13181246
13181270
1318127c
1318127d
13181304
13181346
13181370
1318137c
1318137d
13181446
13181470
1318147c
1318147d
13181546
13181570
1318157c
1318157d
13181646
13181670
1318167c
1318167d
13181746
13181770
1318177c
1318177d
13181c04
13181f04
13182000
13182001
13182002
13182010
13182024
13182034
13182045
13182046
13182047
13182078
13182079
1318207a
13182104
13182145
13182146
13182178
13182179
1318217a
13182246
13182278
13182279
1318227a
13182346
13182378
13182379
1318237a
13182446
13182478
13182479
1318247a
13182546
13182578
13182579
1318257a
13182646
13182678
13182679
1318267a
13182746
13182778
13182779
1318277a
13182846
13182878
13182879
1318287a
13182946
13182978
13182979
1318297a
13182a46
13182a78
13182a79
13182a7a
13182b46
13182b78
13182b79
13182b7a
13182c46
13182c78
13182c79
13182c7a
13182d46
13182d78
13182d79
13182d7a
13182e46
13182e78
13182e79
13182e7a
13182f46
13182f78
13182f79
13182f7a
13183046
13183078
13183079
1318307a
13183104
13183146
13183178
13183179
1318317a
13183246
13183278
13183279
1318327a
13183346
13183378
13183379
1318337a
13183446
13183478
13183479
1318347a
13183546
13183578
13183579
1318357a
13183646
13183678
13183679
1318367a
13183746
13183778
13183779
1318377a
13184000
13184001
13184002
13184045
13184047
13184078
13184079
1318407a
13184145
13184178
13184179
1318417a
13184278
13184279
1318427a
13184378
13184379
1318437a
13184478
13184479
1318447a
13184578
13184579
1318457a
13184678
13184679
1318467a
13184778
13184779
1318477a
13184878
13184879
1318487a
13184978
13184979
1318497a
13184a78
13184a79
13184a7a
13184b78
13184b79
13184b7a
13184c78
13184c79
13184c7a
13184d78
13184d79
13184d7a
13184e78
13184e79
13184e7a
13184f78
13184f79
13184f7a
13185078
13185079
1318507a
13185178
13185179
1318517a
13185278
13185279
1318527a
13185378
13185379
1318537a
13185478
13185479
1318547a
13185578
13185579
1318557a
13185678
13185679
1318567a
13185778
13185779
1318577a
13186000
13186001
13186002
13186045
13186047
13186048
13186078
13186079
1318607a
13186178
13186179
1318617a
13186278
13186279
1318627a
13186378
13186379
1318637a
13186478
13186479
1318647a
13186578
13186579
1318657a
13186678
13186679
1318667a
13186778
13186779
1318677a
13186878
13186879
1318687a
13186978
13186979
1318697a
13186a78
13186a79
13186a7a
13186b78
13186b79
13186b7a
13186c78
13186c79
13186c7a
13186d78
13186d79
13186d7a
13186e78
13186e79
13186e7a
13186f78
13186f79
13186f7a
13187078
13187079
1318707a
13187178
13187179
1318717a
13187278
13187279
1318727a
13187378
13187379
1318737a
13187478
13187479
1318747a
13187578
13187579
1318757a
13187678
13187679
1318767a
13187778
13187779
1318777a
13188000
13188001
13188002
13188041
13188047
13188141
1318a000
1318a001
1318a002
1318a047
1318a078
1318a079
1318a07a
1318a178
1318a179
1318a17a
1318a278
1318a279
1318a27a
1318a378
1318a379
1318a37a
1318a478
1318a479
1318a47a
1318a578
1318a579
1318a57a
1318a678
1318a679
1318a67a
1318a778
1318a779
1318a77a
1318a878
1318a879
1318a87a
1318a978
1318a979
1318a97a
1318aa78
1318aa79
1318aa7a
1318ab78
1318ab79
1318ab7a
1318ac78
1318ac79
1318ac7a
1318ad78
1318ad79
1318ad7a
1318ae78
1318ae79
1318ae7a
1318af78
1318af79
1318af7a
1318b078
1318b079
1318b07a
1318b178
1318b179
1318b17a
1318b278
1318b279
1318b27a
1318b378
1318b379
1318b37a
1318b478
1318b479
1318b47a
1318b578
1318b579
1318b57a
1318b678
1318b679
1318b67a
1318b778
1318b779
1318b77a
1318c000
1318c001
1318c002
1318c046
1318c047
1318c078
1318c079
1318c07a
1318c146
1318c178
1318c179
1318c17a
1318c246
1318c278
1318c279
1318c27a
1318c346
1318c378
1318c379
1318c37a
1318c446
1318c478
1318c479
1318c47a
1318c546
1318c578
1318c579
1318c57a
1318c646
1318c678
1318c679
1318c67a
1318c746
1318c778
1318c779
1318c77a
1318c846
1318c878
1318c879
1318c87a
1318c946
1318c978
1318c979
1318c97a
1318ca46
1318ca78
1318ca79
1318ca7a
1318cb46
1318cb78
1318cb79
1318cb7a
1318cc46
1318cc78
1318cc79
1318cc7a
1318cd46
1318cd78
1318cd79
1318cd7a
1318ce46
1318ce78
1318ce79
1318ce7a
1318cf46
1318cf78
1318cf79
1318cf7a
1318d046
1318d078
1318d079
1318d07a
1318d146
1318d178
1318d179
1318d17a
1318d246
1318d278
1318d279
1318d27a
1318d346
1318d378
1318d379
1318d37a
1318d446
1318d478
1318d479
1318d47a
1318d546
1318d578
1318d579
1318d57a
1318d646
1318d678
1318d679
1318d67a
1318d746
1318d778
1318d779
1318d77a
1318e000
1318e001
1318e002
1318e045
1318e047
1318e048
1318e078
1318e079
1318e07a
1318e178
1318e179
1318e17a
1318e278
1318e279
1318e27a
1318e378
1318e379
1318e37a
1318e478
1318e479
1318e47a
1318e578
1318e579
1318e57a
1318e678
1318e679
1318e67a
1318e778
1318e779
1318e77a
1318e878
1318e879
1318e87a
1318e978
1318e979
1318e97a
1318ea78
1318ea79
1318ea7a
1318eb78
1318eb79
1318eb7a
1318ec78
1318ec79
1318ec7a
1318ed78
1318ed79
1318ed7a
1318ee78
1318ee79
1318ee7a
1318ef78
1318ef79
1318ef7a
1318f078
1318f079
1318f07a
1318f178
1318f179
1318f17a
1318f278
1318f279
1318f27a
1318f378
1318f379
1318f37a
1318f478
1318f479
1318f47a
1318f578
1318f579
1318f57a
1318f678
1318f679
1318f67a
1318f778
1318f779
1318f77a
14180000
14180004
14180008
1418000c
14180010
14180014
14180018
1418001c
14180020
14180024
14180028
1418002c
14180030
14180034
14180038
1418003c
14180041
14180042
14180045
14180046
14180047
14180049
1418004a
14180050
14180054
14180058
1418005c
14180070
14180074
14180078
14180079
1418007a
1418007b
14180080
14180084
14180088
1418008c
14180090
14180094
14180098
141800a0
141800a4
141800a8
141800ac
141800b8
141800bc
141800c0
141800c4
141800c8
141800cc
141800d4
141800d8
141800e0
141800e4
141800e8
141800f4
141800f8
14180104
14180110
14180114
14180141
14180145
14180149
14180150
14180154
14180170
14180178
14180179
1418017a
1418017b
14180204
14180245
14180249
14180270
14180278
14180279
1418027a
1418027b
14180304
14180345
14180349
14180370
14180378
14180379
1418037a
1418037b
14180470
14180478
14180479
1418047a
1418047b
14180570
14180578
14180579
1418057a
1418057b
14180670
14180678
14180679
1418067a
1418067b
14180704
14180770
14180778
14180779
1418077a
1418077b
14180804
14180870
14180878
14180879
1418087a
1418087b
14180904
14180970
14180978
14180979
1418097a
1418097b
14180a04
14180a70
14180a78
14180a79
14180a7a
14180a7b
14180b04
14180b70
14180b78
14180b79
14180b7a
14180b7b
14180c04
14180c70
14180c78
14180c79
14180c7a
14180c7b
14180d70
14180d78
14180d79
14180d7a
14180d7b
14180e04
14180e70
14180e78
14180e79
14180e7a
14180e7b
14180f70
14180f78
14180f79
14180f7a
14180f7b
14181004
14181070
14181078
14181079
1418107a
1418107b
14181104
14181170
14181178
14181179
1418117a
1418117b
14181204
14181270
14181278
14181279
1418127a
1418127b
14181304
14181370
14181378
14181379
1418137a
1418137b
14181470
14181478
14181479
1418147a
1418147b
14181570
14181578
14181579
1418157a
1418157b
14181670
14181678
14181679
1418167a
1418167b
14181770
14181778
14181779
1418177a
1418177b
14181c04
14181f04
14182010
14182024
14182034
14182045
14182047
14182078
14182079
1418207a
1418207b
14182104
14182145
14182178
14182179
1418217a
1418217b
14182278
14182279
1418227a
1418227b
14182378
14182379
1418237a
1418237b
14182478
14182479
1418247a
1418247b
14182578
14182579
1418257a
1418257b
14182678
14182679
1418267a
1418267b
14182778
14182779
1418277a
1418277b
14182878
14182879
1418287a
1418287b
14182978
14182979
1418297a
1418297b
14182a78
14182a79
14182a7a
14182a7b
14182b78
14182b79
14182b7a
14182b7b
14182c78
14182c79
14182c7a
14182c7b
14182d78
14182d79
14182d7a
14182d7b
14182e78
14182e79
14182e7a
14182e7b
14182f78
14182f79
14182f7a
14182f7b
14183078
14183079
1418307a
1418307b
14183104
14183178
14183179
1418317a
1418317b
14183278
14183279
1418327a
1418327b
14183378
14183379
1418337a
1418337b
14183478
14183479
1418347a
1418347b
14183578
14183579
1418357a
1418357b
14183678
14183679
1418367a
1418367b
14183778
14183779
1418377a
1418377b
14184045
14184047
14184078
14184079
1418407a
1418407b
14184145
14184178
14184179
1418417a
1418417b
14184278
14184279
1418427a
1418427b
14184378
14184379
1418437a
1418437b
14184478
14184479
1418447a
1418447b
14184578
14184579
1418457a
1418457b
14184678
14184679
1418467a
1418467b
14184778
14184779
1418477a
1418477b
14184878
14184879
1418487a
1418487b
14184978
14184979
1418497a
1418497b
14184a78
14184a79
14184a7a
14184a7b
14184b78
14184b79
14184b7a
14184b7b
14184c78
14184c79
14184c7a
14184c7b
14184d78
14184d79
14184d7a
14184d7b
14184e78
14184e79
14184e7a
14184e7b
14184f78
14184f79
14184f7a
14184f7b
14185078
14185079
1418507a
1418507b
14185178
14185179
1418517a
1418517b
14185278
14185279
1418527a
1418527b
14185378
14185379
1418537a
1418537b
14185478
14185479
1418547a
1418547b
14185578
14185579
1418557a
1418557b
14185678
14185679
1418567a
1418567b
14185778
14185779
1418577a
1418577b
14186045
14186047
14186048
14186078
14186079
1418607a
1418607b
14186178
14186179
1418617a
1418617b
14186278
14186279
1418627a
1418627b
14186378
14186379
1418637a
1418637b
14186478
14186479
1418647a
1418647b
14186578
14186579
1418657a
1418657b
14186678
14186679
1418667a
1418667b
14186778
14186779
1418677a
1418677b
14186878
14186879
1418687a
1418687b
14186978
14186979
1418697a
1418697b
14186a78
14186a79
14186a7a
14186a7b
14186b78
14186b79
14186b7a
14186b7b
14186c78
14186c79
14186c7a
14186c7b
14186d78
14186d79
14186d7a
14186d7b
14186e78
14186e79
14186e7a
14186e7b
14186f78
14186f79
14186f7a
14186f7b
14187078
14187079
1418707a
1418707b
14187178
14187179
1418717a
1418717b
14187278
14187279
1418727a
1418727b
14187378
14187379
1418737a
1418737b
14187478
14187479
1418747a
1418747b
14187578
14187579
1418757a
1418757b
14187678
14187679
1418767a
1418767b
14187778
14187779
1418777a
1418777b
14188041
14188047
14188078
14188079
1418807a
1418807b
14188141
14188178
14188179
1418817a
1418817b
14188278
14188279
1418827a
1418827b
14188378
14188379
1418837a
1418837b
14188478
14188479
1418847a
1418847b
14188578
14188579
1418857a
1418857b
14188678
14188679
1418867a
1418867b
14188778
14188779
1418877a
1418877b
14188878
14188879
1418887a
1418887b
14188978
14188979
1418897a
1418897b
14188a78
14188a79
14188a7a
14188a7b
14188b78
14188b79
14188b7a
14188b7b
14188c78
14188c79
14188c7a
14188c7b
14188d78
14188d79
14188d7a
14188d7b
14188e78
14188e79
14188e7a
14188e7b
14188f78
14188f79
14188f7a
14188f7b
14189078
14189079
1418907a
1418907b
14189178
14189179
1418917a
1418917b
14189278
14189279
1418927a
1418927b
14189378
14189379
1418937a
1418937b
14189478
14189479
1418947a
1418947b
14189578
14189579
1418957a
1418957b
14189678
14189679
1418967a
1418967b
14189778
14189779
1418977a
1418977b
1418a047
1418a078
1418a079
1418a07a
1418a07b
1418a178
1418a179
1418a17a
1418a17b
1418a278
1418a279
1418a27a
1418a27b
1418a378
1418a379
1418a37a
1418a37b
1418a478
1418a479
1418a47a
1418a47b
1418a578
1418a579
1418a57a
1418a57b
1418a678
1418a679
1418a67a
1418a67b
1418a778
1418a779
1418a77a
1418a77b
1418a878
1418a879
1418a87a
1418a87b
1418a978
1418a979
1418a97a
1418a97b
1418aa78
1418aa79
1418aa7a
1418aa7b
1418ab78
1418ab79
1418ab7a
1418ab7b
1418ac78
1418ac79
1418ac7a
1418ac7b
1418ad78
1418ad79
1418ad7a
1418ad7b
1418ae78
1418ae79
1418ae7a
1418ae7b
1418af78
1418af79
1418af7a
1418af7b
1418b078
1418b079
1418b07a
1418b07b
1418b178
1418b179
1418b17a
1418b17b
1418b278
1418b279
1418b27a
1418b27b
1418b378
1418b379
1418b37a
1418b37b
1418b478
1418b479
1418b47a
1418b47b
1418b578
1418b579
1418b57a
1418b57b
1418b678
1418b679
1418b67a
1418b67b
1418b778
1418b779
1418b77a
1418b77b
1418c047
1418c078
1418c079
1418c07a
1418c07b
1418c178
1418c179
1418c17a
1418c17b
1418c278
1418c279
1418c27a
1418c27b
1418c378
1418c379
1418c37a
1418c37b
1418c478
1418c479
1418c47a
1418c47b
1418c578
1418c579
1418c57a
1418c57b
1418c678
1418c679
1418c67a
1418c67b
1418c778
1418c779
1418c77a
1418c77b
1418c878
1418c879
1418c87a
1418c87b
1418c978
1418c979
1418c97a
1418c97b
1418ca78
1418ca79
1418ca7a
1418ca7b
1418cb78
1418cb79
1418cb7a
1418cb7b
1418cc78
1418cc79
1418cc7a
1418cc7b
1418cd78
1418cd79
1418cd7a
1418cd7b
1418ce78
1418ce79
1418ce7a
1418ce7b
1418cf78
1418cf79
1418cf7a
1418cf7b
1418d078
1418d079
1418d07a
1418d07b
1418d178
1418d179
1418d17a
1418d17b
1418d278
1418d279
1418d27a
1418d27b
1418d378
1418d379
1418d37a
1418d37b
1418d478
1418d479
1418d47a
1418d47b
1418d578
1418d579
1418d57a
1418d57b
1418d678
1418d679
1418d67a
1418d67b
1418d778
1418d779
1418d77a
1418d77b
1418e045
1418e047
1418e048
1418e078
1418e079
1418e07a
1418e07b
1418e178
1418e179
1418e17a
1418e17b
1418e278
1418e279
1418e27a
1418e27b
1418e378
1418e379
1418e37a
1418e37b
1418e478
1418e479
1418e47a
1418e47b
1418e578
1418e579
1418e57a
1418e57b
1418e678
1418e679
1418e67a
1418e67b
1418e778
1418e779
1418e77a
1418e77b
1418e878
1418e879
1418e87a
1418e87b
1418e978
1418e979
1418e97a
1418e97b
1418ea78
1418ea79
1418ea7a
1418ea7b
1418eb78
1418eb79
1418eb7a
1418eb7b
1418ec78
1418ec79
1418ec7a
1418ec7b
1418ed78
1418ed79
1418ed7a
1418ed7b
1418ee78
1418ee79
1418ee7a
1418ee7b
1418ef78
1418ef79
1418ef7a
1418ef7b
1418f078
1418f079
1418f07a
1418f07b
1418f178
1418f179
1418f17a
1418f17b
1418f278
1418f279
1418f27a
1418f27b
1418f378
1418f379
1418f37a
1418f37b
1418f478
1418f479
1418f47a
1418f47b
1418f578
1418f579
1418f57a
1418f57b
1418f678
1418f679
1418f67a
1418f67b
1418f778
1418f779
1418f77a
1418f77b
15180000
15180004
15180008
1518000c
15180010
15180014
15180018
1518001c
15180020
15180024
15180028
1518002c
15180030
15180034
15180038
1518003c
15180041
15180042
15180045
15180046
15180047
15180049
1518004a
15180050
15180054
15180058
1518005c
15180070
15180074
15180078
15180079
15180080
15180084
15180088
1518008c
15180090
15180094
15180098
151800a0
151800a4
151800a8
151800ac
151800b8
151800bc
151800c0
151800c4
151800c8
151800cc
151800d4
151800d8
151800e0
151800e4
151800e8
151800f4
151800f8
15180104
15180110
15180114
15180141
15180145
15180149
15180150
15180154
15180170
15180178
15180179
15180204
15180245
15180249
15180270
15180278
15180279
15180304
15180345
15180349
15180370
15180378
15180379
15180470
15180478
15180479
15180570
15180578
15180579
15180670
15180678
15180679
15180704
15180770
15180778
15180779
15180804
15180870
15180878
15180879
15180904
15180970
15180978
15180979
15180a04
15180a70
15180a78
15180a79
15180b04
15180b70
15180b78
15180b79
15180c04
15180c70
15180c78
15180c79
15180d70
15180d78
15180d79
15180e04
15180e70
15180e78
15180e79
15180f70
15180f78
15180f79
15181004
15181070
15181078
15181079
15181104
15181170
15181178
15181179
15181204
15181270
15181278
15181279
15181304
15181370
15181378
15181379
15181470
15181478
15181479
15181570
15181578
15181579
15181670
15181678
15181679
15181770
15181778
15181779
15181c04
15181f04
15182010
15182024
15182034
15182045
15182046
15182047
15182078
15182079
1518207a
1518207b
15182104
15182145
15182178
15182179
1518217a
1518217b
15182278
15182279
1518227a
1518227b
15182378
15182379
1518237a
1518237b
15182478
15182479
1518247a
1518247b
15182578
15182579
1518257a
1518257b
15182678
15182679
1518267a
1518267b
15182778
15182779
1518277a
1518277b
15182878
15182879
1518287a
1518287b
15182978
15182979
1518297a
1518297b
15182a78
15182a79
15182a7a
15182a7b
15182b78
15182b79
15182b7a
15182b7b
15182c78
15182c79
15182c7a
15182c7b
15182d78
15182d79
15182d7a
15182d7b
15182e78
15182e79
15182e7a
15182e7b
15182f78
15182f79
15182f7a
15182f7b
15183078
15183079
1518307a
1518307b
15183104
15183178
15183179
1518317a
1518317b
15183278
15183279
1518327a
1518327b
15183378
15183379
1518337a
1518337b
15183478
15183479
1518347a
1518347b
15183578
15183579
1518357a
1518357b
15183678
15183679
1518367a
1518367b
15183778
15183779
1518377a
1518377b
15184045
15184047
15184078
15184079
1518407a
1518407b
15184145
15184178
15184179
1518417a
1518417b
15184278
15184279
1518427a
1518427b
15184378
15184379
1518437a
1518437b
15184478
15184479
1518447a
1518447b
15184578
15184579
1518457a
1518457b
15184678
15184679
1518467a
1518467b
15184778
15184779
1518477a
1518477b
15184878
15184879
1518487a
1518487b
15184978
15184979
1518497a
1518497b
15184a78
15184a79
15184a7a
15184a7b
15184b78
15184b79
15184b7a
15184b7b
15184c78
15184c79
15184c7a
15184c7b
15184d78
15184d79
15184d7a
15184d7b
15184e78
15184e79
15184e7a
15184e7b
15184f78
15184f79
15184f7a
15184f7b
15185078
15185079
1518507a
1518507b
15185178
15185179
1518517a
1518517b
15185278
15185279
1518527a
1518527b
15185378
15185379
1518537a
1518537b
15185478
15185479
1518547a
1518547b
15185578
15185579
1518557a
1518557b
15185678
15185679
1518567a
1518567b
15185778
15185779
1518577a
1518577b
15186045
15186047
15186048
15186078
15186079
1518607a
1518607b
15186178
15186179
1518617a
1518617b
15186278
15186279
1518627a
1518627b
15186378
15186379
1518637a
1518637b
15186478
15186479
1518647a
1518647b
15186578
15186579
1518657a
1518657b
15186678
15186679
1518667a
1518667b
15186778
15186779
1518677a
1518677b
15186878
15186879
1518687a
1518687b
15186978
15186979
1518697a
1518697b
15186a78
15186a79
15186a7a
15186a7b
15186b78
15186b79
15186b7a
15186b7b
15186c78
15186c79
15186c7a
15186c7b
15186d78
15186d79
15186d7a
15186d7b
15186e78
15186e79
15186e7a
15186e7b
15186f78
15186f79
15186f7a
15186f7b
15187078
15187079
1518707a
1518707b
15187178
15187179
1518717a
1518717b
15187278
15187279
1518727a
1518727b
15187378
15187379
1518737a
1518737b
15187478
15187479
1518747a
1518747b
15187578
15187579
1518757a
1518757b
15187678
15187679
1518767a
1518767b
15187778
15187779
1518777a
1518777b
15188041
15188047
15188078
15188141
15188178
15188278
15188378
15188478
15188578
15188678
15188778
15188878
15188978
15188a78
15188b78
15188c78
15188d78
15188e78
15188f78
15189078
15189178
15189278
15189378
15189478
15189578
15189678
15189778
1518a047
1518a078
1518a07a
1518a07b
1518a178
1518a17a
1518a17b
1518a278
1518a27a
1518a27b
1518a378
1518a37a
1518a37b
1518a478
1518a47a
1518a47b
1518a578
1518a57a
1518a57b
1518a678
1518a67a
1518a67b
1518a778
1518a77a
1518a77b
1518a878
1518a87a
1518a87b
1518a978
1518a97a
1518a97b
1518aa78
1518aa7a
1518aa7b
1518ab78
1518ab7a
1518ab7b
1518ac78
1518ac7a
1518ac7b
1518ad78
1518ad7a
1518ad7b
1518ae78
1518ae7a
1518ae7b
1518af78
1518af7a
1518af7b
1518b078
1518b07a
1518b07b
1518b178
1518b17a
1518b17b
1518b278
1518b27a
1518b27b
1518b378
1518b37a
1518b37b
1518b478
1518b47a
1518b47b
1518b578
1518b57a
1518b57b
1518b678
1518b67a
1518b67b
1518b778
1518b77a
1518b77b
1518c047
1518c078
1518c07a
1518c07b
1518c178
1518c17a
1518c17b
1518c278
1518c27a
1518c27b
1518c378
1518c37a
1518c37b
1518c478
1518c47a
1518c47b
1518c578
1518c57a
1518c57b
1518c678
1518c67a
1518c67b
1518c778
1518c77a
1518c77b
1518c878
1518c87a
1518c87b
1518c978
1518c97a
1518c97b
1518ca78
1518ca7a
1518ca7b
1518cb78
1518cb7a
1518cb7b
1518cc78
1518cc7a
1518cc7b
1518cd78
1518cd7a
1518cd7b
1518ce78
1518ce7a
1518ce7b
1518cf78
1518cf7a
1518cf7b
1518d078
1518d07a
1518d07b
1518d178
1518d17a
1518d17b
1518d278
1518d27a
1518d27b
1518d378
1518d37a
1518d37b
1518d478
1518d47a
1518d47b
1518d578
1518d57a
1518d57b
1518d678
1518d67a
1518d67b
1518d778
1518d77a
1518d77b
1518e045
1518e047
1518e048
1518e078
1518e07a
1518e07b
1518e178
1518e17a
1518e17b
1518e278
1518e27a
1518e27b
1518e378
1518e37a
1518e37b
1518e478
1518e47a
1518e47b
1518e578
1518e57a
1518e57b
1518e678
1518e67a
1518e67b
1518e778
1518e77a
1518e77b
1518e878
1518e87a
1518e87b
1518e978
1518e97a
1518e97b
1518ea78
1518ea7a
1518ea7b
1518eb78
1518eb7a
1518eb7b
1518ec78
1518ec7a
1518ec7b
1518ed78
1518ed7a
1518ed7b
1518ee78
1518ee7a
1518ee7b
1518ef78
1518ef7a
1518ef7b
1518f078
1518f07a
1518f07b
1518f178
1518f17a
1518f17b
1518f278
1518f27a
1518f27b
1518f378
1518f37a
1518f37b
1518f478
1518f47a
1518f47b
1518f578
1518f57a
1518f57b
1518f678
1518f67a
1518f67b
1518f778
1518f77a
1518f77b
16180000
16180004
16180008
1618000c
16180010
16180014
16180018
1618001c
16180020
16180024
16180028
1618002c
16180030
16180034
16180038
1618003c
16180041
16180042
16180045
16180046
16180047
16180049
1618004a
16180050
16180054
16180058
1618005c
16180070
16180074
16180080
16180084
16180088
1618008c
16180090
16180094
16180098
161800a0
161800a4
161800a8
161800ac
161800b8
161800bc
161800c0
161800c4
161800c8
161800cc
161800d4
161800d8
161800e0
161800e4
161800e8
161800f4
161800f8
16180104
16180110
16180114
16180141
16180145
16180149
16180150
16180154
16180170
16180204
16180245
16180249
16180270
16180304
16180345
16180349
16180370
16180470
16180570
16180670
16180704
16180770
16180804
16180870
16180904
16180970
16180a04
16180a70
16180b04
16180b70
16180c04
16180c70
16180d70
16180e04
16180e70
16180f70
16181004
16181070
16181104
16181170
16181204
16181270
16181304
16181370
16181470
16181570
16181670
16181770
16181c04
16181f04
16182010
16182024
16182034
16182045
16182046
16182047
16182104
16182145
16183104
16184045
16184047
16184145
16186045
16186047
16186048
16188041
16188047
16188141
1618a047
1618c047
1618e045
1618e047
1618e048
17180000
17180004
17180008
1718000c
17180010
17180014
17180018
1718001c
17180020
17180024
17180028
1718002c
17180030
17180034
17180038
1718003c
17180041
17180042
17180045
17180046
17180047
17180049
1718004a
17180050
17180054
17180058
1718005c
17180070
17180074
17180080
17180084
17180088
1718008c
17180090
17180094
17180098
171800a0
171800a4
171800a8
171800ac
171800b8
171800bc
171800c0
171800c4
171800c8
171800cc
171800d4
171800d8
171800e0
171800e4
171800e8
171800f4
171800f8
17180104
17180110
17180114
17180141
17180145
17180149
17180150
17180154
17180170
17180204
17180245
17180249
17180270
17180304
17180345
17180349
17180370
17180470
17180570
17180670
17180704
17180770
17180804
17180870
17180904
17180970
17180a04
17180a70
17180b04
17180b70
17180c04
17180c70
17180d70
17180e04
17180e70
17180f70
17181004
17181070
17181104
17181170
17181204
17181270
17181304
17181370
17181470
17181570
17181670
17181770
17181c04
17181f04
17182010
17182024
17182034
17182045
17182047
17182104
17182145
17183104
17184045
17184047
17184145
17186045
17186047
17186048
17188041
17188047
1718a047
1718c047
1718e045
1718e047
1718e048
18180000
18180046
18180070
1818007c
18180100
18180170
1818017c
18180200
18180270
1818027c
18180300
18180370
1818037c
18180400
18180470
1818047c
18180500
18180570
1818057c
18180600
18180670
1818067c
18180700
18180770
1818077c
18180800
18180870
1818087c
18180900
18180970
1818097c
18180a00
18180a70
18180a7c
18180b00
18180b70
18180b7c
18180c00
18180c70
18180c7c
18180d00
18180d70
18180d7c
18180e00
18180e70
18180e7c
18180f00
18180f70
18180f7c
18181000
18181070
1818107c
18181100
18181170
1818117c
18181200
18181270
1818127c
18181300
18181370
1818137c
18181400
18181470
1818147c
18181500
18181570
1818157c
18181600
18181670
1818167c
18181700
18181770
1818177c
1818c046
1818c146
1818c246
1818c346
1818c446
1818c546
1818c646
1818c746
1818c846
1818c946
1818ca46
1818cb46
1818cc46
1818cd46
1818ce46
1818cf46
1818d046
1818d146
1818d246
1818d346
1818d446
1818d546
1818d646
1818d746
19180000
19180046
19180070
19180078
19180079
1918007c
19180100
19180170
19180178
19180179
1918017c
19180200
19180270
19180278
19180279
1918027c
19180300
19180370
19180378
19180379
1918037c
19180400
19180470
19180478
19180479
1918047c
19180500
19180570
19180578
19180579
1918057c
19180600
19180670
19180678
19180679
1918067c
19180700
19180770
19180778
19180779
1918077c
19180800
19180870
19180878
19180879
1918087c
19180900
19180970
19180978
19180979
1918097c
19180a00
19180a70
19180a78
19180a79
19180a7c
19180b00
19180b70
19180b78
19180b79
19180b7c
19180c00
19180c70
19180c78
19180c79
19180c7c
19180d00
19180d70
19180d78
19180d79
19180d7c
19180e00
19180e70
19180e78
19180e79
19180e7c
19180f00
19180f70
19180f78
19180f79
19180f7c
19181000
19181070
1918107c
19181100
19181170
1918117c
19181200
19181270
1918127c
19181300
19181370
1918137c
19181400
19181470
1918147c
19181500
19181570
1918157c
19181600
19181670
1918167c
19181700
19181770
1918177c
19182078
19182079
19182178
19182179
19182278
19182279
19182378
19182379
19182478
19182479
19182578
19182579
19182678
19182679
19182778
19182779
19183078
19183079
19183178
19183179
19183278
19183279
19183378
19183379
19183878
19183978
19183e78
19184078
19184079
19184178
19184179
19184278
19184279
19184378
19184379
19184478
19184479
19184578
19184579
19184678
19184679
19184778
19184779
19184878
19184879
19184978
19184979
19184a78
19184a79
19184b78
19184b79
19184c78
19184c79
19184d78
19184d79
19184e78
19184e79
19184f78
19184f79
19186078
19186079
19186178
19186179
19186278
19186279
19186378
19186379
19186478
19186479
19186578
19186579
19186678
19186679
19186778
19186779
19187078
19187079
19187178
19187179
19187278
19187279
19187378
19187379
19187878
19187879
19187978
19187979
19187e78
19188078
19188178
19188278
19188378
19188478
19188578
19188678
19188778
19188878
19188978
19188a78
19188b78
19188c78
19188d78
19188e78
19188f78
1918a078
1918a178
1918a278
1918a378
1918a478
1918a578
1918a678
1918a778
1918b078
1918b178
1918b278
1918b378
1918be78
1918c078
1918c178
1918c278
1918c378
1918c478
1918c578
1918c678
1918c778
1918c878
1918c978
1918ca78
1918cb78
1918cc78
1918cd78
1918ce78
1918cf78
1918e078
1918e178
1918e278
1918e378
1918e478
1918e578
1918e678
1918e778
1a180000
1a180046
1a180070
1a180078
1a180079
1a18007a
1a18007b
1a18007c
1a180170
1a180178
1a180179
1a18017a
1a18017b
1a18017c
1a180270
1a180278
1a180279
1a18027a
1a18027b
1a18027c
1a180370
1a180378
1a180379
1a18037a
1a18037b
1a18037c
1a180470
1a180478
1a180479
1a18047a
1a18047b
1a18047c
1a180570
1a180578
1a180579
1a18057a
1a18057b
1a18057c
1a180670
1a180678
1a180679
1a18067a
1a18067b
1a18067c
1a180770
1a180778
1a180779
1a18077a
1a18077b
1a18077c
1a180870
1a180878
1a180879
1a18087a
1a18087b
1a18087c
1a180970
1a180978
1a180979
1a18097a
1a18097b
1a18097c
1a180a70
1a180a78
1a180a79
1a180a7a
1a180a7b
1a180a7c
1a180b70
1a180b78
1a180b79
1a180b7a
1a180b7b
1a180b7c
1a180c70
1a180c78
1a180c79
1a180c7a
1a180c7b
1a180c7c
1a180d70
1a180d78
1a180d79
1a180d7a
1a180d7b
1a180d7c
1a180e70
1a180e78
1a180e79
1a180e7a
1a180e7b
1a180e7c
1a180f70
1a180f78
1a180f79
1a180f7a
1a180f7b
1a180f7c
1a181070
1a181078
1a181079
1a18107a
1a18107b
1a18107c
1a181170
1a181178
1a181179
1a18117a
1a18117b
1a18117c
1a181270
1a181278
1a181279
1a18127a
1a18127b
1a18127c
1a181370
1a181378
1a181379
1a18137a
1a18137b
1a18137c
1a181470
1a181478
1a181479
1a18147a
1a18147b
1a18147c
1a181570
1a181578
1a181579
1a18157a
1a18157b
1a18157c
1a181670
1a181678
1a181679
1a18167a
1a18167b
1a18167c
1a181770
1a181778
1a181779
1a18177a
1a18177b
1a18177c
1a182078
1a182079
1a18207a
1a18207b
1a182178
1a182179
1a18217a
1a18217b
1a182278
1a182279
1a18227a
1a18227b
1a182378
1a182379
1a18237a
1a18237b
1a182478
1a182479
1a18247a
1a18247b
1a182578
1a182579
1a18257a
1a18257b
1a182678
1a182679
1a18267a
1a18267b
1a182778
1a182779
1a18277a
1a18277b
1a182878
1a182879
1a18287a
1a18287b
1a182978
1a182979
1a18297a
1a18297b
1a182a78
1a182a79
1a182a7a
1a182a7b
1a182b78
1a182b79
1a182b7a
1a182b7b
1a182c78
1a182c79
1a182c7a
1a182c7b
1a182d78
1a182d79
1a182d7a
1a182d7b
1a182e78
1a182e79
1a182e7a
1a182e7b
1a182f78
1a182f79
1a182f7a
1a182f7b
1a183078
1a183079
1a18307a
1a18307b
1a183178
1a183179
1a18317a
1a18317b
1a183278
1a183279
1a18327a
1a18327b
1a183378
1a183379
1a18337a
1a18337b
1a183478
1a183479
1a18347a
1a18347b
1a183578
1a183579
1a18357a
1a18357b
1a183678
1a183679
1a18367a
1a18367b
1a183778
1a183779
1a18377a
1a18377b
1a184078
1a184079
1a18407a
1a18407b
1a184178
1a184179
1a18417a
1a18417b
1a184278
1a184279
1a18427a
1a18427b
1a184378
1a184379
1a18437a
1a18437b
1a184478
1a184479
1a18447a
1a18447b
1a184578
1a184579
1a18457a
1a18457b
1a184678
1a184679
1a18467a
1a18467b
1a184778
1a184779
1a18477a
1a18477b
1a184878
1a184879
1a18487a
1a18487b
1a184978
1a184979
1a18497a
1a18497b
1a184a78
1a184a79
1a184a7a
1a184a7b
1a184b78
1a184b79
1a184b7a
1a184b7b
1a184c78
1a184c79
1a184c7a
1a184c7b
1a184d78
1a184d79
1a184d7a
1a184d7b
1a184e78
1a184e79
1a184e7a
1a184e7b
1a184f78
1a184f79
1a184f7a
1a184f7b
1a185078
1a185079
1a18507a
1a18507b
1a185178
1a185179
1a18517a
1a18517b
1a185278
1a185279
1a18527a
1a18527b
1a185378
1a185379
1a18537a
1a18537b
1a185478
1a185479
1a18547a
1a18547b
1a185578
1a185579
1a18557a
1a18557b
1a185678
1a185679
1a18567a
1a18567b
1a185778
1a185779
1a18577a
1a18577b
1a186078
1a186079
1a18607a
1a18607b
1a186178
1a186179
1a18617a
1a18617b
1a186278
1a186279
1a18627a
1a18627b
1a186378
1a186379
1a18637a
1a18637b
1a186478
1a186479
1a18647a
1a18647b
1a186578
1a186579
1a18657a
1a18657b
1a186678
1a186679
1a18667a
1a18667b
1a186778
1a186779
1a18677a
1a18677b
1a186878
1a186879
1a18687a
1a18687b
1a186978
1a186979
1a18697a
1a18697b
1a186a78
1a186a79
1a186a7a
1a186a7b
1a186b78
1a186b79
1a186b7a
1a186b7b
1a186c78
1a186c79
1a186c7a
1a186c7b
1a186d78
1a186d79
1a186d7a
1a186d7b
1a186e78
1a186e79
1a186e7a
1a186e7b
1a186f78
1a186f79
1a186f7a
1a186f7b
1a187078
1a187079
1a18707a
1a18707b
1a187178
1a187179
1a18717a
1a18717b
1a187278
1a187279
1a18727a
1a18727b
1a187378
1a187379
1a18737a
1a18737b
1a187478
1a187479
1a18747a
1a18747b
1a187578
1a187579
1a18757a
1a18757b
1a187678
1a187679
1a18767a
1a18767b
1a187778
1a187779
1a18777a
1a18777b
1a188078
1a188079
1a18807a
1a18807b
1a188178
1a188179
1a18817a
1a18817b
1a188278
1a188279
1a18827a
1a18827b
1a188378
1a188379
1a18837a
1a18837b
1a188478
1a188479
1a18847a
1a18847b
1a188578
1a188579
1a18857a
1a18857b
1a188678
1a188679
1a18867a
1a18867b
1a188778
1a188779
1a18877a
1a18877b
1a188878
1a188879
1a18887a
1a18887b
1a188978
1a188979
1a18897a
1a18897b
1a188a78
1a188a79
1a188a7a
1a188a7b
1a188b78
1a188b79
1a188b7a
1a188b7b
1a188c78
1a188c79
1a188c7a
1a188c7b
1a188d78
1a188d79
1a188d7a
1a188d7b
1a188e78
1a188e79
1a188e7a
1a188e7b
1a188f78
1a188f79
1a188f7a
1a188f7b
1a189078
1a189079
1a18907a
1a18907b
1a189178
1a189179
1a18917a
1a18917b
1a189278
1a189279
1a18927a
1a18927b
1a189378
1a189379
1a18937a
1a18937b
1a189478
1a189479
1a18947a
1a18947b
1a189578
1a189579
1a18957a
1a18957b
1a189678
1a189679
1a18967a
1a18967b
1a189778
1a189779
1a18977a
1a18977b
1a18a078
1a18a079
1a18a07a
1a18a07b
1a18a178
1a18a179
1a18a17a
1a18a17b
1a18a278
1a18a279
1a18a27a
1a18a27b
1a18a378
1a18a379
1a18a37a
1a18a37b
1a18a478
1a18a479
1a18a47a
1a18a47b
1a18a578
1a18a579
1a18a57a
1a18a57b
1a18a678
1a18a679
1a18a67a
1a18a67b
1a18a778
1a18a779
1a18a77a
1a18a77b
1a18a878
1a18a879
1a18a87a
1a18a87b
1a18a978
1a18a979
1a18a97a
1a18a97b
1a18aa78
1a18aa79
1a18aa7a
1a18aa7b
1a18ab78
1a18ab79
1a18ab7a
1a18ab7b
1a18ac78
1a18ac79
1a18ac7a
1a18ac7b
1a18ad78
1a18ad79
1a18ad7a
1a18ad7b
1a18ae78
1a18ae79
1a18ae7a
1a18ae7b
1a18af78
1a18af79
1a18af7a
1a18af7b
1a18b078
1a18b079
1a18b07a
1a18b07b
1a18b178
1a18b179
1a18b17a
1a18b17b
1a18b278
1a18b279
1a18b27a
1a18b27b
1a18b378
1a18b379
1a18b37a
1a18b37b
1a18b478
1a18b479
1a18b47a
1a18b47b
1a18b578
1a18b579
1a18b57a
1a18b57b
1a18b678
1a18b679
1a18b67a
1a18b67b
1a18b778
1a18b779
1a18b77a
1a18b77b
1a18c046
1a18c078
1a18c079
1a18c07a
1a18c07b
1a18c146
1a18c178
1a18c179
1a18c17a
1a18c17b
1a18c246
1a18c278
1a18c279
1a18c27a
1a18c27b
1a18c346
1a18c378
1a18c379
1a18c37a
1a18c37b
1a18c446
1a18c478
1a18c479
1a18c47a
1a18c47b
1a18c546
1a18c578
1a18c579
1a18c57a
1a18c57b
1a18c646
1a18c678
1a18c679
1a18c67a
1a18c67b
1a18c746
1a18c778
1a18c779
1a18c77a
1a18c77b
1a18c846
1a18c878
1a18c879
1a18c87a
1a18c87b
1a18c946
1a18c978
1a18c979
1a18c97a
1a18c97b
1a18ca46
1a18ca78
1a18ca79
1a18ca7a
1a18ca7b
1a18cb46
1a18cb78
1a18cb79
1a18cb7a
1a18cb7b
1a18cc46
1a18cc78
1a18cc79
1a18cc7a
1a18cc7b
1a18cd46
1a18cd78
1a18cd79
1a18cd7a
1a18cd7b
1a18ce46
1a18ce78
1a18ce79
1a18ce7a
1a18ce7b
1a18cf46
1a18cf78
1a18cf79
1a18cf7a
1a18cf7b
1a18d046
1a18d078
1a18d079
1a18d07a
1a18d07b
1a18d146
1a18d178
1a18d179
1a18d17a
1a18d17b
1a18d246
1a18d278
1a18d279
1a18d27a
1a18d27b
1a18d346
1a18d378
1a18d379
1a18d37a
1a18d37b
1a18d446
1a18d478
1a18d479
1a18d47a
1a18d47b
1a18d546
1a18d578
1a18d579
1a18d57a
1a18d57b
1a18d646
1a18d678
1a18d679
1a18d67a
1a18d67b
1a18d746
1a18d778
1a18d779
1a18d77a
1a18d77b
1a18e078
1a18e079
1a18e07a
1a18e07b
1a18e178
1a18e179
1a18e17a
1a18e17b
1a18e278
1a18e279
1a18e27a
1a18e27b
1a18e378
1a18e379
1a18e37a
1a18e37b
1a18e478
1a18e479
1a18e47a
1a18e47b
1a18e578
1a18e579
1a18e57a
1a18e57b
1a18e678
1a18e679
1a18e67a
1a18e67b
1a18e778
1a18e779
1a18e77a
1a18e77b
1a18e878
1a18e879
1a18e87a
1a18e87b
1a18e978
1a18e979
1a18e97a
1a18e97b
1a18ea78
1a18ea79
1a18ea7a
1a18ea7b
1a18eb78
1a18eb79
1a18eb7a
1a18eb7b
1a18ec78
1a18ec79
1a18ec7a
1a18ec7b
1a18ed78
1a18ed79
1a18ed7a
1a18ed7b
1a18ee78
1a18ee79
1a18ee7a
1a18ee7b
1a18ef78
1a18ef79
1a18ef7a
1a18ef7b
1a18f078
1a18f079
1a18f07a
1a18f07b
1a18f178
1a18f179
1a18f17a
1a18f17b
1a18f278
1a18f279
1a18f27a
1a18f27b
1a18f378
1a18f379
1a18f37a
1a18f37b
1a18f478
1a18f479
1a18f47a
1a18f47b
1a18f578
1a18f579
1a18f57a
1a18f57b
1a18f678
1a18f679
1a18f67a
1a18f67b
1a18f778
1a18f779
1a18f77a
1a18f77b
1b180000
1b180046
1b180070
1b180078
1b180079
1b18007a
1b18007b
1b18007c
1b180170
1b180178
1b180179
1b18017a
1b18017b
1b18017c
1b180270
1b180278
1b180279
1b18027a
1b18027b
1b18027c
1b180370
1b180378
1b180379
1b18037a
1b18037b
1b18037c
1b180470
1b180478
1b180479
1b18047a
1b18047b
1b18047c
1b180570
1b180578
1b180579
1b18057a
1b18057b
1b18057c
1b180670
1b180678
1b180679
1b18067a
1b18067b
1b18067c
1b180770
1b180778
1b180779
1b18077a
1b18077b
1b18077c
1b180870
1b180878
1b180879
1b18087a
1b18087b
1b18087c
1b180970
1b180978
1b180979
1b18097a
1b18097b
1b18097c
1b180a70
1b180a78
1b180a79
1b180a7a
1b180a7b
1b180a7c
1b180b70
1b180b78
1b180b79
1b180b7a
1b180b7b
1b180b7c
1b180c70
1b180c78
1b180c79
1b180c7a
1b180c7b
1b180c7c
1b180d70
1b180d78
1b180d79
1b180d7a
1b180d7b
1b180d7c
1b180e70
1b180e78
1b180e79
1b180e7a
1b180e7b
1b180e7c
1b180f70
1b180f78
1b180f79
1b180f7a
1b180f7b
1b180f7c
1b181070
1b181078
1b181079
1b18107a
1b18107b
1b18107c
1b181170
1b181178
1b181179
1b18117a
1b18117b
1b18117c
1b181270
1b181278
1b181279
1b18127a
1b18127b
1b18127c
1b181370
1b181378
1b181379
1b18137a
1b18137b
1b18137c
1b181470
1b181478
1b181479
1b18147a
1b18147b
1b18147c
1b181570
1b181578
1b181579
1b18157a
1b18157b
1b18157c
1b181670
1b181678
1b181679
1b18167a
1b18167b
1b18167c
1b181770
1b181778
1b181779
1b18177a
1b18177b
1b18177c
1b182078
1b182079
1b18207a
1b18207b
1b182178
1b182179
1b18217a
1b18217b
1b182278
1b182279
1b18227a
1b18227b
1b182378
1b182379
1b18237a
1b18237b
1b182478
1b182479
1b18247a
1b18247b
1b182578
1b182579
1b18257a
1b18257b
1b182678
1b182679
1b18267a
1b18267b
1b182778
1b182779
1b18277a
1b18277b
1b182878
1b182879
1b18287a
1b18287b
1b182978
1b182979
1b18297a
1b18297b
1b182a78
1b182a79
1b182a7a
1b182a7b
1b182b78
1b182b79
1b182b7a
1b182b7b
1b182c78
1b182c79
1b182c7a
1b182c7b
1b182d78
1b182d79
1b182d7a
1b182d7b
1b182e78
1b182e79
1b182e7a
1b182e7b
1b182f78
1b182f79
1b182f7a
1b182f7b
1b183078
1b183079
1b18307a
1b18307b
1b183178
1b183179
1b18317a
1b18317b
1b183278
1b183279
1b18327a
1b18327b
1b183378
1b183379
1b18337a
1b18337b
1b183478
1b183479
1b18347a
1b18347b
1b183578
1b183579
1b18357a
1b18357b
1b183678
1b183679
1b18367a
1b18367b
1b183778
1b183779
1b18377a
1b18377b
1b184078
1b184079
1b18407b
1b184178
1b184179
1b18417b
1b184278
1b184279
1b18427b
1b184378
1b184379
1b18437b
1b184478
1b184479
1b18447b
1b184578
1b184579
1b18457b
1b184678
1b184679
1b18467b
1b184778
1b184779
1b18477b
1b184878
1b184879
1b18487b
1b184978
1b184979
1b18497b
1b184a78
1b184a79
1b184a7b
1b184b78
1b184b79
1b184b7b
1b184c78
1b184c79
1b184c7b
1b184d78
1b184d79
1b184d7b
1b184e78
1b184e79
1b184e7b
1b184f78
1b184f79
1b184f7b
1b185078
1b185079
1b18507b
1b185178
1b185179
1b18517b
1b185278
1b185279
1b18527b
1b185378
1b185379
1b18537b
1b185478
1b185479
1b18547b
1b185578
1b185579
1b18557b
1b185678
1b185679
1b18567b
1b185778
1b185779
1b18577b
1b186078
1b186079
1b18607b
1b186178
1b186179
1b18617b
1b186278
1b186279
1b18627b
1b186378
1b186379
1b18637b
1b186478
1b186479
1b18647b
1b186578
1b186579
1b18657b
1b186678
1b186679
1b18667b
1b186778
1b186779
1b18677b
1b186878
1b186879
1b18687b
1b186978
1b186979
1b18697b
1b186a78
1b186a79
1b186a7b
1b186b78
1b186b79
1b186b7b
1b186c78
1b186c79
1b186c7b
1b186d78
1b186d79
1b186d7b
1b186e78
1b186e79
1b186e7b
1b186f78
1b186f79
1b186f7b
1b187078
1b187079
1b18707b
1b187178
1b187179
1b18717b
1b187278
1b187279
1b18727b
1b187378
1b187379
1b18737b
1b187478
1b187479
1b18747b
1b187578
1b187579
1b18757b
1b187678
1b187679
1b18767b
1b187778
1b187779
1b18777b
1b188078
1b18807a
1b18807b
1b188178
1b18817a
1b18817b
1b188278
1b18827a
1b18827b
1b188378
1b18837a
1b18837b
1b188478
1b18847a
1b18847b
1b188578
1b18857a
1b18857b
1b188678
1b18867a
1b18867b
1b188778
1b18877a
1b18877b
1b188878
1b18887a
1b18887b
1b188978
1b18897a
1b18897b
1b188a78
1b188a7a
1b188a7b
1b188b78
1b188b7a
1b188b7b
1b188c78
1b188c7a
1b188c7b
1b188d78
1b188d7a
1b188d7b
1b188e78
1b188e7a
1b188e7b
1b188f78
1b188f7a
1b188f7b
1b189078
1b18907a
1b18907b
1b189178
1b18917a
1b18917b
1b189278
1b18927a
1b18927b
1b189378
1b18937a
1b18937b
1b189478
1b18947a
1b18947b
1b189578
1b18957a
1b18957b
1b189678
1b18967a
1b18967b
1b189778
1b18977a
1b18977b
1b18a078
1b18a07a
1b18a07b
1b18a178
1b18a17a
1b18a17b
1b18a278
1b18a27a
1b18a27b
1b18a378
1b18a37a
1b18a37b
1b18a478
1b18a47a
1b18a47b
1b18a578
1b18a57a
1b18a57b
1b18a678
1b18a67a
1b18a67b
1b18a778
1b18a77a
1b18a77b
1b18a878
1b18a87a
1b18a87b
1b18a978
1b18a97a
1b18a97b
1b18aa78
1b18aa7a
1b18aa7b
1b18ab78
1b18ab7a
1b18ab7b
1b18ac78
1b18ac7a
1b18ac7b
1b18ad78
1b18ad7a
1b18ad7b
1b18ae78
1b18ae7a
1b18ae7b
1b18af78
1b18af7a
1b18af7b
1b18b078
1b18b07a
1b18b07b
1b18b178
1b18b17a
1b18b17b
1b18b278
1b18b27a
1b18b27b
1b18b378
1b18b37a
1b18b37b
1b18b478
1b18b47a
1b18b47b
1b18b578
1b18b57a
1b18b57b
1b18b678
1b18b67a
1b18b67b
1b18b778
1b18b77a
1b18b77b
1b18c078
1b18c079
1b18c07b
1b18c178
1b18c179
1b18c17b
1b18c278
1b18c279
1b18c27b
1b18c378
1b18c379
1b18c37b
1b18c478
1b18c479
1b18c47b
1b18c578
1b18c579
1b18c57b
1b18c678
1b18c679
1b18c67b
1b18c778
1b18c779
1b18c77b
1b18c878
1b18c879
1b18c87b
1b18c978
1b18c979
1b18c97b
1b18ca78
1b18ca79
1b18ca7b
1b18cb78
1b18cb79
1b18cb7b
1b18cc78
1b18cc79
1b18cc7b
1b18cd78
1b18cd79
1b18cd7b
1b18ce78
1b18ce79
1b18ce7b
1b18cf78
1b18cf79
1b18cf7b
1b18d078
1b18d079
1b18d07b
1b18d178
1b18d179
1b18d17b
1b18d278
1b18d279
1b18d27b
1b18d378
1b18d379
1b18d37b
1b18d478
1b18d479
1b18d47b
1b18d578
1b18d579
1b18d57b
1b18d678
1b18d679
1b18d67b
1b18d778
1b18d779
1b18d77b
1b18e078
1b18e079
1b18e07b
1b18e178
1b18e179
1b18e17b
1b18e278
1b18e279
1b18e27b
1b18e378
1b18e379
1b18e37b
1b18e478
1b18e479
1b18e47b
1b18e578
1b18e579
1b18e57b
1b18e678
1b18e679
1b18e67b
1b18e778
1b18e779
1b18e77b
1b18e878
1b18e879
1b18e87b
1b18e978
1b18e979
1b18e97b
1b18ea78
1b18ea79
1b18ea7b
1b18eb78
1b18eb79
1b18eb7b
1b18ec78
1b18ec79
1b18ec7b
1b18ed78
1b18ed79
1b18ed7b
1b18ee78
1b18ee79
1b18ee7b
1b18ef78
1b18ef79
1b18ef7b
1b18f078
1b18f079
1b18f07b
1b18f178
1b18f179
1b18f17b
1b18f278
1b18f279
1b18f27b
1b18f378
1b18f379
1b18f37b
1b18f478
1b18f479
1b18f47b
1b18f578
1b18f579
1b18f57b
1b18f678
1b18f679
1b18f67b
1b18f778
1b18f779
1b18f77b
1c180000
1c180046
1c180070
1c180079
1c18007b
1c18007c
1c180146
1c180170
1c180179
1c18017b
1c18017c
1c180246
1c180270
1c180279
1c18027b
1c18027c
1c180346
1c180370
1c180379
1c18037b
1c18037c
1c180446
1c180470
1c180479
1c18047b
1c18047c
1c180546
1c180570
1c180579
1c18057b
1c18057c
1c180646
1c180670
1c180679
1c18067b
1c18067c
1c180746
1c180770
1c180779
1c18077b
1c18077c
1c180846
1c180870
1c180879
1c18087b
1c18087c
1c180946
1c180970
1c180979
1c18097b
1c18097c
1c180a46
1c180a70
1c180a79
1c180a7b
1c180a7c
1c180b46
1c180b70
1c180b79
1c180b7b
1c180b7c
1c180c46
1c180c70
1c180c79
1c180c7b
1c180c7c
1c180d46
1c180d70
1c180d79
1c180d7b
1c180d7c
1c180e46
1c180e70
1c180e79
1c180e7b
1c180e7c
1c180f46
1c180f70
1c180f79
1c180f7b
1c180f7c
1c181046
1c181070
1c181079
1c18107b
1c18107c
1c181146
1c181170
1c181179
1c18117b
1c18117c
1c181246
1c181270
1c181279
1c18127b
1c18127c
1c181346
1c181370
1c181379
1c18137b
1c18137c
1c181446
1c181470
1c181479
1c18147b
1c18147c
1c181546
1c181570
1c181579
1c18157b
1c18157c
1c181646
1c181670
1c181679
1c18167b
1c18167c
1c181746
1c181770
1c181779
1c18177b
1c18177c
1c182046
1c182079
1c18207b
1c182146
1c182179
1c18217b
1c182246
1c182279
1c18227b
1c182346
1c182379
1c18237b
1c182446
1c182479
1c18247b
1c182546
1c182579
1c18257b
1c182646
1c182679
1c18267b
1c182746
1c182779
1c18277b
1c182846
1c182879
1c18287b
1c182946
1c182979
1c18297b
1c182a46
1c182a79
1c182a7b
1c182b46
1c182b79
1c182b7b
1c182c46
1c182c79
1c182c7b
1c182d46
1c182d79
1c182d7b
1c182e46
1c182e79
1c182e7b
1c182f46
1c182f79
1c182f7b
1c183046
1c183079
1c18307b
1c183146
1c183179
1c18317b
1c183246
1c183279
1c18327b
1c183346
1c183379
1c18337b
1c183446
1c183479
1c18347b
1c183546
1c183579
1c18357b
1c183646
1c183679
1c18367b
1c183746
1c183779
1c18377b
1c184078
1c184079
1c18407a
1c18407b
1c184178
1c184179
1c18417a
1c18417b
1c184278
1c184279
1c18427a
1c18427b
1c184378
1c184379
1c18437a
1c18437b
1c184478
1c184479
1c18447a
1c18447b
1c184578
1c184579
1c18457a
1c18457b
1c184678
1c184679
1c18467a
1c18467b
1c184778
1c184779
1c18477a
1c18477b
1c184878
1c184879
1c18487a
1c18487b
1c184978
1c184979
1c18497a
1c18497b
1c184a78
1c184a79
1c184a7a
1c184a7b
1c184b78
1c184b79
1c184b7a
1c184b7b
1c184c78
1c184c79
1c184c7a
1c184c7b
1c184d78
1c184d79
1c184d7a
1c184d7b
1c184e78
1c184e79
1c184e7a
1c184e7b
1c184f78
1c184f79
1c184f7a
1c184f7b
1c185078
1c185079
1c18507a
1c18507b
1c185178
1c185179
1c18517a
1c18517b
1c185278
1c185279
1c18527a
1c18527b
1c185378
1c185379
1c18537a
1c18537b
1c185478
1c185479
1c18547a
1c18547b
1c185578
1c185579
1c18557a
1c18557b
1c185678
1c185679
1c18567a
1c18567b
1c185778
1c185779
1c18577a
1c18577b
1c186078
1c186079
1c18607a
1c18607b
1c186178
1c186179
1c18617a
1c18617b
1c186278
1c186279
1c18627a
1c18627b
1c186378
1c186379
1c18637a
1c18637b
1c186478
1c186479
1c18647a
1c18647b
1c186578
1c186579
1c18657a
1c18657b
1c186678
1c186679
1c18667a
1c18667b
1c186778
1c186779
1c18677a
1c18677b
1c186878
1c186879
1c18687a
1c18687b
1c186978
1c186979
1c18697a
1c18697b
1c186a78
1c186a79
1c186a7a
1c186a7b
1c186b78
1c186b79
1c186b7a
1c186b7b
1c186c78
1c186c79
1c186c7a
1c186c7b
1c186d78
1c186d79
1c186d7a
1c186d7b
1c186e78
1c186e79
1c186e7a
1c186e7b
1c186f78
1c186f79
1c186f7a
1c186f7b
1c187078
1c187079
1c18707a
1c18707b
1c187178
1c187179
1c18717a
1c18717b
1c187278
1c187279
1c18727a
1c18727b
1c187378
1c187379
1c18737a
1c18737b
1c187478
1c187479
1c18747a
1c18747b
1c187578
1c187579
1c18757a
1c18757b
1c187678
1c187679
1c18767a
1c18767b
1c187778
1c187779
1c18777a
1c18777b
1c188078
1c188079
1c18807a
1c18807b
1c188178
1c188179
1c18817a
1c18817b
1c188278
1c188279
1c18827a
1c18827b
1c188378
1c188379
1c18837a
1c18837b
1c188478
1c188479
1c18847a
1c18847b
1c188578
1c188579
1c18857a
1c18857b
1c188678
1c188679
1c18867a
1c18867b
1c188778
1c188779
1c18877a
1c18877b
1c188878
1c188879
1c18887a
1c18887b
1c188978
1c188979
1c18897a
1c18897b
1c188a78
1c188a79
1c188a7a
1c188a7b
1c188b78
1c188b79
1c188b7a
1c188b7b
1c188c78
1c188c79
1c188c7a
1c188c7b
1c188d78
1c188d79
1c188d7a
1c188d7b
1c188e78
1c188e79
1c188e7a
1c188e7b
1c188f78
1c188f79
1c188f7a
1c188f7b
1c189078
1c189079
1c18907a
1c18907b
1c189178
1c189179
1c18917a
1c18917b
1c189278
1c189279
1c18927a
1c18927b
1c189378
1c189379
1c18937a
1c18937b
1c189478
1c189479
1c18947a
1c18947b
1c189578
1c189579
1c18957a
1c18957b
1c189678
1c189679
1c18967a
1c18967b
1c189778
1c189779
1c18977a
1c18977b
1c18a078
1c18a079
1c18a07a
1c18a07b
1c18a178
1c18a179
1c18a17a
1c18a17b
1c18a278
1c18a279
1c18a27a
1c18a27b
1c18a378
1c18a379
1c18a37a
1c18a37b
1c18a478
1c18a479
1c18a47a
1c18a47b
1c18a578
1c18a579
1c18a57a
1c18a57b
1c18a678
1c18a679
1c18a67a
1c18a67b
1c18a778
1c18a779
1c18a77a
1c18a77b
1c18a878
1c18a879
1c18a87a
1c18a87b
1c18a978
1c18a979
1c18a97a
1c18a97b
1c18aa78
1c18aa79
1c18aa7a
1c18aa7b
1c18ab78
1c18ab79
1c18ab7a
1c18ab7b
1c18ac78
1c18ac79
1c18ac7a
1c18ac7b
1c18ad78
1c18ad79
1c18ad7a
1c18ad7b
1c18ae78
1c18ae79
1c18ae7a
1c18ae7b
1c18af78
1c18af79
1c18af7a
1c18af7b
1c18b078
1c18b079
1c18b07a
1c18b07b
1c18b178
1c18b179
1c18b17a
1c18b17b
1c18b278
1c18b279
1c18b27a
1c18b27b
1c18b378
1c18b379
1c18b37a
1c18b37b
1c18b478
1c18b479
1c18b47a
1c18b47b
1c18b578
1c18b579
1c18b57a
1c18b57b
1c18b678
1c18b679
1c18b67a
1c18b67b
1c18b778
1c18b779
1c18b77a
1c18b77b
1c18c046
1c18c078
1c18c07a
1c18c146
1c18c178
1c18c17a
1c18c246
1c18c278
1c18c27a
1c18c346
1c18c378
1c18c37a
1c18c446
1c18c478
1c18c47a
1c18c546
1c18c578
1c18c57a
1c18c646
1c18c678
1c18c67a
1c18c746
1c18c778
1c18c77a
1c18c846
1c18c878
1c18c87a
1c18c946
1c18c978
1c18c97a
1c18ca46
1c18ca78
1c18ca7a
1c18cb46
1c18cb78
1c18cb7a
1c18cc46
1c18cc78
1c18cc7a
1c18cd46
1c18cd78
1c18cd7a
1c18ce46
1c18ce78
1c18ce7a
1c18cf46
1c18cf78
1c18cf7a
1c18d046
1c18d078
1c18d07a
1c18d146
1c18d178
1c18d17a
1c18d246
1c18d278
1c18d27a
1c18d346
1c18d378
1c18d37a
1c18d446
1c18d478
1c18d47a
1c18d546
1c18d578
1c18d57a
1c18d646
1c18d678
1c18d67a
1c18d746
1c18d778
1c18d77a
1c18e078
1c18e07a
1c18e178
1c18e17a
1c18e278
1c18e27a
1c18e378
1c18e37a
1c18e478
1c18e47a
1c18e578
1c18e57a
1c18e678
1c18e67a
1c18e778
1c18e77a
1c18e878
1c18e87a
1c18e978
1c18e97a
1c18ea78
1c18ea7a
1c18eb78
1c18eb7a
1c18ec78
1c18ec7a
1c18ed78
1c18ed7a
1c18ee78
1c18ee7a
1c18ef78
1c18ef7a
1c18f078
1c18f07a
1c18f178
1c18f17a
1c18f278
1c18f27a
1c18f378
1c18f37a
1c18f478
1c18f47a
1c18f578
1c18f57a
1c18f678
1c18f67a
1c18f778
1c18f77a
1d180000
1d180046
1d180070
1d18007c
1d180170
1d18017c
1d180270
1d18027c
1d180370
1d18037c
1d180470
1d18047c
1d180570
1d18057c
1d180670
1d18067c
1d180770
1d18077c
1d180870
1d18087c
1d180970
1d18097c
1d180a70
1d180a7c
1d180b70
1d180b7c
1d180c70
1d180c7c
1d180d70
1d180d7c
1d180e70
1d180e7c
1d180f70
1d180f7c
1d181070
1d18107c
1d181170
1d18117c
1d181270
1d18127c
1d181370
1d18137c
1d181470
1d18147c
1d181570
1d18157c
1d181670
1d18167c
1d181770
1d18177c
1d182046
1d18c046
1e180000
1e180046
1e18004c
1e180070
1e180078
1e18007b
1e18007c
1e18014c
1e180170
1e180178
1e18017b
1e18017c
1e18024c
1e180270
1e180278
1e18027b
1e18027c
1e18034c
1e180370
1e180378
1e18037c
1e18044c
1e180470
1e180478
1e18047b
1e18047c
1e18054c
1e180570
1e180578
1e18057b
1e18057c
1e18064c
1e180670
1e180678
1e18067b
1e18067c
1e18074c
1e180770
1e180778
1e18077b
1e18077c
1e18084c
1e180870
1e180878
1e18087b
1e18087c
1e18094c
1e180970
1e180978
1e18097b
1e18097c
1e180a4c
1e180a70
1e180a78
1e180a7b
1e180a7c
1e180b4c
1e180b70
1e180b78
1e180b7b
1e180b7c
1e180c4c
1e180c70
1e180c78
1e180c7b
1e180c7c
1e180d4c
1e180d70
1e180d78
1e180d7b
1e180d7c
1e180e4c
1e180e70
1e180e78
1e180e7b
1e180e7c
1e180f4c
1e180f70
1e180f78
1e180f7b
1e180f7c
1e18104c
1e181070
1e181078
1e18107c
1e18114c
1e181170
1e181178
1e18117c
1e18124c
1e181270
1e181278
1e18127c
1e18134c
1e181370
1e181378
1e18137c
1e18144c
1e181470
1e181478
1e18147c
1e18154c
1e181570
1e181578
1e18157c
1e18164c
1e181670
1e181678
1e18167c
1e18174c
1e181770
1e181778
1e18177c
1e182046
1e182078
1e18207b
1e182178
1e18217b
1e182278
1e18227b
1e182378
1e18237b
1e182478
1e18247b
1e182578
1e18257b
1e182678
1e18267b
1e182778
1e18277b
1e182878
1e18287b
1e182978
1e18297b
1e182a78
1e182a7b
1e182b78
1e182b7b
1e182c78
1e182c7b
1e182d78
1e182d7b
1e182e78
1e182e7b
1e182f78
1e182f7b
1e183078
1e18307b
1e183178
1e18317b
1e183278
1e18327b
1e183378
1e18337b
1e183478
1e18347b
1e183578
1e18357b
1e183678
1e18367b
1e183778
1e18377b
1e18387b
1e18397b
1e183a7b
1e183b7b
1e183c7b
1e183d7b
1e183e7b
1e183f7b
1e184078
1e184178
1e184278
1e184378
1e184478
1e184578
1e184678
1e184778
1e184878
1e184978
1e184a78
1e184b78
1e184c78
1e184d78
1e184e78
1e184f78
1e185078
1e185178
1e185278
1e185378
1e185478
1e185578
1e185678
1e185778
1e186078
1e186178
1e186278
1e186378
1e186478
1e186578
1e186678
1e186778
1e186878
1e186978
1e186a78
1e186b78
1e186c78
1e186d78
1e186e78
1e186f78
1e187078
1e187178
1e187278
1e187378
1e187478
1e187578
1e187678
1e187778
1e188078
1e188178
1e188278
1e188378
1e188478
1e188578
1e188678
1e188778
1e188878
1e188978
1e188a78
1e188b78
1e188c78
1e188d78
1e188e78
1e188f78
1e189078
1e189178
1e189278
1e189378
1e189478
1e189578
1e189678
1e189778
1e18a078
1e18a178
1e18a278
1e18a378
1e18a478
1e18a578
1e18a678
1e18a778
1e18a878
1e18a978
1e18aa78
1e18ab78
1e18ac78
1e18ad78
1e18ae78
1e18af78
1e18b078
1e18b178
1e18b278
1e18b378
1e18b478
1e18b578
1e18b678
1e18b778
1e18c046
1e18c078
1e18c178
1e18c278
1e18c378
1e18c478
1e18c578
1e18c678
1e18c778
1e18c878
1e18c978
1e18ca78
1e18cb78
1e18cc78
1e18cd78
1e18ce78
1e18cf78
1e18d078
1e18d178
1e18d278
1e18d378
1e18d478
1e18d578
1e18d678
1e18d778
1f180000
1f180046
1f180070
1f18007c
1f180146
1f180170
1f18017c
1f180246
1f180270
1f18027c
1f180346
1f180370
1f18037c
1f180446
1f180470
1f18047c
1f180546
1f180570
1f18057c
1f180646
1f180670
1f18067c
1f180746
1f180770
1f18077c
1f180846
1f180870
1f18087c
1f180946
1f180970
1f18097c
1f180a46
1f180a70
1f180a7c
1f180b46
1f180b70
1f180b7c
1f180c46
1f180c70
1f180c7c
1f180d46
1f180d70
1f180d7c
1f180e46
1f180e70
1f180e7c
1f180f46
1f180f70
1f180f7c
1f181046
1f181070
1f18107c
1f181146
1f181170
1f18117c
1f181246
1f181270
1f18127c
1f181346
1f181370
1f18137c
1f181446
1f181470
1f18147c
1f181546
1f181570
1f18157c
1f181646
1f181670
1f18167c
1f181746
1f181770
1f18177c
1f182046
1f182146
1f182246
1f182346
1f182446
1f182546
1f182646
1f182746
1f182846
1f182946
1f182a46
1f182b46
1f182c46
1f182d46
1f182e46
1f182f46
1f183046
1f183146
1f183246
1f183346
1f183446
1f183546
1f183646
1f183746
1f18c046
1f18c146
1f18c246
1f18c346
1f18c446
1f18c546
1f18c646
1f18c746
1f18c846
1f18c946
1f18ca46
1f18cb46
1f18cc46
1f18cd46
1f18ce46
1f18cf46
1f18d046
1f18d146
1f18d246
1f18d346
1f18d446
1f18d546
1f18d646
1f18d746
20180000
20180041
20180042
20180046
2018004c
20180070
20180078
20180100
20180141
20180142
2018014c
20180170
20180178
20180200
20180241
20180242
2018024c
20180270
20180278
20180300
20180341
20180342
2018034c
20180370
20180378
20180400
20180441
20180442
2018044c
20180470
20180478
20180500
20180541
20180542
2018054c
20180570
20180578
20180600
20180641
20180642
2018064c
20180670
20180678
20180700
20180741
20180742
2018074c
20180770
20180778
20180800
20180841
20180842
2018084c
20180870
20180878
20180900
20180941
20180942
2018094c
20180970
20180978
20180a00
20180a41
20180a42
20180a4c
20180a70
20180a78
20180b00
20180b41
20180b42
20180b4c
20180b70
20180b78
20180c00
20180c41
20180c42
20180c4c
20180c70
20180c78
20180d00
20180d41
20180d42
20180d4c
20180d70
20180d78
20180e00
20180e41
20180e42
20180e4c
20180e70
20180e78
20180f00
20180f41
20180f42
20180f4c
20180f70
20180f78
20181000
20181041
20181042
2018104c
20181070
20181078
20181100
20181141
20181142
2018114c
20181170
20181178
20181200
20181241
20181242
2018124c
20181270
20181278
20181300
20181341
20181342
2018134c
20181370
20181378
20181400
20181441
20181442
2018144c
20181470
20181478
20181500
20181541
20181542
2018154c
20181570
20181578
20181600
20181641
20181642
2018164c
20181670
20181678
20181700
20181741
20181742
2018174c
20181770
20181778
20182046
20188041
20188046
20188141
20188241
20188341
20188441
20188541
20188641
20188741
20188841
20188941
20188a41
20188b41
20188c41
20188d41
20188e41
20188f41
20189041
20189141
20189241
20189341
20189441
20189541
20189641
20189741
2018a046
2018c046
21180000
21180001
21180041
21180046
2118004c
21180070
21180078
2118007c
21180100
21180141
2118014c
21180170
21180178
2118017c
21180200
21180241
2118024c
21180270
21180278
2118027c
21180300
2118034c
21180370
21180378
2118037c
21180400
21180441
2118044c
21180470
21180478
2118047c
21180500
21180541
2118054c
21180570
21180578
2118057c
21180600
21180641
2118064c
21180670
21180678
2118067c
21180700
2118074c
21180770
21180778
2118077c
21180800
21180841
2118084c
21180870
21180878
2118087c
21180900
21180941
2118094c
21180970
21180978
2118097c
21180a00
21180a41
21180a4c
21180a70
21180a78
21180a7c
21180b00
21180b4c
21180b70
21180b78
21180b7c
21180c00
21180c41
21180c4c
21180c70
21180c78
21180c7c
21180d00
21180d41
21180d4c
21180d70
21180d78
21180d7c
21180e00
21180e41
21180e4c
21180e70
21180e78
21180e7c
21180f00
21180f4c
21180f70
21180f78
21180f7c
21181000
21181041
2118104c
21181070
21181078
2118107c
21181100
2118114c
21181170
21181178
2118117c
21181200
2118124c
21181270
21181278
2118127c
21181300
2118134c
21181370
21181378
2118137c
21181400
2118144c
21181470
21181478
2118147c
21181500
2118154c
21181570
21181578
2118157c
21181600
2118164c
21181670
21181678
2118167c
21181700
2118174c
21181770
21181778
2118177c
21181800
21182000
21182001
21184000
21184001
21186000
21186001
21188000
21188041
21188046
2118a000
2118a046
2118c000
2118e000
22180000
22180041
22180046
22180078
2218007c
22180100
22180141
22180178
2218017c
22180200
22180241
22180278
2218027c
22180300
22180341
22180378
2218037c
22180400
22180441
22180478
2218047c
22180500
22180541
22180578
2218057c
22180600
22180641
22180678
2218067c
22180700
22180741
22180778
2218077c
22180800
22180841
22180878
2218087c
22180900
22180941
22180978
2218097c
22180a00
22180a41
22180a78
22180a7c
22180b00
22180b41
22180b78
22180b7c
22180c00
22180c41
22180c78
22180c7c
22180d00
22180d41
22180d78
22180d7c
22180e00
22180e41
22180e78
22180e7c
22180f00
22180f41
22180f78
22180f7c
22181000
22181041
22181078
2218107c
22181100
22181141
22181178
2218117c
22181200
22181241
22181278
2218127c
22181300
22181341
22181378
2218137c
22181400
22181441
22181478
2218147c
22181500
22181541
22181578
2218157c
22181600
22181641
22181678
2218167c
22181700
22181741
22181778
2218177c
22182000
22182100
22182200
22182300
22182400
22182500
22182600
22182700
22182800
22182900
22182a00
22182b00
22182c00
22182d00
22182e00
22182f00
22183000
22183100
22183200
22183300
22183400
22183500
22183600
22183700
22188041
22188141
22188241
22188341
22188441
22188541
22188641
22188741
22188841
22188941
22188a41
22188b41
22188c41
22188d41
22188e41
22188f41
22189041
22189141
22189241
22189341
22189441
22189541
22189641
22189741
23180000
23180041
23180046
23180078
2318007c
23180100
23180141
23180178
2318017c
23180200
23180241
23180278
2318027c
23180300
23180341
23180378
2318037c
23180400
23180441
23180478
2318047c
23180500
23180541
23180578
2318057c
23180600
23180641
23180678
2318067c
23180700
23180741
23180778
2318077c
23180800
23180841
23180878
2318087c
23180900
23180941
23180978
2318097c
23180a00
23180a41
23180a78
23180a7c
23180b00
23180b41
23180b78
23180b7c
23180c00
23180c41
23180c78
23180c7c
23180d00
23180d41
23180d78
23180d7c
23180e00
23180e41
23180e78
23180e7c
23180f00
23180f41
23180f78
23180f7c
23181000
23181041
23181078
2318107c
23181100
23181141
23181178
2318117c
23181200
23181241
23181278
2318127c
23181300
23181341
23181378
2318137c
23181400
23181441
23181478
2318147c
23181500
23181541
23181578
2318157c
23181600
23181641
23181678
2318167c
23181700
23181741
23181778
2318177c
23182000
23182100
23182200
23182300
23182400
23182500
23182600
23182700
23182800
23182900
23182a00
23182b00
23182c00
23182d00
23182e00
23182f00
23183000
23183100
23183200
23183300
23183400
23183500
23183600
23183700
23188041
23188141
23188241
23188341
23188441
23188541
23188641
23188741
23188841
23188941
23188a41
23188b41
23188c41
23188d41
23188e41
23188f41
23189041
23189141
23189241
23189341
23189441
23189541
23189641
23189741
24180000
24180041
24180046
24180078
24180100
24180141
24180178
24180200
24180241
24180278
24180300
24180341
24180378
24180400
24180441
24180478
24180500
24180541
24180578
24180600
24180641
24180678
24180700
24180741
24180778
24180800
24180841
24180878
24180900
24180941
24180978
24180a00
24180a41
24180a78
24180b00
24180b41
24180b78
24180c00
24180c41
24180c78
24180d00
24180d41
24180d78
24180e00
24180e41
24180e78
24180f00
24180f41
24180f78
24181000
24181041
24181078
24181100
24181141
24181178
24181200
24181241
24181278
24181300
24181341
24181378
24181400
24181441
24181478
24181500
24181541
24181578
24181600
24181641
24181678
24181700
24181741
24181778
24182046
24188041
24188141
24188241
24188341
24188441
24188541
24188641
24188741
24188841
24188941
24188a41
24188b41
24188c41
24188d41
24188e41
24188f41
24189041
24189141
24189241
24189341
24189441
24189541
24189641
24189741
2418c046
25180000
25180001
25180041
25180046
25180078
25180100
25180141
25180178
25180200
25180241
25180278
25180300
25180341
25180378
25180400
25180441
25180478
25180500
25180541
25180578
25180600
25180641
25180678
25180700
25180741
25180778
25180800
25180841
25180878
25180900
25180941
25180978
25180a00
25180a41
25180a78
25180b00
25180b41
25180b78
25180c00
25180c41
25180c78
25180d00
25180d41
25180d78
25180e00
25180e41
25180e78
25180f00
25180f41
25180f78
25181000
25181041
25181078
25181100
25181141
25181178
25181200
25181241
25181278
25181300
25181341
25181378
25181400
25181441
25181478
25181500
25181541
25181578
25181600
25181641
25181678
25181700
25181741
25181778
25181800
25182000
25182001
25182046
25184000
25184001
25186000
25186001
25188000
25188041
25188141
25188241
25188341
25188441
25188541
25188641
25188741
25188841
25188941
25188a41
25188b41
25188c41
25188d41
25188e41
25188f41
25189041
25189141
25189241
25189341
25189441
25189541
25189641
25189741
2518a000
2518c000
2518e000
26180000
26180041
26180046
2618004c
26180078
26180100
26180146
2618014c
26180178
26180200
26180246
2618024c
26180278
26180300
26180346
2618034c
26180378
26180400
26180446
2618044c
26180478
26180500
26180546
2618054c
26180578
26180600
26180646
2618064c
26180678
26180700
26180746
2618074c
26180778
26180800
26180846
2618084c
26180878
26180900
26180946
2618094c
26180978
26180a00
26180a46
26180a4c
26180a78
26180b00
26180b46
26180b4c
26180b78
26180c00
26180c46
26180c4c
26180c78
26180d00
26180d46
26180d4c
26180d78
26180e00
26180e46
26180e4c
26180e78
26180f00
26180f46
26180f4c
26180f78
26181000
26181046
2618104c
26181078
26181100
26181146
2618114c
26181178
26181200
26181246
2618124c
26181278
26181300
26181346
2618134c
26181378
26181400
26181446
2618144c
26181478
26181500
26181546
2618154c
26181578
26181600
26181646
2618164c
26181678
26181700
26181746
2618174c
26181778
26188041
26188046
27180000
27180001
27180002
27180041
27180046
27180078
27180100
27180178
27180200
27180278
27180300
27180378
27180400
27180478
27180500
27180578
27180600
27180678
27180700
27180778
27180800
27180878
27180900
27180978
27180a00
27180a78
27180b00
27180b78
27180c00
27180c78
27180d00
27180d78
27180e00
27180e78
27180f00
27180f78
27181000
27181078
27181100
27181178
27181200
27181278
27181300
27181378
27181400
27181478
27181500
27181578
27181600
27181678
27181700
27181778
27181800
27182000
27182001
27182002
27184000
27184001
27184002
27186000
27186001
27186002
27188000
27188001
27188002
27188041
2718a000
2718a001
2718a002
2718c000
2718c001
2718c002
2718e000
2718e001
2718e002
28180000
28180042
28180046
2818004c
2818007c
28180142
2818014c
2818017c
28180242
2818024c
2818027c
28180342
2818034c
2818037c
28180442
2818044c
2818047c
28180542
2818054c
2818057c
28180642
2818064c
2818067c
28180742
2818074c
2818077c
28180842
2818084c
2818087c
28180942
2818094c
2818097c
28180a42
28180a4c
28180a7c
28180b42
28180b4c
28180b7c
28180c42
28180c4c
28180c7c
28180d42
28180d4c
28180d7c
28180e42
28180e4c
28180e7c
28180f42
28180f4c
28180f7c
28181042
2818104c
2818107c
28181142
2818114c
2818117c
28181242
2818124c
2818127c
28181342
2818134c
2818137c
28181442
2818144c
2818147c
28181542
2818154c
2818157c
28181642
2818164c
2818167c
28181742
2818174c
2818177c
2818c046
29180000
29180046
2918004c
2918007c
2918014c
2918017c
2918024c
2918027c
2918034c
2918037c
2918044c
2918047c
2918054c
2918057c
2918064c
2918067c
2918074c
2918077c
2918084c
2918087c
2918094c
2918097c
29180a4c
29180a7c
29180b4c
29180b7c
29180c4c
29180c7c
29180d4c
29180d7c
29180e4c
29180e7c
29180f4c
29180f7c
2918104c
2918107c
2918114c
2918117c
2918124c
2918127c
2918134c
2918137c
2918144c
2918147c
2918154c
2918157c
2918164c
2918167c
2918174c
2918177c
2a180000
2a180046
2a180100
2a180200
2a180300
2a180400
2a180500
2a180600
2a180700
2a180800
2a180900
2a180a00
2a180b00
2a180c00
2a180d00
2a180e00
2a180f00
2a181000
2a181100
2a181200
2a181300
2a181400
2a181500
2a181600
2a181700
2b180000
2b180046
2b180100
2b180200
2b180300
2b180400
2b180500
2b180600
2b180700
2b180800
2b180900
2b180a00
2b180b00
2b180c00
2b180d00
2b180e00
2b180f00
2b181000
2b181100
2b181200
2b181300
2b181400
2b181500
2b181600
2b181700
2c180000
2c180046
2c18007c
2c18017c
2c18027c
2c18037c
2c18047c
2c18057c
2c18067c
2c18077c
2c18087c
2c18097c
2c180a7c
2c180b7c
2c180c7c
2c180d7c
2c180e7c
2c180f7c
2c18107c
2c18117c
2c18127c
2c18137c
2c18147c
2c18157c
2c18167c
2c18177c
2c18c046
2c18c146
2c18c246
2c18c346
2c18c446
2c18c546
2c18c646
2c18c746
2c18c846
2c18c946
2c18ca46
2c18cb46
2c18cc46
2c18cd46
2c18ce46
2c18cf46
2c18d046
2c18d146
2c18d246
2c18d346
2c18d446
2c18d546
2c18d646
2c18d746
2d180000
2d180046
2d18007c
2d18017c
2d18027c
2d18037c
2d18047c
2d18057c
2d18067c
2d18077c
2d18087c
2d18097c
2d180a7c
2d180b7c
2d180c7c
2d180d7c
2d180e7c
2d180f7c
2d18107c
2d18117c
2d18127c
2d18137c
2d18147c
2d18157c
2d18167c
2d18177c
2d18c046
2d18c146
2d18c246
2d18c346
2d18c446
2d18c546
2d18c646
2d18c746
2d18c846
2d18c946
2d18ca46
2d18cb46
2d18cc46
2d18cd46
2d18ce46
2d18cf46
2d18d046
2d18d146
2d18d246
2d18d346
2d18d446
2d18d546
2d18d646
2d18d746
2e180000
2e180046
2e18004c
2e18007c
2e18014c
2e18017c
2e18024c
2e18027c
2e18034c
2e18037c
2e18044c
2e18047c
2e18054c
2e18057c
2e18064c
2e18067c
2e18074c
2e18077c
2e18084c
2e18087c
2e18094c
2e18097c
2e180a4c
2e180a7c
2e180b4c
2e180b7c
2e180c4c
2e180c7c
2e180d4c
2e180d7c
2e180e4c
2e180e7c
2e180f4c
2e180f7c
2e18104c
2e18107c
2e18114c
2e18117c
2e18124c
2e18127c
2e18134c
2e18137c
2e18144c
2e18147c
2e18154c
2e18157c
2e18164c
2e18167c
2e18174c
2e18177c
2e18c046
2e18c146
2e18c246
2e18c346
2e18c446
2e18c546
2e18c646
2e18c746
2e18c846
2e18c946
2e18ca46
2e18cb46
2e18cc46
2e18cd46
2e18ce46
2e18cf46
2e18d046
2e18d146
2e18d246
2e18d346
2e18d446
2e18d546
2e18d646
2e18d746
2f180000
2f180046
2f18007c
2f18017c
2f18027c
2f18037c
2f18047c
2f18057c
2f18067c
2f18077c
2f18087c
2f18097c
2f180a7c
2f180b7c
2f180c7c
2f180d7c
2f180e7c
2f180f7c
2f18107c
2f18117c
2f18127c
2f18137c
2f18147c
2f18157c
2f18167c
2f18177c
2f18c046
2f18c146
2f18c246
2f18c346
2f18c446
2f18c546
2f18c646
2f18c746
2f18c846
2f18c946
2f18ca46
2f18cb46
2f18cc46
2f18cd46
2f18ce46
2f18cf46
2f18d046
2f18d146
2f18d246
2f18d346
2f18d446
2f18d546
2f18d646
2f18d746
30180000
30180041
30180046
3018004c
3018007c
30180100
30180146
3018014c
3018017c
30180200
30180246
3018024c
3018027c
30180300
30180346
3018034c
3018037c
30180400
30180446
3018044c
3018047c
30180500
30180546
3018054c
3018057c
30180600
30180646
3018064c
3018067c
30180700
30180746
3018074c
3018077c
30180800
30180846
3018084c
3018087c
30180900
30180946
3018094c
3018097c
30180a00
30180a46
30180a4c
30180a7c
30180b00
30180b46
30180b4c
30180b7c
30180c00
30180c46
30180c4c
30180c7c
30180d00
30180d46
30180d4c
30180d7c
30180e00
30180e46
30180e4c
30180e7c
30180f00
30180f46
30180f4c
30180f7c
30181000
30181046
3018104c
3018107c
30181100
30181146
3018114c
3018117c
30181200
30181246
3018124c
3018127c
30181300
30181346
3018134c
3018137c
30181400
30181446
3018144c
3018147c
30181500
30181546
3018154c
3018157c
30181600
30181646
3018164c
3018167c
30181700
30181746
3018174c
3018177c
30182046
30182146
30182246
30182346
30182446
30182546
30182646
30182746
30182846
30182946
30182a46
30182b46
30182c46
30182d46
30182e46
30182f46
30183046
30183146
30183246
30183346
30183446
30183546
30183646
30183746
30188041
3018c046
3018c146
3018c246
3018c346
3018c446
3018c546
3018c646
3018c746
3018c846
3018c946
3018ca46
3018cb46
3018cc46
3018cd46
3018ce46
3018cf46
3018d046
3018d146
3018d246
3018d346
3018d446
3018d546
3018d646
3018d746
31180000
31180041
31180046
3118004c
3118007c
31180100
31180146
3118014c
3118017c
31180200
31180246
3118024c
3118027c
31180300
31180346
3118034c
3118037c
31180400
31180446
3118044c
3118047c
31180500
31180546
3118054c
3118057c
31180600
31180646
3118064c
3118067c
31180700
31180746
3118074c
3118077c
31180800
31180846
3118084c
3118087c
31180900
31180946
3118094c
3118097c
31180a00
31180a46
31180a4c
31180a7c
31180b00
31180b46
31180b4c
31180b7c
31180c00
31180c46
31180c4c
31180c7c
31180d00
31180d46
31180d4c
31180d7c
31180e00
31180e46
31180e4c
31180e7c
31180f00
31180f46
31180f4c
31180f7c
31181000
31181046
3118104c
3118107c
31181100
31181146
3118114c
3118117c
31181200
31181246
3118124c
3118127c
31181300
31181346
3118134c
3118137c
31181400
31181446
3118144c
3118147c
31181500
31181546
3118154c
3118157c
31181600
31181646
3118164c
3118167c
31181700
31181746
3118174c
3118177c
31182046
31182146
31182246
31182346
31182446
31182546
31182646
31182746
31182846
31182946
31182a46
31182b46
31182c46
31182d46
31182e46
31182f46
31183046
31183146
31183246
31183346
31183446
31183546
31183646
31183746
31188041
3118c046
3118c146
3118c246
3118c346
3118c446
3118c546
3118c646
3118c746
3118c846
3118c946
3118ca46
3118cb46
3118cc46
3118cd46
3118ce46
3118cf46
3118d046
3118d146
3118d246
3118d346
3118d446
3118d546
3118d646
3118d746
32180000
32180041
32180046
32180100
32180141
32180146
32180200
32180241
32180246
32180300
32180341
32180346
32180400
32180441
32180446
32180500
32180541
32180546
32180600
32180641
32180646
32180700
32180741
32180746
32180800
32180841
32180846
32180900
32180941
32180946
32180a00
32180a41
32180a46
32180b00
32180b41
32180b46
32180c00
32180c41
32180c46
32180d00
32180d41
32180d46
32180e00
32180e41
32180e46
32180f00
32180f41
32180f46
32181000
32181041
32181046
32181100
32181141
32181146
32181200
32181241
32181246
32181300
32181341
32181346
32181400
32181441
32181446
32181500
32181541
32181546
32181600
32181641
32181646
32181700
32181741
32181746
32182046
32182146
32182246
32182346
32182446
32182546
32182646
32182746
32182846
32182946
32182a46
32182b46
32182c46
32182d46
32182e46
32182f46
32183046
32183146
32183246
32183346
32183446
32183546
32183646
32183746
32188041
32188141
32188241
32188341
32188441
32188541
32188641
32188741
32188841
32188941
32188a41
32188b41
32188c41
32188d41
32188e41
32188f41
32189041
32189141
32189241
32189341
32189441
32189541
32189641
32189741
3218c046
3218c146
3218c246
3218c346
3218c446
3218c546
3218c646
3218c746
3218c846
3218c946
3218ca46
3218cb46
3218cc46
3218cd46
3218ce46
3218cf46
3218d046
3218d146
3218d246
3218d346
3218d446
3218d546
3218d646
3218d746
33180000
33180041
33180046
33180100
33180146
33180200
33180246
33180300
33180346
33180400
33180446
33180500
33180546
33180600
33180646
33180700
33180746
33180800
33180846
33180900
33180946
33180a00
33180a46
33180b00
33180b46
33180c00
33180c46
33180d00
33180d46
33180e00
33180e46
33180f00
33180f46
33181000
33181046
33181100
33181146
33181200
33181246
33181300
33181346
33181400
33181446
33181500
33181546
33181600
33181646
33181700
33181746
33182046
33182146
33182246
33182346
33182446
33182546
33182646
33182746
33182846
33182946
33182a46
33182b46
33182c46
33182d46
33182e46
33182f46
33183046
33183146
33183246
33183346
33183446
33183546
33183646
33183746
33188041
3318c046
3318c146
3318c246
3318c346
3318c446
3318c546
3318c646
3318c746
3318c846
3318c946
3318ca46
3318cb46
3318cc46
3318cd46
3318ce46
3318cf46
3318d046
3318d146
3318d246
3318d346
3318d446
3318d546
3318d646
3318d746
34180000
34180041
34180046
34180100
34180141
34180146
34180200
34180241
34180246
34180300
34180341
34180346
34180400
34180441
34180446
34180500
34180541
34180546
34180600
34180641
34180646
34180700
34180741
34180746
34180800
34180841
34180846
34180900
34180941
34180946
34180a00
34180a41
34180a46
34180b00
34180b41
34180b46
34180c00
34180c41
34180c46
34180d00
34180d41
34180d46
34180e00
34180e41
34180e46
34180f00
34180f41
34180f46
34181000
34181041
34181046
34181100
34181141
34181146
34181200
34181241
34181246
34181300
34181341
34181346
34181400
34181441
34181446
34181500
34181541
34181546
34181600
34181641
34181646
34181700
34181741
34181746
34182046
34182146
34182246
34182346
34182446
34182546
34182646
34182746
34182846
34182946
34182a46
34182b46
34182c46
34182d46
34182e46
34182f46
34183046
34183146
34183246
34183346
34183446
34183546
34183646
34183746
34188041
34188141
34188241
34188341
34188441
34188541
34188641
34188741
34188841
34188941
34188a41
34188b41
34188c41
34188d41
34188e41
34188f41
34189041
34189141
34189241
34189341
34189441
34189541
34189641
34189741
3418c046
3418c146
3418c246
3418c346
3418c446
3418c546
3418c646
3418c746
3418c846
3418c946
3418ca46
3418cb46
3418cc46
3418cd46
3418ce46
3418cf46
3418d046
3418d146
3418d246
3418d346
3418d446
3418d546
3418d646
3418d746
35180000
35180041
35180046
35180146
35180246
35180346
35180446
35180546
35180646
35180746
35180846
35180946
35180a46
35180b46
35180c46
35180d46
35180e46
35180f46
35181046
35181146
35181246
35181346
35181446
35181546
35181646
35181746
35182046
35182146
35182246
35182346
35182446
35182546
35182646
35182746
35182846
35182946
35182a46
35182b46
35182c46
35182d46
35182e46
35182f46
35183046
35183146
35183246
35183346
35183446
35183546
35183646
35183746
35188041
3518c046
3518c146
3518c246
3518c346
3518c446
3518c546
3518c646
3518c746
3518c846
3518c946
3518ca46
3518cb46
3518cc46
3518cd46
3518ce46
3518cf46
3518d046
3518d146
3518d246
3518d346
3518d446
3518d546
3518d646
3518d746
36180000
36180041
36180046
3618004c
36180100
36180146
3618014c
36180200
36180246
3618024c
36180300
36180346
3618034c
36180400
36180446
3618044c
36180500
36180546
3618054c
36180600
36180646
3618064c
36180700
36180746
3618074c
36180800
36180846
3618084c
36180900
36180946
3618094c
36180a00
36180a46
36180a4c
36180b00
36180b46
36180b4c
36180c00
36180c46
36180c4c
36180d00
36180d46
36180d4c
36180e00
36180e46
36180e4c
36180f00
36180f46
36180f4c
36181000
36181046
3618104c
36181100
36181146
3618114c
36181200
36181246
3618124c
36181300
36181346
3618134c
36181400
36181446
3618144c
36181500
36181546
3618154c
36181600
36181646
3618164c
36181700
36181746
3618174c
36182046
36182146
36182246
36182346
36182446
36182546
36182646
36182746
36182846
36182946
36182a46
36182b46
36182c46
36182d46
36182e46
36182f46
36183046
36183146
36183246
36183346
36183446
36183546
36183646
36183746
36188041
3618c046
3618c146
3618c246
3618c346
3618c446
3618c546
3618c646
3618c746
3618c846
3618c946
3618ca46
3618cb46
3618cc46
3618cd46
3618ce46
3618cf46
3618d046
3618d146
3618d246
3618d346
3618d446
3618d546
3618d646
3618d746
37180000
37180041
37180046
37180146
37180246
37180346
37180446
37180546
37180646
37180746
37180846
37180946
37180a46
37180b46
37180c46
37180d46
37180e46
37180f46
37181046
37181146
37181246
37181346
37181446
37181546
37181646
37181746
37182046
37182146
37182246
37182346
37182446
37182546
37182646
37182746
37182846
37182946
37182a46
37182b46
37182c46
37182d46
37182e46
37182f46
37183046
37183146
37183246
37183346
37183446
37183546
37183646
37183746
37188041
3718c046
3718c146
3718c246
3718c346
3718c446
3718c546
3718c646
3718c746
3718c846
3718c946
3718ca46
3718cb46
3718cc46
3718cd46
3718ce46
3718cf46
3718d046
3718d146
3718d246
3718d346
3718d446
3718d546
3718d646
3718d746
38180000
38180046
3818004c
3818007c
38180146
3818014c
3818017c
38180246
3818024c
3818027c
38180346
3818034c
3818037c
38180446
3818044c
3818047c
38180546
3818054c
3818057c
38180646
3818064c
3818067c
38180746
3818074c
3818077c
38180846
3818084c
3818087c
38180946
3818094c
3818097c
38180a46
38180a4c
38180a7c
38180b46
38180b4c
38180b7c
38180c46
38180c4c
38180c7c
38180d46
38180d4c
38180d7c
38180e46
38180e4c
38180e7c
38180f46
38180f4c
38180f7c
38181046
3818104c
3818107c
38181146
3818114c
3818117c
38181246
3818124c
3818127c
38181346
3818134c
3818137c
38181446
3818144c
3818147c
38181546
3818154c
3818157c
38181646
3818164c
3818167c
38181746
3818174c
3818177c
38182046
38182146
38182246
38182346
38182446
38182546
38182646
38182746
38182846
38182946
38182a46
38182b46
38182c46
38182d46
38182e46
38182f46
38183046
38183146
38183246
38183346
38183446
38183546
38183646
38183746
3818c046
3818c146
3818c246
3818c346
3818c446
3818c546
3818c646
3818c746
3818c846
3818c946
3818ca46
3818cb46
3818cc46
3818cd46
3818ce46
3818cf46
3818d046
3818d146
3818d246
3818d346
3818d446
3818d546
3818d646
3818d746
39180000
39180046
3918004c
39180146
3918014c
39180246
3918024c
39180346
3918034c
39180446
3918044c
39180546
3918054c
39180646
3918064c
39180746
3918074c
39180846
3918084c
39180946
3918094c
39180a46
39180a4c
39180b46
39180b4c
39180c46
39180c4c
39180d46
39180d4c
39180e46
39180e4c
39180f46
39180f4c
39181046
3918104c
39181146
3918114c
39181246
3918124c
39181346
3918134c
39181446
3918144c
39181546
3918154c
39181646
3918164c
39181746
3918174c
39182046
39182146
39182246
39182346
39182446
39182546
39182646
39182746
39182846
39182946
39182a46
39182b46
39182c46
39182d46
39182e46
39182f46
39183046
39183146
39183246
39183346
39183446
39183546
39183646
39183746
3918c046
3918c146
3918c246
3918c346
3918c446
3918c546
3918c646
3918c746
3918c846
3918c946
3918ca46
3918cb46
3918cc46
3918cd46
3918ce46
3918cf46
3918d046
3918d146
3918d246
3918d346
3918d446
3918d546
3918d646
3918d746
3a180000
3a180046
3a180146
3a180246
3a180346
3a180446
3a180546
3a180646
3a180746
3a180846
3a180946
3a180a46
3a180b46
3a180c46
3a180d46
3a180e46
3a180f46
3a181046
3a181146
3a181246
3a181346
3a181446
3a181546
3a181646
3a181746
3a182046
3a182146
3a182246
3a182346
3a182446
3a182546
3a182646
3a182746
3a182846
3a182946
3a182a46
3a182b46
3a182c46
3a182d46
3a182e46
3a182f46
3a183046
3a183146
3a183246
3a183346
3a183446
3a183546
3a183646
3a183746
3a18c046
3a18c146
3a18c246
3a18c346
3a18c446
3a18c546
3a18c646
3a18c746
3a18c846
3a18c946
3a18ca46
3a18cb46
3a18cc46
3a18cd46
3a18ce46
3a18cf46
3a18d046
3a18d146
3a18d246
3a18d346
3a18d446
3a18d546
3a18d646
3a18d746
3b180000
3b180046
3b18007c
3b180146
3b18017c
3b180246
3b18027c
3b180346
3b18037c
3b180446
3b18047c
3b180546
3b18057c
3b180646
3b18067c
3b180746
3b18077c
3b180846
3b18087c
3b180946
3b18097c
3b180a46
3b180a7c
3b180b46
3b180b7c
3b180c46
3b180c7c
3b180d46
3b180d7c
3b180e46
3b180e7c
3b180f46
3b180f7c
3b181046
3b18107c
3b181146
3b18117c
3b181246
3b18127c
3b181346
3b18137c
3b181446
3b18147c
3b181546
3b18157c
3b181646
3b18167c
3b181746
3b18177c
3b182046
3b182146
3b182246
3b182346
3b182446
3b182546
3b182646
3b182746
3b182846
3b182946
3b182a46
3b182b46
3b182c46
3b182d46
3b182e46
3b182f46
3b183046
3b183146
3b183246
3b183346
3b183446
3b183546
3b183646
3b183746
3b18c046
3b18c146
3b18c246
3b18c346
3b18c446
3b18c546
3b18c646
3b18c746
3b18c846
3b18c946
3b18ca46
3b18cb46
3b18cc46
3b18cd46
3b18ce46
3b18cf46
3b18d046
3b18d146
3b18d246
3b18d346
3b18d446
3b18d546
3b18d646
3b18d746
3c180046
3c180146
3c180246
3c180346
3c180446
3c180546
3c180646
3c180746
3c180846
3c180946
3c180a46
3c180b46
3c180c46
3c180d46
3c180e46
3c180f46
3c181046
3c181146
3c181246
3c181346
3c181446
3c181546
3c181646
3c181746
3c182046
3c182146
3c182246
3c182346
3c182446
3c182546
3c182646
3c182746
3c182846
3c182946
3c182a46
3c182b46
3c182c46
3c182d46
3c182e46
3c182f46
3c183046
3c183146
3c183246
3c183346
3c183446
3c183546
3c183646
3c183746
3c18c046
3c18c146
3c18c246
3c18c346
3c18c446
3c18c546
3c18c646
3c18c746
3c18c846
3c18c946
3c18ca46
3c18cb46
3c18cc46
3c18cd46
3c18ce46
3c18cf46
3c18d046
3c18d146
3c18d246
3c18d346
3c18d446
3c18d546
3c18d646
3c18d746
3d180046
3d180146
3d180246
3d180346
3d180446
3d180546
3d180646
3d180746
3d180846
3d180946
3d180a46
3d180b46
3d180c46
3d180d46
3d180e46
3d180f46
3d181046
3d181146
3d181246
3d181346
3d181446
3d181546
3d181646
3d181746
3d182046
3d182146
3d182246
3d182346
3d182446
3d182546
3d182646
3d182746
3d182846
3d182946
3d182a46
3d182b46
3d182c46
3d182d46
3d182e46
3d182f46
3d183046
3d183146
3d183246
3d183346
3d183446
3d183546
3d183646
3d183746
3d18c046
3d18c146
3d18c246
3d18c346
3d18c446
3d18c546
3d18c646
3d18c746
3d18c846
3d18c946
3d18ca46
3d18cb46
3d18cc46
3d18cd46
3d18ce46
3d18cf46
3d18d046
3d18d146
3d18d246
3d18d346
3d18d446
3d18d546
3d18d646
3d18d746
3e180046
3e18004c
3e180146
3e18014c
3e180246
3e18024c
3e180346
3e18034c
3e180446
3e18044c
3e180546
3e18054c
3e180646
3e18064c
3e180746
3e18074c
3e180846
3e18084c
3e180946
3e18094c
3e180a46
3e180a4c
3e180b46
3e180b4c
3e180c46
3e180c4c
3e180d46
3e180d4c
3e180e46
3e180e4c
3e180f46
3e180f4c
3e181046
3e18104c
3e181146
3e18114c
3e181246
3e18124c
3e181346
3e18134c
3e181446
3e18144c
3e181546
3e18154c
3e181646
3e18164c
3e181746
3e18174c
3e182046
3e182146
3e182246
3e182346
3e182446
3e182546
3e182646
3e182746
3e182846
3e182946
3e182a46
3e182b46
3e182c46
3e182d46
3e182e46
3e182f46
3e183046
3e183146
3e183246
3e183346
3e183446
3e183546
3e183646
3e183746
3e18c046
3e18c146
3e18c246
3e18c346
3e18c446
3e18c546
3e18c646
3e18c746
3e18c846
3e18c946
3e18ca46
3e18cb46
3e18cc46
3e18cd46
3e18ce46
3e18cf46
3e18d046
3e18d146
3e18d246
3e18d346
3e18d446
3e18d546
3e18d646
3e18d746
3f180046
3f180070
3f180146
3f180170
3f180246
3f180270
3f180346
3f180370
3f180446
3f180470
3f180546
3f180570
3f180646
3f180670
3f180746
3f180770
3f180846
3f180870
3f180946
3f180970
3f180a46
3f180a70
3f180b46
3f180b70
3f180c46
3f180c70
3f180d46
3f180d70
3f180e46
3f180e70
3f180f46
3f180f70
3f181046
3f181070
3f181146
3f181170
3f181246
3f181270
3f181346
3f181370
3f181446
3f181470
3f181546
3f181570
3f181646
3f181670
3f181746
3f181770
3f182046
3f182146
3f182246
3f182346
3f182446
3f182546
3f182646
3f182746
3f182846
3f182946
3f182a46
3f182b46
3f182c46
3f182d46
3f182e46
3f182f46
3f183046
3f183146
3f183246
3f183346
3f183446
3f183546
3f183646
3f183746
3f18c046
3f18c146
3f18c246
3f18c346
3f18c446
3f18c546
3f18c646
3f18c746
3f18c846
3f18c946
3f18ca46
3f18cb46
3f18cc46
3f18cd46
3f18ce46
3f18cf46
3f18d046
3f18d146
3f18d246
3f18d346
3f18d446
3f18d546
3f18d646
3f18d746
