0000
00810000
00910000
00a10000
00c10000
00e10000
0100
0101
0102
0103
0104
0105
0106
0107
0108
0109
010a
010b
010c
0121
0122
0123
0124
0125
0126
0127
0128
0129
012a
012b
0140
0160
0161
0162
0163
0164
0165
0166
0167
0168
0169
016a
016b
016c
016d
016e
016f
01810000
01810001
01811000
01811001
01812000
01812001
01813000
01813001
01814000
01814001
01815000
01815001
01816000
01816001
01817000
01817001
01818000
01819000
0181a000
0181b000
0181c000
0181d000
0181e000
0181f000
0184
0185
0186
0187
01a10000
01c10000
01e10000
0200
0201
0202
0203
0204
0205
0206
0207
0208
0209
020a
020b
02810000
02810001
02811000
02811001
02812000
02812001
02813000
02813001
02814000
02814001
02815000
02815001
02816000
02816001
02817000
02817001
02818000
02819000
0281a000
0281b000
0281c000
0281d000
0281e000
0281f000
0290
02910000
02911000
02912000
02913000
02914000
02915000
02916000
02917000
02918000
02919000
0291a000
0291b000
02a10000
02c10000
02e10000
0300
03810000
03810001
03811000
03811001
03812000
03812001
03813000
03813001
03814000
03814001
03815000
03815001
03816000
03816001
03817000
03817001
03818000
03819000
0381a000
0381b000
0381c000
0381d000
0381e000
0381f000
03910000
03910001
03911000
03911001
03912000
03912001
03913000
03913001
03914000
03914001
03915000
03915001
03916000
03916001
03917000
03917001
03918000
03919000
0391a000
0391b000
0391c000
0391d000
0391e000
0391f000
03a10000
03a10001
03a11000
03a11001
03a12000
03a12001
03a13000
03a13001
03a14000
03a14001
03a15000
03a15001
03a16000
03a16001
03a17000
03a17001
03a18000
03a19000
03a1a000
03a1b000
03a1c000
03a1d000
03a1e000
03a1f000
03b10000
03b10001
03b11000
03b11001
03b12000
03b12001
03b13000
03b13001
03b14000
03b14001
03b15000
03b15001
03b16000
03b16001
03b17000
03b17001
03b18000
03b19000
03b1a000
03b1b000
03b1c000
03b1d000
03b1e000
03b1f000
03d10000
03d10001
03d11000
03d11001
03d12000
03d12001
03d13000
03d13001
03d14000
03d14001
03d15000
03d15001
03d16000
03d16001
03d17000
03d17001
03d18000
03d19000
03d1a000
03d1b000
03d1c000
03d1d000
03d1e000
03d1f000
03e10000
03e10001
03e11000
03e11001
03e12000
03e12001
03e13000
03e13001
03e14000
03e14001
03e15000
03e15001
03e16000
03e16001
03e17000
03e17001
03e18000
03e19000
03e1a000
03e1b000
03e1c000
03e1d000
03e1e000
03e1f000
04810000
04910000
04a10000
04c10000
04e10000
0500
0540
0560
05810000
05a10000
05c10000
05e10000
0600
0680
06810000
0690
06910000
06a10000
06c10000
06e10000
0700
07810000
07810001
07810002
07810003
07810004
07810005
07810008
07810009
0781000c
0781000d
07810020
07810021
07810022
07810023
07810024
07810025
07810028
07810029
0781002c
0781002d
07810040
07810041
07810042
07810043
07810044
07810045
07810048
07810049
0781004c
0781004d
07810060
07810061
07810062
07810063
07810064
07810065
07810068
07810069
0781006c
0781006d
07810080
07810081
07810082
07810083
07810084
07810085
07810088
07810089
0781008c
0781008d
078100a0
078100a1
078100a2
078100a3
078100a4
078100a5
078100a8
078100a9
078100ac
078100ad
078100c0
078100c1
078100c2
078100c3
078100c4
078100c5
078100c8
078100c9
078100cc
078100cd
078100e0
078100e1
078100e2
078100e3
078100e4
078100e5
078100e8
078100e9
078100ec
078100ed
07811004
07811005
07811008
07811009
0781100c
0781100d
07811024
07811025
07811028
07811029
0781102c
0781102d
07811044
07811045
07811048
07811049
0781104c
0781104d
07811064
07811065
07811068
07811069
0781106c
0781106d
07811084
07811085
07811088
07811089
0781108c
0781108d
078110a4
078110a5
078110a8
078110a9
078110ac
078110ad
078110c4
078110c5
078110c8
078110c9
078110cc
078110cd
078110e4
078110e5
078110e8
078110e9
078110ec
078110ed
07812004
07812005
07812008
07812009
0781200c
0781200d
07812024
07812025
07812028
07812029
0781202c
0781202d
07812044
07812045
07812048
07812049
0781204c
0781204d
07812064
07812065
07812068
07812069
0781206c
0781206d
07812084
07812085
07812088
07812089
0781208c
0781208d
078120a4
078120a5
078120a8
078120a9
078120ac
078120ad
078120c4
078120c5
078120c8
078120c9
078120cc
078120cd
078120e4
078120e5
078120e8
078120e9
078120ec
078120ed
07813004
07813005
07813008
07813009
0781300c
0781300d
07813024
07813025
07813028
07813029
0781302c
0781302d
07813044
07813045
07813048
07813049
0781304c
0781304d
07813064
07813065
07813068
07813069
0781306c
0781306d
07813084
07813085
07813088
07813089
0781308c
0781308d
078130a4
078130a5
078130a8
078130a9
078130ac
078130ad
078130c4
078130c5
078130c8
078130c9
078130cc
078130cd
078130e4
078130e5
078130e8
078130e9
078130ec
078130ed
07814004
07814005
07814008
07814009
0781400c
0781400d
07814024
07814025
07814028
07814029
0781402c
0781402d
07814044
07814045
07814048
07814049
0781404c
0781404d
07814064
07814065
07814068
07814069
0781406c
0781406d
07814084
07814085
07814088
07814089
0781408c
0781408d
078140a4
078140a5
078140a8
078140a9
078140ac
078140ad
078140c4
078140c5
078140c8
078140c9
078140cc
078140cd
078140e4
078140e5
078140e8
078140e9
078140ec
078140ed
07815004
07815005
07815008
07815009
0781500c
0781500d
07815024
07815025
07815028
07815029
0781502c
0781502d
07815044
07815045
07815048
07815049
0781504c
0781504d
07815064
07815065
07815068
07815069
0781506c
0781506d
07815084
07815085
07815088
07815089
0781508c
0781508d
078150a4
078150a5
078150a8
078150a9
078150ac
078150ad
078150c4
078150c5
078150c8
078150c9
078150cc
078150cd
078150e4
078150e5
078150e8
078150e9
078150ec
078150ed
07816004
07816005
07816008
07816009
0781600c
0781600d
07816024
07816025
07816028
07816029
0781602c
0781602d
07816044
07816045
07816048
07816049
0781604c
0781604d
07816064
07816065
07816068
07816069
0781606c
0781606d
07816084
07816085
07816088
07816089
0781608c
0781608d
078160a4
078160a5
078160a8
078160a9
078160ac
078160ad
078160c4
078160c5
078160c8
078160c9
078160cc
078160cd
078160e4
078160e5
078160e8
078160e9
078160ec
078160ed
07817004
07817005
07817008
07817009
0781700c
0781700d
07817024
07817025
07817028
07817029
0781702c
0781702d
07817044
07817045
07817048
07817049
0781704c
0781704d
07817064
07817065
07817068
07817069
0781706c
0781706d
07817084
07817085
07817088
07817089
0781708c
0781708d
078170a4
078170a5
078170a8
078170a9
078170ac
078170ad
078170c4
078170c5
078170c8
078170c9
078170cc
078170cd
078170e4
078170e5
078170e8
078170e9
078170ec
078170ed
07818002
07818004
07818008
0781800c
07818022
07818024
07818028
0781802c
07818044
07818048
0781804c
07818062
07818064
07818068
0781806c
07818084
07818088
0781808c
078180a4
078180a8
078180ac
078180c4
078180c8
078180cc
078180e2
078180e4
078180e8
078180ec
07819004
07819008
0781900c
07819024
07819028
0781902c
07819044
07819048
0781904c
07819064
07819068
0781906c
07819084
07819088
0781908c
078190a4
078190a8
078190ac
078190c4
078190c8
078190cc
078190e4
078190e8
078190ec
0781a004
0781a008
0781a00c
0781a024
0781a028
0781a02c
0781a044
0781a048
0781a04c
0781a064
0781a068
0781a06c
0781a084
0781a088
0781a08c
0781a0a4
0781a0a8
0781a0ac
0781a0c4
0781a0c8
0781a0cc
0781a0e4
0781a0e8
0781a0ec
0781b002
0781b004
0781b008
0781b00c
0781b024
0781b028
0781b02c
0781b044
0781b048
0781b04c
0781b064
0781b068
0781b06c
0781b084
0781b088
0781b08c
0781b0a4
0781b0a8
0781b0ac
0781b0c4
0781b0c8
0781b0cc
0781b0e4
0781b0e8
0781b0ec
0781c004
0781c008
0781c00c
0781c024
0781c028
0781c02c
0781c044
0781c048
0781c04c
0781c064
0781c068
0781c06c
0781c084
0781c088
0781c08c
0781c0a4
0781c0a8
0781c0ac
0781c0c4
0781c0c8
0781c0cc
0781c0e4
0781c0e8
0781c0ec
0781d004
0781d008
0781d00c
0781d024
0781d028
0781d02c
0781d044
0781d048
0781d04c
0781d064
0781d068
0781d06c
0781d084
0781d088
0781d08c
0781d0a4
0781d0a8
0781d0ac
0781d0c4
0781d0c8
0781d0cc
0781d0e4
0781d0e8
0781d0ec
0781e004
0781e008
0781e00c
0781e024
0781e028
0781e02c
0781e044
0781e048
0781e04c
0781e064
0781e068
0781e06c
0781e084
0781e088
0781e08c
0781e0a4
0781e0a8
0781e0ac
0781e0c4
0781e0c8
0781e0cc
0781e0e4
0781e0e8
0781e0ec
0781f004
0781f008
0781f00c
0781f024
0781f028
0781f02c
0781f044
0781f048
0781f04c
0781f064
0781f068
0781f06c
0781f084
0781f088
0781f08c
0781f0a4
0781f0a8
0781f0ac
0781f0c4
0781f0c8
0781f0cc
0781f0e4
0781f0e8
0781f0ec
07910000
07910001
07911000
07911001
07912000
07912001
07913000
07913001
07914000
07914001
07915000
07915001
07916000
07916001
07917000
07917001
07918000
07919000
0791a000
0791b000
0791c000
0791d000
0791e000
0791f000
07a10000
07a10001
07a11000
07a11001
07a12000
07a12001
07a13000
07a13001
07a14000
07a14001
07a15000
07a15001
07a16000
07a16001
07a17000
07a17001
07a18000
07a19000
07a1a000
07a1b000
07a1c000
07a1d000
07a1e000
07a1f000
07b10000
07b10001
07b11000
07b11001
07b12000
07b12001
07b13000
07b13001
07b14000
07b14001
07b15000
07b15001
07b16000
07b16001
07b17000
07b17001
07b18000
07b19000
07b1a000
07b1b000
07b1c000
07b1d000
07b1e000
07b1f000
07d10000
07d10001
07d10002
07d10003
07d10004
07d10005
07d10008
07d10009
07d1000c
07d1000d
07d10020
07d10021
07d10022
07d10023
07d10024
07d10025
07d10028
07d10029
07d1002c
07d1002d
07d10040
07d10041
07d10042
07d10043
07d10044
07d10045
07d10048
07d10049
07d1004c
07d1004d
07d10060
07d10061
07d10062
07d10063
07d10064
07d10065
07d10068
07d10069
07d1006c
07d1006d
07d10080
07d10081
07d10082
07d10083
07d10084
07d10085
07d10088
07d10089
07d1008c
07d1008d
07d100a0
07d100a1
07d100a2
07d100a3
07d100a4
07d100a5
07d100a8
07d100a9
07d100ac
07d100ad
07d100c0
07d100c1
07d100c2
07d100c3
07d100c4
07d100c5
07d100c8
07d100c9
07d100cc
07d100cd
07d100e0
07d100e1
07d100e2
07d100e3
07d100e4
07d100e5
07d100e8
07d100e9
07d100ec
07d100ed
07d11004
07d11005
07d11008
07d11009
07d1100c
07d1100d
07d11024
07d11025
07d11028
07d11029
07d1102c
07d1102d
07d11044
07d11045
07d11048
07d11049
07d1104c
07d1104d
07d11064
07d11065
07d11068
07d11069
07d1106c
07d1106d
07d11084
07d11085
07d11088
07d11089
07d1108c
07d1108d
07d110a4
07d110a5
07d110a8
07d110a9
07d110ac
07d110ad
07d110c4
07d110c5
07d110c8
07d110c9
07d110cc
07d110cd
07d110e4
07d110e5
07d110e8
07d110e9
07d110ec
07d110ed
07d12004
07d12005
07d12008
07d12009
07d1200c
07d1200d
07d12024
07d12025
07d12028
07d12029
07d1202c
07d1202d
07d12044
07d12045
07d12048
07d12049
07d1204c
07d1204d
07d12064
07d12065
07d12068
07d12069
07d1206c
07d1206d
07d12084
07d12085
07d12088
07d12089
07d1208c
07d1208d
07d120a4
07d120a5
07d120a8
07d120a9
07d120ac
07d120ad
07d120c4
07d120c5
07d120c8
07d120c9
07d120cc
07d120cd
07d120e4
07d120e5
07d120e8
07d120e9
07d120ec
07d120ed
07d13004
07d13005
07d13008
07d13009
07d1300c
07d1300d
07d13024
07d13025
07d13028
07d13029
07d1302c
07d1302d
07d13044
07d13045
07d13048
07d13049
07d1304c
07d1304d
07d13064
07d13065
07d13068
07d13069
07d1306c
07d1306d
07d13084
07d13085
07d13088
07d13089
07d1308c
07d1308d
07d130a4
07d130a5
07d130a8
07d130a9
07d130ac
07d130ad
07d130c4
07d130c5
07d130c8
07d130c9
07d130cc
07d130cd
07d130e4
07d130e5
07d130e8
07d130e9
07d130ec
07d130ed
07d14004
07d14005
07d14008
07d14009
07d1400c
07d1400d
07d14024
07d14025
07d14028
07d14029
07d1402c
07d1402d
07d14044
07d14045
07d14048
07d14049
07d1404c
07d1404d
07d14064
07d14065
07d14068
07d14069
07d1406c
07d1406d
07d14084
07d14085
07d14088
07d14089
07d1408c
07d1408d
07d140a4
07d140a5
07d140a8
07d140a9
07d140ac
07d140ad
07d140c4
07d140c5
07d140c8
07d140c9
07d140cc
07d140cd
07d140e4
07d140e5
07d140e8
07d140e9
07d140ec
07d140ed
07d15004
07d15005
07d15008
07d15009
07d1500c
07d1500d
07d15024
07d15025
07d15028
07d15029
07d1502c
07d1502d
07d15044
07d15045
07d15048
07d15049
07d1504c
07d1504d
07d15064
07d15065
07d15068
07d15069
07d1506c
07d1506d
07d15084
07d15085
07d15088
07d15089
07d1508c
07d1508d
07d150a4
07d150a5
07d150a8
07d150a9
07d150ac
07d150ad
07d150c4
07d150c5
07d150c8
07d150c9
07d150cc
07d150cd
07d150e4
07d150e5
07d150e8
07d150e9
07d150ec
07d150ed
07d16004
07d16005
07d16008
07d16009
07d1600c
07d1600d
07d16024
07d16025
07d16028
07d16029
07d1602c
07d1602d
07d16044
07d16045
07d16048
07d16049
07d1604c
07d1604d
07d16064
07d16065
07d16068
07d16069
07d1606c
07d1606d
07d16084
07d16085
07d16088
07d16089
07d1608c
07d1608d
07d160a4
07d160a5
07d160a8
07d160a9
07d160ac
07d160ad
07d160c4
07d160c5
07d160c8
07d160c9
07d160cc
07d160cd
07d160e4
07d160e5
07d160e8
07d160e9
07d160ec
07d160ed
07d17004
07d17005
07d17008
07d17009
07d1700c
07d1700d
07d17024
07d17025
07d17028
07d17029
07d1702c
07d1702d
07d17044
07d17045
07d17048
07d17049
07d1704c
07d1704d
07d17064
07d17065
07d17068
07d17069
07d1706c
07d1706d
07d17084
07d17085
07d17088
07d17089
07d1708c
07d1708d
07d170a4
07d170a5
07d170a8
07d170a9
07d170ac
07d170ad
07d170c4
07d170c5
07d170c8
07d170c9
07d170cc
07d170cd
07d170e4
07d170e5
07d170e8
07d170e9
07d170ec
07d170ed
07d18002
07d18004
07d18008
07d1800c
07d18022
07d18024
07d18028
07d1802c
07d18044
07d18048
07d1804c
07d18062
07d18064
07d18068
07d1806c
07d18084
07d18088
07d1808c
07d180a4
07d180a8
07d180ac
07d180c4
07d180c8
07d180cc
07d180e2
07d180e4
07d180e8
07d180ec
07d19004
07d19008
07d1900c
07d19024
07d19028
07d1902c
07d19044
07d19048
07d1904c
07d19064
07d19068
07d1906c
07d19084
07d19088
07d1908c
07d190a4
07d190a8
07d190ac
07d190c4
07d190c8
07d190cc
07d190e4
07d190e8
07d190ec
07d1a004
07d1a008
07d1a00c
07d1a024
07d1a028
07d1a02c
07d1a044
07d1a048
07d1a04c
07d1a064
07d1a068
07d1a06c
07d1a084
07d1a088
07d1a08c
07d1a0a4
07d1a0a8
07d1a0ac
07d1a0c4
07d1a0c8
07d1a0cc
07d1a0e4
07d1a0e8
07d1a0ec
07d1b004
07d1b008
07d1b00c
07d1b024
07d1b028
07d1b02c
07d1b044
07d1b048
07d1b04c
07d1b064
07d1b068
07d1b06c
07d1b084
07d1b088
07d1b08c
07d1b0a4
07d1b0a8
07d1b0ac
07d1b0c4
07d1b0c8
07d1b0cc
07d1b0e4
07d1b0e8
07d1b0ec
07d1c004
07d1c008
07d1c00c
07d1c024
07d1c028
07d1c02c
07d1c044
07d1c048
07d1c04c
07d1c064
07d1c068
07d1c06c
07d1c084
07d1c088
07d1c08c
07d1c0a4
07d1c0a8
07d1c0ac
07d1c0c4
07d1c0c8
07d1c0cc
07d1c0e4
07d1c0e8
07d1c0ec
07d1d004
07d1d008
07d1d00c
07d1d024
07d1d028
07d1d02c
07d1d044
07d1d048
07d1d04c
07d1d064
07d1d068
07d1d06c
07d1d084
07d1d088
07d1d08c
07d1d0a4
07d1d0a8
07d1d0ac
07d1d0c4
07d1d0c8
07d1d0cc
07d1d0e4
07d1d0e8
07d1d0ec
07d1e004
07d1e008
07d1e00c
07d1e024
07d1e028
07d1e02c
07d1e044
07d1e048
07d1e04c
07d1e064
07d1e068
07d1e06c
07d1e084
07d1e088
07d1e08c
07d1e0a4
07d1e0a8
07d1e0ac
07d1e0c4
07d1e0c8
07d1e0cc
07d1e0e4
07d1e0e8
07d1e0ec
07d1f004
07d1f008
07d1f00c
07d1f024
07d1f028
07d1f02c
07d1f044
07d1f048
07d1f04c
07d1f064
07d1f068
07d1f06c
07d1f084
07d1f088
07d1f08c
07d1f0a4
07d1f0a8
07d1f0ac
07d1f0c4
07d1f0c8
07d1f0cc
07d1f0e4
07d1f0e8
07d1f0ec
07e10000
07e10001
07e10002
07e10003
07e10004
07e10005
07e10008
07e10009
07e1000c
07e1000d
07e10020
07e10021
07e10022
07e10023
07e10024
07e10025
07e10028
07e10029
07e1002c
07e1002d
07e10040
07e10041
07e10042
07e10043
07e10044
07e10045
07e10048
07e10049
07e1004c
07e1004d
07e10060
07e10061
07e10062
07e10063
07e10064
07e10065
07e10068
07e10069
07e1006c
07e1006d
07e10080
07e10081
07e10082
07e10083
07e10084
07e10085
07e10088
07e10089
07e1008c
07e1008d
07e100a0
07e100a1
07e100a2
07e100a3
07e100a4
07e100a5
07e100a8
07e100a9
07e100ac
07e100ad
07e100c0
07e100c1
07e100c2
07e100c3
07e100c4
07e100c5
07e100c8
07e100c9
07e100cc
07e100cd
07e100e0
07e100e1
07e100e2
07e100e3
07e100e4
07e100e5
07e100e8
07e100e9
07e100ec
07e100ed
07e11004
07e11005
07e11008
07e11009
07e1100c
07e1100d
07e11024
07e11025
07e11028
07e11029
07e1102c
07e1102d
07e11044
07e11045
07e11048
07e11049
07e1104c
07e1104d
07e11064
07e11065
07e11068
07e11069
07e1106c
07e1106d
07e11084
07e11085
07e11088
07e11089
07e1108c
07e1108d
07e110a4
07e110a5
07e110a8
07e110a9
07e110ac
07e110ad
07e110c4
07e110c5
07e110c8
07e110c9
07e110cc
07e110cd
07e110e4
07e110e5
07e110e8
07e110e9
07e110ec
07e110ed
07e12004
07e12005
07e12008
07e12009
07e1200c
07e1200d
07e12024
07e12025
07e12028
07e12029
07e1202c
07e1202d
07e12044
07e12045
07e12048
07e12049
07e1204c
07e1204d
07e12064
07e12065
07e12068
07e12069
07e1206c
07e1206d
07e12084
07e12085
07e12088
07e12089
07e1208c
07e1208d
07e120a4
07e120a5
07e120a8
07e120a9
07e120ac
07e120ad
07e120c4
07e120c5
07e120c8
07e120c9
07e120cc
07e120cd
07e120e4
07e120e5
07e120e8
07e120e9
07e120ec
07e120ed
07e13004
07e13005
07e13008
07e13009
07e1300c
07e1300d
07e13024
07e13025
07e13028
07e13029
07e1302c
07e1302d
07e13044
07e13045
07e13048
07e13049
07e1304c
07e1304d
07e13064
07e13065
07e13068
07e13069
07e1306c
07e1306d
07e13084
07e13085
07e13088
07e13089
07e1308c
07e1308d
07e130a4
07e130a5
07e130a8
07e130a9
07e130ac
07e130ad
07e130c4
07e130c5
07e130c8
07e130c9
07e130cc
07e130cd
07e130e4
07e130e5
07e130e8
07e130e9
07e130ec
07e130ed
07e14004
07e14005
07e14008
07e14009
07e1400c
07e1400d
07e14024
07e14025
07e14028
07e14029
07e1402c
07e1402d
07e14044
07e14045
07e14048
07e14049
07e1404c
07e1404d
07e14064
07e14065
07e14068
07e14069
07e1406c
07e1406d
07e14084
07e14085
07e14088
07e14089
07e1408c
07e1408d
07e140a4
07e140a5
07e140a8
07e140a9
07e140ac
07e140ad
07e140c4
07e140c5
07e140c8
07e140c9
07e140cc
07e140cd
07e140e4
07e140e5
07e140e8
07e140e9
07e140ec
07e140ed
07e15004
07e15005
07e15008
07e15009
07e1500c
07e1500d
07e15024
07e15025
07e15028
07e15029
07e1502c
07e1502d
07e15044
07e15045
07e15048
07e15049
07e1504c
07e1504d
07e15064
07e15065
07e15068
07e15069
07e1506c
07e1506d
07e15084
07e15085
07e15088
07e15089
07e1508c
07e1508d
07e150a4
07e150a5
07e150a8
07e150a9
07e150ac
07e150ad
07e150c4
07e150c5
07e150c8
07e150c9
07e150cc
07e150cd
07e150e4
07e150e5
07e150e8
07e150e9
07e150ec
07e150ed
07e16004
07e16005
07e16008
07e16009
07e1600c
07e1600d
07e16024
07e16025
07e16028
07e16029
07e1602c
07e1602d
07e16044
07e16045
07e16048
07e16049
07e1604c
07e1604d
07e16064
07e16065
07e16068
07e16069
07e1606c
07e1606d
07e16084
07e16085
07e16088
07e16089
07e1608c
07e1608d
07e160a4
07e160a5
07e160a8
07e160a9
07e160ac
07e160ad
07e160c4
07e160c5
07e160c8
07e160c9
07e160cc
07e160cd
07e160e4
07e160e5
07e160e8
07e160e9
07e160ec
07e160ed
07e17004
07e17005
07e17008
07e17009
07e1700c
07e1700d
07e17024
07e17025
07e17028
07e17029
07e1702c
07e1702d
07e17044
07e17045
07e17048
07e17049
07e1704c
07e1704d
07e17064
07e17065
07e17068
07e17069
07e1706c
07e1706d
07e17084
07e17085
07e17088
07e17089
07e1708c
07e1708d
07e170a4
07e170a5
07e170a8
07e170a9
07e170ac
07e170ad
07e170c4
07e170c5
07e170c8
07e170c9
07e170cc
07e170cd
07e170e4
07e170e5
07e170e8
07e170e9
07e170ec
07e170ed
07e18002
07e18004
07e18008
07e1800c
07e18022
07e18024
07e18028
07e1802c
07e18044
07e18048
07e1804c
07e18062
07e18064
07e18068
07e1806c
07e18084
07e18088
07e1808c
07e180a4
07e180a8
07e180ac
07e180c4
07e180c8
07e180cc
07e180e2
07e180e4
07e180e8
07e180ec
07e19004
07e19008
07e1900c
07e19024
07e19028
07e1902c
07e19044
07e19048
07e1904c
07e19064
07e19068
07e1906c
07e19084
07e19088
07e1908c
07e190a4
07e190a8
07e190ac
07e190c4
07e190c8
07e190cc
07e190e4
07e190e8
07e190ec
07e1a004
07e1a008
07e1a00c
07e1a024
07e1a028
07e1a02c
07e1a044
07e1a048
07e1a04c
07e1a064
07e1a068
07e1a06c
07e1a084
07e1a088
07e1a08c
07e1a0a4
07e1a0a8
07e1a0ac
07e1a0c4
07e1a0c8
07e1a0cc
07e1a0e4
07e1a0e8
07e1a0ec
07e1b004
07e1b008
07e1b00c
07e1b024
07e1b028
07e1b02c
07e1b044
07e1b048
07e1b04c
07e1b064
07e1b068
07e1b06c
07e1b084
07e1b088
07e1b08c
07e1b0a4
07e1b0a8
07e1b0ac
07e1b0c4
07e1b0c8
07e1b0cc
07e1b0e4
07e1b0e8
07e1b0ec
07e1c004
07e1c008
07e1c00c
07e1c024
07e1c028
07e1c02c
07e1c044
07e1c048
07e1c04c
07e1c064
07e1c068
07e1c06c
07e1c084
07e1c088
07e1c08c
07e1c0a4
07e1c0a8
07e1c0ac
07e1c0c4
07e1c0c8
07e1c0cc
07e1c0e4
07e1c0e8
07e1c0ec
07e1d004
07e1d008
07e1d00c
07e1d024
07e1d028
07e1d02c
07e1d044
07e1d048
07e1d04c
07e1d064
07e1d068
07e1d06c
07e1d084
07e1d088
07e1d08c
07e1d0a4
07e1d0a8
07e1d0ac
07e1d0c4
07e1d0c8
07e1d0cc
07e1d0e4
07e1d0e8
07e1d0ec
07e1e004
07e1e008
07e1e00c
07e1e024
07e1e028
07e1e02c
07e1e044
07e1e048
07e1e04c
07e1e064
07e1e068
07e1e06c
07e1e084
07e1e088
07e1e08c
07e1e0a4
07e1e0a8
07e1e0ac
07e1e0c4
07e1e0c8
07e1e0cc
07e1e0e4
07e1e0e8
07e1e0ec
07e1f004
07e1f008
07e1f00c
07e1f024
07e1f028
07e1f02c
07e1f044
07e1f048
07e1f04c
07e1f064
07e1f068
07e1f06c
07e1f084
07e1f088
07e1f08c
07e1f0a4
07e1f0a8
07e1f0ac
07e1f0c4
07e1f0c8
07e1f0cc
07e1f0e4
07e1f0e8
07e1f0ec
07f10000
07f10001
07f10002
07f10003
07f10004
07f10005
07f10008
07f10009
07f1000c
07f1000d
07f10020
07f10021
07f10022
07f10023
07f10024
07f10025
07f10028
07f10029
07f1002c
07f1002d
07f10040
07f10041
07f10042
07f10043
07f10044
07f10045
07f10048
07f10049
07f1004c
07f1004d
07f10060
07f10061
07f10062
07f10063
07f10064
07f10065
07f10068
07f10069
07f1006c
07f1006d
07f10080
07f10081
07f10082
07f10083
07f10084
07f10085
07f10088
07f10089
07f1008c
07f1008d
07f100a0
07f100a1
07f100a2
07f100a3
07f100a4
07f100a5
07f100a8
07f100a9
07f100ac
07f100ad
07f100c0
07f100c1
07f100c2
07f100c3
07f100c4
07f100c5
07f100c8
07f100c9
07f100cc
07f100cd
07f100e0
07f100e1
07f100e2
07f100e3
07f100e4
07f100e5
07f100e8
07f100e9
07f100ec
07f100ed
07f11004
07f11005
07f11008
07f11009
07f1100c
07f1100d
07f11024
07f11025
07f11028
07f11029
07f1102c
07f1102d
07f11044
07f11045
07f11048
07f11049
07f1104c
07f1104d
07f11064
07f11065
07f11068
07f11069
07f1106c
07f1106d
07f11084
07f11085
07f11088
07f11089
07f1108c
07f1108d
07f110a4
07f110a5
07f110a8
07f110a9
07f110ac
07f110ad
07f110c4
07f110c5
07f110c8
07f110c9
07f110cc
07f110cd
07f110e4
07f110e5
07f110e8
07f110e9
07f110ec
07f110ed
07f12004
07f12005
07f12008
07f12009
07f1200c
07f1200d
07f12024
07f12025
07f12028
07f12029
07f1202c
07f1202d
07f12044
07f12045
07f12048
07f12049
07f1204c
07f1204d
07f12064
07f12065
07f12068
07f12069
07f1206c
07f1206d
07f12084
07f12085
07f12088
07f12089
07f1208c
07f1208d
07f120a4
07f120a5
07f120a8
07f120a9
07f120ac
07f120ad
07f120c4
07f120c5
07f120c8
07f120c9
07f120cc
07f120cd
07f120e4
07f120e5
07f120e8
07f120e9
07f120ec
07f120ed
07f13004
07f13005
07f13008
07f13009
07f1300c
07f1300d
07f13024
07f13025
07f13028
07f13029
07f1302c
07f1302d
07f13044
07f13045
07f13048
07f13049
07f1304c
07f1304d
07f13064
07f13065
07f13068
07f13069
07f1306c
07f1306d
07f13084
07f13085
07f13088
07f13089
07f1308c
07f1308d
07f130a4
07f130a5
07f130a8
07f130a9
07f130ac
07f130ad
07f130c4
07f130c5
07f130c8
07f130c9
07f130cc
07f130cd
07f130e4
07f130e5
07f130e8
07f130e9
07f130ec
07f130ed
07f14004
07f14005
07f14008
07f14009
07f1400c
07f1400d
07f14024
07f14025
07f14028
07f14029
07f1402c
07f1402d
07f14044
07f14045
07f14048
07f14049
07f1404c
07f1404d
07f14064
07f14065
07f14068
07f14069
07f1406c
07f1406d
07f14084
07f14085
07f14088
07f14089
07f1408c
07f1408d
07f140a4
07f140a5
07f140a8
07f140a9
07f140ac
07f140ad
07f140c4
07f140c5
07f140c8
07f140c9
07f140cc
07f140cd
07f140e4
07f140e5
07f140e8
07f140e9
07f140ec
07f140ed
07f15004
07f15005
07f15008
07f15009
07f1500c
07f1500d
07f15024
07f15025
07f15028
07f15029
07f1502c
07f1502d
07f15044
07f15045
07f15048
07f15049
07f1504c
07f1504d
07f15064
07f15065
07f15068
07f15069
07f1506c
07f1506d
07f15084
07f15085
07f15088
07f15089
07f1508c
07f1508d
07f150a4
07f150a5
07f150a8
07f150a9
07f150ac
07f150ad
07f150c4
07f150c5
07f150c8
07f150c9
07f150cc
07f150cd
07f150e4
07f150e5
07f150e8
07f150e9
07f150ec
07f150ed
07f16004
07f16005
07f16008
07f16009
07f1600c
07f1600d
07f16024
07f16025
07f16028
07f16029
07f1602c
07f1602d
07f16044
07f16045
07f16048
07f16049
07f1604c
07f1604d
07f16064
07f16065
07f16068
07f16069
07f1606c
07f1606d
07f16084
07f16085
07f16088
07f16089
07f1608c
07f1608d
07f160a4
07f160a5
07f160a8
07f160a9
07f160ac
07f160ad
07f160c4
07f160c5
07f160c8
07f160c9
07f160cc
07f160cd
07f160e4
07f160e5
07f160e8
07f160e9
07f160ec
07f160ed
07f17004
07f17005
07f17008
07f17009
07f1700c
07f1700d
07f17024
07f17025
07f17028
07f17029
07f1702c
07f1702d
07f17044
07f17045
07f17048
07f17049
07f1704c
07f1704d
07f17064
07f17065
07f17068
07f17069
07f1706c
07f1706d
07f17084
07f17085
07f17088
07f17089
07f1708c
07f1708d
07f170a4
07f170a5
07f170a8
07f170a9
07f170ac
07f170ad
07f170c4
07f170c5
07f170c8
07f170c9
07f170cc
07f170cd
07f170e4
07f170e5
07f170e8
07f170e9
07f170ec
07f170ed
07f18002
07f18004
07f18008
07f1800c
07f18022
07f18024
07f18028
07f1802c
07f18044
07f18048
07f1804c
07f18062
07f18064
07f18068
07f1806c
07f18084
07f18088
07f1808c
07f180a4
07f180a8
07f180ac
07f180c4
07f180c8
07f180cc
07f180e2
07f180e4
07f180e8
07f180ec
07f19004
07f19008
07f1900c
07f19024
07f19028
07f1902c
07f19044
07f19048
07f1904c
07f19064
07f19068
07f1906c
07f19084
07f19088
07f1908c
07f190a4
07f190a8
07f190ac
07f190c4
07f190c8
07f190cc
07f190e4
07f190e8
07f190ec
07f1a004
07f1a008
07f1a00c
07f1a024
07f1a028
07f1a02c
07f1a044
07f1a048
07f1a04c
07f1a064
07f1a068
07f1a06c
07f1a084
07f1a088
07f1a08c
07f1a0a4
07f1a0a8
07f1a0ac
07f1a0c4
07f1a0c8
07f1a0cc
07f1a0e4
07f1a0e8
07f1a0ec
07f1b004
07f1b008
07f1b00c
07f1b024
07f1b028
07f1b02c
07f1b044
07f1b048
07f1b04c
07f1b064
07f1b068
07f1b06c
07f1b084
07f1b088
07f1b08c
07f1b0a4
07f1b0a8
07f1b0ac
07f1b0c4
07f1b0c8
07f1b0cc
07f1b0e4
07f1b0e8
07f1b0ec
07f1c004
07f1c008
07f1c00c
07f1c024
07f1c028
07f1c02c
07f1c044
07f1c048
07f1c04c
07f1c064
07f1c068
07f1c06c
07f1c084
07f1c088
07f1c08c
07f1c0a4
07f1c0a8
07f1c0ac
07f1c0c4
07f1c0c8
07f1c0cc
07f1c0e4
07f1c0e8
07f1c0ec
07f1d004
07f1d008
07f1d00c
07f1d024
07f1d028
07f1d02c
07f1d044
07f1d048
07f1d04c
07f1d064
07f1d068
07f1d06c
07f1d084
07f1d088
07f1d08c
07f1d0a4
07f1d0a8
07f1d0ac
07f1d0c4
07f1d0c8
07f1d0cc
07f1d0e4
07f1d0e8
07f1d0ec
07f1e004
07f1e008
07f1e00c
07f1e024
07f1e028
07f1e02c
07f1e044
07f1e048
07f1e04c
07f1e064
07f1e068
07f1e06c
07f1e084
07f1e088
07f1e08c
07f1e0a4
07f1e0a8
07f1e0ac
07f1e0c4
07f1e0c8
07f1e0cc
07f1e0e4
07f1e0e8
07f1e0ec
07f1f004
07f1f008
07f1f00c
07f1f024
07f1f028
07f1f02c
07f1f044
07f1f048
07f1f04c
07f1f064
07f1f068
07f1f06c
07f1f084
07f1f088
07f1f08c
07f1f0a4
07f1f0a8
07f1f0ac
07f1f0c4
07f1f0c8
07f1f0cc
07f1f0e4
07f1f0e8
07f1f0ec
08810000
08910000
08a10000
08c10000
08e10000
0900
0940
0960
09810000
09a10000
09c10000
09e10000
0a00
0a80
0a810000
0a90
0a910000
0aa10000
0ac10000
0ae10000
0b00
0b810000
0b910000
0c810000
0c910000
0ca10000
0cc10000
0ce10000
0d00
0d40
0d60
0d810000
0da10000
0dc10000
0de10000
0e00
0e80
0e810000
0e90
0e910000
0ea10000
0ec10000
0ee10000
0f00
0f810000
0f910000
10810000
10910000
10a10000
10c10000
10e10000
1100
1140
1160
11810000
11a10000
11c10000
11e10000
1200
1280
12810000
1290
12910000
12a10000
12c10000
12e10000
1300
13810000
13810001
13811000
13811001
13812000
13812001
13813000
13813001
13814000
13814001
13815000
13815001
13816000
13816001
13817000
13817001
13818000
13818001
13819000
1381a000
1381b000
1381c000
1381d000
1381e000
1381f000
13910000
13910001
13910010
13910028
13910029
13910030
13910031
13910048
13910049
13910060
13910068
13910069
13911000
13911001
13911010
13911028
13911029
13911031
13911048
13911049
13911060
13911068
13911069
13912000
13912001
13912010
13912028
13912029
13912031
13912048
13912049
13912060
13912068
13912069
13913000
13913001
13913010
13913028
13913029
13913031
13913048
13913049
13913068
13913069
13914000
13914001
13914010
13914028
13914029
13914031
13914048
13914049
13914060
13914068
13914069
13915000
13915001
13915010
13915028
13915029
13915031
13915048
13915049
13915060
13915068
13915069
13916000
13916001
13916010
13916028
13916029
13916031
13916048
13916049
13916068
13916069
13917000
13917001
13917010
13917028
13917029
13917031
13917048
13917049
13917068
13917069
13918000
13918010
13918028
13918031
13918048
13918068
13919000
13919010
13919028
13919031
13919048
13919068
1391a000
1391a028
1391a031
1391a048
1391a068
1391b000
1391b028
1391b031
1391b048
1391b068
1391c000
1391c028
1391c031
1391c048
1391c068
1391d000
1391d028
1391d031
1391d048
1391d068
1391e000
1391e028
1391e031
1391e048
1391e068
1391f000
1391f028
1391f031
1391f048
1391f068
13a10000
13a10001
13a11000
13a11001
13a12000
13a12001
13a13000
13a13001
13a14000
13a14001
13a15000
13a15001
13a16000
13a16001
13a17000
13a17001
13a18000
13a19000
13a1a000
13a1b000
13a1c000
13a1d000
13a1e000
13a1f000
13b10000
13b10001
13b11000
13b11001
13b12000
13b12001
13b13000
13b13001
13b14000
13b14001
13b15000
13b15001
13b16000
13b16001
13b17000
13b17001
13b18000
13b18001
13b19000
13b1a000
13b1b000
13b1c000
13b1d000
13b1e000
13b1f000
13c10000
13c10001
13c11000
13c11001
13c12000
13c12001
13c13000
13c13001
13c14000
13c14001
13c15000
13c15001
13c16000
13c16001
13c17000
13c17001
13c18000
13c19000
13c1a000
13c1b000
13c1c000
13c1d000
13c1e000
13c1f000
13c1f0ff
13d10040
13d10041
13d10048
13d10049
13d10060
13d10061
13d11040
13d11041
13d11048
13d11049
13d11060
13d11061
13d12040
13d12041
13d12048
13d12049
13d12060
13d12061
13d13040
13d13041
13d13048
13d13049
13d13060
13d13061
13d14040
13d14041
13d14048
13d14049
13d14060
13d14061
13d15040
13d15041
13d15048
13d15049
13d15060
13d15061
13d16040
13d16041
13d16048
13d16049
13d16060
13d16061
13d17028
13d17040
13d17041
13d17048
13d17049
13d17060
13d17061
13d17068
13d18040
13d18048
13d18060
13d1806b
13d19040
13d19048
13d19060
13d1a040
13d1a048
13d1a060
13d1b040
13d1b048
13d1b060
13d1c040
13d1c048
13d1c060
13d1d040
13d1d048
13d1d060
13d1e040
13d1e048
13d1e060
13d1f040
13d1f048
13d1f060
13e10000
13e10001
13e11000
13e11001
13e12000
13e12001
13e13000
13e13001
13e14000
13e14001
13e15000
13e15001
13e16000
13e16001
13e17000
13e17001
13e18000
13e19000
13e1a000
13e1b000
13e1c000
13e1d000
13e1e000
13e1f000
13f10000
13f10001
13f11000
13f11001
13f12000
13f12001
13f13000
13f13001
13f14000
13f14001
13f15000
13f15001
13f16000
13f16001
13f17000
13f17001
13f18000
13f19000
13f1a000
13f1b000
13f1c000
13f1d000
13f1e000
13f1f000
13f1f00f
14810000
14910000
14a10000
14c10000
14e10000
1500
1540
1560
15810000
15a10000
15c10000
15e10000
1600
1680
16810000
1690
16910000
16a10000
16c10000
16e10000
1700
17810000
17811000
17812000
17910000
17911000
17912000
17a10000
17a11000
17a12000
17b10000
17b11000
17b12000
17c10000
17c11000
17c12000
17d10000
17d11000
17d12000
17e10000
17e11000
17e12000
17f10000
17f11000
17f12000
18810000
18910000
18a10000
18c10000
18e10000
1900
1940
1960
19810000
19a10000
19c10000
19e10000
1a00
1a80
1a810000
1a90
1a910000
1aa10000
1ac10000
1ae10000
1b00
1b810000
1b810001
1b811000
1b811001
1b812000
1b812001
1b813000
1b813001
1b814000
1b814001
1b815000
1b815001
1b816000
1b816001
1b817000
1b817001
1b818000
1b818001
1b819000
1b81a000
1b81b000
1b81c000
1b81d000
1b81e000
1b81f000
1b910000
1b910001
1b910008
1b910009
1b910060
1b911000
1b911001
1b911008
1b911009
1b911060
1b912000
1b912001
1b912008
1b912009
1b912060
1b913000
1b913001
1b913008
1b913009
1b914000
1b914001
1b914008
1b914009
1b915000
1b915001
1b915008
1b915009
1b916000
1b916001
1b916008
1b916009
1b917000
1b917001
1b917008
1b917009
1b918000
1b918008
1b919000
1b919008
1b91a000
1b91a008
1b91b000
1b91b008
1b91c000
1b91c008
1b91d000
1b91d008
1b91e000
1b91e008
1b91f000
1b91f008
1bd10000
1bd10001
1bd10040
1bd10041
1bd10060
1bd10061
1bd11000
1bd11001
1bd11040
1bd11041
1bd11060
1bd11061
1bd12000
1bd12001
1bd12040
1bd12041
1bd12060
1bd12061
1bd13000
1bd13001
1bd13040
1bd13041
1bd13060
1bd13061
1bd14000
1bd14001
1bd14040
1bd14041
1bd14060
1bd14061
1bd15000
1bd15001
1bd15040
1bd15041
1bd15060
1bd15061
1bd16000
1bd16001
1bd16040
1bd16041
1bd16060
1bd16061
1bd17000
1bd17001
1bd17040
1bd17041
1bd17060
1bd17061
1bd18000
1bd18040
1bd18060
1bd19000
1bd19040
1bd19060
1bd1a000
1bd1a040
1bd1a060
1bd1b000
1bd1b040
1bd1b060
1bd1c000
1bd1c040
1bd1c060
1bd1d000
1bd1d040
1bd1d060
1bd1e000
1bd1e040
1bd1e060
1bd1f000
1bd1f040
1bd1f060
1c810000
1c910000
1ca10000
1cc10000
1ce10000
1d00
1d40
1d60
1d810000
1da10000
1dc10000
1de10000
1e00
1e80
1e810000
1e90
1e910000
1ea10000
1ec10000
1ee10000
1f00
1f810000
1f910000
1fa10000
1fb10000
1fc10000
1fd10000
20810000
20910000
20a10000
20c10000
20e10000
2100
2140
2160
21810000
21a10000
21c10000
21e10000
2200
2280
22810000
2290
22910000
22a10000
22c10000
22e10000
2300
23810000
23810001
23811000
23811001
23812000
23812001
23813000
23813001
23814000
23814001
23815000
23815001
23816000
23816001
23817000
23817001
23818000
23819000
2381a000
2381b000
2381c000
2381d000
2381e000
2381f000
23910000
23910001
23911000
23911001
23912000
23912001
23913000
23913001
23914000
23914001
23915000
23915001
23916000
23916001
23917000
23917001
23918000
23919000
2391a000
2391b000
2391c000
2391d000
2391e000
2391f000
23a10000
23b10000
24810000
24910000
24a10000
24c10000
24e10000
2500
2540
2560
25810000
25a10000
25c10000
25e10000
2600
2680
26810000
2690
26910000
26a10000
26c10000
26e10000
2700
27810000
27810002
27810004
27810005
27810008
27810009
2781000c
2781000d
27810020
27810022
27810024
27810025
27810028
27810029
2781002c
2781002d
27810040
27810042
27810044
27810045
27810048
27810049
2781004c
2781004d
27810060
27810062
27810064
27810065
27810068
27810069
2781006c
2781006d
27810080
27810082
27810084
27810085
27810088
27810089
2781008c
2781008d
278100a0
278100a2
278100a4
278100a5
278100a8
278100a9
278100ac
278100ad
278100c0
278100c2
278100c4
278100c5
278100c8
278100c9
278100cc
278100cd
278100e0
278100e2
278100e4
278100e5
278100e8
278100e9
278100ec
278100ed
27811004
27811005
27811008
27811009
2781100c
2781100d
27811024
27811025
27811028
27811029
2781102c
2781102d
27811044
27811045
27811048
27811049
2781104c
2781104d
27811064
27811065
27811068
27811069
2781106c
2781106d
27811084
27811085
27811088
27811089
2781108c
2781108d
278110a4
278110a5
278110a8
278110a9
278110ac
278110ad
278110c4
278110c5
278110c8
278110c9
278110cc
278110cd
278110e4
278110e5
278110e8
278110e9
278110ec
278110ed
27812004
27812005
27812008
27812009
2781200c
2781200d
27812024
27812025
27812028
27812029
2781202c
2781202d
27812044
27812045
27812048
27812049
2781204c
2781204d
27812064
27812065
27812068
27812069
2781206c
2781206d
27812084
27812085
27812088
27812089
2781208c
2781208d
278120a4
278120a5
278120a8
278120a9
278120ac
278120ad
278120c4
278120c5
278120c8
278120c9
278120cc
278120cd
278120e4
278120e5
278120e8
278120e9
278120ec
278120ed
27813004
27813005
27813008
27813009
2781300c
2781300d
27813024
27813025
27813028
27813029
2781302c
2781302d
27813044
27813045
27813048
27813049
2781304c
2781304d
27813064
27813065
27813068
27813069
2781306c
2781306d
27813084
27813085
27813088
27813089
2781308c
2781308d
278130a4
278130a5
278130a8
278130a9
278130ac
278130ad
278130c4
278130c5
278130c8
278130c9
278130cc
278130cd
278130e4
278130e5
278130e8
278130e9
278130ec
278130ed
27814004
27814005
27814008
27814009
2781400c
2781400d
27814024
27814025
27814028
27814029
2781402c
2781402d
27814044
27814045
27814048
27814049
2781404c
2781404d
27814064
27814065
27814068
27814069
2781406c
2781406d
27814084
27814085
27814088
27814089
2781408c
2781408d
278140a4
278140a5
278140a8
278140a9
278140ac
278140ad
278140c4
278140c5
278140c8
278140c9
278140cc
278140cd
278140e4
278140e5
278140e8
278140e9
278140ec
278140ed
27815004
27815005
27815008
27815009
2781500c
2781500d
27815024
27815025
27815028
27815029
2781502c
2781502d
27815044
27815045
27815048
27815049
2781504c
2781504d
27815064
27815065
27815068
27815069
2781506c
2781506d
27815084
27815085
27815088
27815089
2781508c
2781508d
278150a4
278150a5
278150a8
278150a9
278150ac
278150ad
278150c4
278150c5
278150c8
278150c9
278150cc
278150cd
278150e4
278150e5
278150e8
278150e9
278150ec
278150ed
27816004
27816005
27816008
27816009
2781600c
2781600d
27816024
27816025
27816028
27816029
2781602c
2781602d
27816044
27816045
27816048
27816049
2781604c
2781604d
27816064
27816065
27816068
27816069
2781606c
2781606d
27816084
27816085
27816088
27816089
2781608c
2781608d
278160a4
278160a5
278160a8
278160a9
278160ac
278160ad
278160c4
278160c5
278160c8
278160c9
278160cc
278160cd
278160e4
278160e5
278160e8
278160e9
278160ec
278160ed
27817004
27817005
27817008
27817009
2781700c
2781700d
27817024
27817025
27817028
27817029
2781702c
2781702d
27817044
27817045
27817048
27817049
2781704c
2781704d
27817064
27817065
27817068
27817069
2781706c
2781706d
27817084
27817085
27817088
27817089
2781708c
2781708d
278170a4
278170a5
278170a8
278170a9
278170ac
278170ad
278170c4
278170c5
278170c8
278170c9
278170cc
278170cd
278170e4
278170e5
278170e8
278170e9
278170ec
278170ed
27818002
27818004
27818008
2781800c
27818022
27818024
27818028
2781802c
27818044
27818048
2781804c
27818062
27818064
27818068
2781806c
27818084
27818088
2781808c
278180a4
278180a8
278180ac
278180c4
278180c8
278180cc
278180e2
278180e4
278180e8
278180ec
27819004
27819008
2781900c
27819024
27819028
2781902c
27819044
27819048
2781904c
27819064
27819068
2781906c
27819084
27819088
2781908c
278190a4
278190a8
278190ac
278190c4
278190c8
278190cc
278190e4
278190e8
278190ec
2781a004
2781a008
2781a00c
2781a024
2781a028
2781a02c
2781a044
2781a048
2781a04c
2781a064
2781a068
2781a06c
2781a084
2781a088
2781a08c
2781a0a4
2781a0a8
2781a0ac
2781a0c4
2781a0c8
2781a0cc
2781a0e4
2781a0e8
2781a0ec
2781b002
2781b004
2781b008
2781b00c
2781b024
2781b028
2781b02c
2781b044
2781b048
2781b04c
2781b064
2781b068
2781b06c
2781b084
2781b088
2781b08c
2781b0a4
2781b0a8
2781b0ac
2781b0c4
2781b0c8
2781b0cc
2781b0e4
2781b0e8
2781b0ec
2781c004
2781c008
2781c00c
2781c024
2781c028
2781c02c
2781c044
2781c048
2781c04c
2781c064
2781c068
2781c06c
2781c084
2781c088
2781c08c
2781c0a4
2781c0a8
2781c0ac
2781c0c4
2781c0c8
2781c0cc
2781c0e4
2781c0e8
2781c0ec
2781d004
2781d008
2781d00c
2781d024
2781d028
2781d02c
2781d044
2781d048
2781d04c
2781d064
2781d068
2781d06c
2781d084
2781d088
2781d08c
2781d0a4
2781d0a8
2781d0ac
2781d0c4
2781d0c8
2781d0cc
2781d0e4
2781d0e8
2781d0ec
2781e004
2781e008
2781e00c
2781e024
2781e028
2781e02c
2781e044
2781e048
2781e04c
2781e064
2781e068
2781e06c
2781e084
2781e088
2781e08c
2781e0a4
2781e0a8
2781e0ac
2781e0c4
2781e0c8
2781e0cc
2781e0e4
2781e0e8
2781e0ec
2781f004
2781f008
2781f00c
2781f024
2781f028
2781f02c
2781f044
2781f048
2781f04c
2781f064
2781f068
2781f06c
2781f084
2781f088
2781f08c
2781f0a4
2781f0a8
2781f0ac
2781f0c4
2781f0c8
2781f0cc
2781f0e4
2781f0e8
2781f0ec
27910000
27910001
27911000
27911001
27912000
27912001
27913000
27913001
27914000
27914001
27915000
27915001
27916000
27916001
27917000
27917001
27918000
27919000
2791a000
2791b000
2791c000
2791d000
2791e000
2791f000
27a10000
27a10001
27a11000
27a11001
27a12000
27a12001
27a13000
27a13001
27a14000
27a14001
27a15000
27a15001
27a16000
27a16001
27a17000
27a17001
27a18000
27a19000
27a1a000
27a1b000
27a1c000
27a1d000
27a1e000
27a1f000
27d10000
27d10002
27d10004
27d10005
27d10008
27d10009
27d1000c
27d1000d
27d10020
27d10022
27d10024
27d10025
27d10028
27d10029
27d1002c
27d1002d
27d10040
27d10042
27d10044
27d10045
27d10048
27d10049
27d1004c
27d1004d
27d10060
27d10062
27d10064
27d10065
27d10068
27d10069
27d1006c
27d1006d
27d10080
27d10082
27d10084
27d10085
27d10088
27d10089
27d1008c
27d1008d
27d100a0
27d100a2
27d100a4
27d100a5
27d100a8
27d100a9
27d100ac
27d100ad
27d100c0
27d100c2
27d100c4
27d100c5
27d100c8
27d100c9
27d100cc
27d100cd
27d100e0
27d100e2
27d100e4
27d100e5
27d100e8
27d100e9
27d100ec
27d100ed
27d11004
27d11005
27d11008
27d11009
27d1100c
27d1100d
27d11024
27d11025
27d11028
27d11029
27d1102c
27d1102d
27d11044
27d11045
27d11048
27d11049
27d1104c
27d1104d
27d11064
27d11065
27d11068
27d11069
27d1106c
27d1106d
27d11084
27d11085
27d11088
27d11089
27d1108c
27d1108d
27d110a4
27d110a5
27d110a8
27d110a9
27d110ac
27d110ad
27d110c4
27d110c5
27d110c8
27d110c9
27d110cc
27d110cd
27d110e4
27d110e5
27d110e8
27d110e9
27d110ec
27d110ed
27d12004
27d12005
27d12008
27d12009
27d1200c
27d1200d
27d12024
27d12025
27d12028
27d12029
27d1202c
27d1202d
27d12044
27d12045
27d12048
27d12049
27d1204c
27d1204d
27d12064
27d12065
27d12068
27d12069
27d1206c
27d1206d
27d12084
27d12085
27d12088
27d12089
27d1208c
27d1208d
27d120a4
27d120a5
27d120a8
27d120a9
27d120ac
27d120ad
27d120c4
27d120c5
27d120c8
27d120c9
27d120cc
27d120cd
27d120e4
27d120e5
27d120e8
27d120e9
27d120ec
27d120ed
27d13004
27d13005
27d13008
27d13009
27d1300c
27d1300d
27d13024
27d13025
27d13028
27d13029
27d1302c
27d1302d
27d13044
27d13045
27d13048
27d13049
27d1304c
27d1304d
27d13064
27d13065
27d13068
27d13069
27d1306c
27d1306d
27d13084
27d13085
27d13088
27d13089
27d1308c
27d1308d
27d130a4
27d130a5
27d130a8
27d130a9
27d130ac
27d130ad
27d130c4
27d130c5
27d130c8
27d130c9
27d130cc
27d130cd
27d130e4
27d130e5
27d130e8
27d130e9
27d130ec
27d130ed
27d14004
27d14005
27d14008
27d14009
27d1400c
27d1400d
27d14024
27d14025
27d14028
27d14029
27d1402c
27d1402d
27d14044
27d14045
27d14048
27d14049
27d1404c
27d1404d
27d14064
27d14065
27d14068
27d14069
27d1406c
27d1406d
27d14084
27d14085
27d14088
27d14089
27d1408c
27d1408d
27d140a4
27d140a5
27d140a8
27d140a9
27d140ac
27d140ad
27d140c4
27d140c5
27d140c8
27d140c9
27d140cc
27d140cd
27d140e4
27d140e5
27d140e8
27d140e9
27d140ec
27d140ed
27d15004
27d15005
27d15008
27d15009
27d1500c
27d1500d
27d15024
27d15025
27d15028
27d15029
27d1502c
27d1502d
27d15044
27d15045
27d15048
27d15049
27d1504c
27d1504d
27d15064
27d15065
27d15068
27d15069
27d1506c
27d1506d
27d15084
27d15085
27d15088
27d15089
27d1508c
27d1508d
27d150a4
27d150a5
27d150a8
27d150a9
27d150ac
27d150ad
27d150c4
27d150c5
27d150c8
27d150c9
27d150cc
27d150cd
27d150e4
27d150e5
27d150e8
27d150e9
27d150ec
27d150ed
27d16004
27d16005
27d16008
27d16009
27d1600c
27d1600d
27d16024
27d16025
27d16028
27d16029
27d1602c
27d1602d
27d16044
27d16045
27d16048
27d16049
27d1604c
27d1604d
27d16064
27d16065
27d16068
27d16069
27d1606c
27d1606d
27d16084
27d16085
27d16088
27d16089
27d1608c
27d1608d
27d160a4
27d160a5
27d160a8
27d160a9
27d160ac
27d160ad
27d160c4
27d160c5
27d160c8
27d160c9
27d160cc
27d160cd
27d160e4
27d160e5
27d160e8
27d160e9
27d160ec
27d160ed
27d17004
27d17005
27d17008
27d17009
27d1700c
27d1700d
27d17024
27d17025
27d17028
27d17029
27d1702c
27d1702d
27d17044
27d17045
27d17048
27d17049
27d1704c
27d1704d
27d17064
27d17065
27d17068
27d17069
27d1706c
27d1706d
27d17084
27d17085
27d17088
27d17089
27d1708c
27d1708d
27d170a4
27d170a5
27d170a8
27d170a9
27d170ac
27d170ad
27d170c4
27d170c5
27d170c8
27d170c9
27d170cc
27d170cd
27d170e4
27d170e5
27d170e8
27d170e9
27d170ec
27d170ed
27d18004
27d18008
27d1800c
27d18024
27d18028
27d1802c
27d18044
27d18048
27d1804c
27d18064
27d18068
27d1806c
27d18084
27d18088
27d1808c
27d180a4
27d180a8
27d180ac
27d180c4
27d180c8
27d180cc
27d180e4
27d180e8
27d180ec
27d19004
27d19008
27d1900c
27d19024
27d19028
27d1902c
27d19044
27d19048
27d1904c
27d19064
27d19068
27d1906c
27d19084
27d19088
27d1908c
27d190a4
27d190a8
27d190ac
27d190c4
27d190c8
27d190cc
27d190e4
27d190e8
27d190ec
27d1a004
27d1a008
27d1a00c
27d1a024
27d1a028
27d1a02c
27d1a044
27d1a048
27d1a04c
27d1a064
27d1a068
27d1a06c
27d1a084
27d1a088
27d1a08c
27d1a0a4
27d1a0a8
27d1a0ac
27d1a0c4
27d1a0c8
27d1a0cc
27d1a0e4
27d1a0e8
27d1a0ec
27d1b004
27d1b008
27d1b00c
27d1b024
27d1b028
27d1b02c
27d1b044
27d1b048
27d1b04c
27d1b064
27d1b068
27d1b06c
27d1b084
27d1b088
27d1b08c
27d1b0a4
27d1b0a8
27d1b0ac
27d1b0c4
27d1b0c8
27d1b0cc
27d1b0e4
27d1b0e8
27d1b0ec
27d1c004
27d1c008
27d1c00c
27d1c024
27d1c028
27d1c02c
27d1c044
27d1c048
27d1c04c
27d1c064
27d1c068
27d1c06c
27d1c084
27d1c088
27d1c08c
27d1c0a4
27d1c0a8
27d1c0ac
27d1c0c4
27d1c0c8
27d1c0cc
27d1c0e4
27d1c0e8
27d1c0ec
27d1d004
27d1d008
27d1d00c
27d1d024
27d1d028
27d1d02c
27d1d044
27d1d048
27d1d04c
27d1d064
27d1d068
27d1d06c
27d1d084
27d1d088
27d1d08c
27d1d0a4
27d1d0a8
27d1d0ac
27d1d0c4
27d1d0c8
27d1d0cc
27d1d0e4
27d1d0e8
27d1d0ec
27d1e004
27d1e008
27d1e00c
27d1e024
27d1e028
27d1e02c
27d1e044
27d1e048
27d1e04c
27d1e064
27d1e068
27d1e06c
27d1e084
27d1e088
27d1e08c
27d1e0a4
27d1e0a8
27d1e0ac
27d1e0c4
27d1e0c8
27d1e0cc
27d1e0e4
27d1e0e8
27d1e0ec
27d1f004
27d1f008
27d1f00c
27d1f024
27d1f028
27d1f02c
27d1f044
27d1f048
27d1f04c
27d1f064
27d1f068
27d1f06c
27d1f084
27d1f088
27d1f08c
27d1f0a4
27d1f0a8
27d1f0ac
27d1f0c4
27d1f0c8
27d1f0cc
27d1f0e4
27d1f0e8
27d1f0ec
27e10000
27e10002
27e10004
27e10005
27e10008
27e10009
27e1000c
27e1000d
27e10020
27e10022
27e10024
27e10025
27e10028
27e10029
27e1002c
27e1002d
27e10040
27e10042
27e10044
27e10045
27e10048
27e10049
27e1004c
27e1004d
27e10060
27e10062
27e10064
27e10065
27e10068
27e10069
27e1006c
27e1006d
27e10080
27e10082
27e10084
27e10085
27e10088
27e10089
27e1008c
27e1008d
27e100a0
27e100a2
27e100a4
27e100a5
27e100a8
27e100a9
27e100ac
27e100ad
27e100c0
27e100c2
27e100c4
27e100c5
27e100c8
27e100c9
27e100cc
27e100cd
27e100e0
27e100e2
27e100e4
27e100e5
27e100e8
27e100e9
27e100ec
27e100ed
27e11004
27e11005
27e11008
27e11009
27e1100c
27e1100d
27e11024
27e11025
27e11028
27e11029
27e1102c
27e1102d
27e11044
27e11045
27e11048
27e11049
27e1104c
27e1104d
27e11064
27e11065
27e11068
27e11069
27e1106c
27e1106d
27e11084
27e11085
27e11088
27e11089
27e1108c
27e1108d
27e110a4
27e110a5
27e110a8
27e110a9
27e110ac
27e110ad
27e110c4
27e110c5
27e110c8
27e110c9
27e110cc
27e110cd
27e110e4
27e110e5
27e110e8
27e110e9
27e110ec
27e110ed
27e12004
27e12005
27e12008
27e12009
27e1200c
27e1200d
27e12024
27e12025
27e12028
27e12029
27e1202c
27e1202d
27e12044
27e12045
27e12048
27e12049
27e1204c
27e1204d
27e12064
27e12065
27e12068
27e12069
27e1206c
27e1206d
27e12084
27e12085
27e12088
27e12089
27e1208c
27e1208d
27e120a4
27e120a5
27e120a8
27e120a9
27e120ac
27e120ad
27e120c4
27e120c5
27e120c8
27e120c9
27e120cc
27e120cd
27e120e4
27e120e5
27e120e8
27e120e9
27e120ec
27e120ed
27e13004
27e13005
27e13008
27e13009
27e1300c
27e1300d
27e13024
27e13025
27e13028
27e13029
27e1302c
27e1302d
27e13044
27e13045
27e13048
27e13049
27e1304c
27e1304d
27e13064
27e13065
27e13068
27e13069
27e1306c
27e1306d
27e13084
27e13085
27e13088
27e13089
27e1308c
27e1308d
27e130a4
27e130a5
27e130a8
27e130a9
27e130ac
27e130ad
27e130c4
27e130c5
27e130c8
27e130c9
27e130cc
27e130cd
27e130e4
27e130e5
27e130e8
27e130e9
27e130ec
27e130ed
27e14004
27e14005
27e14008
27e14009
27e1400c
27e1400d
27e14024
27e14025
27e14028
27e14029
27e1402c
27e1402d
27e14044
27e14045
27e14048
27e14049
27e1404c
27e1404d
27e14064
27e14065
27e14068
27e14069
27e1406c
27e1406d
27e14084
27e14085
27e14088
27e14089
27e1408c
27e1408d
27e140a4
27e140a5
27e140a8
27e140a9
27e140ac
27e140ad
27e140c4
27e140c5
27e140c8
27e140c9
27e140cc
27e140cd
27e140e4
27e140e5
27e140e8
27e140e9
27e140ec
27e140ed
27e15004
27e15005
27e15008
27e15009
27e1500c
27e1500d
27e15024
27e15025
27e15028
27e15029
27e1502c
27e1502d
27e15044
27e15045
27e15048
27e15049
27e1504c
27e1504d
27e15064
27e15065
27e15068
27e15069
27e1506c
27e1506d
27e15084
27e15085
27e15088
27e15089
27e1508c
27e1508d
27e150a4
27e150a5
27e150a8
27e150a9
27e150ac
27e150ad
27e150c4
27e150c5
27e150c8
27e150c9
27e150cc
27e150cd
27e150e4
27e150e5
27e150e8
27e150e9
27e150ec
27e150ed
27e16004
27e16005
27e16008
27e16009
27e1600c
27e1600d
27e16024
27e16025
27e16028
27e16029
27e1602c
27e1602d
27e16044
27e16045
27e16048
27e16049
27e1604c
27e1604d
27e16064
27e16065
27e16068
27e16069
27e1606c
27e1606d
27e16084
27e16085
27e16088
27e16089
27e1608c
27e1608d
27e160a4
27e160a5
27e160a8
27e160a9
27e160ac
27e160ad
27e160c4
27e160c5
27e160c8
27e160c9
27e160cc
27e160cd
27e160e4
27e160e5
27e160e8
27e160e9
27e160ec
27e160ed
27e17004
27e17005
27e17008
27e17009
27e1700c
27e1700d
27e17024
27e17025
27e17028
27e17029
27e1702c
27e1702d
27e17044
27e17045
27e17048
27e17049
27e1704c
27e1704d
27e17064
27e17065
27e17068
27e17069
27e1706c
27e1706d
27e17084
27e17085
27e17088
27e17089
27e1708c
27e1708d
27e170a4
27e170a5
27e170a8
27e170a9
27e170ac
27e170ad
27e170c4
27e170c5
27e170c8
27e170c9
27e170cc
27e170cd
27e170e4
27e170e5
27e170e8
27e170e9
27e170ec
27e170ed
27e18004
27e18008
27e1800c
27e18024
27e18028
27e1802c
27e18044
27e18048
27e1804c
27e18064
27e18068
27e1806c
27e18084
27e18088
27e1808c
27e180a4
27e180a8
27e180ac
27e180c4
27e180c8
27e180cc
27e180e4
27e180e8
27e180ec
27e19004
27e19008
27e1900c
27e19024
27e19028
27e1902c
27e19044
27e19048
27e1904c
27e19064
27e19068
27e1906c
27e19084
27e19088
27e1908c
27e190a4
27e190a8
27e190ac
27e190c4
27e190c8
27e190cc
27e190e4
27e190e8
27e190ec
27e1a004
27e1a008
27e1a00c
27e1a024
27e1a028
27e1a02c
27e1a044
27e1a048
27e1a04c
27e1a064
27e1a068
27e1a06c
27e1a084
27e1a088
27e1a08c
27e1a0a4
27e1a0a8
27e1a0ac
27e1a0c4
27e1a0c8
27e1a0cc
27e1a0e4
27e1a0e8
27e1a0ec
27e1b004
27e1b008
27e1b00c
27e1b024
27e1b028
27e1b02c
27e1b044
27e1b048
27e1b04c
27e1b064
27e1b068
27e1b06c
27e1b084
27e1b088
27e1b08c
27e1b0a4
27e1b0a8
27e1b0ac
27e1b0c4
27e1b0c8
27e1b0cc
27e1b0e4
27e1b0e8
27e1b0ec
27e1c004
27e1c008
27e1c00c
27e1c024
27e1c028
27e1c02c
27e1c044
27e1c048
27e1c04c
27e1c064
27e1c068
27e1c06c
27e1c084
27e1c088
27e1c08c
27e1c0a4
27e1c0a8
27e1c0ac
27e1c0c4
27e1c0c8
27e1c0cc
27e1c0e4
27e1c0e8
27e1c0ec
27e1d004
27e1d008
27e1d00c
27e1d024
27e1d028
27e1d02c
27e1d044
27e1d048
27e1d04c
27e1d064
27e1d068
27e1d06c
27e1d084
27e1d088
27e1d08c
27e1d0a4
27e1d0a8
27e1d0ac
27e1d0c4
27e1d0c8
27e1d0cc
27e1d0e4
27e1d0e8
27e1d0ec
27e1e004
27e1e008
27e1e00c
27e1e024
27e1e028
27e1e02c
27e1e044
27e1e048
27e1e04c
27e1e064
27e1e068
27e1e06c
27e1e084
27e1e088
27e1e08c
27e1e0a4
27e1e0a8
27e1e0ac
27e1e0c4
27e1e0c8
27e1e0cc
27e1e0e4
27e1e0e8
27e1e0ec
27e1f004
27e1f008
27e1f00c
27e1f024
27e1f028
27e1f02c
27e1f044
27e1f048
27e1f04c
27e1f064
27e1f068
27e1f06c
27e1f084
27e1f088
27e1f08c
27e1f0a4
27e1f0a8
27e1f0ac
27e1f0c4
27e1f0c8
27e1f0cc
27e1f0e4
27e1f0e8
27e1f0ec
27f10000
27f10002
27f10004
27f10005
27f10008
27f10009
27f1000c
27f1000d
27f10020
27f10022
27f10024
27f10025
27f10028
27f10029
27f1002c
27f1002d
27f10040
27f10042
27f10044
27f10045
27f10048
27f10049
27f1004c
27f1004d
27f10060
27f10062
27f10064
27f10065
27f10068
27f10069
27f1006c
27f1006d
27f10080
27f10082
27f10084
27f10085
27f10088
27f10089
27f1008c
27f1008d
27f100a0
27f100a2
27f100a4
27f100a5
27f100a8
27f100a9
27f100ac
27f100ad
27f100c0
27f100c2
27f100c4
27f100c5
27f100c8
27f100c9
27f100cc
27f100cd
27f100e0
27f100e2
27f100e4
27f100e5
27f100e8
27f100e9
27f100ec
27f100ed
27f11004
27f11005
27f11008
27f11009
27f1100c
27f1100d
27f11024
27f11025
27f11028
27f11029
27f1102c
27f1102d
27f11044
27f11045
27f11048
27f11049
27f1104c
27f1104d
27f11064
27f11065
27f11068
27f11069
27f1106c
27f1106d
27f11084
27f11085
27f11088
27f11089
27f1108c
27f1108d
27f110a4
27f110a5
27f110a8
27f110a9
27f110ac
27f110ad
27f110c4
27f110c5
27f110c8
27f110c9
27f110cc
27f110cd
27f110e4
27f110e5
27f110e8
27f110e9
27f110ec
27f110ed
27f12004
27f12005
27f12008
27f12009
27f1200c
27f1200d
27f12024
27f12025
27f12028
27f12029
27f1202c
27f1202d
27f12044
27f12045
27f12048
27f12049
27f1204c
27f1204d
27f12064
27f12065
27f12068
27f12069
27f1206c
27f1206d
27f12084
27f12085
27f12088
27f12089
27f1208c
27f1208d
27f120a4
27f120a5
27f120a8
27f120a9
27f120ac
27f120ad
27f120c4
27f120c5
27f120c8
27f120c9
27f120cc
27f120cd
27f120e4
27f120e5
27f120e8
27f120e9
27f120ec
27f120ed
27f13004
27f13005
27f13008
27f13009
27f1300c
27f1300d
27f13024
27f13025
27f13028
27f13029
27f1302c
27f1302d
27f13044
27f13045
27f13048
27f13049
27f1304c
27f1304d
27f13064
27f13065
27f13068
27f13069
27f1306c
27f1306d
27f13084
27f13085
27f13088
27f13089
27f1308c
27f1308d
27f130a4
27f130a5
27f130a8
27f130a9
27f130ac
27f130ad
27f130c4
27f130c5
27f130c8
27f130c9
27f130cc
27f130cd
27f130e4
27f130e5
27f130e8
27f130e9
27f130ec
27f130ed
27f14004
27f14005
27f14008
27f14009
27f1400c
27f1400d
27f14024
27f14025
27f14028
27f14029
27f1402c
27f1402d
27f14044
27f14045
27f14048
27f14049
27f1404c
27f1404d
27f14064
27f14065
27f14068
27f14069
27f1406c
27f1406d
27f14084
27f14085
27f14088
27f14089
27f1408c
27f1408d
27f140a4
27f140a5
27f140a8
27f140a9
27f140ac
27f140ad
27f140c4
27f140c5
27f140c8
27f140c9
27f140cc
27f140cd
27f140e4
27f140e5
27f140e8
27f140e9
27f140ec
27f140ed
27f15004
27f15005
27f15008
27f15009
27f1500c
27f1500d
27f15024
27f15025
27f15028
27f15029
27f1502c
27f1502d
27f15044
27f15045
27f15048
27f15049
27f1504c
27f1504d
27f15064
27f15065
27f15068
27f15069
27f1506c
27f1506d
27f15084
27f15085
27f15088
27f15089
27f1508c
27f1508d
27f150a4
27f150a5
27f150a8
27f150a9
27f150ac
27f150ad
27f150c4
27f150c5
27f150c8
27f150c9
27f150cc
27f150cd
27f150e4
27f150e5
27f150e8
27f150e9
27f150ec
27f150ed
27f16004
27f16005
27f16008
27f16009
27f1600c
27f1600d
27f16024
27f16025
27f16028
27f16029
27f1602c
27f1602d
27f16044
27f16045
27f16048
27f16049
27f1604c
27f1604d
27f16064
27f16065
27f16068
27f16069
27f1606c
27f1606d
27f16084
27f16085
27f16088
27f16089
27f1608c
27f1608d
27f160a4
27f160a5
27f160a8
27f160a9
27f160ac
27f160ad
27f160c4
27f160c5
27f160c8
27f160c9
27f160cc
27f160cd
27f160e4
27f160e5
27f160e8
27f160e9
27f160ec
27f160ed
27f17004
27f17005
27f17008
27f17009
27f1700c
27f1700d
27f17024
27f17025
27f17028
27f17029
27f1702c
27f1702d
27f17044
27f17045
27f17048
27f17049
27f1704c
27f1704d
27f17064
27f17065
27f17068
27f17069
27f1706c
27f1706d
27f17084
27f17085
27f17088
27f17089
27f1708c
27f1708d
27f170a4
27f170a5
27f170a8
27f170a9
27f170ac
27f170ad
27f170c4
27f170c5
27f170c8
27f170c9
27f170cc
27f170cd
27f170e4
27f170e5
27f170e8
27f170e9
27f170ec
27f170ed
27f18004
27f18008
27f1800c
27f18024
27f18028
27f1802c
27f18044
27f18048
27f1804c
27f18064
27f18068
27f1806c
27f18084
27f18088
27f1808c
27f180a4
27f180a8
27f180ac
27f180c4
27f180c8
27f180cc
27f180e4
27f180e8
27f180ec
27f19004
27f19008
27f1900c
27f19024
27f19028
27f1902c
27f19044
27f19048
27f1904c
27f19064
27f19068
27f1906c
27f19084
27f19088
27f1908c
27f190a4
27f190a8
27f190ac
27f190c4
27f190c8
27f190cc
27f190e4
27f190e8
27f190ec
27f1a004
27f1a008
27f1a00c
27f1a024
27f1a028
27f1a02c
27f1a044
27f1a048
27f1a04c
27f1a064
27f1a068
27f1a06c
27f1a084
27f1a088
27f1a08c
27f1a0a4
27f1a0a8
27f1a0ac
27f1a0c4
27f1a0c8
27f1a0cc
27f1a0e4
27f1a0e8
27f1a0ec
27f1b004
27f1b008
27f1b00c
27f1b024
27f1b028
27f1b02c
27f1b044
27f1b048
27f1b04c
27f1b064
27f1b068
27f1b06c
27f1b084
27f1b088
27f1b08c
27f1b0a4
27f1b0a8
27f1b0ac
27f1b0c4
27f1b0c8
27f1b0cc
27f1b0e4
27f1b0e8
27f1b0ec
27f1c004
27f1c008
27f1c00c
27f1c024
27f1c028
27f1c02c
27f1c044
27f1c048
27f1c04c
27f1c064
27f1c068
27f1c06c
27f1c084
27f1c088
27f1c08c
27f1c0a4
27f1c0a8
27f1c0ac
27f1c0c4
27f1c0c8
27f1c0cc
27f1c0e4
27f1c0e8
27f1c0ec
27f1d004
27f1d008
27f1d00c
27f1d024
27f1d028
27f1d02c
27f1d044
27f1d048
27f1d04c
27f1d064
27f1d068
27f1d06c
27f1d084
27f1d088
27f1d08c
27f1d0a4
27f1d0a8
27f1d0ac
27f1d0c4
27f1d0c8
27f1d0cc
27f1d0e4
27f1d0e8
27f1d0ec
27f1e004
27f1e008
27f1e00c
27f1e024
27f1e028
27f1e02c
27f1e044
27f1e048
27f1e04c
27f1e064
27f1e068
27f1e06c
27f1e084
27f1e088
27f1e08c
27f1e0a4
27f1e0a8
27f1e0ac
27f1e0c4
27f1e0c8
27f1e0cc
27f1e0e4
27f1e0e8
27f1e0ec
27f1f004
27f1f008
27f1f00c
27f1f024
27f1f028
27f1f02c
27f1f044
27f1f048
27f1f04c
27f1f064
27f1f068
27f1f06c
27f1f084
27f1f088
27f1f08c
27f1f0a4
27f1f0a8
27f1f0ac
27f1f0c4
27f1f0c8
27f1f0cc
27f1f0e4
27f1f0e8
27f1f0ec
28810000
28910000
28a10000
28c10000
28e10000
2900
2940
2960
29810000
29a10000
29c10000
29e10000
2a00
2a80
2a810000
2a90
2a910000
2aa10000
2ac10000
2ae10000
2b00
2b810000
2b910000
2bb10050
2bb10052
2bb10053
2bb10054
2bb10055
2bb10056
2bb10057
2bb10058
2bb10059
2bb1005a
2bb1005b
2bb1005c
2bb1005d
2bb10060
2bb10062
2bb10064
2bb10066
2bb10070
2bb10071
2bb10072
2bb10073
2bb10074
2bb10075
2bb10076
2bb10077
2bb10080
2bb10081
2bb10082
2bb10083
2bb10084
2bb10085
2bb10086
2bb10087
2bb10088
2bb10089
2bb1008a
2bb1008b
2bb1008c
2bb1008d
2bb1008e
2bb1008f
2bb11052
2bb11053
2bb11054
2bb11055
2bb11056
2bb11057
2bb11058
2bb11059
2bb1105a
2bb1105b
2bb1105c
2bb1105d
2bb11070
2bb11071
2bb11072
2bb11073
2bb11074
2bb11075
2bb11076
2bb11077
2bb11080
2bb11081
2bb11082
2bb11083
2bb11084
2bb11085
2bb11086
2bb11087
2bb11088
2bb11089
2bb1108a
2bb1108b
2bb1108c
2bb1108d
2bb1108e
2bb1108f
2bb12052
2bb12053
2bb12054
2bb12055
2bb12056
2bb12057
2bb12058
2bb12059
2bb1205a
2bb1205b
2bb1205c
2bb1205d
2bb12070
2bb12071
2bb12072
2bb12073
2bb12074
2bb12075
2bb12076
2bb12077
2bb12080
2bb12081
2bb12082
2bb12083
2bb12084
2bb12085
2bb12086
2bb12087
2bb12088
2bb12089
2bb1208a
2bb1208b
2bb1208c
2bb1208d
2bb1208e
2bb1208f
2bb13052
2bb13053
2bb13054
2bb13055
2bb13056
2bb13057
2bb13058
2bb13059
2bb1305a
2bb1305b
2bb1305c
2bb1305d
2bb13070
2bb13071
2bb13072
2bb13073
2bb13074
2bb13075
2bb13076
2bb13077
2bb13080
2bb13081
2bb13082
2bb13083
2bb13084
2bb13085
2bb13086
2bb13087
2bb13088
2bb13089
2bb1308a
2bb1308b
2bb1308c
2bb1308d
2bb1308e
2bb1308f
2bb14052
2bb14053
2bb14054
2bb14055
2bb14056
2bb14057
2bb14058
2bb14059
2bb1405a
2bb1405b
2bb1405c
2bb1405d
2bb14070
2bb14071
2bb14072
2bb14073
2bb14074
2bb14075
2bb14076
2bb14077
2bb14080
2bb14081
2bb14082
2bb14083
2bb14084
2bb14085
2bb14086
2bb14087
2bb14088
2bb14089
2bb1408a
2bb1408b
2bb1408c
2bb1408d
2bb1408e
2bb1408f
2bb15052
2bb15053
2bb15054
2bb15055
2bb15056
2bb15057
2bb15058
2bb15059
2bb1505a
2bb1505b
2bb1505c
2bb1505d
2bb15070
2bb15071
2bb15072
2bb15073
2bb15074
2bb15075
2bb15076
2bb15077
2bb15080
2bb15081
2bb15082
2bb15083
2bb15084
2bb15085
2bb15086
2bb15087
2bb15088
2bb15089
2bb1508a
2bb1508b
2bb1508c
2bb1508d
2bb1508e
2bb1508f
2bb16052
2bb16053
2bb16054
2bb16055
2bb16056
2bb16057
2bb16058
2bb16059
2bb1605a
2bb1605b
2bb1605c
2bb1605d
2bb16070
2bb16071
2bb16072
2bb16073
2bb16074
2bb16075
2bb16076
2bb16077
2bb16080
2bb16081
2bb16082
2bb16083
2bb16084
2bb16085
2bb16086
2bb16087
2bb16088
2bb16089
2bb1608a
2bb1608b
2bb1608c
2bb1608d
2bb1608e
2bb1608f
2bb17052
2bb17053
2bb17054
2bb17055
2bb17056
2bb17057
2bb17058
2bb17059
2bb1705a
2bb1705b
2bb1705c
2bb1705d
2bb17070
2bb17071
2bb17072
2bb17073
2bb17074
2bb17075
2bb17076
2bb17077
2bb17080
2bb17081
2bb17082
2bb17083
2bb17084
2bb17085
2bb17086
2bb17087
2bb17088
2bb17089
2bb1708a
2bb1708b
2bb1708c
2bb1708d
2bb1708e
2bb1708f
2bb18052
2bb18054
2bb18056
2bb18058
2bb1805a
2bb1805c
2bb18070
2bb18072
2bb18074
2bb18076
2bb18080
2bb18082
2bb18084
2bb18086
2bb18088
2bb1808a
2bb1808c
2bb1808e
2bb19052
2bb19054
2bb19056
2bb19058
2bb1905a
2bb1905c
2bb19070
2bb19072
2bb19074
2bb19076
2bb19080
2bb19082
2bb19084
2bb19086
2bb19088
2bb1908a
2bb1908c
2bb1908e
2bb1a052
2bb1a054
2bb1a056
2bb1a058
2bb1a05a
2bb1a05c
2bb1a070
2bb1a072
2bb1a074
2bb1a076
2bb1a080
2bb1a082
2bb1a084
2bb1a086
2bb1a088
2bb1a08a
2bb1a08c
2bb1a08e
2bb1b052
2bb1b054
2bb1b056
2bb1b058
2bb1b05a
2bb1b05c
2bb1b070
2bb1b072
2bb1b074
2bb1b076
2bb1b080
2bb1b082
2bb1b084
2bb1b086
2bb1b088
2bb1b08a
2bb1b08c
2bb1b08e
2bb1c052
2bb1c054
2bb1c056
2bb1c058
2bb1c05a
2bb1c05c
2bb1c070
2bb1c072
2bb1c074
2bb1c076
2bb1c080
2bb1c082
2bb1c084
2bb1c086
2bb1c088
2bb1c08a
2bb1c08c
2bb1c08e
2bb1d052
2bb1d054
2bb1d056
2bb1d058
2bb1d05a
2bb1d05c
2bb1d070
2bb1d072
2bb1d074
2bb1d076
2bb1d080
2bb1d082
2bb1d084
2bb1d086
2bb1d088
2bb1d08a
2bb1d08c
2bb1d08e
2bb1e052
2bb1e054
2bb1e056
2bb1e058
2bb1e05a
2bb1e05c
2bb1e070
2bb1e072
2bb1e074
2bb1e076
2bb1e080
2bb1e082
2bb1e084
2bb1e086
2bb1e088
2bb1e08a
2bb1e08c
2bb1e08e
2bb1f052
2bb1f054
2bb1f056
2bb1f058
2bb1f05a
2bb1f05c
2bb1f070
2bb1f072
2bb1f074
2bb1f076
2bb1f080
2bb1f082
2bb1f084
2bb1f086
2bb1f088
2bb1f08a
2bb1f08c
2bb1f08e
2c810000
2c910000
2ca10000
2cc10000
2ce10000
2d00
2d40
2d60
2d810000
2da10000
2dc10000
2de10000
2e00
2e80
2e810000
2e90
2e910000
2ea10000
2f00
2f810000
2fa10000
2fa10001
2fa10002
2fa10003
2fa10004
2fa10005
2fa10006
2fa10007
2fa10008
2fa10009
2fa1000a
2fa1000b
2fa1000c
2fa1000d
2fa1000e
2fa1000f
2fa10010
2fa10012
2fa10014
2fa10016
2fa10018
2fa10019
2fa1001a
2fa1001b
2fa1001c
2fa1001d
2fa1001e
2fa1001f
2fa10020
2fa10021
2fa10022
2fa10023
2fa10024
2fa10025
2fa10026
2fa10027
2fa10028
2fa10029
2fa1002a
2fa1002b
2fa1002c
2fa1002d
2fa1002e
2fa1002f
2fa10040
2fa10041
2fa10042
2fa10043
2fa10044
2fa10045
2fa10046
2fa10047
2fa10060
2fa10061
2fa10062
2fa10063
2fa10064
2fa10065
2fa10066
2fa10067
2fa10080
2fa10081
2fa10082
2fa10083
2fa10084
2fa10085
2fa10086
2fa10087
2fa100a0
2fa100a1
2fa100a2
2fa100a3
2fa100a4
2fa100a5
2fa100a6
2fa100a7
2fa100c0
2fa100c1
2fa100c2
2fa100c3
2fa100c4
2fa100c5
2fa100c6
2fa100c7
2fa100e0
2fa100e1
2fa100e2
2fa100e3
2fa100e4
2fa100e5
2fa100e6
2fa100e7
2fa11000
2fa11001
2fa11002
2fa11003
2fa11004
2fa11005
2fa11006
2fa11007
2fa11008
2fa11009
2fa1100a
2fa1100b
2fa1100c
2fa1100d
2fa1100e
2fa1100f
2fa11018
2fa11019
2fa1101a
2fa1101b
2fa1101c
2fa1101d
2fa1101e
2fa1101f
2fa11020
2fa11021
2fa11022
2fa11023
2fa11024
2fa11025
2fa11026
2fa11027
2fa11028
2fa11029
2fa1102a
2fa1102b
2fa1102c
2fa1102d
2fa1102e
2fa1102f
2fa11040
2fa11041
2fa11042
2fa11043
2fa11044
2fa11045
2fa11046
2fa11047
2fa11060
2fa11061
2fa11062
2fa11063
2fa11064
2fa11065
2fa11066
2fa11067
2fa11080
2fa11081
2fa11082
2fa11083
2fa11084
2fa11085
2fa11086
2fa11087
2fa110a0
2fa110a1
2fa110a2
2fa110a3
2fa110a4
2fa110a5
2fa110a6
2fa110a7
2fa110c0
2fa110c1
2fa110c2
2fa110c3
2fa110c4
2fa110c5
2fa110c6
2fa110c7
2fa110e0
2fa110e1
2fa110e2
2fa110e3
2fa110e4
2fa110e5
2fa110e6
2fa110e7
2fa12000
2fa12001
2fa12002
2fa12003
2fa12004
2fa12005
2fa12006
2fa12007
2fa12008
2fa12009
2fa1200a
2fa1200b
2fa1200c
2fa1200d
2fa1200e
2fa1200f
2fa12018
2fa12019
2fa1201a
2fa1201b
2fa1201c
2fa1201d
2fa1201e
2fa1201f
2fa12020
2fa12021
2fa12022
2fa12023
2fa12024
2fa12025
2fa12026
2fa12027
2fa12028
2fa12029
2fa1202a
2fa1202b
2fa1202c
2fa1202d
2fa1202e
2fa1202f
2fa12040
2fa12041
2fa12042
2fa12043
2fa12044
2fa12045
2fa12046
2fa12047
2fa12060
2fa12061
2fa12062
2fa12063
2fa12064
2fa12065
2fa12066
2fa12067
2fa12080
2fa12081
2fa12082
2fa12083
2fa12084
2fa12085
2fa12086
2fa12087
2fa120a0
2fa120a1
2fa120a2
2fa120a3
2fa120a4
2fa120a5
2fa120a6
2fa120a7
2fa120c0
2fa120c1
2fa120c2
2fa120c3
2fa120c4
2fa120c5
2fa120c6
2fa120c7
2fa120e0
2fa120e1
2fa120e2
2fa120e3
2fa120e4
2fa120e5
2fa120e6
2fa120e7
2fa13000
2fa13001
2fa13002
2fa13003
2fa13004
2fa13005
2fa13006
2fa13007
2fa13008
2fa13009
2fa1300a
2fa1300b
2fa1300c
2fa1300d
2fa1300e
2fa1300f
2fa13018
2fa13019
2fa1301a
2fa1301b
2fa1301c
2fa1301d
2fa1301e
2fa1301f
2fa13020
2fa13021
2fa13022
2fa13023
2fa13024
2fa13025
2fa13026
2fa13027
2fa13028
2fa13029
2fa1302a
2fa1302b
2fa1302c
2fa1302d
2fa1302e
2fa1302f
2fa13040
2fa13041
2fa13042
2fa13043
2fa13044
2fa13045
2fa13046
2fa13047
2fa13060
2fa13061
2fa13062
2fa13063
2fa13064
2fa13065
2fa13066
2fa13067
2fa13080
2fa13081
2fa13082
2fa13083
2fa13084
2fa13085
2fa13086
2fa13087
2fa130a0
2fa130a1
2fa130a2
2fa130a3
2fa130a4
2fa130a5
2fa130a6
2fa130a7
2fa130c0
2fa130c1
2fa130c2
2fa130c3
2fa130c4
2fa130c5
2fa130c6
2fa130c7
2fa130e0
2fa130e1
2fa130e2
2fa130e3
2fa130e4
2fa130e5
2fa130e6
2fa130e7
2fa14000
2fa14001
2fa14002
2fa14003
2fa14004
2fa14005
2fa14006
2fa14007
2fa14008
2fa14009
2fa1400a
2fa1400b
2fa1400c
2fa1400d
2fa1400e
2fa1400f
2fa14018
2fa14019
2fa1401a
2fa1401b
2fa1401c
2fa1401d
2fa1401e
2fa1401f
2fa14020
2fa14021
2fa14022
2fa14023
2fa14024
2fa14025
2fa14026
2fa14027
2fa14028
2fa14029
2fa1402a
2fa1402b
2fa1402c
2fa1402d
2fa1402e
2fa1402f
2fa14040
2fa14041
2fa14042
2fa14043
2fa14044
2fa14045
2fa14046
2fa14047
2fa14060
2fa14061
2fa14062
2fa14063
2fa14064
2fa14065
2fa14066
2fa14067
2fa14080
2fa14081
2fa14082
2fa14083
2fa14084
2fa14085
2fa14086
2fa14087
2fa140a0
2fa140a1
2fa140a2
2fa140a3
2fa140a4
2fa140a5
2fa140a6
2fa140a7
2fa140c0
2fa140c1
2fa140c2
2fa140c3
2fa140c4
2fa140c5
2fa140c6
2fa140c7
2fa140e0
2fa140e1
2fa140e2
2fa140e3
2fa140e4
2fa140e5
2fa140e6
2fa140e7
2fa15000
2fa15001
2fa15002
2fa15003
2fa15004
2fa15005
2fa15006
2fa15007
2fa15008
2fa15009
2fa1500a
2fa1500b
2fa1500c
2fa1500d
2fa1500e
2fa1500f
2fa15018
2fa15019
2fa1501a
2fa1501b
2fa1501c
2fa1501d
2fa1501e
2fa1501f
2fa15020
2fa15021
2fa15022
2fa15023
2fa15024
2fa15025
2fa15026
2fa15027
2fa15028
2fa15029
2fa1502a
2fa1502b
2fa1502c
2fa1502d
2fa1502e
2fa1502f
2fa15040
2fa15041
2fa15042
2fa15043
2fa15044
2fa15045
2fa15046
2fa15047
2fa15060
2fa15061
2fa15062
2fa15063
2fa15064
2fa15065
2fa15066
2fa15067
2fa15080
2fa15081
2fa15082
2fa15083
2fa15084
2fa15085
2fa15086
2fa15087
2fa150a0
2fa150a1
2fa150a2
2fa150a3
2fa150a4
2fa150a5
2fa150a6
2fa150a7
2fa150c0
2fa150c1
2fa150c2
2fa150c3
2fa150c4
2fa150c5
2fa150c6
2fa150c7
2fa150e0
2fa150e1
2fa150e2
2fa150e3
2fa150e4
2fa150e5
2fa150e6
2fa150e7
2fa16000
2fa16001
2fa16002
2fa16003
2fa16004
2fa16005
2fa16006
2fa16007
2fa16008
2fa16009
2fa1600a
2fa1600b
2fa1600c
2fa1600d
2fa1600e
2fa1600f
2fa16018
2fa16019
2fa1601a
2fa1601b
2fa1601c
2fa1601d
2fa1601e
2fa1601f
2fa16020
2fa16021
2fa16022
2fa16023
2fa16024
2fa16025
2fa16026
2fa16027
2fa16028
2fa16029
2fa1602a
2fa1602b
2fa1602c
2fa1602d
2fa1602e
2fa1602f
2fa16040
2fa16041
2fa16042
2fa16043
2fa16044
2fa16045
2fa16046
2fa16047
2fa16060
2fa16061
2fa16062
2fa16063
2fa16064
2fa16065
2fa16066
2fa16067
2fa16080
2fa16081
2fa16082
2fa16083
2fa16084
2fa16085
2fa16086
2fa16087
2fa160a0
2fa160a1
2fa160a2
2fa160a3
2fa160a4
2fa160a5
2fa160a6
2fa160a7
2fa160c0
2fa160c1
2fa160c2
2fa160c3
2fa160c4
2fa160c5
2fa160c6
2fa160c7
2fa160e0
2fa160e1
2fa160e2
2fa160e3
2fa160e4
2fa160e5
2fa160e6
2fa160e7
2fa17000
2fa17001
2fa17002
2fa17003
2fa17004
2fa17005
2fa17006
2fa17007
2fa17008
2fa17009
2fa1700a
2fa1700b
2fa1700c
2fa1700d
2fa1700e
2fa1700f
2fa17018
2fa17019
2fa1701a
2fa1701b
2fa1701c
2fa1701d
2fa1701e
2fa1701f
2fa17020
2fa17021
2fa17022
2fa17023
2fa17024
2fa17025
2fa17026
2fa17027
2fa17028
2fa17029
2fa1702a
2fa1702b
2fa1702c
2fa1702d
2fa1702e
2fa1702f
2fa17040
2fa17041
2fa17042
2fa17043
2fa17044
2fa17045
2fa17046
2fa17047
2fa17060
2fa17061
2fa17062
2fa17063
2fa17064
2fa17065
2fa17066
2fa17067
2fa17080
2fa17081
2fa17082
2fa17083
2fa17084
2fa17085
2fa17086
2fa17087
2fa170a0
2fa170a1
2fa170a2
2fa170a3
2fa170a4
2fa170a5
2fa170a6
2fa170a7
2fa170c0
2fa170c1
2fa170c2
2fa170c3
2fa170c4
2fa170c5
2fa170c6
2fa170c7
2fa170e0
2fa170e1
2fa170e2
2fa170e3
2fa170e4
2fa170e5
2fa170e6
2fa170e7
2fa18000
2fa18002
2fa18004
2fa18006
2fa18008
2fa1800a
2fa1800c
2fa1800e
2fa18018
2fa1801a
2fa1801c
2fa1801e
2fa18020
2fa18022
2fa18024
2fa18026
2fa18028
2fa1802a
2fa1802c
2fa1802e
2fa18040
2fa18042
2fa18044
2fa18046
2fa18060
2fa18062
2fa18064
2fa18066
2fa18080
2fa18082
2fa18084
2fa18086
2fa180a0
2fa180a2
2fa180a4
2fa180a6
2fa180c0
2fa180c2
2fa180c4
2fa180c6
2fa180e0
2fa180e2
2fa180e4
2fa180e6
2fa19000
2fa19002
2fa19004
2fa19006
2fa19008
2fa1900a
2fa1900c
2fa1900e
2fa19018
2fa1901a
2fa1901c
2fa1901e
2fa19020
2fa19022
2fa19024
2fa19026
2fa19028
2fa1902a
2fa1902c
2fa1902e
2fa19040
2fa19042
2fa19044
2fa19046
2fa19060
2fa19062
2fa19064
2fa19066
2fa19080
2fa19082
2fa19084
2fa19086
2fa190a0
2fa190a2
2fa190a4
2fa190a6
2fa190c0
2fa190c2
2fa190c4
2fa190c6
2fa190e0
2fa190e2
2fa190e4
2fa190e6
2fa1a000
2fa1a002
2fa1a004
2fa1a006
2fa1a008
2fa1a00a
2fa1a00c
2fa1a00e
2fa1a018
2fa1a01a
2fa1a01c
2fa1a01e
2fa1a020
2fa1a022
2fa1a024
2fa1a026
2fa1a028
2fa1a02a
2fa1a02c
2fa1a02e
2fa1a040
2fa1a042
2fa1a044
2fa1a046
2fa1a060
2fa1a062
2fa1a064
2fa1a066
2fa1a080
2fa1a082
2fa1a084
2fa1a086
2fa1a0a0
2fa1a0a2
2fa1a0a4
2fa1a0a6
2fa1a0c0
2fa1a0c2
2fa1a0c4
2fa1a0c6
2fa1a0e0
2fa1a0e2
2fa1a0e4
2fa1a0e6
2fa1b000
2fa1b002
2fa1b004
2fa1b006
2fa1b008
2fa1b00a
2fa1b00c
2fa1b00e
2fa1b018
2fa1b01a
2fa1b01c
2fa1b01e
2fa1b020
2fa1b022
2fa1b024
2fa1b026
2fa1b028
2fa1b02a
2fa1b02c
2fa1b02e
2fa1b040
2fa1b042
2fa1b044
2fa1b046
2fa1b060
2fa1b062
2fa1b064
2fa1b066
2fa1b080
2fa1b082
2fa1b084
2fa1b086
2fa1b0a0
2fa1b0a2
2fa1b0a4
2fa1b0a6
2fa1b0c0
2fa1b0c2
2fa1b0c4
2fa1b0c6
2fa1b0e0
2fa1b0e2
2fa1b0e4
2fa1b0e6
2fa1c000
2fa1c002
2fa1c004
2fa1c006
2fa1c008
2fa1c00a
2fa1c00c
2fa1c00e
2fa1c018
2fa1c01a
2fa1c01c
2fa1c01e
2fa1c020
2fa1c022
2fa1c024
2fa1c026
2fa1c028
2fa1c02a
2fa1c02c
2fa1c02e
2fa1c040
2fa1c042
2fa1c044
2fa1c046
2fa1c060
2fa1c062
2fa1c064
2fa1c066
2fa1c080
2fa1c082
2fa1c084
2fa1c086
2fa1c0a0
2fa1c0a2
2fa1c0a4
2fa1c0a6
2fa1c0c0
2fa1c0c2
2fa1c0c4
2fa1c0c6
2fa1c0e0
2fa1c0e2
2fa1c0e4
2fa1c0e6
2fa1d000
2fa1d002
2fa1d004
2fa1d006
2fa1d008
2fa1d00a
2fa1d00c
2fa1d00e
2fa1d018
2fa1d01a
2fa1d01c
2fa1d01e
2fa1d020
2fa1d022
2fa1d024
2fa1d026
2fa1d028
2fa1d02a
2fa1d02c
2fa1d02e
2fa1d040
2fa1d042
2fa1d044
2fa1d046
2fa1d060
2fa1d062
2fa1d064
2fa1d066
2fa1d080
2fa1d082
2fa1d084
2fa1d086
2fa1d0a0
2fa1d0a2
2fa1d0a4
2fa1d0a6
2fa1d0c0
2fa1d0c2
2fa1d0c4
2fa1d0c6
2fa1d0e0
2fa1d0e2
2fa1d0e4
2fa1d0e6
2fa1e000
2fa1e002
2fa1e004
2fa1e006
2fa1e008
2fa1e00a
2fa1e00c
2fa1e00e
2fa1e018
2fa1e01a
2fa1e01c
2fa1e01e
2fa1e020
2fa1e022
2fa1e024
2fa1e026
2fa1e028
2fa1e02a
2fa1e02c
2fa1e02e
2fa1e040
2fa1e042
2fa1e044
2fa1e046
2fa1e060
2fa1e062
2fa1e064
2fa1e066
2fa1e080
2fa1e082
2fa1e084
2fa1e086
2fa1e0a0
2fa1e0a2
2fa1e0a4
2fa1e0a6
2fa1e0c0
2fa1e0c2
2fa1e0c4
2fa1e0c6
2fa1e0e0
2fa1e0e2
2fa1e0e4
2fa1e0e6
2fa1f000
2fa1f002
2fa1f004
2fa1f006
2fa1f008
2fa1f00a
2fa1f00c
2fa1f00e
2fa1f018
2fa1f01a
2fa1f01c
2fa1f01e
2fa1f020
2fa1f022
2fa1f024
2fa1f026
2fa1f028
2fa1f02a
2fa1f02c
2fa1f02e
2fa1f040
2fa1f042
2fa1f044
2fa1f046
2fa1f060
2fa1f062
2fa1f064
2fa1f066
2fa1f080
2fa1f082
2fa1f084
2fa1f086
2fa1f0a0
2fa1f0a2
2fa1f0a4
2fa1f0a6
2fa1f0c0
2fa1f0c2
2fa1f0c4
2fa1f0c6
2fa1f0e0
2fa1f0e2
2fa1f0e4
2fa1f0e6
2fb10000
2fb10001
2fb10002
2fb10003
2fb10004
2fb10005
2fb10006
2fb10007
2fb10008
2fb10009
2fb1000a
2fb1000b
2fb1000c
2fb1000d
2fb1000e
2fb1000f
2fb10010
2fb10012
2fb10014
2fb10016
2fb10018
2fb10019
2fb1001a
2fb1001b
2fb1001c
2fb1001d
2fb1001e
2fb1001f
2fb10020
2fb10021
2fb10022
2fb10023
2fb10024
2fb10025
2fb10026
2fb10027
2fb10028
2fb10029
2fb1002a
2fb1002b
2fb1002c
2fb1002d
2fb1002e
2fb1002f
2fb10040
2fb10041
2fb10042
2fb10043
2fb10044
2fb10045
2fb10046
2fb10047
2fb10060
2fb10061
2fb10062
2fb10063
2fb10064
2fb10065
2fb10066
2fb10067
2fb10080
2fb10081
2fb10082
2fb10083
2fb10084
2fb10085
2fb10086
2fb10087
2fb100a0
2fb100a1
2fb100a2
2fb100a3
2fb100a4
2fb100a5
2fb100a6
2fb100a7
2fb100c0
2fb100c1
2fb100c2
2fb100c3
2fb100c4
2fb100c5
2fb100c6
2fb100c7
2fb100e0
2fb100e1
2fb100e2
2fb100e3
2fb100e4
2fb100e5
2fb100e6
2fb100e7
2fb11000
2fb11001
2fb11002
2fb11003
2fb11004
2fb11005
2fb11006
2fb11007
2fb11008
2fb11009
2fb1100a
2fb1100b
2fb1100c
2fb1100d
2fb1100e
2fb1100f
2fb11018
2fb11019
2fb1101a
2fb1101b
2fb1101c
2fb1101d
2fb1101e
2fb1101f
2fb11020
2fb11021
2fb11022
2fb11023
2fb11024
2fb11025
2fb11026
2fb11027
2fb11028
2fb11029
2fb1102a
2fb1102b
2fb1102c
2fb1102d
2fb1102e
2fb1102f
2fb11040
2fb11041
2fb11042
2fb11043
2fb11044
2fb11045
2fb11046
2fb11047
2fb11060
2fb11061
2fb11062
2fb11063
2fb11064
2fb11065
2fb11066
2fb11067
2fb11080
2fb11081
2fb11082
2fb11083
2fb11084
2fb11085
2fb11086
2fb11087
2fb110a0
2fb110a1
2fb110a2
2fb110a3
2fb110a4
2fb110a5
2fb110a6
2fb110a7
2fb110c0
2fb110c1
2fb110c2
2fb110c3
2fb110c4
2fb110c5
2fb110c6
2fb110c7
2fb110e0
2fb110e1
2fb110e2
2fb110e3
2fb110e4
2fb110e5
2fb110e6
2fb110e7
2fb12000
2fb12001
2fb12002
2fb12003
2fb12004
2fb12005
2fb12006
2fb12007
2fb12008
2fb12009
2fb1200a
2fb1200b
2fb1200c
2fb1200d
2fb1200e
2fb1200f
2fb12018
2fb12019
2fb1201a
2fb1201b
2fb1201c
2fb1201d
2fb1201e
2fb1201f
2fb12020
2fb12021
2fb12022
2fb12023
2fb12024
2fb12025
2fb12026
2fb12027
2fb12028
2fb12029
2fb1202a
2fb1202b
2fb1202c
2fb1202d
2fb1202e
2fb1202f
2fb12040
2fb12041
2fb12042
2fb12043
2fb12044
2fb12045
2fb12046
2fb12047
2fb12060
2fb12061
2fb12062
2fb12063
2fb12064
2fb12065
2fb12066
2fb12067
2fb12080
2fb12081
2fb12082
2fb12083
2fb12084
2fb12085
2fb12086
2fb12087
2fb120a0
2fb120a1
2fb120a2
2fb120a3
2fb120a4
2fb120a5
2fb120a6
2fb120a7
2fb120c0
2fb120c1
2fb120c2
2fb120c3
2fb120c4
2fb120c5
2fb120c6
2fb120c7
2fb120e0
2fb120e1
2fb120e2
2fb120e3
2fb120e4
2fb120e5
2fb120e6
2fb120e7
2fb13000
2fb13001
2fb13002
2fb13003
2fb13004
2fb13005
2fb13006
2fb13007
2fb13008
2fb13009
2fb1300a
2fb1300b
2fb1300c
2fb1300d
2fb1300e
2fb1300f
2fb13018
2fb13019
2fb1301a
2fb1301b
2fb1301c
2fb1301d
2fb1301e
2fb1301f
2fb13020
2fb13021
2fb13022
2fb13023
2fb13024
2fb13025
2fb13026
2fb13027
2fb13028
2fb13029
2fb1302a
2fb1302b
2fb1302c
2fb1302d
2fb1302e
2fb1302f
2fb13040
2fb13041
2fb13042
2fb13043
2fb13044
2fb13045
2fb13046
2fb13047
2fb13060
2fb13061
2fb13062
2fb13063
2fb13064
2fb13065
2fb13066
2fb13067
2fb13080
2fb13081
2fb13082
2fb13083
2fb13084
2fb13085
2fb13086
2fb13087
2fb130a0
2fb130a1
2fb130a2
2fb130a3
2fb130a4
2fb130a5
2fb130a6
2fb130a7
2fb130c0
2fb130c1
2fb130c2
2fb130c3
2fb130c4
2fb130c5
2fb130c6
2fb130c7
2fb130e0
2fb130e1
2fb130e2
2fb130e3
2fb130e4
2fb130e5
2fb130e6
2fb130e7
2fb14000
2fb14001
2fb14002
2fb14003
2fb14004
2fb14005
2fb14006
2fb14007
2fb14008
2fb14009
2fb1400a
2fb1400b
2fb1400c
2fb1400d
2fb1400e
2fb1400f
2fb14018
2fb14019
2fb1401a
2fb1401b
2fb1401c
2fb1401d
2fb1401e
2fb1401f
2fb14020
2fb14021
2fb14022
2fb14023
2fb14024
2fb14025
2fb14026
2fb14027
2fb14028
2fb14029
2fb1402a
2fb1402b
2fb1402c
2fb1402d
2fb1402e
2fb1402f
2fb14040
2fb14041
2fb14042
2fb14043
2fb14044
2fb14045
2fb14046
2fb14047
2fb14060
2fb14061
2fb14062
2fb14063
2fb14064
2fb14065
2fb14066
2fb14067
2fb14080
2fb14081
2fb14082
2fb14083
2fb14084
2fb14085
2fb14086
2fb14087
2fb140a0
2fb140a1
2fb140a2
2fb140a3
2fb140a4
2fb140a5
2fb140a6
2fb140a7
2fb140c0
2fb140c1
2fb140c2
2fb140c3
2fb140c4
2fb140c5
2fb140c6
2fb140c7
2fb140e0
2fb140e1
2fb140e2
2fb140e3
2fb140e4
2fb140e5
2fb140e6
2fb140e7
2fb15000
2fb15001
2fb15002
2fb15003
2fb15004
2fb15005
2fb15006
2fb15007
2fb15008
2fb15009
2fb1500a
2fb1500b
2fb1500c
2fb1500d
2fb1500e
2fb1500f
2fb15018
2fb15019
2fb1501a
2fb1501b
2fb1501c
2fb1501d
2fb1501e
2fb1501f
2fb15020
2fb15021
2fb15022
2fb15023
2fb15024
2fb15025
2fb15026
2fb15027
2fb15028
2fb15029
2fb1502a
2fb1502b
2fb1502c
2fb1502d
2fb1502e
2fb1502f
2fb15040
2fb15041
2fb15042
2fb15043
2fb15044
2fb15045
2fb15046
2fb15047
2fb15060
2fb15061
2fb15062
2fb15063
2fb15064
2fb15065
2fb15066
2fb15067
2fb15080
2fb15081
2fb15082
2fb15083
2fb15084
2fb15085
2fb15086
2fb15087
2fb150a0
2fb150a1
2fb150a2
2fb150a3
2fb150a4
2fb150a5
2fb150a6
2fb150a7
2fb150c0
2fb150c1
2fb150c2
2fb150c3
2fb150c4
2fb150c5
2fb150c6
2fb150c7
2fb150e0
2fb150e1
2fb150e2
2fb150e3
2fb150e4
2fb150e5
2fb150e6
2fb150e7
2fb16000
2fb16001
2fb16002
2fb16003
2fb16004
2fb16005
2fb16006
2fb16007
2fb16008
2fb16009
2fb1600a
2fb1600b
2fb1600c
2fb1600d
2fb1600e
2fb1600f
2fb16018
2fb16019
2fb1601a
2fb1601b
2fb1601c
2fb1601d
2fb1601e
2fb1601f
2fb16020
2fb16021
2fb16022
2fb16023
2fb16024
2fb16025
2fb16026
2fb16027
2fb16028
2fb16029
2fb1602a
2fb1602b
2fb1602c
2fb1602d
2fb1602e
2fb1602f
2fb16040
2fb16041
2fb16042
2fb16043
2fb16044
2fb16045
2fb16046
2fb16047
2fb16060
2fb16061
2fb16062
2fb16063
2fb16064
2fb16065
2fb16066
2fb16067
2fb16080
2fb16081
2fb16082
2fb16083
2fb16084
2fb16085
2fb16086
2fb16087
2fb160a0
2fb160a1
2fb160a2
2fb160a3
2fb160a4
2fb160a5
2fb160a6
2fb160a7
2fb160c0
2fb160c1
2fb160c2
2fb160c3
2fb160c4
2fb160c5
2fb160c6
2fb160c7
2fb160e0
2fb160e1
2fb160e2
2fb160e3
2fb160e4
2fb160e5
2fb160e6
2fb160e7
2fb17000
2fb17001
2fb17002
2fb17003
2fb17004
2fb17005
2fb17006
2fb17007
2fb17008
2fb17009
2fb1700a
2fb1700b
2fb1700c
2fb1700d
2fb1700e
2fb1700f
2fb17018
2fb17019
2fb1701a
2fb1701b
2fb1701c
2fb1701d
2fb1701e
2fb1701f
2fb17020
2fb17021
2fb17022
2fb17023
2fb17024
2fb17025
2fb17026
2fb17027
2fb17028
2fb17029
2fb1702a
2fb1702b
2fb1702c
2fb1702d
2fb1702e
2fb1702f
2fb17040
2fb17041
2fb17042
2fb17043
2fb17044
2fb17045
2fb17046
2fb17047
2fb17060
2fb17061
2fb17062
2fb17063
2fb17064
2fb17065
2fb17066
2fb17067
2fb17080
2fb17081
2fb17082
2fb17083
2fb17084
2fb17085
2fb17086
2fb17087
2fb170a0
2fb170a1
2fb170a2
2fb170a3
2fb170a4
2fb170a5
2fb170a6
2fb170a7
2fb170c0
2fb170c1
2fb170c2
2fb170c3
2fb170c4
2fb170c5
2fb170c6
2fb170c7
2fb170e0
2fb170e1
2fb170e2
2fb170e3
2fb170e4
2fb170e5
2fb170e6
2fb170e7
2fb18000
2fb18002
2fb18004
2fb18006
2fb18008
2fb1800a
2fb1800c
2fb1800e
2fb18018
2fb1801a
2fb1801c
2fb1801e
2fb18020
2fb18022
2fb18024
2fb18026
2fb18028
2fb1802a
2fb1802c
2fb1802e
2fb18040
2fb18042
2fb18044
2fb18046
2fb18060
2fb18062
2fb18064
2fb18066
2fb18080
2fb18082
2fb18084
2fb18086
2fb180a0
2fb180a2
2fb180a4
2fb180a6
2fb180c0
2fb180c2
2fb180c4
2fb180c6
2fb180e0
2fb180e2
2fb180e4
2fb180e6
2fb19000
2fb19002
2fb19004
2fb19006
2fb19008
2fb1900a
2fb1900c
2fb1900e
2fb19018
2fb1901a
2fb1901c
2fb1901e
2fb19020
2fb19022
2fb19024
2fb19026
2fb19028
2fb1902a
2fb1902c
2fb1902e
2fb19040
2fb19042
2fb19044
2fb19046
2fb19060
2fb19062
2fb19064
2fb19066
2fb19080
2fb19082
2fb19084
2fb19086
2fb190a0
2fb190a2
2fb190a4
2fb190a6
2fb190c0
2fb190c2
2fb190c4
2fb190c6
2fb190e0
2fb190e2
2fb190e4
2fb190e6
2fb1a000
2fb1a002
2fb1a004
2fb1a006
2fb1a008
2fb1a00a
2fb1a00c
2fb1a00e
2fb1a018
2fb1a01a
2fb1a01c
2fb1a01e
2fb1a020
2fb1a022
2fb1a024
2fb1a026
2fb1a028
2fb1a02a
2fb1a02c
2fb1a02e
2fb1a040
2fb1a042
2fb1a044
2fb1a046
2fb1a060
2fb1a062
2fb1a064
2fb1a066
2fb1a080
2fb1a082
2fb1a084
2fb1a086
2fb1a0a0
2fb1a0a2
2fb1a0a4
2fb1a0a6
2fb1a0c0
2fb1a0c2
2fb1a0c4
2fb1a0c6
2fb1a0e0
2fb1a0e2
2fb1a0e4
2fb1a0e6
2fb1b000
2fb1b002
2fb1b004
2fb1b006
2fb1b008
2fb1b00a
2fb1b00c
2fb1b00e
2fb1b018
2fb1b01a
2fb1b01c
2fb1b01e
2fb1b020
2fb1b022
2fb1b024
2fb1b026
2fb1b028
2fb1b02a
2fb1b02c
2fb1b02e
2fb1b040
2fb1b042
2fb1b044
2fb1b046
2fb1b060
2fb1b062
2fb1b064
2fb1b066
2fb1b080
2fb1b082
2fb1b084
2fb1b086
2fb1b0a0
2fb1b0a2
2fb1b0a4
2fb1b0a6
2fb1b0c0
2fb1b0c2
2fb1b0c4
2fb1b0c6
2fb1b0e0
2fb1b0e2
2fb1b0e4
2fb1b0e6
2fb1c000
2fb1c002
2fb1c004
2fb1c006
2fb1c008
2fb1c00a
2fb1c00c
2fb1c00e
2fb1c018
2fb1c01a
2fb1c01c
2fb1c01e
2fb1c020
2fb1c022
2fb1c024
2fb1c026
2fb1c028
2fb1c02a
2fb1c02c
2fb1c02e
2fb1c040
2fb1c042
2fb1c044
2fb1c046
2fb1c060
2fb1c062
2fb1c064
2fb1c066
2fb1c080
2fb1c082
2fb1c084
2fb1c086
2fb1c0a0
2fb1c0a2
2fb1c0a4
2fb1c0a6
2fb1c0c0
2fb1c0c2
2fb1c0c4
2fb1c0c6
2fb1c0e0
2fb1c0e2
2fb1c0e4
2fb1c0e6
2fb1d000
2fb1d002
2fb1d004
2fb1d006
2fb1d008
2fb1d00a
2fb1d00c
2fb1d00e
2fb1d018
2fb1d01a
2fb1d01c
2fb1d01e
2fb1d020
2fb1d022
2fb1d024
2fb1d026
2fb1d028
2fb1d02a
2fb1d02c
2fb1d02e
2fb1d040
2fb1d042
2fb1d044
2fb1d046
2fb1d060
2fb1d062
2fb1d064
2fb1d066
2fb1d080
2fb1d082
2fb1d084
2fb1d086
2fb1d0a0
2fb1d0a2
2fb1d0a4
2fb1d0a6
2fb1d0c0
2fb1d0c2
2fb1d0c4
2fb1d0c6
2fb1d0e0
2fb1d0e2
2fb1d0e4
2fb1d0e6
2fb1e000
2fb1e002
2fb1e004
2fb1e006
2fb1e008
2fb1e00a
2fb1e00c
2fb1e00e
2fb1e018
2fb1e01a
2fb1e01c
2fb1e01e
2fb1e020
2fb1e022
2fb1e024
2fb1e026
2fb1e028
2fb1e02a
2fb1e02c
2fb1e02e
2fb1e040
2fb1e042
2fb1e044
2fb1e046
2fb1e060
2fb1e062
2fb1e064
2fb1e066
2fb1e080
2fb1e082
2fb1e084
2fb1e086
2fb1e0a0
2fb1e0a2
2fb1e0a4
2fb1e0a6
2fb1e0c0
2fb1e0c2
2fb1e0c4
2fb1e0c6
2fb1e0e0
2fb1e0e2
2fb1e0e4
2fb1e0e6
2fb1f000
2fb1f002
2fb1f004
2fb1f006
2fb1f008
2fb1f00a
2fb1f00c
2fb1f00e
2fb1f018
2fb1f01a
2fb1f01c
2fb1f01e
2fb1f020
2fb1f022
2fb1f024
2fb1f026
2fb1f028
2fb1f02a
2fb1f02c
2fb1f02e
2fb1f040
2fb1f042
2fb1f044
2fb1f046
2fb1f060
2fb1f062
2fb1f064
2fb1f066
2fb1f080
2fb1f082
2fb1f084
2fb1f086
2fb1f0a0
2fb1f0a2
2fb1f0a4
2fb1f0a6
2fb1f0c0
2fb1f0c2
2fb1f0c4
2fb1f0c6
2fb1f0e0
2fb1f0e2
2fb1f0e4
2fb1f0e6
2fc10028
2fc10029
2fc1002a
2fc1002b
2fc1002c
2fc1002d
2fc1002e
2fc1002f
2fc12028
2fc12029
2fc1202a
2fc1202b
2fc1202c
2fc1202d
2fc1202e
2fc1202f
2fc14028
2fc14029
2fc1402a
2fc1402b
2fc1402c
2fc1402d
2fc1402e
2fc1402f
2fc16028
2fc16029
2fc1602a
2fc1602b
2fc1602c
2fc1602d
2fc1602e
2fc1602f
2fc18028
2fc18029
2fc1802a
2fc1802b
2fc1802c
2fc1802d
2fc1802e
2fc1802f
2fc1a028
2fc1a029
2fc1a02a
2fc1a02b
2fc1a02c
2fc1a02d
2fc1a02e
2fc1a02f
2fc1c028
2fc1c029
2fc1c02a
2fc1c02b
2fc1c02c
2fc1c02d
2fc1c02e
2fc1c02f
2fc1e028
2fc1e029
2fc1e02a
2fc1e02b
2fc1e02c
2fc1e02d
2fc1e02e
2fc1e02f
30810000
3100
3140
3160
31810000
31a10000
31c10000
31e10000
3200
3280
32810000
3290
32910000
3300
33810000
33810002
33810003
33810030
33810031
33810032
33810033
33810034
33810035
33810036
33810037
3381003a
3381003b
3381003e
3381003f
33810040
33810041
3381007e
3381007f
33811002
33811003
33811030
33811031
33811032
33811033
33811034
33811035
33811036
33811037
3381103a
3381103b
3381103e
3381103f
33811040
33811041
3381107e
3381107f
33812002
33812003
33812030
33812031
33812032
33812033
33812034
33812035
33812036
33812037
3381203a
3381203b
3381203e
3381203f
33812040
33812041
3381207e
3381207f
33813002
33813003
33813030
33813031
33813032
33813033
33813034
33813035
33813036
33813037
3381303a
3381303b
3381303e
3381303f
33813040
33813041
3381307e
3381307f
33814002
33814003
33814030
33814031
33814032
33814033
33814034
33814035
33814036
33814037
3381403a
3381403b
3381403e
3381403f
33814040
33814041
3381407e
3381407f
33815002
33815003
33815030
33815031
33815032
33815033
33815034
33815035
33815036
33815037
3381503a
3381503b
3381503e
3381503f
33815040
33815041
3381507e
3381507f
33816002
33816003
33816030
33816031
33816032
33816033
33816034
33816035
33816036
33816037
3381603a
3381603b
3381603e
3381603f
33816040
33816041
3381607e
3381607f
33817002
33817003
33817030
33817031
33817032
33817033
33817034
33817035
33817036
33817037
3381703a
3381703b
3381703e
3381703f
33817040
33817041
3381707e
3381707f
33818002
33818030
33818032
33818034
33818036
3381803a
3381803e
33818040
3381807e
33819002
33819030
33819032
33819034
33819036
3381903a
3381903e
33819040
3381907e
3381a002
3381a030
3381a032
3381a034
3381a036
3381a03a
3381a03e
3381a040
3381a07e
3381b002
3381b030
3381b032
3381b034
3381b036
3381b03a
3381b03e
3381b040
3381b07e
3381c002
3381c030
3381c032
3381c034
3381c036
3381c03a
3381c03e
3381c040
3381c07e
3381d002
3381d030
3381d032
3381d034
3381d036
3381d03a
3381d03e
3381d040
3381d07e
3381e002
3381e030
3381e032
3381e034
3381e036
3381e03a
3381e03e
3381e040
3381e07e
3381f002
3381f030
3381f032
3381f034
3381f036
3381f03a
3381f03e
3381f040
3381f07e
33910000
33910001
33910002
33910003
3391000a
3391000b
33910028
33910029
33910048
33910049
33910060
33910061
33910068
33910069
33911000
33911001
33911002
33911003
3391100a
3391100b
33911028
33911029
33911048
33911049
33911060
33911061
33911068
33911069
33912000
33912001
33912002
33912003
3391200a
3391200b
33912028
33912029
33912048
33912049
33912060
33912061
33912068
33912069
33913000
33913001
33913002
33913003
3391300a
3391300b
33913028
33913029
33913048
33913049
33913060
33913061
33913068
33913069
33914000
33914001
33914002
33914003
3391400a
3391400b
33914028
33914029
33914048
33914049
33914060
33914061
33914068
33914069
33915000
33915001
33915002
33915003
3391500a
3391500b
33915028
33915029
33915048
33915049
33915060
33915061
33915068
33915069
33916000
33916001
33916002
33916003
3391600a
3391600b
33916028
33916029
33916048
33916049
33916060
33916061
33916068
33916069
33917000
33917001
33917002
33917003
3391700a
3391700b
33917028
33917029
33917048
33917049
33917060
33917061
33917068
33917069
33918000
33918002
3391800a
33918028
33918048
33918060
33918068
33919000
33919002
3391900a
33919028
33919048
33919060
33919068
3391a000
3391a002
3391a00a
3391a028
3391a048
3391a060
3391a068
3391b000
3391b002
3391b00a
3391b028
3391b048
3391b060
3391b068
3391c000
3391c002
3391c00a
3391c028
3391c048
3391c060
3391c068
3391d000
3391d002
3391d00a
3391d028
3391d048
3391d060
3391d068
3391e000
3391e002
3391e00a
3391e028
3391e048
3391e060
3391e068
3391f000
3391f002
3391f00a
3391f028
3391f048
3391f060
3391f068
33a10000
33a10001
33a10002
33a10003
33a1000a
33a1000b
33a10020
33a10021
33a10028
33a10029
33a11000
33a11001
33a11002
33a11003
33a1100a
33a1100b
33a11020
33a11021
33a11028
33a11029
33a12000
33a12001
33a12002
33a12003
33a1200a
33a1200b
33a12020
33a12021
33a12028
33a12029
33a13000
33a13001
33a13002
33a13003
33a1300a
33a1300b
33a13020
33a13021
33a13028
33a13029
33a14000
33a14001
33a14002
33a14003
33a1400a
33a1400b
33a14020
33a14021
33a14028
33a14029
33a15000
33a15001
33a15002
33a15003
33a1500a
33a1500b
33a15020
33a15021
33a15028
33a15029
33a16000
33a16001
33a16002
33a16003
33a1600a
33a1600b
33a16020
33a16021
33a16028
33a16029
33a17000
33a17001
33a17002
33a17003
33a1700a
33a1700b
33a17020
33a17021
33a17028
33a17029
33a18000
33a18001
33a18002
33a1800a
33a18020
33a18028
33a19000
33a19002
33a1900a
33a19020
33a19028
33a1a000
33a1a002
33a1a00a
33a1a020
33a1a028
33a1b000
33a1b002
33a1b00a
33a1b020
33a1b028
33a1c000
33a1c002
33a1c00a
33a1c020
33a1c028
33a1d000
33a1d002
33a1d00a
33a1d020
33a1d028
33a1e000
33a1e002
33a1e00a
33a1e020
33a1e028
33a1f000
33a1f002
33a1f00a
33a1f020
33a1f028
33b10000
33b10001
33b10002
33b10003
33b1000a
33b1000b
33b11000
33b11001
33b11002
33b11003
33b1100a
33b1100b
33b12000
33b12001
33b12002
33b12003
33b1200a
33b1200b
33b13000
33b13001
33b13002
33b13003
33b1300a
33b1300b
33b14000
33b14001
33b14002
33b14003
33b1400a
33b1400b
33b15000
33b15001
33b15002
33b15003
33b1500a
33b1500b
33b16000
33b16001
33b16002
33b16003
33b1600a
33b1600b
33b17000
33b17001
33b17002
33b17003
33b1700a
33b1700b
33b18000
33b18002
33b1800a
33b19000
33b19002
33b1900a
33b1a000
33b1a002
33b1a00a
33b1b000
33b1b002
33b1b00a
33b1c000
33b1c002
33b1c00a
33b1d000
33b1d002
33b1d00a
33b1e000
33b1e002
33b1e00a
33b1f000
33b1f002
33b1f00a
33c10000
33c10001
33c10002
33c10003
33c10008
33c10009
33c1000a
33c1000b
33c10020
33c10021
33c10028
33c10029
33c10040
33c10041
33c11000
33c11001
33c11002
33c11003
33c11008
33c11009
33c1100a
33c1100b
33c11020
33c11021
33c11028
33c11029
33c11040
33c11041
33c12000
33c12001
33c12002
33c12003
33c12008
33c12009
33c1200a
33c1200b
33c12020
33c12021
33c12028
33c12029
33c12040
33c12041
33c13000
33c13001
33c13002
33c13003
33c13008
33c13009
33c1300a
33c1300b
33c13020
33c13021
33c13028
33c13029
33c13040
33c13041
33c14000
33c14001
33c14002
33c14003
33c14008
33c14009
33c1400a
33c1400b
33c14020
33c14021
33c14028
33c14029
33c14040
33c14041
33c15000
33c15001
33c15002
33c15003
33c15008
33c15009
33c1500a
33c1500b
33c15020
33c15021
33c15028
33c15029
33c15040
33c15041
33c16000
33c16001
33c16002
33c16003
33c16008
33c16009
33c1600a
33c1600b
33c16020
33c16021
33c16028
33c16029
33c16040
33c16041
33c17000
33c17001
33c17002
33c17003
33c17008
33c17009
33c1700a
33c1700b
33c17020
33c17021
33c17028
33c17029
33c17040
33c17041
33c18000
33c18002
33c18008
33c1800a
33c18020
33c18028
33c18040
33c19000
33c19002
33c19008
33c1900a
33c19020
33c19028
33c19040
33c1a000
33c1a002
33c1a008
33c1a00a
33c1a020
33c1a028
33c1a040
33c1b000
33c1b002
33c1b008
33c1b00a
33c1b020
33c1b028
33c1b040
33c1c000
33c1c002
33c1c008
33c1c00a
33c1c020
33c1c028
33c1c040
33c1d000
33c1d002
33c1d008
33c1d00a
33c1d020
33c1d028
33c1d040
33c1e000
33c1e002
33c1e008
33c1e00a
33c1e020
33c1e028
33c1e040
33c1f000
33c1f002
33c1f008
33c1f00a
33c1f020
33c1f028
33c1f040
33d10000
33d10001
33d10002
33d10003
33d1000a
33d1000b
33d1000e
33d1000f
33d10040
33d10041
33d10048
33d10049
33d10060
33d10061
33d11000
33d11001
33d11002
33d11003
33d1100a
33d1100b
33d1100e
33d1100f
33d11040
33d11041
33d11048
33d11049
33d11060
33d11061
33d12000
33d12001
33d12002
33d12003
33d1200a
33d1200b
33d1200e
33d1200f
33d12040
33d12041
33d12048
33d12049
33d12060
33d12061
33d13000
33d13001
33d13002
33d13003
33d1300a
33d1300b
33d1300e
33d1300f
33d13040
33d13041
33d13048
33d13049
33d13060
33d13061
33d14000
33d14001
33d14002
33d14003
33d1400a
33d1400b
33d1400e
33d1400f
33d14040
33d14041
33d14048
33d14049
33d14060
33d14061
33d15000
33d15001
33d15002
33d15003
33d1500a
33d1500b
33d1500e
33d1500f
33d15040
33d15041
33d15048
33d15049
33d15060
33d15061
33d16000
33d16001
33d16002
33d16003
33d1600a
33d1600b
33d1600e
33d1600f
33d16040
33d16041
33d16048
33d16049
33d16060
33d16061
33d17000
33d17001
33d17002
33d17003
33d1700a
33d1700b
33d1700e
33d1700f
33d17040
33d17041
33d17048
33d17049
33d17060
33d17061
33d18000
33d18002
33d1800a
33d1800e
33d18040
33d18048
33d18060
33d19000
33d19002
33d1900a
33d1900e
33d19040
33d19048
33d19060
33d1a000
33d1a002
33d1a00a
33d1a00e
33d1a040
33d1a048
33d1a060
33d1b000
33d1b002
33d1b00a
33d1b00e
33d1b040
33d1b048
33d1b060
33d1c000
33d1c002
33d1c00a
33d1c00e
33d1c040
33d1c048
33d1c060
33d1d000
33d1d002
33d1d00a
33d1d00e
33d1d040
33d1d048
33d1d060
33d1e000
33d1e002
33d1e00a
33d1e00e
33d1e040
33d1e048
33d1e060
33d1f000
33d1f002
33d1f00a
33d1f00e
33d1f040
33d1f048
33d1f060
33e10000
33e10001
33e10002
33e10003
33e1000a
33e1000b
33e10020
33e10021
33e10040
33e10041
33e11000
33e11001
33e11002
33e11003
33e1100a
33e1100b
33e11020
33e11021
33e11040
33e11041
33e12000
33e12001
33e12002
33e12003
33e1200a
33e1200b
33e12020
33e12021
33e12040
33e12041
33e13000
33e13001
33e13002
33e13003
33e1300a
33e1300b
33e13020
33e13021
33e13040
33e13041
33e14000
33e14001
33e14002
33e14003
33e1400a
33e1400b
33e14020
33e14021
33e14040
33e14041
33e15000
33e15001
33e15002
33e15003
33e1500a
33e1500b
33e15020
33e15021
33e15040
33e15041
33e16000
33e16001
33e16002
33e16003
33e1600a
33e1600b
33e16020
33e16021
33e16040
33e16041
33e17000
33e17001
33e17002
33e17003
33e1700a
33e1700b
33e17020
33e17021
33e17040
33e17041
33e18000
33e18002
33e1800a
33e18020
33e18040
33e19000
33e19002
33e1900a
33e19020
33e19040
33e1a000
33e1a002
33e1a00a
33e1a020
33e1a040
33e1b000
33e1b002
33e1b00a
33e1b020
33e1b040
33e1c000
33e1c002
33e1c00a
33e1c020
33e1c040
33e1d000
33e1d002
33e1d00a
33e1d020
33e1d040
33e1e000
33e1e002
33e1e00a
33e1e020
33e1e040
33e1f000
33e1f002
33e1f00a
33e1f020
33e1f040
33f10000
33f10001
33f10002
33f10003
33f10008
33f10009
33f1000a
33f1000b
33f1000e
33f1000f
33f10040
33f10041
33f11000
33f11001
33f11002
33f11003
33f11008
33f11009
33f1100a
33f1100b
33f1100e
33f1100f
33f11040
33f11041
33f12000
33f12001
33f12002
33f12003
33f12008
33f12009
33f1200a
33f1200b
33f1200e
33f1200f
33f12040
33f12041
33f13000
33f13001
33f13002
33f13003
33f13008
33f13009
33f1300a
33f1300b
33f1300e
33f1300f
33f13040
33f13041
33f14000
33f14001
33f14002
33f14003
33f14008
33f14009
33f1400a
33f1400b
33f1400e
33f1400f
33f14040
33f14041
33f15000
33f15001
33f15002
33f15003
33f15008
33f15009
33f1500a
33f1500b
33f1500e
33f1500f
33f15040
33f15041
33f16000
33f16001
33f16002
33f16003
33f16008
33f16009
33f1600a
33f1600b
33f1600e
33f1600f
33f16040
33f16041
33f17000
33f17001
33f17002
33f17003
33f17008
33f17009
33f1700a
33f1700b
33f1700e
33f1700f
33f17040
33f17041
33f18000
33f18002
33f18008
33f1800a
33f1800e
33f18040
33f19000
33f19002
33f19008
33f1900a
33f1900e
33f19040
33f1a000
33f1a002
33f1a008
33f1a00a
33f1a00e
33f1a040
33f1b000
33f1b002
33f1b008
33f1b00a
33f1b00e
33f1b040
33f1c000
33f1c002
33f1c008
33f1c00a
33f1c00e
33f1c040
33f1d000
33f1d002
33f1d008
33f1d00a
33f1d00e
33f1d040
33f1e000
33f1e002
33f1e008
33f1e00a
33f1e00e
33f1e040
33f1f000
33f1f002
33f1f008
33f1f00a
33f1f00e
33f1f040
34810000
3500
3540
3560
35810000
35a10000
35c10000
35e10000
3600
3680
36810000
3690
36910000
3700
37810000
37811000
37812000
37910000
37911000
37912000
37a10000
37a11000
37a12000
37b10000
37b11000
37b12000
37c10000
37c11000
37c12000
37d10000
37d11000
37d12000
37e10000
37e11000
37e12000
37f10000
37f11000
37f12000
38810000
3900
3940
3960
39810000
39a10000
39c10000
39e10000
3a00
3a80
3a810000
3a90
3a910000
3b00
3b810000
3b810001
3b810002
3b810003
3b810008
3b810009
3b810040
3b810041
3b811000
3b811001
3b811002
3b811003
3b811008
3b811009
3b811040
3b811041
3b812000
3b812001
3b812002
3b812003
3b812008
3b812009
3b812040
3b812041
3b813000
3b813001
3b813002
3b813003
3b813008
3b813009
3b813040
3b813041
3b814000
3b814001
3b814002
3b814003
3b814008
3b814009
3b814040
3b814041
3b815000
3b815001
3b815002
3b815003
3b815008
3b815009
3b815040
3b815041
3b816000
3b816001
3b816002
3b816003
3b816008
3b816009
3b816040
3b816041
3b817000
3b817001
3b817002
3b817003
3b817008
3b817009
3b817040
3b817041
3b818000
3b818002
3b818008
3b818009
3b818040
3b819000
3b819002
3b819008
3b819040
3b81a000
3b81a002
3b81a008
3b81a040
3b81b000
3b81b002
3b81b008
3b81b040
3b81c000
3b81c002
3b81c008
3b81c040
3b81d000
3b81d002
3b81d008
3b81d040
3b81e000
3b81e002
3b81e008
3b81e040
3b81f000
3b81f002
3b81f008
3b81f040
3b910000
3b910001
3b910060
3b910061
3b911000
3b911001
3b911060
3b911061
3b912000
3b912001
3b912060
3b912061
3b913000
3b913001
3b913060
3b913061
3b914000
3b914001
3b914060
3b914061
3b915000
3b915001
3b915060
3b915061
3b916000
3b916001
3b916060
3b916061
3b917000
3b917001
3b917060
3b917061
3b918000
3b918060
3b919000
3b919060
3b91a000
3b91a060
3b91b000
3b91b060
3b91c000
3b91c060
3b91d000
3b91d060
3b91e000
3b91e060
3b91f000
3b91f060
3ba10020
3ba10021
3ba11020
3ba11021
3ba12020
3ba12021
3ba13020
3ba13021
3ba14020
3ba14021
3ba15020
3ba15021
3ba16020
3ba16021
3ba17020
3ba17021
3ba18020
3ba19020
3ba1a020
3ba1b020
3ba1c020
3ba1d020
3ba1e020
3ba1f020
3bc10002
3bc10003
3bc10008
3bc10009
3bc10020
3bc10021
3bc11002
3bc11003
3bc11008
3bc11009
3bc11020
3bc11021
3bc12002
3bc12003
3bc12008
3bc12009
3bc12020
3bc12021
3bc13002
3bc13003
3bc13008
3bc13009
3bc13020
3bc13021
3bc14002
3bc14003
3bc14008
3bc14009
3bc14020
3bc14021
3bc15002
3bc15003
3bc15008
3bc15009
3bc15020
3bc15021
3bc16002
3bc16003
3bc16008
3bc16009
3bc16020
3bc16021
3bc17002
3bc17003
3bc17008
3bc17009
3bc17020
3bc17021
3bc18002
3bc18008
3bc18009
3bc18020
3bc19002
3bc19008
3bc19020
3bc1a002
3bc1a008
3bc1a020
3bc1b002
3bc1b008
3bc1b020
3bc1c002
3bc1c008
3bc1c020
3bc1d002
3bc1d008
3bc1d020
3bc1e002
3bc1e008
3bc1e020
3bc1f002
3bc1f008
3bc1f020
3bd10000
3bd10001
3bd10002
3bd10003
3bd10040
3bd10041
3bd10060
3bd10061
3bd11000
3bd11001
3bd11002
3bd11003
3bd11040
3bd11041
3bd11060
3bd11061
3bd12000
3bd12001
3bd12002
3bd12003
3bd12040
3bd12041
3bd12060
3bd12061
3bd13000
3bd13001
3bd13002
3bd13003
3bd13040
3bd13041
3bd13060
3bd13061
3bd14000
3bd14001
3bd14002
3bd14003
3bd14040
3bd14041
3bd14060
3bd14061
3bd15000
3bd15001
3bd15002
3bd15003
3bd15040
3bd15041
3bd15060
3bd15061
3bd16000
3bd16001
3bd16002
3bd16003
3bd16040
3bd16041
3bd16060
3bd16061
3bd17000
3bd17001
3bd17002
3bd17003
3bd17040
3bd17041
3bd17060
3bd17061
3bd18000
3bd18002
3bd18040
3bd18060
3bd19000
3bd19002
3bd19040
3bd19060
3bd1a000
3bd1a002
3bd1a040
3bd1a060
3bd1b000
3bd1b002
3bd1b040
3bd1b060
3bd1c000
3bd1c002
3bd1c040
3bd1c060
3bd1d000
3bd1d002
3bd1d040
3bd1d060
3bd1e000
3bd1e002
3bd1e040
3bd1e060
3bd1f000
3bd1f002
3bd1f040
3bd1f060
3be10002
3be10003
3be10020
3be10021
3be11002
3be11003
3be11020
3be11021
3be12002
3be12003
3be12020
3be12021
3be13002
3be13003
3be13020
3be13021
3be14002
3be14003
3be14020
3be14021
3be15002
3be15003
3be15020
3be15021
3be16002
3be16003
3be16020
3be16021
3be17002
3be17003
3be17020
3be17021
3be18002
3be18020
3be19002
3be19020
3be1a002
3be1a020
3be1b002
3be1b020
3be1c002
3be1c020
3be1d002
3be1d020
3be1e002
3be1e020
3be1f002
3be1f020
3bf10002
3bf10003
3bf11002
3bf11003
3bf12002
3bf12003
3bf13002
3bf13003
3bf14002
3bf14003
3bf15002
3bf15003
3bf16002
3bf16003
3bf17002
3bf17003
3bf18002
3bf19002
3bf1a002
3bf1b002
3bf1c002
3bf1d002
3bf1e002
3bf1f002
3c810000
3d00
3d40
3d60
3d810000
3da10000
3dc10000
3de10000
3e00
3e80
3e810000
3e90
3e910000
3f00
3f810000
3f910000
3fa10000
3fb10000
3fc10000
3fd10000
40810000
4100
4140
4160
41810000
41a10000
41c10000
41e10000
4200
4280
42810000
4290
42910000
4300
43810000
43810002
43810004
43811000
43811002
43811004
43812000
43812002
43812004
43813000
43813002
43813004
43910000
43910002
43910004
43911000
43911002
43911004
43912000
43912002
43912004
43913000
43913002
43913004
43a10000
43a10002
43a10004
43a11000
43a11002
43a11004
43a12000
43a12002
43a12004
43a13000
43a13002
43a13004
43b10000
43b10002
43b10004
43b11000
43b11002
43b11004
43b12000
43b12002
43b12004
43b13000
43b13002
43b13004
43c10000
43c10002
43c10004
43c11000
43c11002
43c11004
43c12000
43c12002
43c12004
43c13000
43c13002
43c13004
43d10000
43d10002
43d10004
43d11000
43d11002
43d11004
43d12000
43d12002
43d12004
43d13000
43d13002
43d13004
43d14000
43d14002
43d14004
43d15000
43d15002
43d15004
43d16000
43d16002
43d16004
43d17000
43d17002
43d17004
43d18000
43d18002
43d18004
43d19000
43d19002
43d19004
43d1a000
43d1a002
43d1a004
43d1b000
43d1b002
43d1b004
43e10000
43e10002
43e10004
43e11000
43e11002
43e11004
43e12000
43e12002
43e12004
43e13000
43e13002
43e13004
43e14000
43e14002
43e14004
43e15000
43e15002
43e15004
43e16000
43e16002
43e16004
43e17000
43e17002
43e17004
43e18000
43e18002
43e18004
43e19000
43e19002
43e19004
43e1a000
43e1a002
43e1a004
43e1b000
43e1b002
43e1b004
43f10000
43f10002
43f10004
43f11000
43f11002
43f11004
43f12000
43f12002
43f12004
43f13000
43f13002
43f13004
44810000
4500
4540
4560
45810000
45a10000
45c10000
45e10000
4600
4680
46810000
4690
46910000
4700
47810000
47810002
47810004
47811000
47811002
47811004
47812000
47812002
47812004
47813000
47813002
47813004
47910000
47910002
47910004
47911000
47911002
47911004
47912000
47912002
47912004
47913000
47913002
47913004
47a10000
47a10002
47a10004
47a11000
47a11002
47a11004
47a12000
47a12002
47a12004
47a13000
47a13002
47a13004
47b10000
47b10002
47b10004
47b11000
47b11002
47b11004
47b12000
47b12002
47b12004
47b13000
47b13002
47b13004
47c10000
47c10002
47c10004
47c11000
47c11002
47c11004
47c12000
47c12002
47c12004
47c13000
47c13002
47c13004
47d10000
47d10002
47d10004
47d11000
47d11002
47d11004
47d12000
47d12002
47d12004
47d13000
47d13002
47d13004
47d14000
47d14002
47d14004
47d15000
47d15002
47d15004
47d16000
47d16002
47d16004
47d17000
47d17002
47d17004
47d18000
47d18002
47d18004
47d19000
47d19002
47d19004
47d1a000
47d1a002
47d1a004
47d1b000
47d1b002
47d1b004
47e10000
47e10002
47e10004
47e11000
47e11002
47e11004
47e12000
47e12002
47e12004
47e13000
47e13002
47e13004
47e14000
47e14002
47e14004
47e15000
47e15002
47e15004
47e16000
47e16002
47e16004
47e17000
47e17002
47e17004
47e18000
47e18002
47e18004
47e19000
47e19002
47e19004
47e1a000
47e1a002
47e1a004
47e1b000
47e1b002
47e1b004
47f10000
47f10002
47f10004
47f11000
47f11002
47f11004
47f12000
47f12002
47f12004
47f13000
47f13002
47f13004
48810000
4900
4940
4960
49810000
49a10000
49c10000
49e10000
4a00
4a80
4a810000
4a90
4a910000
4b00
4b810000
4b810002
4b810004
4b811000
4b811002
4b811004
4b812000
4b812002
4b812004
4b813000
4b813002
4b813004
4b910000
4b910002
4b910004
4b911000
4b911002
4b911004
4b912000
4b912002
4b912004
4b913000
4b913002
4b913004
4ba10000
4ba10002
4ba10004
4ba11000
4ba11002
4ba11004
4ba12000
4ba12002
4ba12004
4ba13000
4ba13002
4ba13004
4bb10000
4bb10002
4bb10004
4bb11000
4bb11002
4bb11004
4bb12000
4bb12002
4bb12004
4bb13000
4bb13002
4bb13004
4bc10000
4bc10002
4bc10004
4bc11000
4bc11002
4bc11004
4bc12000
4bc12002
4bc12004
4bc13000
4bc13002
4bc13004
4bd10000
4bd10002
4bd10004
4bd11000
4bd11002
4bd11004
4bd12000
4bd12002
4bd12004
4bd13000
4bd13002
4bd13004
4bd14000
4bd14002
4bd14004
4bd15000
4bd15002
4bd15004
4bd16000
4bd16002
4bd16004
4bd17000
4bd17002
4bd17004
4bd18000
4bd18002
4bd18004
4bd19000
4bd19002
4bd19004
4bd1a000
4bd1a002
4bd1a004
4bd1b000
4bd1b002
4bd1b004
4be10000
4be10002
4be10004
4be11000
4be11002
4be11004
4be12000
4be12002
4be12004
4be13000
4be13002
4be13004
4be14000
4be14002
4be14004
4be15000
4be15002
4be15004
4be16000
4be16002
4be16004
4be17000
4be17002
4be17004
4be18000
4be18002
4be18004
4be19000
4be19002
4be19004
4be1a000
4be1a002
4be1a004
4be1b000
4be1b002
4be1b004
4bf10000
4bf10002
4bf10004
4bf11000
4bf11002
4bf11004
4bf12000
4bf12002
4bf12004
4bf13000
4bf13002
4bf13004
4c810000
4d00
4d40
4d60
4d810000
4da10000
4dc10000
4de10000
4e00
4e80
4e810000
4e90
4e910000
4f00
4f810000
4f810002
4f810004
4f811000
4f811002
4f811004
4f812000
4f812002
4f812004
4f813000
4f813002
4f813004
4f910000
4f910002
4f910004
4f911000
4f911002
4f911004
4f912000
4f912002
4f912004
4f913000
4f913002
4f913004
4fa10000
4fa10002
4fa10004
4fa11000
4fa11002
4fa11004
4fa12000
4fa12002
4fa12004
4fa13000
4fa13002
4fa13004
4fb10000
4fb10002
4fb10004
4fb11000
4fb11002
4fb11004
4fb12000
4fb12002
4fb12004
4fb13000
4fb13002
4fb13004
4fc10000
4fc10002
4fc10004
4fc11000
4fc11002
4fc11004
4fc12000
4fc12002
4fc12004
4fc13000
4fc13002
4fc13004
4fd10000
4fd10002
4fd10004
4fd11000
4fd11002
4fd11004
4fd12000
4fd12002
4fd12004
4fd13000
4fd13002
4fd13004
4fd14000
4fd14002
4fd14004
4fd15000
4fd15002
4fd15004
4fd16000
4fd16002
4fd16004
4fd17000
4fd17002
4fd17004
4fd18000
4fd18002
4fd18004
4fd19000
4fd19002
4fd19004
4fd1a000
4fd1a002
4fd1a004
4fd1b000
4fd1b002
4fd1b004
4fe10000
4fe10002
4fe10004
4fe11000
4fe11002
4fe11004
4fe12000
4fe12002
4fe12004
4fe13000
4fe13002
4fe13004
4fe14000
4fe14002
4fe14004
4fe15000
4fe15002
4fe15004
4fe16000
4fe16002
4fe16004
4fe17000
4fe17002
4fe17004
4fe18000
4fe18002
4fe18004
4fe19000
4fe19002
4fe19004
4fe1a000
4fe1a002
4fe1a004
4fe1b000
4fe1b002
4fe1b004
4ff10000
4ff10002
4ff10004
4ff11000
4ff11002
4ff11004
4ff12000
4ff12002
4ff12004
4ff13000
4ff13002
4ff13004
50810000
5100
5140
5160
51810000
51a10000
51c10000
51e10000
5200
5280
52810000
5290
52910000
5300
53810000
53810002
53810004
53810008
5381000a
5381000c
53810010
53810012
53810014
53810018
5381001a
5381001c
53810020
53810021
53810022
53810023
53810024
53810025
53810028
53810029
5381002a
5381002b
5381002c
5381002d
53810042
53810044
53810058
5381005a
5381005c
538100a0
538100a1
538100a2
538100a3
538100a4
538100a5
538100c0
538100c2
538100c4
538100d0
538100d2
538100d4
538100e0
538100e2
538100e4
538100f0
538100f2
538100f4
53811000
53811002
53811004
53811008
5381100a
5381100c
53811010
53811012
53811014
53811018
5381101a
5381101c
53811020
53811021
53811022
53811023
53811024
53811025
53811028
53811029
5381102a
5381102b
5381102c
5381102d
53811040
53811044
538110a0
538110a1
538110a2
538110a3
538110a4
538110a5
538110c0
538110c2
538110c4
538110d0
538110d2
538110d4
538110f0
538110f2
538110f4
53812000
53812002
53812004
53812008
5381200a
5381200c
53812010
53812012
53812014
53812018
5381201a
5381201c
53812020
53812021
53812022
53812023
53812024
53812025
53812028
53812029
5381202a
5381202b
5381202c
5381202d
53812040
53812042
538120a0
538120a1
538120a2
538120a3
538120a4
538120a5
538120c0
538120c2
538120c4
538120d0
538120d2
538120d4
53813000
53813002
53813004
53813008
5381300a
5381300c
53813010
53813012
53813014
53813018
5381301a
5381301c
53813020
53813021
53813022
53813023
53813024
53813025
53813028
53813029
5381302a
5381302b
5381302c
5381302d
538130a0
538130a1
538130a2
538130a3
538130a4
538130a5
538130c0
538130c2
538130c4
538130d0
538130d2
538130d4
53814020
53814021
53814022
53814023
53814024
53814025
53814028
53814029
5381402a
5381402b
5381402c
5381402d
53814040
53814042
53814044
538140a0
538140a1
538140a2
538140a3
538140a4
538140a5
53815020
53815021
53815022
53815023
53815024
53815025
53815028
53815029
5381502a
5381502b
5381502c
5381502d
53815040
53815042
53815044
538150a0
538150a1
538150a2
538150a3
538150a4
538150a5
53816020
53816021
53816022
53816023
53816024
53816025
53816028
53816029
5381602a
5381602b
5381602c
5381602d
53816040
538160a0
538160a1
538160a2
538160a3
538160a4
538160a5
53817020
53817021
53817022
53817023
53817024
53817025
53817028
53817029
5381702a
5381702b
5381702c
5381702d
538170a0
538170a1
538170a2
538170a3
538170a4
538170a5
53818020
53818021
53818022
53818023
53818024
53818025
53818028
5381802a
5381802c
53818044
538180a0
538180a2
538180a4
538180c2
53819020
53819022
53819024
53819028
5381902a
5381902c
538190a0
538190a2
538190a4
5381a020
5381a022
5381a024
5381a028
5381a02a
5381a02c
5381a0a0
5381a0a2
5381a0a4
5381b020
5381b022
5381b024
5381b028
5381b02a
5381b02c
5381b0a0
5381b0a2
5381b0a4
5381c020
5381c022
5381c024
5381c028
5381c02a
5381c02c
5381c0a0
5381c0a2
5381c0a4
5381d020
5381d022
5381d024
5381d028
5381d02a
5381d02c
5381d0a0
5381d0a2
5381d0a4
5381e020
5381e022
5381e024
5381e028
5381e02a
5381e02c
5381e0a0
5381e0a2
5381e0a4
5381f020
5381f022
5381f024
5381f028
5381f02a
5381f02c
5381f0a0
5381f0a2
5381f0a4
53910000
53910002
53910004
53910008
5391000a
5391000c
53910010
53910012
53910014
53910018
5391001a
5391001c
53910020
53910021
53910022
53910023
53910024
53910025
53910028
53910029
5391002a
5391002b
5391002c
5391002d
53910042
53910044
53910058
5391005a
5391005c
539100a0
539100a1
539100a2
539100a3
539100a4
539100a5
539100c0
539100c2
539100c4
539100d0
539100d2
539100d4
539100e0
539100e2
539100e4
53911000
53911002
53911004
53911008
5391100a
5391100c
53911010
53911012
53911014
53911018
5391101a
5391101c
53911020
53911021
53911022
53911023
53911024
53911025
53911028
53911029
5391102a
5391102b
5391102c
5391102d
53911040
53911044
539110a0
539110a1
539110a2
539110a3
539110a4
539110a5
539110c0
539110c2
539110c4
539110d0
539110d2
539110d4
53912000
53912002
53912004
53912008
5391200a
5391200c
53912010
53912012
53912014
53912018
5391201a
5391201c
53912020
53912021
53912022
53912023
53912024
53912025
53912028
53912029
5391202a
5391202b
5391202c
5391202d
53912040
53912042
539120a0
539120a1
539120a2
539120a3
539120a4
539120a5
539120c0
539120c2
539120c4
539120d0
539120d2
539120d4
53913000
53913002
53913004
53913008
5391300a
5391300c
53913010
53913012
53913014
53913018
5391301a
5391301c
53913020
53913021
53913022
53913023
53913024
53913025
53913028
53913029
5391302a
5391302b
5391302c
5391302d
539130a0
539130a1
539130a2
539130a3
539130a4
539130a5
539130c0
539130c2
539130c4
539130d0
539130d2
539130d4
53914020
53914021
53914022
53914023
53914024
53914025
53914028
53914029
5391402a
5391402b
5391402c
5391402d
53914040
53914042
53914044
539140a0
539140a1
539140a2
539140a3
539140a4
539140a5
53915020
53915021
53915022
53915023
53915024
53915025
53915028
53915029
5391502a
5391502b
5391502c
5391502d
53915040
53915042
53915044
539150a0
539150a1
539150a2
539150a3
539150a4
539150a5
53916020
53916021
53916022
53916023
53916024
53916025
53916028
53916029
5391602a
5391602b
5391602c
5391602d
53916040
539160a0
539160a1
539160a2
539160a3
539160a4
539160a5
53917020
53917021
53917022
53917023
53917024
53917025
53917028
53917029
5391702a
5391702b
5391702c
5391702d
539170a0
539170a1
539170a2
539170a3
539170a4
539170a5
53918020
53918021
53918022
53918023
53918024
53918025
53918028
5391802a
5391802c
53918044
539180a0
539180a2
539180a4
539180c2
53919020
53919022
53919024
53919028
5391902a
5391902c
539190a0
539190a2
539190a4
5391a020
5391a022
5391a024
5391a028
5391a02a
5391a02c
5391a0a0
5391a0a2
5391a0a4
5391b020
5391b022
5391b024
5391b028
5391b02a
5391b02c
5391b0a0
5391b0a2
5391b0a4
5391c020
5391c022
5391c024
5391c028
5391c02a
5391c02c
5391c0a0
5391c0a2
5391c0a4
5391d020
5391d022
5391d024
5391d028
5391d02a
5391d02c
5391d0a0
5391d0a2
5391d0a4
5391e020
5391e022
5391e024
5391e028
5391e02a
5391e02c
5391e0a0
5391e0a2
5391e0a4
5391f020
5391f022
5391f024
5391f028
5391f02a
5391f02c
5391f0a0
5391f0a2
5391f0a4
53a10000
53a10002
53a10004
53a10008
53a1000a
53a1000c
53a10010
53a10012
53a10014
53a10018
53a1001a
53a1001c
53a10020
53a10021
53a10022
53a10023
53a10024
53a10025
53a10028
53a10029
53a1002a
53a1002b
53a1002c
53a1002d
53a10042
53a10044
53a10058
53a1005a
53a1005c
53a100a0
53a100a1
53a100a2
53a100a3
53a100a4
53a100a5
53a100c0
53a100c2
53a100c4
53a100d0
53a100d2
53a100d4
53a11000
53a11002
53a11004
53a11008
53a1100a
53a1100c
53a11010
53a11012
53a11014
53a11018
53a1101a
53a1101c
53a11020
53a11021
53a11022
53a11023
53a11024
53a11025
53a11028
53a11029
53a1102a
53a1102b
53a1102c
53a1102d
53a11040
53a11044
53a110a0
53a110a1
53a110a2
53a110a3
53a110a4
53a110a5
53a110c0
53a110c2
53a110c4
53a110d0
53a110d2
53a110d4
53a12000
53a12002
53a12004
53a12008
53a1200a
53a1200c
53a12010
53a12012
53a12014
53a12018
53a1201a
53a1201c
53a12020
53a12021
53a12022
53a12023
53a12024
53a12025
53a12028
53a12029
53a1202a
53a1202b
53a1202c
53a1202d
53a12040
53a12042
53a120a0
53a120a1
53a120a2
53a120a3
53a120a4
53a120a5
53a120c0
53a120c2
53a120c4
53a120d0
53a120d2
53a120d4
53a13000
53a13002
53a13004
53a13008
53a1300a
53a1300c
53a13010
53a13012
53a13014
53a13018
53a1301a
53a1301c
53a13020
53a13021
53a13022
53a13023
53a13024
53a13025
53a13028
53a13029
53a1302a
53a1302b
53a1302c
53a1302d
53a130a0
53a130a1
53a130a2
53a130a3
53a130a4
53a130a5
53a130c0
53a130c2
53a130c4
53a130d0
53a130d2
53a130d4
53a14020
53a14021
53a14022
53a14023
53a14024
53a14025
53a14028
53a14029
53a1402a
53a1402b
53a1402c
53a1402d
53a14040
53a14042
53a14044
53a140a0
53a140a1
53a140a2
53a140a3
53a140a4
53a140a5
53a15020
53a15021
53a15022
53a15023
53a15024
53a15025
53a15028
53a15029
53a1502a
53a1502b
53a1502c
53a1502d
53a15040
53a15042
53a15044
53a150a0
53a150a1
53a150a2
53a150a3
53a150a4
53a150a5
53a16020
53a16021
53a16022
53a16023
53a16024
53a16025
53a16028
53a16029
53a1602a
53a1602b
53a1602c
53a1602d
53a16040
53a160a0
53a160a1
53a160a2
53a160a3
53a160a4
53a160a5
53a17020
53a17021
53a17022
53a17023
53a17024
53a17025
53a17028
53a17029
53a1702a
53a1702b
53a1702c
53a1702d
53a170a0
53a170a1
53a170a2
53a170a3
53a170a4
53a170a5
53a18020
53a18021
53a18022
53a18023
53a18024
53a18025
53a18028
53a1802a
53a1802c
53a18044
53a180a0
53a180a2
53a180a4
53a180c2
53a19020
53a19022
53a19024
53a19028
53a1902a
53a1902c
53a190a0
53a190a2
53a190a4
53a1a020
53a1a022
53a1a024
53a1a028
53a1a02a
53a1a02c
53a1a0a0
53a1a0a2
53a1a0a4
53a1b020
53a1b022
53a1b024
53a1b028
53a1b02a
53a1b02c
53a1b0a0
53a1b0a2
53a1b0a4
53a1c020
53a1c022
53a1c024
53a1c028
53a1c02a
53a1c02c
53a1c0a0
53a1c0a2
53a1c0a4
53a1d020
53a1d022
53a1d024
53a1d028
53a1d02a
53a1d02c
53a1d0a0
53a1d0a2
53a1d0a4
53a1e020
53a1e022
53a1e024
53a1e028
53a1e02a
53a1e02c
53a1e0a0
53a1e0a2
53a1e0a4
53a1f020
53a1f022
53a1f024
53a1f028
53a1f02a
53a1f02c
53a1f0a0
53a1f0a2
53a1f0a4
53b10000
53b10002
53b10004
53b10008
53b1000a
53b1000c
53b10010
53b10012
53b10014
53b10018
53b1001a
53b1001c
53b10028
53b10029
53b1002a
53b1002b
53b1002c
53b1002d
53b10042
53b10044
53b10058
53b1005a
53b1005c
53b100c0
53b100c2
53b100c4
53b100d0
53b100d2
53b100d4
53b11000
53b11002
53b11004
53b11008
53b1100a
53b1100c
53b11010
53b11012
53b11014
53b11018
53b1101a
53b1101c
53b11028
53b11029
53b1102a
53b1102b
53b1102c
53b1102d
53b11040
53b11044
53b110c0
53b110c2
53b110c4
53b110d0
53b110d2
53b110d4
53b12000
53b12002
53b12004
53b12008
53b1200a
53b1200c
53b12010
53b12012
53b12014
53b12018
53b1201a
53b1201c
53b12028
53b12029
53b1202a
53b1202b
53b1202c
53b1202d
53b12040
53b12042
53b120c0
53b120c2
53b120c4
53b120d0
53b120d2
53b120d4
53b13000
53b13002
53b13004
53b13008
53b1300a
53b1300c
53b13010
53b13012
53b13014
53b13018
53b1301a
53b1301c
53b13028
53b13029
53b1302a
53b1302b
53b1302c
53b1302d
53b130c0
53b130c2
53b130c4
53b130d0
53b130d2
53b130d4
53b14028
53b14029
53b1402a
53b1402b
53b1402c
53b1402d
53b14040
53b14042
53b14044
53b15028
53b15029
53b1502a
53b1502b
53b1502c
53b1502d
53b15040
53b15042
53b15044
53b16028
53b16029
53b1602a
53b1602b
53b1602c
53b1602d
53b16040
53b17028
53b17029
53b1702a
53b1702b
53b1702c
53b1702d
53b18028
53b1802a
53b1802c
53b18044
53b180c2
53b19028
53b1902a
53b1902c
53b1a028
53b1a02a
53b1a02c
53b1b028
53b1b02a
53b1b02c
53b1c028
53b1c02a
53b1c02c
53b1d028
53b1d02a
53b1d02c
53b1e028
53b1e02a
53b1e02c
53b1f028
53b1f02a
53b1f02c
53c10000
53c10002
53c10004
53c10008
53c1000a
53c1000c
53c10010
53c10012
53c10014
53c10018
53c1001a
53c1001c
53c10042
53c10044
53c10058
53c1005a
53c1005c
53c100a0
53c100a1
53c100a2
53c100a3
53c100a4
53c100a5
53c100c0
53c100c2
53c100c4
53c100d0
53c100d2
53c100d4
53c11000
53c11002
53c11004
53c11008
53c1100a
53c1100c
53c11010
53c11012
53c11014
53c11018
53c1101a
53c1101c
53c11040
53c11044
53c110a0
53c110a1
53c110a2
53c110a3
53c110a4
53c110a5
53c110c0
53c110c2
53c110c4
53c110d0
53c110d2
53c110d4
53c12000
53c12002
53c12004
53c12008
53c1200a
53c1200c
53c12010
53c12012
53c12014
53c12018
53c1201a
53c1201c
53c12040
53c12042
53c120a0
53c120a1
53c120a2
53c120a3
53c120a4
53c120a5
53c120c0
53c120c2
53c120c4
53c120d0
53c120d2
53c120d4
53c13000
53c13002
53c13004
53c13008
53c1300a
53c1300c
53c13010
53c13012
53c13014
53c13018
53c1301a
53c1301c
53c130a0
53c130a1
53c130a2
53c130a3
53c130a4
53c130a5
53c130c0
53c130c2
53c130c4
53c130d0
53c130d2
53c130d4
53c14040
53c14042
53c14044
53c140a0
53c140a1
53c140a2
53c140a3
53c140a4
53c140a5
53c15040
53c15042
53c15044
53c150a0
53c150a1
53c150a2
53c150a3
53c150a4
53c150a5
53c16040
53c160a0
53c160a1
53c160a2
53c160a3
53c160a4
53c160a5
53c170a0
53c170a1
53c170a2
53c170a3
53c170a4
53c170a5
53c18044
53c180a0
53c180a2
53c180a4
53c180c2
53c190a0
53c190a2
53c190a4
53c1a0a0
53c1a0a2
53c1a0a4
53c1b0a0
53c1b0a2
53c1b0a4
53c1c0a0
53c1c0a2
53c1c0a4
53c1d0a0
53c1d0a2
53c1d0a4
53c1e0a0
53c1e0a2
53c1e0a4
53c1f0a0
53c1f0a2
53c1f0a4
53d10000
53d10002
53d10004
53d10008
53d1000a
53d1000c
53d10010
53d10012
53d10014
53d10018
53d1001a
53d1001c
53d10044
53d10058
53d1005a
53d1005c
53d100a0
53d100a1
53d100a2
53d100a3
53d100a4
53d100a5
53d100c0
53d100c2
53d100c4
53d100d0
53d100d4
53d11000
53d11002
53d11004
53d11008
53d1100a
53d1100c
53d11010
53d11012
53d11014
53d11018
53d1101a
53d1101c
53d11040
53d11044
53d110a0
53d110a1
53d110a2
53d110a3
53d110a4
53d110a5
53d110c0
53d110c2
53d110c4
53d110d0
53d110d4
53d12000
53d12002
53d12004
53d12008
53d1200a
53d1200c
53d12010
53d12012
53d12014
53d12018
53d1201a
53d1201c
53d120a0
53d120a1
53d120a2
53d120a3
53d120a4
53d120a5
53d120c0
53d120c2
53d120c4
53d120d0
53d120d2
53d120d4
53d13000
53d13002
53d13004
53d13008
53d1300a
53d1300c
53d13010
53d13012
53d13014
53d13018
53d1301a
53d1301c
53d130a0
53d130a1
53d130a2
53d130a3
53d130a4
53d130a5
53d130c0
53d130c2
53d130c4
53d130d0
53d130d2
53d130d4
53d14000
53d14002
53d14004
53d14008
53d1400a
53d1400c
53d14010
53d14012
53d14014
53d14018
53d1401a
53d1401c
53d140a0
53d140a1
53d140a2
53d140a3
53d140a4
53d140a5
53d15000
53d15002
53d15004
53d15008
53d1500a
53d1500c
53d15010
53d15012
53d15014
53d15018
53d1501a
53d1501c
53d150a0
53d150a1
53d150a2
53d150a3
53d150a4
53d150a5
53d16000
53d16002
53d16004
53d16008
53d1600a
53d1600c
53d16010
53d16012
53d16014
53d16018
53d1601a
53d1601c
53d160a0
53d160a1
53d160a2
53d160a3
53d160a4
53d160a5
53d17000
53d17002
53d17004
53d17008
53d1700a
53d1700c
53d17010
53d17012
53d17014
53d17018
53d1701a
53d1701c
53d170a0
53d170a1
53d170a2
53d170a3
53d170a4
53d170a5
53d18000
53d18002
53d18004
53d18008
53d1800a
53d1800c
53d18010
53d18012
53d18014
53d18018
53d1801a
53d1801c
53d180a0
53d180a2
53d180a4
53d19000
53d19002
53d19004
53d19008
53d1900a
53d1900c
53d19010
53d19012
53d19014
53d19018
53d1901a
53d1901c
53d190a0
53d190a2
53d190a4
53d1a000
53d1a002
53d1a004
53d1a008
53d1a00a
53d1a00c
53d1a010
53d1a012
53d1a014
53d1a018
53d1a01a
53d1a01c
53d1a0a0
53d1a0a2
53d1a0a4
53d1b000
53d1b002
53d1b004
53d1b008
53d1b00a
53d1b00c
53d1b010
53d1b012
53d1b014
53d1b018
53d1b01a
53d1b01c
53d1b0a0
53d1b0a2
53d1b0a4
53d1c0a0
53d1c0a2
53d1c0a4
53d1d0a0
53d1d0a2
53d1d0a4
53d1e0a0
53d1e0a2
53d1e0a4
53d1f0a0
53d1f0a2
53d1f0a4
53e10000
53e10002
53e10004
53e10008
53e1000a
53e1000c
53e10010
53e10012
53e10014
53e10018
53e1001a
53e1001c
53e10044
53e10058
53e1005a
53e1005c
53e100c0
53e100c2
53e100c4
53e100d0
53e100d4
53e11000
53e11002
53e11004
53e11008
53e1100a
53e1100c
53e11010
53e11012
53e11014
53e11018
53e1101a
53e1101c
53e11040
53e11044
53e110c0
53e110c2
53e110c4
53e110d0
53e110d4
53e12000
53e12002
53e12004
53e12008
53e1200a
53e1200c
53e12010
53e12012
53e12014
53e12018
53e1201a
53e1201c
53e120c0
53e120c2
53e120c4
53e120d0
53e120d2
53e120d4
53e13000
53e13002
53e13004
53e13008
53e1300a
53e1300c
53e13010
53e13012
53e13014
53e13018
53e1301a
53e1301c
53e130c0
53e130c2
53e130c4
53e130d0
53e130d2
53e130d4
53e14000
53e14002
53e14004
53e14008
53e1400a
53e1400c
53e14010
53e14012
53e14014
53e14018
53e1401a
53e1401c
53e15000
53e15002
53e15004
53e15008
53e1500a
53e1500c
53e15010
53e15012
53e15014
53e15018
53e1501a
53e1501c
53e16000
53e16002
53e16004
53e16008
53e1600a
53e1600c
53e16010
53e16012
53e16014
53e16018
53e1601a
53e1601c
53e17000
53e17002
53e17004
53e17008
53e1700a
53e1700c
53e17010
53e17012
53e17014
53e17018
53e1701a
53e1701c
53e18000
53e18002
53e18004
53e18008
53e1800a
53e1800c
53e18010
53e18012
53e18014
53e18018
53e1801a
53e1801c
53e19000
53e19002
53e19004
53e19008
53e1900a
53e1900c
53e19010
53e19012
53e19014
53e19018
53e1901a
53e1901c
53e1a000
53e1a002
53e1a004
53e1a008
53e1a00a
53e1a00c
53e1a010
53e1a012
53e1a014
53e1a018
53e1a01a
53e1a01c
53e1b000
53e1b002
53e1b004
53e1b008
53e1b00a
53e1b00c
53e1b010
53e1b012
53e1b014
53e1b018
53e1b01a
53e1b01c
53f10000
53f10002
53f10004
53f10008
53f1000a
53f1000c
53f10010
53f10012
53f10014
53f10018
53f1001a
53f1001c
53f10042
53f10044
53f10058
53f1005a
53f1005c
53f100c0
53f100c2
53f100c4
53f100d0
53f100d2
53f100d4
53f11000
53f11002
53f11004
53f11008
53f1100a
53f1100c
53f11010
53f11012
53f11014
53f11018
53f1101a
53f1101c
53f11040
53f11044
53f110c0
53f110c2
53f110c4
53f110d0
53f110d2
53f110d4
53f12000
53f12002
53f12004
53f12008
53f1200a
53f1200c
53f12010
53f12012
53f12014
53f12018
53f1201a
53f1201c
53f12040
53f12042
53f120c0
53f120c2
53f120c4
53f120d0
53f120d2
53f120d4
53f13000
53f13002
53f13004
53f13008
53f1300a
53f1300c
53f13010
53f13012
53f13014
53f13018
53f1301a
53f1301c
53f130c0
53f130c2
53f130c4
53f130d0
53f130d2
53f130d4
53f14040
53f14042
53f14044
53f15040
53f15042
53f15044
53f16040
53f18044
53f180c2
54810000
5500
5540
5560
55810000
55a10000
55c10000
55e10000
5600
5680
56810000
5690
56910000
5700
57810000
57810001
57810004
57810005
57810008
57810009
57810010
57810011
57810014
57810015
57810018
57810019
5781001c
5781001d
57810024
57810025
57810028
57810029
5781002c
5781002d
57810030
57810031
57810038
57810039
57810040
57810041
57810044
57810045
57810046
57810047
57810048
57810049
5781004c
5781004d
5781004e
5781004f
57810050
57810051
57810054
57810055
5781005c
5781005d
5781005e
57810060
57810061
57810064
57810065
57810068
57810069
5781006c
5781006d
57810070
57810071
57810074
57810075
57810080
57810081
57810084
57810085
57810088
57810089
5781008c
5781008d
57810094
57810095
5781009c
5781009d
578100a0
578100a1
578100a4
578100a5
578100a8
578100a9
578100ac
578100ad
578100b0
578100b1
578100b4
578100b5
578100b8
578100b9
578100bc
578100bd
578100c0
578100c1
578100c4
578100c5
578100d4
578100d5
57811000
57811001
57811004
57811005
57811008
57811009
57811010
57811011
57811014
57811015
57811018
57811019
5781101c
5781101d
57811024
57811025
57811028
57811029
5781102c
5781102d
57811030
57811031
57811038
57811039
57811040
57811041
57811044
57811045
57811046
57811047
57811048
57811049
5781104c
5781104d
5781104e
5781104f
57811050
57811051
57811054
57811055
5781105c
5781105d
57811060
57811061
57811064
57811065
57811068
57811069
5781106c
5781106d
57811070
57811071
57811074
57811075
57811080
57811081
57811084
57811085
57811088
57811089
5781108c
5781108d
57811094
57811095
5781109c
5781109d
578110a0
578110a1
578110a4
578110a5
578110a8
578110a9
578110ac
578110ad
578110b0
578110b1
578110b4
578110b5
578110b8
578110b9
578110bc
578110bd
578110c0
578110c1
578110c4
578110c5
578110d4
578110d5
57812000
57812001
57812004
57812005
57812008
57812009
57812010
57812011
57812014
57812015
57812018
57812019
5781201c
5781201d
57812024
57812025
57812028
57812029
5781202c
5781202d
57812030
57812031
57812038
57812039
57812040
57812041
57812044
57812045
57812046
57812047
57812048
57812049
5781204c
5781204d
5781204e
5781204f
57812050
57812051
57812054
57812055
5781205c
5781205d
57812060
57812061
57812064
57812065
57812068
57812069
5781206c
5781206d
57812070
57812071
57812074
57812075
57812080
57812081
57812084
57812085
57812088
57812089
5781208c
5781208d
57812094
57812095
5781209c
5781209d
578120a0
578120a1
578120a4
578120a5
578120a8
578120a9
578120ac
578120ad
578120b0
578120b1
578120b4
578120b5
578120b8
578120b9
578120bc
578120bd
578120c0
578120c1
578120c4
578120c5
578120d4
578120d5
57813000
57813001
57813004
57813005
57813008
57813009
57813010
57813011
57813014
57813015
57813018
57813019
5781301c
5781301d
57813024
57813025
57813028
57813029
5781302c
5781302d
57813030
57813031
57813038
57813039
57813040
57813041
57813044
57813045
57813046
57813047
57813048
57813049
5781304c
5781304d
5781304e
5781304f
57813050
57813051
57813054
57813055
5781305c
5781305d
57813060
57813061
57813064
57813065
57813068
57813069
5781306c
5781306d
57813070
57813071
57813074
57813075
57813080
57813081
57813084
57813085
57813088
57813089
5781308c
5781308d
57813094
57813095
5781309c
5781309d
578130a0
578130a1
578130a4
578130a5
578130a8
578130a9
578130ac
578130ad
578130b0
578130b1
578130b4
578130b5
578130b8
578130b9
578130bc
578130bd
578130c0
578130c1
578130c4
578130c5
578130d4
578130d5
57814000
57814001
57814004
57814005
57814008
57814009
57814010
57814011
57814014
57814015
57814018
57814019
5781401c
5781401d
57814024
57814025
57814028
57814029
5781402c
5781402d
57814030
57814031
57814038
57814039
57814040
57814041
57814044
57814045
57814046
57814047
57814048
57814049
5781404c
5781404d
5781404e
5781404f
57814050
57814051
57814054
57814055
5781405c
5781405d
57814060
57814061
57814064
57814065
57814068
57814069
5781406c
5781406d
57814070
57814071
57814074
57814075
57814080
57814081
57814084
57814085
57814088
57814089
5781408c
5781408d
57814094
57814095
5781409c
5781409d
578140a0
578140a1
578140a4
578140a5
578140a8
578140a9
578140ac
578140ad
578140b0
578140b1
578140b4
578140b5
578140b8
578140b9
578140bc
578140bd
578140c0
578140c1
578140c4
578140c5
578140d4
578140d5
57815000
57815001
57815004
57815005
57815008
57815009
57815010
57815011
57815014
57815015
57815018
57815019
5781501c
5781501d
57815024
57815025
57815028
57815029
5781502c
5781502d
57815030
57815031
57815038
57815039
57815040
57815041
57815044
57815045
57815046
57815047
57815048
57815049
5781504c
5781504d
5781504e
5781504f
57815050
57815051
57815054
57815055
5781505c
5781505d
57815060
57815061
57815064
57815065
57815068
57815069
5781506c
5781506d
57815070
57815071
57815074
57815075
57815080
57815081
57815084
57815085
57815088
57815089
5781508c
5781508d
57815094
57815095
5781509c
5781509d
578150a0
578150a1
578150a4
578150a5
578150a8
578150a9
578150ac
578150ad
578150b0
578150b1
578150b4
578150b5
578150b8
578150b9
578150bc
578150bd
578150c0
578150c1
578150c4
578150c5
578150d4
578150d5
57816000
57816001
57816004
57816005
57816008
57816009
57816010
57816011
57816014
57816015
57816018
57816019
5781601c
5781601d
57816024
57816025
57816028
57816029
5781602c
5781602d
57816030
57816031
57816038
57816039
57816040
57816041
57816044
57816045
57816046
57816047
57816048
57816049
5781604c
5781604d
5781604e
5781604f
57816050
57816051
57816054
57816055
5781605c
5781605d
57816060
57816061
57816064
57816065
57816068
57816069
5781606c
5781606d
57816070
57816071
57816074
57816075
57816080
57816081
57816084
57816085
57816088
57816089
5781608c
5781608d
57816094
57816095
5781609c
5781609d
578160a0
578160a1
578160a4
578160a5
578160a8
578160a9
578160ac
578160ad
578160b0
578160b1
578160b4
578160b5
578160b8
578160b9
578160bc
578160bd
578160c0
578160c1
578160c4
578160c5
578160d4
578160d5
57817000
57817001
57817004
57817005
57817008
57817009
57817010
57817011
57817014
57817015
57817018
57817019
5781701c
5781701d
57817024
57817025
57817028
57817029
5781702c
5781702d
57817030
57817031
57817038
57817039
57817040
57817041
57817044
57817045
57817046
57817047
57817048
57817049
5781704c
5781704d
5781704e
5781704f
57817050
57817051
57817054
57817055
5781705c
5781705d
57817060
57817061
57817064
57817065
57817068
57817069
5781706c
5781706d
57817070
57817071
57817074
57817075
57817080
57817081
57817084
57817085
57817088
57817089
5781708c
5781708d
57817094
57817095
5781709c
5781709d
578170a0
578170a1
578170a4
578170a5
578170a8
578170a9
578170ac
578170ad
578170b0
578170b1
578170b4
578170b5
578170b8
578170b9
578170bc
578170bd
578170c0
578170c1
578170c4
578170c5
578170d4
578170d5
57818000
57818004
57818008
57818010
57818014
57818018
5781801c
57818024
57818028
5781802c
57818030
57818038
57818040
57818044
57818046
57818048
5781804c
5781804e
57818050
57818054
5781805c
57818060
57818064
57818068
5781806c
57818070
57818074
57818080
57818084
57818088
5781808c
57818094
5781809c
578180a0
578180a4
578180a8
578180ac
578180b0
578180b4
578180b8
578180bc
578180c0
578180c4
578180d4
57819000
57819004
57819008
57819010
57819014
57819018
5781901c
57819024
57819028
5781902c
57819030
57819038
57819040
57819044
57819046
57819048
5781904c
5781904e
57819050
57819054
5781905c
57819060
57819064
57819068
5781906c
57819070
57819074
57819080
57819084
57819088
5781908c
57819094
5781909c
578190a0
578190a4
578190a8
578190ac
578190b0
578190b4
578190b8
578190bc
578190c0
578190c4
578190d4
5781a000
5781a004
5781a008
5781a010
5781a014
5781a018
5781a01c
5781a024
5781a028
5781a02c
5781a030
5781a038
5781a040
5781a044
5781a046
5781a048
5781a04c
5781a04e
5781a050
5781a054
5781a05c
5781a060
5781a064
5781a068
5781a06c
5781a070
5781a074
5781a080
5781a084
5781a088
5781a08c
5781a094
5781a09c
5781a0a0
5781a0a4
5781a0a8
5781a0ac
5781a0b0
5781a0b4
5781a0b8
5781a0bc
5781a0c0
5781a0c4
5781a0d4
5781b000
5781b004
5781b008
5781b010
5781b014
5781b018
5781b01c
5781b024
5781b028
5781b02c
5781b030
5781b038
5781b040
5781b044
5781b046
5781b048
5781b04c
5781b04e
5781b050
5781b054
5781b05c
5781b060
5781b064
5781b068
5781b06c
5781b070
5781b074
5781b080
5781b084
5781b088
5781b08c
5781b094
5781b09c
5781b0a0
5781b0a4
5781b0a8
5781b0ac
5781b0b0
5781b0b4
5781b0b8
5781b0bc
5781b0c0
5781b0c4
5781b0d4
5781c000
5781c004
5781c008
5781c010
5781c014
5781c018
5781c01c
5781c024
5781c028
5781c02c
5781c030
5781c038
5781c040
5781c044
5781c046
5781c048
5781c04c
5781c04e
5781c050
5781c054
5781c05c
5781c060
5781c064
5781c068
5781c06c
5781c070
5781c074
5781c080
5781c084
5781c088
5781c08c
5781c094
5781c09c
5781c0a0
5781c0a4
5781c0a8
5781c0ac
5781c0b0
5781c0b4
5781c0b8
5781c0bc
5781c0c0
5781c0c4
5781c0d4
5781d000
5781d004
5781d008
5781d010
5781d014
5781d018
5781d01c
5781d024
5781d028
5781d02c
5781d030
5781d038
5781d040
5781d044
5781d046
5781d048
5781d04c
5781d04e
5781d050
5781d054
5781d05c
5781d060
5781d064
5781d068
5781d06c
5781d070
5781d074
5781d080
5781d084
5781d088
5781d08c
5781d094
5781d09c
5781d0a0
5781d0a4
5781d0a8
5781d0ac
5781d0b0
5781d0b4
5781d0b8
5781d0bc
5781d0c0
5781d0c4
5781d0d4
5781e000
5781e004
5781e008
5781e010
5781e014
5781e018
5781e01c
5781e024
5781e028
5781e02c
5781e030
5781e038
5781e040
5781e044
5781e046
5781e048
5781e04c
5781e04e
5781e050
5781e054
5781e05c
5781e060
5781e064
5781e068
5781e06c
5781e070
5781e074
5781e080
5781e084
5781e088
5781e08c
5781e094
5781e09c
5781e0a0
5781e0a4
5781e0a8
5781e0ac
5781e0b0
5781e0b4
5781e0b8
5781e0bc
5781e0c0
5781e0c4
5781e0d4
5781f000
5781f004
5781f008
5781f010
5781f014
5781f018
5781f01c
5781f024
5781f028
5781f02c
5781f030
5781f038
5781f040
5781f044
5781f046
5781f048
5781f04c
5781f04e
5781f050
5781f054
5781f05c
5781f060
5781f064
5781f068
5781f06c
5781f070
5781f074
5781f080
5781f084
5781f088
5781f08c
5781f094
5781f09c
5781f0a0
5781f0a4
5781f0a8
5781f0ac
5781f0b0
5781f0b4
5781f0b8
5781f0bc
5781f0c0
5781f0c4
5781f0d4
57910000
57910001
57910004
57910005
57910008
57910009
5791000c
5791000d
57910010
57910011
57910014
57910015
57910018
57910019
5791001c
5791001d
57910020
57910021
57910024
57910025
57910028
57910029
57910048
57910049
57910060
57910061
57910064
57910065
5791006c
5791006d
57910070
57910071
57910080
57910081
57910090
57910091
579100a0
579100a1
579100a4
579100a5
579100a8
579100a9
579100ac
579100ad
579100b0
579100b1
579100b4
579100b5
579100b8
579100b9
579100bc
579100bd
579100c0
579100c1
579100c4
579100c5
579100c8
579100c9
579100cc
579100cd
579100d0
579100d1
579100d8
579100d9
579100e0
579100e1
579100ec
579100ed
579100f0
579100f1
579100f4
579100f5
579100f8
579100f9
579100fc
579100fd
57911000
57911001
57911004
57911005
57911008
57911009
5791100c
5791100d
57911010
57911011
57911014
57911015
57911018
57911019
5791101c
5791101d
57911020
57911021
57911024
57911025
57911026
57911028
57911029
5791102a
57911048
57911049
57911060
57911061
57911064
57911065
5791106c
5791106d
57911070
57911071
57911080
57911081
57911090
57911091
579110a0
579110a1
579110a4
579110a5
579110a8
579110a9
579110ac
579110ad
579110b0
579110b1
579110b4
579110b5
579110b8
579110b9
579110bc
579110bd
579110c0
579110c1
579110c4
579110c5
579110c8
579110c9
579110cc
579110cd
579110d0
579110d1
579110d8
579110d9
579110e0
579110e1
579110ec
579110ed
579110f0
579110f1
579110f4
579110f5
579110f8
579110f9
579110fc
579110fd
57912000
57912001
57912004
57912005
57912008
57912009
5791200c
5791200d
57912010
57912011
57912014
57912015
57912018
57912019
5791201c
5791201d
57912020
57912021
57912024
57912025
57912028
57912029
57912048
57912049
57912060
57912061
57912064
57912065
5791206c
5791206d
57912070
57912071
57912080
57912081
57912090
57912091
579120a0
579120a1
579120a4
579120a5
579120a8
579120a9
579120ac
579120ad
579120b0
579120b1
579120b4
579120b5
579120b8
579120b9
579120bc
579120bd
579120c0
579120c1
579120c4
579120c5
579120c8
579120c9
579120cc
579120cd
579120d0
579120d1
579120d8
579120d9
579120e0
579120e1
579120ec
579120ed
579120f0
579120f1
579120f4
579120f5
579120f8
579120f9
579120fc
579120fd
57913000
57913001
57913004
57913005
57913008
57913009
5791300c
5791300d
57913010
57913011
57913014
57913015
57913018
57913019
5791301c
5791301d
57913020
57913021
57913024
57913025
57913028
57913029
57913048
57913049
57913060
57913061
57913064
57913065
5791306c
5791306d
57913070
57913071
57913080
57913081
57913090
57913091
579130a0
579130a1
579130a4
579130a5
579130a8
579130a9
579130ac
579130ad
579130b0
579130b1
579130b4
579130b5
579130b8
579130b9
579130bc
579130bd
579130c0
579130c1
579130c4
579130c5
579130c8
579130c9
579130cc
579130cd
579130d0
579130d1
579130d8
579130d9
579130e0
579130e1
579130ec
579130ed
579130f0
579130f1
579130f4
579130f5
579130f8
579130f9
579130fc
579130fd
57914000
57914001
57914004
57914005
57914008
57914009
5791400c
5791400d
57914010
57914011
57914014
57914015
57914018
57914019
5791401c
5791401d
57914020
57914021
57914024
57914025
57914028
57914029
57914048
57914049
57914060
57914061
57914064
57914065
5791406c
5791406d
57914070
57914071
57914080
57914081
57914090
57914091
579140a0
579140a1
579140a4
579140a5
579140a8
579140a9
579140ac
579140ad
579140b0
579140b1
579140b4
579140b5
579140b8
579140b9
579140bc
579140bd
579140c0
579140c1
579140c4
579140c5
579140c8
579140c9
579140cc
579140cd
579140d0
579140d1
579140d8
579140d9
579140e0
579140e1
579140ec
579140ed
579140f0
579140f1
579140f4
579140f5
579140f8
579140f9
579140fc
579140fd
57915000
57915001
57915004
57915005
57915008
57915009
5791500c
5791500d
57915010
57915011
57915014
57915015
57915018
57915019
5791501c
5791501d
57915020
57915021
57915024
57915025
57915028
57915029
57915048
57915049
57915060
57915061
57915064
57915065
5791506c
5791506d
57915070
57915071
57915080
57915081
57915090
57915091
579150a0
579150a1
579150a4
579150a5
579150a8
579150a9
579150ac
579150ad
579150b0
579150b1
579150b4
579150b5
579150b8
579150b9
579150bc
579150bd
579150c0
579150c1
579150c4
579150c5
579150c8
579150c9
579150cc
579150cd
579150d0
579150d1
579150d8
579150d9
579150e0
579150e1
579150ec
579150ed
579150f0
579150f1
579150f4
579150f5
579150f8
579150f9
579150fc
579150fd
57916000
57916001
57916004
57916005
57916008
57916009
5791600c
5791600d
57916010
57916011
57916014
57916015
57916018
57916019
5791601c
5791601d
57916020
57916021
57916024
57916025
57916028
57916029
57916048
57916049
57916060
57916061
57916064
57916065
5791606c
5791606d
57916070
57916071
57916080
57916081
57916090
57916091
579160a0
579160a1
579160a4
579160a5
579160a8
579160a9
579160ac
579160ad
579160b0
579160b1
579160b4
579160b5
579160b8
579160b9
579160bc
579160bd
579160c0
579160c1
579160c4
579160c5
579160c8
579160c9
579160cc
579160cd
579160d0
579160d1
579160d8
579160d9
579160e0
579160e1
579160ec
579160ed
579160f0
579160f1
579160f4
579160f5
579160f8
579160f9
579160fc
579160fd
57917000
57917001
57917004
57917005
57917008
57917009
5791700c
5791700d
57917010
57917011
57917014
57917015
57917018
57917019
5791701c
5791701d
57917020
57917021
57917024
57917025
57917028
57917029
57917048
57917049
57917060
57917061
57917064
57917065
5791706c
5791706d
57917070
57917071
57917080
57917081
57917090
57917091
579170a0
579170a1
579170a4
579170a5
579170a8
579170a9
579170ac
579170ad
579170b0
579170b1
579170b4
579170b5
579170b8
579170b9
579170bc
579170bd
579170c0
579170c1
579170c4
579170c5
579170c8
579170c9
579170cc
579170cd
579170d0
579170d1
579170d8
579170d9
579170e0
579170e1
579170ec
579170ed
579170f0
579170f1
579170f4
579170f5
579170f8
579170f9
579170fc
579170fd
57918000
57918004
57918008
5791800c
57918010
57918014
57918018
5791801c
57918020
57918024
57918025
57918028
57918029
57918048
57918060
57918064
5791806c
57918070
57918080
57918090
579180a0
579180a4
579180a8
579180ac
579180b0
579180b4
579180b8
579180bc
579180c0
579180c4
579180c8
579180cc
579180d0
579180d8
579180e0
579180ec
579180f0
579180f4
579180f8
579180fc
57919000
57919004
57919008
5791900c
57919010
57919014
57919018
5791901c
57919020
57919024
57919028
57919048
57919060
57919064
5791906c
57919070
57919080
57919090
579190a0
579190a4
579190a8
579190ac
579190b0
579190b4
579190b8
579190bc
579190c0
579190c4
579190c8
579190cc
579190d0
579190d8
579190e0
579190ec
579190f0
579190f4
579190f8
579190fc
5791a000
5791a004
5791a008
5791a00c
5791a010
5791a014
5791a018
5791a01c
5791a020
5791a024
5791a028
5791a048
5791a060
5791a064
5791a06c
5791a070
5791a080
5791a090
5791a0a0
5791a0a4
5791a0a8
5791a0ac
5791a0b0
5791a0b4
5791a0b8
5791a0bc
5791a0c0
5791a0c4
5791a0c8
5791a0cc
5791a0d0
5791a0d8
5791a0e0
5791a0ec
5791a0f0
5791a0f4
5791a0f8
5791a0fc
5791b000
5791b004
5791b008
5791b00c
5791b010
5791b014
5791b018
5791b01c
5791b020
5791b024
5791b028
5791b048
5791b060
5791b064
5791b06c
5791b070
5791b080
5791b090
5791b0a0
5791b0a4
5791b0a8
5791b0ac
5791b0b0
5791b0b4
5791b0b8
5791b0bc
5791b0c0
5791b0c4
5791b0c8
5791b0cc
5791b0d0
5791b0d8
5791b0e0
5791b0ec
5791b0f0
5791b0f4
5791b0f8
5791b0fc
5791c000
5791c004
5791c008
5791c00c
5791c010
5791c014
5791c018
5791c01c
5791c020
5791c024
5791c028
5791c048
5791c060
5791c064
5791c06c
5791c070
5791c080
5791c090
5791c0a0
5791c0a4
5791c0a8
5791c0ac
5791c0b0
5791c0b4
5791c0b8
5791c0bc
5791c0c0
5791c0c4
5791c0c8
5791c0cc
5791c0d0
5791c0d8
5791c0e0
5791c0ec
5791c0f0
5791c0f4
5791c0f8
5791c0fc
5791d000
5791d004
5791d008
5791d00c
5791d010
5791d014
5791d018
5791d01c
5791d020
5791d024
5791d028
5791d048
5791d060
5791d064
5791d06c
5791d070
5791d080
5791d090
5791d0a0
5791d0a4
5791d0a8
5791d0ac
5791d0b0
5791d0b4
5791d0b8
5791d0bc
5791d0c0
5791d0c4
5791d0c8
5791d0cc
5791d0d0
5791d0d8
5791d0e0
5791d0ec
5791d0f0
5791d0f4
5791d0f8
5791d0fc
5791e000
5791e004
5791e008
5791e00c
5791e010
5791e014
5791e018
5791e01c
5791e020
5791e024
5791e028
5791e048
5791e060
5791e064
5791e06c
5791e070
5791e080
5791e090
5791e0a0
5791e0a4
5791e0a8
5791e0ac
5791e0b0
5791e0b4
5791e0b8
5791e0bc
5791e0c0
5791e0c4
5791e0c8
5791e0cc
5791e0d0
5791e0d8
5791e0e0
5791e0ec
5791e0f0
5791e0f4
5791e0f8
5791e0fc
5791f000
5791f004
5791f008
5791f00c
5791f010
5791f014
5791f018
5791f01c
5791f020
5791f024
5791f028
5791f048
5791f060
5791f064
5791f06c
5791f070
5791f080
5791f090
5791f0a0
5791f0a4
5791f0a8
5791f0ac
5791f0b0
5791f0b4
5791f0b8
5791f0bc
5791f0c0
5791f0c4
5791f0c8
5791f0cc
5791f0d0
5791f0d8
5791f0e0
5791f0ec
5791f0f0
5791f0f4
5791f0f8
5791f0fc
57a10000
57a10001
57a10004
57a10005
57a10008
57a10009
57a1000c
57a1000d
57a10010
57a10011
57a10014
57a10015
57a10018
57a10019
57a1001c
57a1001d
57a10020
57a10021
57a10024
57a10025
57a10028
57a10029
57a1002c
57a1002d
57a10030
57a10031
57a10034
57a10035
57a10050
57a10051
57a1005e
57a1005f
57a10062
57a10063
57a10066
57a10067
57a1006a
57a1006b
57a1006e
57a1006f
57a10072
57a10073
57a10076
57a10077
57a1007a
57a1007b
57a1007e
57a1007f
57a10080
57a10081
57a10084
57a10085
57a10088
57a10089
57a1008c
57a1008d
57a10090
57a10091
57a10094
57a10095
57a10098
57a10099
57a1009c
57a1009d
57a100a4
57a100a5
57a100ac
57a100ad
57a100b4
57a100b5
57a100bc
57a100bd
57a100c0
57a100c1
57a100c4
57a100c5
57a100c8
57a100c9
57a100cc
57a100cd
57a100d0
57a100d1
57a100d4
57a100d5
57a100d8
57a100d9
57a100dc
57a100dd
57a100e0
57a100e1
57a100e8
57a100e9
57a100ec
57a100ed
57a100f0
57a100f1
57a100f4
57a100f5
57a100fc
57a100fd
57a11000
57a11001
57a11004
57a11005
57a11008
57a11009
57a1100c
57a1100d
57a11010
57a11011
57a11014
57a11015
57a11018
57a11019
57a1101c
57a1101d
57a11020
57a11021
57a11024
57a11025
57a11028
57a11029
57a1102c
57a1102d
57a11030
57a11031
57a11034
57a11035
57a11050
57a11051
57a1105e
57a1105f
57a11062
57a11063
57a11066
57a11067
57a1106a
57a1106b
57a1106e
57a1106f
57a11072
57a11073
57a11076
57a11077
57a1107a
57a1107b
57a1107e
57a1107f
57a11080
57a11081
57a11084
57a11085
57a11088
57a11089
57a1108c
57a1108d
57a11090
57a11091
57a11094
57a11095
57a11098
57a11099
57a1109c
57a1109d
57a110a4
57a110a5
57a110ac
57a110ad
57a110b4
57a110b5
57a110bc
57a110bd
57a110c0
57a110c1
57a110c4
57a110c5
57a110c8
57a110c9
57a110cc
57a110cd
57a110d0
57a110d1
57a110d4
57a110d5
57a110d8
57a110d9
57a110dc
57a110dd
57a110e0
57a110e1
57a110e8
57a110e9
57a110ec
57a110ed
57a110f0
57a110f1
57a110f4
57a110f5
57a110fc
57a110fd
57a12000
57a12001
57a12004
57a12005
57a12008
57a12009
57a1200c
57a1200d
57a12010
57a12011
57a12014
57a12015
57a12018
57a12019
57a1201c
57a1201d
57a12020
57a12021
57a12024
57a12025
57a12028
57a12029
57a1202c
57a1202d
57a12030
57a12031
57a12034
57a12035
57a12050
57a12051
57a1205e
57a1205f
57a12062
57a12063
57a12066
57a12067
57a1206a
57a1206b
57a1206e
57a1206f
57a12072
57a12073
57a12076
57a12077
57a1207a
57a1207b
57a1207e
57a1207f
57a12080
57a12081
57a12084
57a12085
57a12088
57a12089
57a1208c
57a1208d
57a12090
57a12091
57a12094
57a12095
57a12098
57a12099
57a1209c
57a1209d
57a120a4
57a120a5
57a120ac
57a120ad
57a120b4
57a120b5
57a120bc
57a120bd
57a120c0
57a120c1
57a120c4
57a120c5
57a120c8
57a120c9
57a120cc
57a120cd
57a120d0
57a120d1
57a120d4
57a120d5
57a120d8
57a120d9
57a120dc
57a120dd
57a120e0
57a120e1
57a120e8
57a120e9
57a120ec
57a120ed
57a120f0
57a120f1
57a120f4
57a120f5
57a120fc
57a120fd
57a13000
57a13001
57a13004
57a13005
57a13008
57a13009
57a1300c
57a1300d
57a13010
57a13011
57a13014
57a13015
57a13018
57a13019
57a1301c
57a1301d
57a13020
57a13021
57a13024
57a13025
57a13028
57a13029
57a1302c
57a1302d
57a13030
57a13031
57a13034
57a13035
57a13050
57a13051
57a1305e
57a1305f
57a13062
57a13063
57a13066
57a13067
57a1306a
57a1306b
57a1306e
57a1306f
57a13072
57a13073
57a13076
57a13077
57a1307a
57a1307b
57a1307e
57a1307f
57a13080
57a13081
57a13084
57a13085
57a13088
57a13089
57a1308c
57a1308d
57a13090
57a13091
57a13094
57a13095
57a13098
57a13099
57a1309c
57a1309d
57a130a4
57a130a5
57a130ac
57a130ad
57a130b4
57a130b5
57a130bc
57a130bd
57a130c0
57a130c1
57a130c4
57a130c5
57a130c8
57a130c9
57a130cc
57a130cd
57a130d0
57a130d1
57a130d4
57a130d5
57a130d8
57a130d9
57a130dc
57a130dd
57a130e0
57a130e1
57a130e8
57a130e9
57a130ec
57a130ed
57a130f0
57a130f1
57a130f4
57a130f5
57a130fc
57a130fd
57a14000
57a14001
57a14004
57a14005
57a14008
57a14009
57a1400c
57a1400d
57a14010
57a14011
57a14014
57a14015
57a14018
57a14019
57a1401c
57a1401d
57a14020
57a14021
57a14024
57a14025
57a14028
57a14029
57a1402c
57a1402d
57a14030
57a14031
57a14034
57a14035
57a14050
57a14051
57a1405e
57a1405f
57a14062
57a14063
57a14066
57a14067
57a1406a
57a1406b
57a1406e
57a1406f
57a14072
57a14073
57a14076
57a14077
57a1407a
57a1407b
57a1407e
57a1407f
57a14080
57a14081
57a14084
57a14085
57a14088
57a14089
57a1408c
57a1408d
57a14090
57a14091
57a14094
57a14095
57a14098
57a14099
57a1409c
57a1409d
57a140a4
57a140a5
57a140ac
57a140ad
57a140b4
57a140b5
57a140bc
57a140bd
57a140c0
57a140c1
57a140c4
57a140c5
57a140c8
57a140c9
57a140cc
57a140cd
57a140d0
57a140d1
57a140d4
57a140d5
57a140d8
57a140d9
57a140dc
57a140dd
57a140e0
57a140e1
57a140e8
57a140e9
57a140ec
57a140ed
57a140f0
57a140f1
57a140f4
57a140f5
57a140fc
57a140fd
57a15000
57a15001
57a15004
57a15005
57a15008
57a15009
57a1500c
57a1500d
57a15010
57a15011
57a15014
57a15015
57a15018
57a15019
57a1501c
57a1501d
57a15020
57a15021
57a15024
57a15025
57a15028
57a15029
57a1502c
57a1502d
57a15030
57a15031
57a15034
57a15035
57a15050
57a15051
57a1505e
57a1505f
57a15062
57a15063
57a15066
57a15067
57a1506a
57a1506b
57a1506e
57a1506f
57a15072
57a15073
57a15076
57a15077
57a1507a
57a1507b
57a1507e
57a1507f
57a15080
57a15081
57a15084
57a15085
57a15088
57a15089
57a1508c
57a1508d
57a15090
57a15091
57a15094
57a15095
57a15098
57a15099
57a1509c
57a1509d
57a150a4
57a150a5
57a150ac
57a150ad
57a150b4
57a150b5
57a150bc
57a150bd
57a150c0
57a150c1
57a150c4
57a150c5
57a150c8
57a150c9
57a150cc
57a150cd
57a150d0
57a150d1
57a150d4
57a150d5
57a150d8
57a150d9
57a150dc
57a150dd
57a150e0
57a150e1
57a150e8
57a150e9
57a150ec
57a150ed
57a150f0
57a150f1
57a150f4
57a150f5
57a150fc
57a150fd
57a16000
57a16001
57a16004
57a16005
57a16008
57a16009
57a1600c
57a1600d
57a16010
57a16011
57a16014
57a16015
57a16018
57a16019
57a1601c
57a1601d
57a16020
57a16021
57a16024
57a16025
57a16028
57a16029
57a1602c
57a1602d
57a16030
57a16031
57a16034
57a16035
57a16050
57a16051
57a1605e
57a1605f
57a16062
57a16063
57a16066
57a16067
57a1606a
57a1606b
57a1606e
57a1606f
57a16072
57a16073
57a16076
57a16077
57a1607a
57a1607b
57a1607e
57a1607f
57a16080
57a16081
57a16084
57a16085
57a16088
57a16089
57a1608c
57a1608d
57a16090
57a16091
57a16094
57a16095
57a16098
57a16099
57a1609c
57a1609d
57a160a4
57a160a5
57a160ac
57a160ad
57a160b4
57a160b5
57a160bc
57a160bd
57a160c0
57a160c1
57a160c4
57a160c5
57a160c8
57a160c9
57a160cc
57a160cd
57a160d0
57a160d1
57a160d4
57a160d5
57a160d8
57a160d9
57a160dc
57a160dd
57a160e0
57a160e1
57a160e8
57a160e9
57a160ec
57a160ed
57a160f0
57a160f1
57a160f4
57a160f5
57a160fc
57a160fd
57a17000
57a17001
57a17004
57a17005
57a17008
57a17009
57a1700c
57a1700d
57a17010
57a17011
57a17014
57a17015
57a17018
57a17019
57a1701c
57a1701d
57a17020
57a17021
57a17024
57a17025
57a17028
57a17029
57a1702c
57a1702d
57a17030
57a17031
57a17034
57a17035
57a17050
57a17051
57a1705e
57a1705f
57a17062
57a17063
57a17066
57a17067
57a1706a
57a1706b
57a1706e
57a1706f
57a17072
57a17073
57a17076
57a17077
57a1707a
57a1707b
57a1707e
57a1707f
57a17080
57a17081
57a17084
57a17085
57a17088
57a17089
57a1708c
57a1708d
57a17090
57a17091
57a17094
57a17095
57a17098
57a17099
57a1709c
57a1709d
57a170a4
57a170a5
57a170ac
57a170ad
57a170b4
57a170b5
57a170bc
57a170bd
57a170c0
57a170c1
57a170c4
57a170c5
57a170c8
57a170c9
57a170cc
57a170cd
57a170d0
57a170d1
57a170d4
57a170d5
57a170d8
57a170d9
57a170dc
57a170dd
57a170e0
57a170e1
57a170e8
57a170e9
57a170ec
57a170ed
57a170f0
57a170f1
57a170f4
57a170f5
57a170fc
57a170fd
57a18000
57a18004
57a18008
57a1800c
57a18010
57a18014
57a18018
57a1801c
57a18020
57a18024
57a18028
57a1802c
57a18030
57a18034
57a18050
57a1805e
57a18062
57a18066
57a18067
57a1806a
57a1806e
57a18072
57a18076
57a18077
57a1807a
57a1807e
57a18080
57a18084
57a18088
57a1808c
57a18090
57a18094
57a18098
57a1809c
57a180a4
57a180ac
57a180b4
57a180bc
57a180c0
57a180c4
57a180c8
57a180cc
57a180d0
57a180d4
57a180d8
57a180dc
57a180e0
57a180e8
57a180ec
57a180f0
57a180f4
57a180fc
57a19000
57a19004
57a19008
57a1900c
57a19010
57a19014
57a19018
57a1901c
57a19020
57a19024
57a19028
57a1902c
57a19030
57a19034
57a19050
57a1905e
57a19062
57a19066
57a1906a
57a1906e
57a19072
57a19076
57a1907a
57a1907e
57a19080
57a19084
57a19088
57a1908c
57a19090
57a19094
57a19098
57a1909c
57a190a4
57a190ac
57a190b4
57a190bc
57a190c0
57a190c4
57a190c8
57a190cc
57a190d0
57a190d4
57a190d8
57a190dc
57a190e0
57a190e8
57a190ec
57a190f0
57a190f4
57a190fc
57a1a000
57a1a004
57a1a008
57a1a00c
57a1a010
57a1a014
57a1a018
57a1a01c
57a1a020
57a1a024
57a1a028
57a1a02c
57a1a030
57a1a034
57a1a050
57a1a05e
57a1a062
57a1a066
57a1a06a
57a1a06e
57a1a072
57a1a076
57a1a07a
57a1a07e
57a1a080
57a1a084
57a1a088
57a1a08c
57a1a090
57a1a094
57a1a098
57a1a09c
57a1a0a4
57a1a0ac
57a1a0b4
57a1a0bc
57a1a0c0
57a1a0c4
57a1a0c8
57a1a0cc
57a1a0d0
57a1a0d4
57a1a0d8
57a1a0dc
57a1a0e0
57a1a0e8
57a1a0ec
57a1a0f0
57a1a0f4
57a1a0fc
57a1b000
57a1b004
57a1b008
57a1b00c
57a1b010
57a1b014
57a1b018
57a1b01c
57a1b020
57a1b024
57a1b028
57a1b02c
57a1b030
57a1b034
57a1b050
57a1b05e
57a1b062
57a1b066
57a1b06a
57a1b06e
57a1b072
57a1b076
57a1b07a
57a1b07e
57a1b080
57a1b084
57a1b088
57a1b08c
57a1b090
57a1b094
57a1b098
57a1b09c
57a1b0a4
57a1b0ac
57a1b0b4
57a1b0bc
57a1b0c0
57a1b0c4
57a1b0c8
57a1b0cc
57a1b0d0
57a1b0d4
57a1b0d8
57a1b0dc
57a1b0e0
57a1b0e8
57a1b0ec
57a1b0f0
57a1b0f4
57a1b0fc
57a1c000
57a1c004
57a1c008
57a1c00c
57a1c010
57a1c014
57a1c018
57a1c01c
57a1c020
57a1c024
57a1c028
57a1c02c
57a1c030
57a1c034
57a1c050
57a1c05e
57a1c062
57a1c066
57a1c06a
57a1c06e
57a1c072
57a1c076
57a1c07a
57a1c07e
57a1c080
57a1c084
57a1c088
57a1c08c
57a1c090
57a1c094
57a1c098
57a1c09c
57a1c0a4
57a1c0ac
57a1c0b4
57a1c0bc
57a1c0c0
57a1c0c4
57a1c0c8
57a1c0cc
57a1c0d0
57a1c0d4
57a1c0d8
57a1c0dc
57a1c0e0
57a1c0e8
57a1c0ec
57a1c0f0
57a1c0f4
57a1c0fc
57a1d000
57a1d004
57a1d008
57a1d00c
57a1d010
57a1d014
57a1d018
57a1d01c
57a1d020
57a1d024
57a1d028
57a1d02c
57a1d030
57a1d034
57a1d050
57a1d05e
57a1d062
57a1d066
57a1d06a
57a1d06e
57a1d072
57a1d076
57a1d07a
57a1d07e
57a1d080
57a1d084
57a1d088
57a1d08c
57a1d090
57a1d094
57a1d098
57a1d09c
57a1d0a4
57a1d0ac
57a1d0b4
57a1d0bc
57a1d0c0
57a1d0c4
57a1d0c8
57a1d0cc
57a1d0d0
57a1d0d4
57a1d0d8
57a1d0dc
57a1d0e0
57a1d0e8
57a1d0ec
57a1d0f0
57a1d0f4
57a1d0fc
57a1e000
57a1e004
57a1e008
57a1e00c
57a1e010
57a1e014
57a1e018
57a1e01c
57a1e020
57a1e024
57a1e028
57a1e02c
57a1e030
57a1e034
57a1e050
57a1e05e
57a1e062
57a1e066
57a1e06a
57a1e06e
57a1e072
57a1e076
57a1e07a
57a1e07e
57a1e080
57a1e084
57a1e088
57a1e08c
57a1e090
57a1e094
57a1e098
57a1e09c
57a1e0a4
57a1e0ac
57a1e0b4
57a1e0bc
57a1e0c0
57a1e0c4
57a1e0c8
57a1e0cc
57a1e0d0
57a1e0d4
57a1e0d8
57a1e0dc
57a1e0e0
57a1e0e8
57a1e0ec
57a1e0f0
57a1e0f4
57a1e0fc
57a1f000
57a1f004
57a1f008
57a1f00c
57a1f010
57a1f014
57a1f018
57a1f01c
57a1f020
57a1f024
57a1f028
57a1f02c
57a1f030
57a1f034
57a1f050
57a1f05e
57a1f062
57a1f066
57a1f06a
57a1f06e
57a1f072
57a1f076
57a1f07a
57a1f07e
57a1f080
57a1f084
57a1f088
57a1f08c
57a1f090
57a1f094
57a1f098
57a1f09c
57a1f0a4
57a1f0ac
57a1f0b4
57a1f0bc
57a1f0c0
57a1f0c4
57a1f0c8
57a1f0cc
57a1f0d0
57a1f0d4
57a1f0d8
57a1f0dc
57a1f0e0
57a1f0e8
57a1f0ec
57a1f0f0
57a1f0f4
57a1f0fc
57b10000
57b10001
57b1000c
57b1000d
57b10024
57b10025
57b10028
57b10029
57b1002c
57b1002d
57b10030
57b10031
57b10038
57b10039
57b1003c
57b1003d
57b10040
57b10041
57b10044
57b10045
57b10046
57b10047
57b10050
57b10051
57b1005c
57b1005d
57b1005e
57b10060
57b10061
57b10064
57b10065
57b10070
57b10071
57b10074
57b10075
57b10078
57b10079
57b1007c
57b1007d
57b10080
57b10081
57b10084
57b10085
57b10094
57b10095
57b1009e
57b1009f
57b100a0
57b100a1
57b100a4
57b100a5
57b100a8
57b100a9
57b100ac
57b100ad
57b100b0
57b100b1
57b100b4
57b100b5
57b100b8
57b100b9
57b100bc
57b100bd
57b100d4
57b100d5
57b11000
57b11001
57b1100c
57b1100d
57b11024
57b11025
57b11028
57b11029
57b1102c
57b1102d
57b11030
57b11031
57b11038
57b11039
57b1103c
57b1103d
57b11040
57b11041
57b11044
57b11045
57b11046
57b11047
57b11050
57b11051
57b1105c
57b1105d
57b11060
57b11061
57b11064
57b11065
57b11070
57b11071
57b11074
57b11075
57b11078
57b11079
57b1107c
57b1107d
57b11080
57b11081
57b11084
57b11085
57b11094
57b11095
57b1109e
57b1109f
57b110a0
57b110a1
57b110a4
57b110a5
57b110a8
57b110a9
57b110ac
57b110ad
57b110b0
57b110b1
57b110b4
57b110b5
57b110b8
57b110b9
57b110bc
57b110bd
57b110d4
57b110d5
57b12000
57b12001
57b1200c
57b1200d
57b12024
57b12025
57b12028
57b12029
57b1202c
57b1202d
57b12030
57b12031
57b12038
57b12039
57b1203c
57b1203d
57b12040
57b12041
57b12044
57b12045
57b12046
57b12047
57b12050
57b12051
57b1205c
57b1205d
57b12060
57b12061
57b12064
57b12065
57b12070
57b12071
57b12074
57b12075
57b12078
57b12079
57b1207c
57b1207d
57b12080
57b12081
57b12084
57b12085
57b12094
57b12095
57b1209e
57b1209f
57b120a0
57b120a1
57b120a4
57b120a5
57b120a8
57b120a9
57b120ac
57b120ad
57b120b0
57b120b1
57b120b4
57b120b5
57b120b8
57b120b9
57b120bc
57b120bd
57b120d4
57b120d5
57b13000
57b13001
57b1300c
57b1300d
57b13024
57b13025
57b13028
57b13029
57b1302c
57b1302d
57b13030
57b13031
57b13038
57b13039
57b1303c
57b1303d
57b13040
57b13041
57b13044
57b13045
57b13046
57b13047
57b13050
57b13051
57b1305c
57b1305d
57b13060
57b13061
57b13064
57b13065
57b13070
57b13071
57b13074
57b13075
57b13078
57b13079
57b1307c
57b1307d
57b13080
57b13081
57b13084
57b13085
57b13094
57b13095
57b1309e
57b1309f
57b130a0
57b130a1
57b130a4
57b130a5
57b130a8
57b130a9
57b130ac
57b130ad
57b130b0
57b130b1
57b130b4
57b130b5
57b130b8
57b130b9
57b130bc
57b130bd
57b130d4
57b130d5
57b14000
57b14001
57b1400c
57b1400d
57b14024
57b14025
57b14028
57b14029
57b1402c
57b1402d
57b14030
57b14031
57b14038
57b14039
57b1403c
57b1403d
57b14040
57b14041
57b14044
57b14045
57b14046
57b14047
57b14050
57b14051
57b1405c
57b1405d
57b14060
57b14061
57b14064
57b14065
57b14070
57b14071
57b14074
57b14075
57b14078
57b14079
57b1407c
57b1407d
57b14080
57b14081
57b14084
57b14085
57b14094
57b14095
57b1409e
57b1409f
57b140a0
57b140a1
57b140a4
57b140a5
57b140a8
57b140a9
57b140ac
57b140ad
57b140b0
57b140b1
57b140b4
57b140b5
57b140b8
57b140b9
57b140bc
57b140bd
57b140d4
57b140d5
57b15000
57b15001
57b1500c
57b1500d
57b15024
57b15025
57b15028
57b15029
57b1502c
57b1502d
57b15030
57b15031
57b15038
57b15039
57b1503c
57b1503d
57b15040
57b15041
57b15044
57b15045
57b15046
57b15047
57b15050
57b15051
57b1505c
57b1505d
57b15060
57b15061
57b15064
57b15065
57b15070
57b15071
57b15074
57b15075
57b15078
57b15079
57b1507c
57b1507d
57b15080
57b15081
57b15084
57b15085
57b15094
57b15095
57b1509e
57b1509f
57b150a0
57b150a1
57b150a4
57b150a5
57b150a8
57b150a9
57b150ac
57b150ad
57b150b0
57b150b1
57b150b4
57b150b5
57b150b8
57b150b9
57b150bc
57b150bd
57b150d4
57b150d5
57b16000
57b16001
57b1600c
57b1600d
57b16024
57b16025
57b16028
57b16029
57b1602c
57b1602d
57b16030
57b16031
57b16038
57b16039
57b1603c
57b1603d
57b16040
57b16041
57b16044
57b16045
57b16046
57b16047
57b16050
57b16051
57b1605c
57b1605d
57b16060
57b16061
57b16064
57b16065
57b16070
57b16071
57b16074
57b16075
57b16078
57b16079
57b1607c
57b1607d
57b16080
57b16081
57b16084
57b16085
57b16094
57b16095
57b1609e
57b1609f
57b160a0
57b160a1
57b160a4
57b160a5
57b160a8
57b160a9
57b160ac
57b160ad
57b160b0
57b160b1
57b160b4
57b160b5
57b160b8
57b160b9
57b160bc
57b160bd
57b160d4
57b160d5
57b17000
57b17001
57b1700c
57b1700d
57b17024
57b17025
57b17028
57b17029
57b1702c
57b1702d
57b17030
57b17031
57b17038
57b17039
57b1703c
57b1703d
57b17040
57b17041
57b17044
57b17045
57b17046
57b17047
57b17050
57b17051
57b1705c
57b1705d
57b17060
57b17061
57b17064
57b17065
57b17070
57b17071
57b17074
57b17075
57b17078
57b17079
57b1707c
57b1707d
57b17080
57b17081
57b17084
57b17085
57b17094
57b17095
57b1709e
57b1709f
57b170a0
57b170a1
57b170a4
57b170a5
57b170a8
57b170a9
57b170ac
57b170ad
57b170b0
57b170b1
57b170b4
57b170b5
57b170b8
57b170b9
57b170bc
57b170bd
57b170d4
57b170d5
57b18000
57b1800c
57b18024
57b18028
57b1802c
57b18030
57b18038
57b1803c
57b18040
57b18044
57b18046
57b18050
57b1805c
57b18060
57b18064
57b18070
57b18074
57b18078
57b1807c
57b18080
57b18084
57b18094
57b1809e
57b1809f
57b180a0
57b180a4
57b180a8
57b180ac
57b180b0
57b180b4
57b180b8
57b180bc
57b180d4
57b19000
57b1900c
57b19024
57b19028
57b1902c
57b19030
57b19038
57b1903c
57b19040
57b19044
57b19046
57b19050
57b1905c
57b19060
57b19064
57b19070
57b19074
57b19078
57b1907c
57b19080
57b19084
57b19094
57b1909e
57b1909f
57b190a0
57b190a4
57b190a8
57b190ac
57b190b0
57b190b4
57b190b8
57b190bc
57b190d4
57b1a000
57b1a00c
57b1a024
57b1a028
57b1a02c
57b1a030
57b1a038
57b1a03c
57b1a040
57b1a044
57b1a046
57b1a050
57b1a05c
57b1a060
57b1a064
57b1a070
57b1a074
57b1a078
57b1a07c
57b1a080
57b1a084
57b1a094
57b1a09e
57b1a09f
57b1a0a0
57b1a0a4
57b1a0a8
57b1a0ac
57b1a0b0
57b1a0b4
57b1a0b8
57b1a0bc
57b1a0d4
57b1b000
57b1b00c
57b1b024
57b1b028
57b1b02c
57b1b030
57b1b038
57b1b03c
57b1b040
57b1b044
57b1b046
57b1b050
57b1b05c
57b1b060
57b1b064
57b1b070
57b1b074
57b1b078
57b1b07c
57b1b080
57b1b084
57b1b094
57b1b09e
57b1b09f
57b1b0a0
57b1b0a4
57b1b0a8
57b1b0ac
57b1b0b0
57b1b0b4
57b1b0b8
57b1b0bc
57b1b0d4
57b1c000
57b1c00c
57b1c024
57b1c028
57b1c02c
57b1c030
57b1c038
57b1c03c
57b1c040
57b1c044
57b1c046
57b1c050
57b1c05c
57b1c060
57b1c064
57b1c070
57b1c074
57b1c078
57b1c07c
57b1c080
57b1c084
57b1c094
57b1c09e
57b1c09f
57b1c0a0
57b1c0a4
57b1c0a8
57b1c0ac
57b1c0b0
57b1c0b4
57b1c0b8
57b1c0bc
57b1c0d4
57b1d000
57b1d00c
57b1d024
57b1d028
57b1d02c
57b1d030
57b1d038
57b1d03c
57b1d040
57b1d044
57b1d046
57b1d050
57b1d05c
57b1d060
57b1d064
57b1d070
57b1d074
57b1d078
57b1d07c
57b1d080
57b1d084
57b1d094
57b1d09e
57b1d09f
57b1d0a0
57b1d0a4
57b1d0a8
57b1d0ac
57b1d0b0
57b1d0b4
57b1d0b8
57b1d0bc
57b1d0d4
57b1e000
57b1e00c
57b1e024
57b1e028
57b1e02c
57b1e030
57b1e038
57b1e03c
57b1e040
57b1e044
57b1e046
57b1e050
57b1e05c
57b1e060
57b1e064
57b1e070
57b1e074
57b1e078
57b1e07c
57b1e080
57b1e084
57b1e094
57b1e09e
57b1e09f
57b1e0a0
57b1e0a4
57b1e0a8
57b1e0ac
57b1e0b0
57b1e0b4
57b1e0b8
57b1e0bc
57b1e0d4
57b1f000
57b1f00c
57b1f024
57b1f028
57b1f02c
57b1f030
57b1f038
57b1f03c
57b1f040
57b1f044
57b1f046
57b1f050
57b1f05c
57b1f060
57b1f064
57b1f070
57b1f074
57b1f078
57b1f07c
57b1f080
57b1f084
57b1f094
57b1f09e
57b1f09f
57b1f0a0
57b1f0a4
57b1f0a8
57b1f0ac
57b1f0b0
57b1f0b4
57b1f0b8
57b1f0bc
57b1f0d4
57c10000
57c10001
57c10004
57c10005
57c10008
57c10009
57c1000c
57c1000d
57c10010
57c10011
57c10014
57c10015
57c10018
57c10019
57c1001c
57c1001d
57c10024
57c10025
57c10028
57c10029
57c1002c
57c1002d
57c10030
57c10031
57c10038
57c10039
57c1003c
57c1003d
57c10040
57c10041
57c10044
57c10045
57c10046
57c10047
57c10048
57c10049
57c1004c
57c1004d
57c1004e
57c1004f
57c10050
57c10051
57c10054
57c10055
57c1005c
57c1005d
57c1005e
57c10060
57c10061
57c10064
57c10065
57c10068
57c10069
57c1006c
57c1006d
57c10070
57c10071
57c10074
57c10075
57c10078
57c10079
57c1007c
57c1007d
57c10080
57c10081
57c10084
57c10085
57c10088
57c10089
57c1008c
57c1008d
57c10094
57c10095
57c1009c
57c1009d
57c100a0
57c100a1
57c100a4
57c100a5
57c100a8
57c100a9
57c100ac
57c100ad
57c100b0
57c100b1
57c100b4
57c100b5
57c100b8
57c100b9
57c100bc
57c100bd
57c100d4
57c100d5
57c11000
57c11001
57c11004
57c11005
57c11008
57c11009
57c1100c
57c1100d
57c11010
57c11011
57c11014
57c11015
57c11018
57c11019
57c1101c
57c1101d
57c11024
57c11025
57c11028
57c11029
57c1102c
57c1102d
57c11030
57c11031
57c11038
57c11039
57c1103c
57c1103d
57c11040
57c11041
57c11044
57c11045
57c11046
57c11047
57c11048
57c11049
57c1104c
57c1104d
57c1104e
57c1104f
57c11050
57c11051
57c11054
57c11055
57c1105c
57c1105d
57c11060
57c11061
57c11064
57c11065
57c11068
57c11069
57c1106c
57c1106d
57c11070
57c11071
57c11074
57c11075
57c11078
57c11079
57c1107c
57c1107d
57c11080
57c11081
57c11084
57c11085
57c11088
57c11089
57c1108c
57c1108d
57c11094
57c11095
57c1109c
57c1109d
57c110a0
57c110a1
57c110a4
57c110a5
57c110a8
57c110a9
57c110ac
57c110ad
57c110b0
57c110b1
57c110b4
57c110b5
57c110b8
57c110b9
57c110bc
57c110bd
57c110d4
57c110d5
57c12000
57c12001
57c12004
57c12005
57c12008
57c12009
57c1200c
57c1200d
57c12010
57c12011
57c12014
57c12015
57c12018
57c12019
57c1201c
57c1201d
57c12024
57c12025
57c12028
57c12029
57c1202c
57c1202d
57c12030
57c12031
57c12038
57c12039
57c1203c
57c1203d
57c12040
57c12041
57c12044
57c12045
57c12046
57c12047
57c12048
57c12049
57c1204c
57c1204d
57c1204e
57c1204f
57c12050
57c12051
57c12054
57c12055
57c1205c
57c1205d
57c12060
57c12061
57c12064
57c12065
57c12068
57c12069
57c1206c
57c1206d
57c12070
57c12071
57c12074
57c12075
57c12078
57c12079
57c1207c
57c1207d
57c12080
57c12081
57c12084
57c12085
57c12088
57c12089
57c1208c
57c1208d
57c12094
57c12095
57c1209c
57c1209d
57c120a0
57c120a1
57c120a4
57c120a5
57c120a8
57c120a9
57c120ac
57c120ad
57c120b0
57c120b1
57c120b4
57c120b5
57c120b8
57c120b9
57c120bc
57c120bd
57c120d4
57c120d5
57c13000
57c13001
57c13004
57c13005
57c13008
57c13009
57c1300c
57c1300d
57c13010
57c13011
57c13014
57c13015
57c13018
57c13019
57c1301c
57c1301d
57c13024
57c13025
57c13028
57c13029
57c1302c
57c1302d
57c13030
57c13031
57c13038
57c13039
57c1303c
57c1303d
57c13040
57c13041
57c13044
57c13045
57c13046
57c13047
57c13048
57c13049
57c1304c
57c1304d
57c1304e
57c1304f
57c13050
57c13051
57c13054
57c13055
57c1305c
57c1305d
57c13060
57c13061
57c13064
57c13065
57c13068
57c13069
57c1306c
57c1306d
57c13070
57c13071
57c13074
57c13075
57c13078
57c13079
57c1307c
57c1307d
57c13080
57c13081
57c13084
57c13085
57c13088
57c13089
57c1308c
57c1308d
57c13094
57c13095
57c1309c
57c1309d
57c130a0
57c130a1
57c130a4
57c130a5
57c130a8
57c130a9
57c130ac
57c130ad
57c130b0
57c130b1
57c130b4
57c130b5
57c130b8
57c130b9
57c130bc
57c130bd
57c130d4
57c130d5
57c14000
57c14001
57c14004
57c14005
57c14008
57c14009
57c1400c
57c1400d
57c14010
57c14011
57c14014
57c14015
57c14018
57c14019
57c1401c
57c1401d
57c14024
57c14025
57c14028
57c14029
57c1402c
57c1402d
57c14030
57c14031
57c14038
57c14039
57c1403c
57c1403d
57c14040
57c14041
57c14044
57c14045
57c14046
57c14047
57c14048
57c14049
57c1404c
57c1404d
57c1404e
57c1404f
57c14050
57c14051
57c14054
57c14055
57c1405c
57c1405d
57c14060
57c14061
57c14064
57c14065
57c14068
57c14069
57c1406c
57c1406d
57c14070
57c14071
57c14074
57c14075
57c14078
57c14079
57c1407c
57c1407d
57c14080
57c14081
57c14084
57c14085
57c14088
57c14089
57c1408c
57c1408d
57c14094
57c14095
57c1409c
57c1409d
57c140a0
57c140a1
57c140a4
57c140a5
57c140a8
57c140a9
57c140ac
57c140ad
57c140b0
57c140b1
57c140b4
57c140b5
57c140b8
57c140b9
57c140bc
57c140bd
57c140d4
57c140d5
57c15000
57c15001
57c15004
57c15005
57c15008
57c15009
57c1500c
57c1500d
57c15010
57c15011
57c15014
57c15015
57c15018
57c15019
57c1501c
57c1501d
57c15024
57c15025
57c15028
57c15029
57c1502c
57c1502d
57c15030
57c15031
57c15038
57c15039
57c1503c
57c1503d
57c15040
57c15041
57c15044
57c15045
57c15046
57c15047
57c15048
57c15049
57c1504c
57c1504d
57c1504e
57c1504f
57c15050
57c15051
57c15054
57c15055
57c1505c
57c1505d
57c15060
57c15061
57c15064
57c15065
57c15068
57c15069
57c1506c
57c1506d
57c15070
57c15071
57c15074
57c15075
57c15078
57c15079
57c1507c
57c1507d
57c15080
57c15081
57c15084
57c15085
57c15088
57c15089
57c1508c
57c1508d
57c15094
57c15095
57c1509c
57c1509d
57c150a0
57c150a1
57c150a4
57c150a5
57c150a8
57c150a9
57c150ac
57c150ad
57c150b0
57c150b1
57c150b4
57c150b5
57c150b8
57c150b9
57c150bc
57c150bd
57c150d4
57c150d5
57c16000
57c16001
57c16004
57c16005
57c16008
57c16009
57c1600c
57c1600d
57c16010
57c16011
57c16014
57c16015
57c16018
57c16019
57c1601c
57c1601d
57c16024
57c16025
57c16028
57c16029
57c1602c
57c1602d
57c16030
57c16031
57c16038
57c16039
57c1603c
57c1603d
57c16040
57c16041
57c16044
57c16045
57c16046
57c16047
57c16048
57c16049
57c1604c
57c1604d
57c1604e
57c1604f
57c16050
57c16051
57c16054
57c16055
57c1605c
57c1605d
57c16060
57c16061
57c16064
57c16065
57c16068
57c16069
57c1606c
57c1606d
57c16070
57c16071
57c16074
57c16075
57c16078
57c16079
57c1607c
57c1607d
57c16080
57c16081
57c16084
57c16085
57c16088
57c16089
57c1608c
57c1608d
57c16094
57c16095
57c1609c
57c1609d
57c160a0
57c160a1
57c160a4
57c160a5
57c160a8
57c160a9
57c160ac
57c160ad
57c160b0
57c160b1
57c160b4
57c160b5
57c160b8
57c160b9
57c160bc
57c160bd
57c160d4
57c160d5
57c17000
57c17001
57c17004
57c17005
57c17008
57c17009
57c1700c
57c1700d
57c17010
57c17011
57c17014
57c17015
57c17018
57c17019
57c1701c
57c1701d
57c17024
57c17025
57c17028
57c17029
57c1702c
57c1702d
57c17030
57c17031
57c17038
57c17039
57c1703c
57c1703d
57c17040
57c17041
57c17044
57c17045
57c17046
57c17047
57c17048
57c17049
57c1704c
57c1704d
57c1704e
57c1704f
57c17050
57c17051
57c17054
57c17055
57c1705c
57c1705d
57c17060
57c17061
57c17064
57c17065
57c17068
57c17069
57c1706c
57c1706d
57c17070
57c17071
57c17074
57c17075
57c17078
57c17079
57c1707c
57c1707d
57c17080
57c17081
57c17084
57c17085
57c17088
57c17089
57c1708c
57c1708d
57c17094
57c17095
57c1709c
57c1709d
57c170a0
57c170a1
57c170a4
57c170a5
57c170a8
57c170a9
57c170ac
57c170ad
57c170b0
57c170b1
57c170b4
57c170b5
57c170b8
57c170b9
57c170bc
57c170bd
57c170d4
57c170d5
57c18000
57c18004
57c18008
57c1800c
57c18010
57c18014
57c18018
57c1801c
57c18024
57c18028
57c1802c
57c18030
57c18038
57c1803c
57c18040
57c18044
57c18046
57c18048
57c1804c
57c1804e
57c18050
57c18054
57c1805c
57c18060
57c18064
57c18068
57c1806c
57c18070
57c18074
57c18078
57c1807c
57c18080
57c18084
57c18088
57c1808c
57c18094
57c1809c
57c180a0
57c180a4
57c180a8
57c180ac
57c180b0
57c180b4
57c180b8
57c180bc
57c180d4
57c19000
57c19004
57c19008
57c1900c
57c19010
57c19014
57c19018
57c1901c
57c19024
57c19028
57c1902c
57c19030
57c19038
57c1903c
57c19040
57c19044
57c19046
57c19048
57c1904c
57c1904e
57c19050
57c19054
57c1905c
57c19060
57c19064
57c19068
57c1906c
57c19070
57c19074
57c19078
57c1907c
57c19080
57c19084
57c19088
57c1908c
57c19094
57c1909c
57c190a0
57c190a4
57c190a8
57c190ac
57c190b0
57c190b4
57c190b8
57c190bc
57c190d4
57c1a000
57c1a004
57c1a008
57c1a00c
57c1a010
57c1a014
57c1a018
57c1a01c
57c1a024
57c1a028
57c1a02c
57c1a030
57c1a038
57c1a03c
57c1a040
57c1a044
57c1a046
57c1a048
57c1a04c
57c1a04e
57c1a050
57c1a054
57c1a05c
57c1a060
57c1a064
57c1a068
57c1a06c
57c1a070
57c1a074
57c1a078
57c1a07c
57c1a080
57c1a084
57c1a088
57c1a08c
57c1a094
57c1a09c
57c1a0a0
57c1a0a4
57c1a0a8
57c1a0ac
57c1a0b0
57c1a0b4
57c1a0b8
57c1a0bc
57c1a0d4
57c1b000
57c1b004
57c1b008
57c1b00c
57c1b010
57c1b014
57c1b018
57c1b01c
57c1b024
57c1b028
57c1b02c
57c1b030
57c1b038
57c1b03c
57c1b040
57c1b044
57c1b046
57c1b048
57c1b04c
57c1b04e
57c1b050
57c1b054
57c1b05c
57c1b060
57c1b064
57c1b068
57c1b06c
57c1b070
57c1b074
57c1b078
57c1b07c
57c1b080
57c1b084
57c1b088
57c1b08c
57c1b094
57c1b09c
57c1b0a0
57c1b0a4
57c1b0a8
57c1b0ac
57c1b0b0
57c1b0b4
57c1b0b8
57c1b0bc
57c1b0d4
57c1c000
57c1c004
57c1c008
57c1c00c
57c1c010
57c1c014
57c1c018
57c1c01c
57c1c024
57c1c028
57c1c02c
57c1c030
57c1c038
57c1c03c
57c1c040
57c1c044
57c1c046
57c1c048
57c1c04c
57c1c04e
57c1c050
57c1c054
57c1c05c
57c1c060
57c1c064
57c1c068
57c1c06c
57c1c070
57c1c074
57c1c078
57c1c07c
57c1c080
57c1c084
57c1c088
57c1c08c
57c1c094
57c1c09c
57c1c0a0
57c1c0a4
57c1c0a8
57c1c0ac
57c1c0b0
57c1c0b4
57c1c0b8
57c1c0bc
57c1c0d4
57c1d000
57c1d004
57c1d008
57c1d00c
57c1d010
57c1d014
57c1d018
57c1d01c
57c1d024
57c1d028
57c1d02c
57c1d030
57c1d038
57c1d03c
57c1d040
57c1d044
57c1d046
57c1d048
57c1d04c
57c1d04e
57c1d050
57c1d054
57c1d05c
57c1d060
57c1d064
57c1d068
57c1d06c
57c1d070
57c1d074
57c1d078
57c1d07c
57c1d080
57c1d084
57c1d088
57c1d08c
57c1d094
57c1d09c
57c1d0a0
57c1d0a4
57c1d0a8
57c1d0ac
57c1d0b0
57c1d0b4
57c1d0b8
57c1d0bc
57c1d0d4
57c1e000
57c1e004
57c1e008
57c1e00c
57c1e010
57c1e014
57c1e018
57c1e01c
57c1e024
57c1e028
57c1e02c
57c1e030
57c1e038
57c1e03c
57c1e040
57c1e044
57c1e046
57c1e048
57c1e04c
57c1e04e
57c1e050
57c1e054
57c1e05c
57c1e060
57c1e064
57c1e068
57c1e06c
57c1e070
57c1e074
57c1e078
57c1e07c
57c1e080
57c1e084
57c1e088
57c1e08c
57c1e094
57c1e09c
57c1e0a0
57c1e0a4
57c1e0a8
57c1e0ac
57c1e0b0
57c1e0b4
57c1e0b8
57c1e0bc
57c1e0d4
57c1f000
57c1f004
57c1f008
57c1f00c
57c1f010
57c1f014
57c1f018
57c1f01c
57c1f024
57c1f028
57c1f02c
57c1f030
57c1f038
57c1f03c
57c1f040
57c1f044
57c1f046
57c1f048
57c1f04c
57c1f04e
57c1f050
57c1f054
57c1f05c
57c1f060
57c1f064
57c1f068
57c1f06c
57c1f070
57c1f074
57c1f078
57c1f07c
57c1f080
57c1f084
57c1f088
57c1f08c
57c1f094
57c1f09c
57c1f0a0
57c1f0a4
57c1f0a8
57c1f0ac
57c1f0b0
57c1f0b4
57c1f0b8
57c1f0bc
57c1f0d4
57d10000
57d10001
57d10008
57d10009
57d10010
57d10011
57d10018
57d10019
57d10020
57d10021
57d10024
57d10025
57d10028
57d10029
57d10038
57d10039
57d1003c
57d1003d
57d10042
57d1005c
57d1005d
57d1005e
57d10060
57d10061
57d10064
57d10065
57d1006c
57d1006d
57d10070
57d10071
57d10074
57d10075
57d1007c
57d1007d
57d10080
57d10081
57d10084
57d10085
57d10090
57d10091
57d1009c
57d1009d
57d100a0
57d100a1
57d100a4
57d100a5
57d100a8
57d100a9
57d100ac
57d100ad
57d100b0
57d100b1
57d100b4
57d100b5
57d100b8
57d100b9
57d100bc
57d100bd
57d100c0
57d100c1
57d100c8
57d100c9
57d100d0
57d100d1
57d100d8
57d100d9
57d100e0
57d100e1
57d100ec
57d100ed
57d100f0
57d100f1
57d100f4
57d100f5
57d100f8
57d100f9
57d100fc
57d100fd
57d11000
57d11001
57d11008
57d11009
57d11010
57d11011
57d11018
57d11019
57d11020
57d11021
57d11024
57d11025
57d11028
57d11029
57d11038
57d11039
57d1103c
57d1103d
57d1105c
57d1105d
57d11060
57d11061
57d11064
57d11065
57d1106c
57d1106d
57d11070
57d11071
57d11074
57d11075
57d1107c
57d1107d
57d11080
57d11081
57d11084
57d11085
57d11090
57d11091
57d1109c
57d1109d
57d110a0
57d110a1
57d110a4
57d110a5
57d110a8
57d110a9
57d110ac
57d110ad
57d110b0
57d110b1
57d110b4
57d110b5
57d110b8
57d110b9
57d110bc
57d110bd
57d110c0
57d110c1
57d110c8
57d110c9
57d110d0
57d110d1
57d110d8
57d110d9
57d110e0
57d110e1
57d110ec
57d110ed
57d110f0
57d110f1
57d110f4
57d110f5
57d110f8
57d110f9
57d110fc
57d110fd
57d12000
57d12001
57d12008
57d12009
57d12010
57d12011
57d12018
57d12019
57d12020
57d12021
57d12024
57d12025
57d12028
57d12029
57d12038
57d12039
57d1203c
57d1203d
57d1205c
57d1205d
57d12060
57d12061
57d12064
57d12065
57d1206c
57d1206d
57d12070
57d12071
57d12074
57d12075
57d1207c
57d1207d
57d12080
57d12081
57d12084
57d12085
57d12090
57d12091
57d1209c
57d1209d
57d120a0
57d120a1
57d120a4
57d120a5
57d120a8
57d120a9
57d120ac
57d120ad
57d120b0
57d120b1
57d120b4
57d120b5
57d120b8
57d120b9
57d120bc
57d120bd
57d120c0
57d120c1
57d120c8
57d120c9
57d120d0
57d120d1
57d120d8
57d120d9
57d120e0
57d120e1
57d120ec
57d120ed
57d120f0
57d120f1
57d120f4
57d120f5
57d120f8
57d120f9
57d120fc
57d120fd
57d13000
57d13001
57d13008
57d13009
57d13010
57d13011
57d13018
57d13019
57d13020
57d13021
57d13024
57d13025
57d13028
57d13029
57d13038
57d13039
57d1303c
57d1303d
57d1305c
57d1305d
57d13060
57d13061
57d13064
57d13065
57d1306c
57d1306d
57d13070
57d13071
57d13074
57d13075
57d1307c
57d1307d
57d13080
57d13081
57d13084
57d13085
57d13090
57d13091
57d1309c
57d1309d
57d130a0
57d130a1
57d130a4
57d130a5
57d130a8
57d130a9
57d130ac
57d130ad
57d130b0
57d130b1
57d130b4
57d130b5
57d130b8
57d130b9
57d130bc
57d130bd
57d130c0
57d130c1
57d130c8
57d130c9
57d130d0
57d130d1
57d130d8
57d130d9
57d130e0
57d130e1
57d130ec
57d130ed
57d130f0
57d130f1
57d130f4
57d130f5
57d130f8
57d130f9
57d130fc
57d130fd
57d14000
57d14001
57d14008
57d14009
57d14010
57d14011
57d14018
57d14019
57d14020
57d14021
57d14024
57d14025
57d14028
57d14029
57d14038
57d14039
57d1403c
57d1403d
57d1405c
57d1405d
57d14060
57d14061
57d14064
57d14065
57d1406c
57d1406d
57d14070
57d14071
57d14074
57d14075
57d1407c
57d1407d
57d14080
57d14081
57d14084
57d14085
57d14090
57d14091
57d1409c
57d1409d
57d140a0
57d140a1
57d140a4
57d140a5
57d140a8
57d140a9
57d140ac
57d140ad
57d140b0
57d140b1
57d140b4
57d140b5
57d140b8
57d140b9
57d140bc
57d140bd
57d140c0
57d140c1
57d140c8
57d140c9
57d140d0
57d140d1
57d140d8
57d140d9
57d140e0
57d140e1
57d140ec
57d140ed
57d140f0
57d140f1
57d140f4
57d140f5
57d140f8
57d140f9
57d140fc
57d140fd
57d15000
57d15001
57d15008
57d15009
57d15010
57d15011
57d15018
57d15019
57d15020
57d15021
57d15024
57d15025
57d15028
57d15029
57d15038
57d15039
57d1503c
57d1503d
57d1505c
57d1505d
57d15060
57d15061
57d15064
57d15065
57d1506c
57d1506d
57d15070
57d15071
57d15074
57d15075
57d1507c
57d1507d
57d15080
57d15081
57d15084
57d15085
57d15090
57d15091
57d1509c
57d1509d
57d150a0
57d150a1
57d150a4
57d150a5
57d150a8
57d150a9
57d150ac
57d150ad
57d150b0
57d150b1
57d150b4
57d150b5
57d150b8
57d150b9
57d150bc
57d150bd
57d150c0
57d150c1
57d150c8
57d150c9
57d150d0
57d150d1
57d150d8
57d150d9
57d150e0
57d150e1
57d150ec
57d150ed
57d150f0
57d150f1
57d150f4
57d150f5
57d150f8
57d150f9
57d150fc
57d150fd
57d16000
57d16001
57d16008
57d16009
57d16010
57d16011
57d16018
57d16019
57d16020
57d16021
57d16024
57d16025
57d16028
57d16029
57d16038
57d16039
57d1603c
57d1603d
57d1605c
57d1605d
57d16060
57d16061
57d16064
57d16065
57d1606c
57d1606d
57d16070
57d16071
57d16074
57d16075
57d1607c
57d1607d
57d16080
57d16081
57d16084
57d16085
57d16090
57d16091
57d1609c
57d1609d
57d160a0
57d160a1
57d160a4
57d160a5
57d160a8
57d160a9
57d160ac
57d160ad
57d160b0
57d160b1
57d160b4
57d160b5
57d160b8
57d160b9
57d160bc
57d160bd
57d160c0
57d160c1
57d160c8
57d160c9
57d160d0
57d160d1
57d160d8
57d160d9
57d160e0
57d160e1
57d160ec
57d160ed
57d160f0
57d160f1
57d160f4
57d160f5
57d160f8
57d160f9
57d160fc
57d160fd
57d17000
57d17001
57d17008
57d17009
57d17010
57d17011
57d17018
57d17019
57d17020
57d17021
57d17024
57d17025
57d17028
57d17029
57d17038
57d17039
57d1703c
57d1703d
57d1705c
57d1705d
57d17060
57d17061
57d17064
57d17065
57d1706c
57d1706d
57d17070
57d17071
57d17074
57d17075
57d1707c
57d1707d
57d17080
57d17081
57d17084
57d17085
57d17090
57d17091
57d1709c
57d1709d
57d170a0
57d170a1
57d170a4
57d170a5
57d170a8
57d170a9
57d170ac
57d170ad
57d170b0
57d170b1
57d170b4
57d170b5
57d170b8
57d170b9
57d170bc
57d170bd
57d170c0
57d170c1
57d170c8
57d170c9
57d170d0
57d170d1
57d170d8
57d170d9
57d170e0
57d170e1
57d170ec
57d170ed
57d170f0
57d170f1
57d170f4
57d170f5
57d170f8
57d170f9
57d170fc
57d170fd
57d18000
57d18008
57d18010
57d18018
57d18020
57d18024
57d18028
57d18038
57d1803c
57d1805c
57d18060
57d18064
57d1806c
57d18070
57d18074
57d1807c
57d18080
57d18084
57d18090
57d1809c
57d180a0
57d180a4
57d180a8
57d180ac
57d180b0
57d180b4
57d180b8
57d180bc
57d180c0
57d180c8
57d180d0
57d180d8
57d180e0
57d180ec
57d180f0
57d180f4
57d180f8
57d180fc
57d19000
57d19008
57d19010
57d19018
57d19020
57d19024
57d19028
57d19038
57d1903c
57d1905c
57d19060
57d19064
57d1906c
57d19070
57d19074
57d1907c
57d19080
57d19084
57d19090
57d1909c
57d190a0
57d190a4
57d190a8
57d190ac
57d190b0
57d190b4
57d190b8
57d190bc
57d190c0
57d190c8
57d190d0
57d190d8
57d190e0
57d190ec
57d190f0
57d190f4
57d190f8
57d190fc
57d1a000
57d1a008
57d1a010
57d1a018
57d1a020
57d1a024
57d1a028
57d1a038
57d1a03c
57d1a05c
57d1a060
57d1a064
57d1a06c
57d1a070
57d1a074
57d1a07c
57d1a080
57d1a084
57d1a090
57d1a09c
57d1a0a0
57d1a0a4
57d1a0a8
57d1a0ac
57d1a0b0
57d1a0b4
57d1a0b8
57d1a0bc
57d1a0c0
57d1a0c8
57d1a0d0
57d1a0d8
57d1a0e0
57d1a0ec
57d1a0f0
57d1a0f4
57d1a0f8
57d1a0fc
57d1b000
57d1b008
57d1b010
57d1b018
57d1b020
57d1b024
57d1b028
57d1b038
57d1b03c
57d1b05c
57d1b060
57d1b064
57d1b06c
57d1b070
57d1b074
57d1b07c
57d1b080
57d1b084
57d1b090
57d1b09c
57d1b0a0
57d1b0a4
57d1b0a8
57d1b0ac
57d1b0b0
57d1b0b4
57d1b0b8
57d1b0bc
57d1b0c0
57d1b0c8
57d1b0d0
57d1b0d8
57d1b0e0
57d1b0ec
57d1b0f0
57d1b0f4
57d1b0f8
57d1b0fc
57d1c000
57d1c008
57d1c010
57d1c018
57d1c020
57d1c024
57d1c028
57d1c038
57d1c03c
57d1c05c
57d1c060
57d1c064
57d1c06c
57d1c070
57d1c074
57d1c07c
57d1c080
57d1c084
57d1c090
57d1c09c
57d1c0a0
57d1c0a4
57d1c0a8
57d1c0ac
57d1c0b0
57d1c0b4
57d1c0b8
57d1c0bc
57d1c0c0
57d1c0c8
57d1c0d0
57d1c0d8
57d1c0e0
57d1c0ec
57d1c0f0
57d1c0f4
57d1c0f8
57d1c0fc
57d1d000
57d1d008
57d1d010
57d1d018
57d1d020
57d1d024
57d1d028
57d1d038
57d1d03c
57d1d05c
57d1d060
57d1d064
57d1d06c
57d1d070
57d1d074
57d1d07c
57d1d080
57d1d084
57d1d090
57d1d09c
57d1d0a0
57d1d0a4
57d1d0a8
57d1d0ac
57d1d0b0
57d1d0b4
57d1d0b8
57d1d0bc
57d1d0c0
57d1d0c8
57d1d0d0
57d1d0d8
57d1d0e0
57d1d0ec
57d1d0f0
57d1d0f4
57d1d0f8
57d1d0fc
57d1e000
57d1e008
57d1e010
57d1e018
57d1e020
57d1e024
57d1e028
57d1e038
57d1e03c
57d1e05c
57d1e060
57d1e064
57d1e06c
57d1e070
57d1e074
57d1e07c
57d1e080
57d1e084
57d1e090
57d1e09c
57d1e0a0
57d1e0a4
57d1e0a8
57d1e0ac
57d1e0b0
57d1e0b4
57d1e0b8
57d1e0bc
57d1e0c0
57d1e0c8
57d1e0d0
57d1e0d8
57d1e0e0
57d1e0ec
57d1e0f0
57d1e0f4
57d1e0f8
57d1e0fc
57d1f000
57d1f008
57d1f010
57d1f018
57d1f020
57d1f024
57d1f028
57d1f038
57d1f03c
57d1f05c
57d1f060
57d1f064
57d1f06c
57d1f070
57d1f074
57d1f07c
57d1f080
57d1f084
57d1f090
57d1f09c
57d1f0a0
57d1f0a4
57d1f0a8
57d1f0ac
57d1f0b0
57d1f0b4
57d1f0b8
57d1f0bc
57d1f0c0
57d1f0c8
57d1f0d0
57d1f0d8
57d1f0e0
57d1f0ec
57d1f0f0
57d1f0f4
57d1f0f8
57d1f0fc
57e10020
57e10021
57e10024
57e10025
57e10028
57e10029
57e1002c
57e1002d
57e10030
57e10031
57e10034
57e10035
57e10038
57e10039
57e1003c
57e1003d
57e10042
57e10080
57e10081
57e10084
57e10085
57e10088
57e10089
57e1008c
57e1008d
57e10090
57e10091
57e10094
57e10095
57e10098
57e10099
57e1009c
57e1009d
57e100a4
57e100a5
57e100ac
57e100ad
57e100b4
57e100b5
57e100bc
57e100bd
57e100c0
57e100c1
57e100c4
57e100c5
57e100c8
57e100c9
57e100cc
57e100cd
57e100d0
57e100d1
57e100d4
57e100d5
57e100d8
57e100d9
57e100dc
57e100dd
57e100e0
57e100e1
57e100e8
57e100e9
57e100ec
57e100ed
57e100f0
57e100f1
57e100f4
57e100f5
57e100f8
57e100f9
57e100fc
57e100fd
57e11020
57e11021
57e11024
57e11025
57e11028
57e11029
57e1102c
57e1102d
57e11030
57e11031
57e11034
57e11035
57e11038
57e11039
57e1103c
57e1103d
57e11080
57e11081
57e11084
57e11085
57e11088
57e11089
57e1108c
57e1108d
57e11090
57e11091
57e11094
57e11095
57e11098
57e11099
57e1109c
57e1109d
57e110a4
57e110a5
57e110ac
57e110ad
57e110b4
57e110b5
57e110bc
57e110bd
57e110c0
57e110c1
57e110c4
57e110c5
57e110c8
57e110c9
57e110cc
57e110cd
57e110d0
57e110d1
57e110d4
57e110d5
57e110d8
57e110d9
57e110dc
57e110dd
57e110e0
57e110e1
57e110e8
57e110e9
57e110ec
57e110ed
57e110f0
57e110f1
57e110f4
57e110f5
57e110f8
57e110f9
57e110fc
57e110fd
57e12020
57e12021
57e12024
57e12025
57e12028
57e12029
57e1202c
57e1202d
57e12030
57e12031
57e12034
57e12035
57e12038
57e12039
57e1203c
57e1203d
57e12080
57e12081
57e12084
57e12085
57e12088
57e12089
57e1208c
57e1208d
57e12090
57e12091
57e12094
57e12095
57e12098
57e12099
57e1209c
57e1209d
57e120a4
57e120a5
57e120ac
57e120ad
57e120b4
57e120b5
57e120bc
57e120bd
57e120c0
57e120c1
57e120c4
57e120c5
57e120c8
57e120c9
57e120cc
57e120cd
57e120d0
57e120d1
57e120d4
57e120d5
57e120d8
57e120d9
57e120dc
57e120dd
57e120e0
57e120e1
57e120e8
57e120e9
57e120ec
57e120ed
57e120f0
57e120f1
57e120f4
57e120f5
57e120f8
57e120f9
57e120fc
57e120fd
57e13020
57e13021
57e13024
57e13025
57e13028
57e13029
57e1302c
57e1302d
57e13030
57e13031
57e13034
57e13035
57e13038
57e13039
57e1303c
57e1303d
57e13080
57e13081
57e13084
57e13085
57e13088
57e13089
57e1308c
57e1308d
57e13090
57e13091
57e13094
57e13095
57e13098
57e13099
57e1309c
57e1309d
57e130a4
57e130a5
57e130ac
57e130ad
57e130b4
57e130b5
57e130bc
57e130bd
57e130c0
57e130c1
57e130c4
57e130c5
57e130c8
57e130c9
57e130cc
57e130cd
57e130d0
57e130d1
57e130d4
57e130d5
57e130d8
57e130d9
57e130dc
57e130dd
57e130e0
57e130e1
57e130e8
57e130e9
57e130ec
57e130ed
57e130f0
57e130f1
57e130f4
57e130f5
57e130f8
57e130f9
57e130fc
57e130fd
57e14020
57e14021
57e14024
57e14025
57e14028
57e14029
57e1402c
57e1402d
57e14030
57e14031
57e14034
57e14035
57e14038
57e14039
57e1403c
57e1403d
57e14080
57e14081
57e14084
57e14085
57e14088
57e14089
57e1408c
57e1408d
57e14090
57e14091
57e14094
57e14095
57e14098
57e14099
57e1409c
57e1409d
57e140a4
57e140a5
57e140ac
57e140ad
57e140b4
57e140b5
57e140bc
57e140bd
57e140c0
57e140c1
57e140c4
57e140c5
57e140c8
57e140c9
57e140cc
57e140cd
57e140d0
57e140d1
57e140d4
57e140d5
57e140d8
57e140d9
57e140dc
57e140dd
57e140e0
57e140e1
57e140e8
57e140e9
57e140ec
57e140ed
57e140f0
57e140f1
57e140f4
57e140f5
57e140f8
57e140f9
57e140fc
57e140fd
57e15020
57e15021
57e15024
57e15025
57e15028
57e15029
57e1502c
57e1502d
57e15030
57e15031
57e15034
57e15035
57e15038
57e15039
57e1503c
57e1503d
57e15080
57e15081
57e15084
57e15085
57e15088
57e15089
57e1508c
57e1508d
57e15090
57e15091
57e15094
57e15095
57e15098
57e15099
57e1509c
57e1509d
57e150a4
57e150a5
57e150ac
57e150ad
57e150b4
57e150b5
57e150bc
57e150bd
57e150c0
57e150c1
57e150c4
57e150c5
57e150c8
57e150c9
57e150cc
57e150cd
57e150d0
57e150d1
57e150d4
57e150d5
57e150d8
57e150d9
57e150dc
57e150dd
57e150e0
57e150e1
57e150e8
57e150e9
57e150ec
57e150ed
57e150f0
57e150f1
57e150f4
57e150f5
57e150f8
57e150f9
57e150fc
57e150fd
57e16020
57e16021
57e16024
57e16025
57e16028
57e16029
57e1602c
57e1602d
57e16030
57e16031
57e16034
57e16035
57e16038
57e16039
57e1603c
57e1603d
57e16080
57e16081
57e16084
57e16085
57e16088
57e16089
57e1608c
57e1608d
57e16090
57e16091
57e16094
57e16095
57e16098
57e16099
57e1609c
57e1609d
57e160a4
57e160a5
57e160ac
57e160ad
57e160b4
57e160b5
57e160bc
57e160bd
57e160c0
57e160c1
57e160c4
57e160c5
57e160c8
57e160c9
57e160cc
57e160cd
57e160d0
57e160d1
57e160d4
57e160d5
57e160d8
57e160d9
57e160dc
57e160dd
57e160e0
57e160e1
57e160e8
57e160e9
57e160ec
57e160ed
57e160f0
57e160f1
57e160f4
57e160f5
57e160f8
57e160f9
57e160fc
57e160fd
57e17020
57e17021
57e17024
57e17025
57e17028
57e17029
57e1702c
57e1702d
57e17030
57e17031
57e17034
57e17035
57e17038
57e17039
57e1703c
57e1703d
57e17080
57e17081
57e17084
57e17085
57e17088
57e17089
57e1708c
57e1708d
57e17090
57e17091
57e17094
57e17095
57e17098
57e17099
57e1709c
57e1709d
57e170a4
57e170a5
57e170ac
57e170ad
57e170b4
57e170b5
57e170bc
57e170bd
57e170c0
57e170c1
57e170c4
57e170c5
57e170c8
57e170c9
57e170cc
57e170cd
57e170d0
57e170d1
57e170d4
57e170d5
57e170d8
57e170d9
57e170dc
57e170dd
57e170e0
57e170e1
57e170e8
57e170e9
57e170ec
57e170ed
57e170f0
57e170f1
57e170f4
57e170f5
57e170f8
57e170f9
57e170fc
57e170fd
57e18020
57e18024
57e18028
57e1802c
57e18030
57e18034
57e18038
57e1803c
57e18080
57e18084
57e18088
57e1808c
57e18090
57e18094
57e18098
57e1809c
57e180a4
57e180ac
57e180b4
57e180bc
57e180c0
57e180c4
57e180c8
57e180cc
57e180d0
57e180d4
57e180d8
57e180dc
57e180e0
57e180e8
57e180ec
57e180f0
57e180f4
57e180f8
57e180fc
57e19020
57e19024
57e19028
57e1902c
57e19030
57e19034
57e19038
57e1903c
57e19080
57e19084
57e19088
57e1908c
57e19090
57e19094
57e19098
57e1909c
57e190a4
57e190ac
57e190b4
57e190bc
57e190c0
57e190c4
57e190c8
57e190cc
57e190d0
57e190d4
57e190d8
57e190dc
57e190e0
57e190e8
57e190ec
57e190f0
57e190f4
57e190f8
57e190fc
57e1a020
57e1a024
57e1a028
57e1a02c
57e1a030
57e1a034
57e1a038
57e1a03c
57e1a080
57e1a084
57e1a088
57e1a08c
57e1a090
57e1a094
57e1a098
57e1a09c
57e1a0a4
57e1a0ac
57e1a0b4
57e1a0bc
57e1a0c0
57e1a0c4
57e1a0c8
57e1a0cc
57e1a0d0
57e1a0d4
57e1a0d8
57e1a0dc
57e1a0e0
57e1a0e8
57e1a0ec
57e1a0f0
57e1a0f4
57e1a0f8
57e1a0fc
57e1b020
57e1b024
57e1b028
57e1b02c
57e1b030
57e1b034
57e1b038
57e1b03c
57e1b080
57e1b084
57e1b088
57e1b08c
57e1b090
57e1b094
57e1b098
57e1b09c
57e1b0a4
57e1b0ac
57e1b0b4
57e1b0bc
57e1b0c0
57e1b0c4
57e1b0c8
57e1b0cc
57e1b0d0
57e1b0d4
57e1b0d8
57e1b0dc
57e1b0e0
57e1b0e8
57e1b0ec
57e1b0f0
57e1b0f4
57e1b0f8
57e1b0fc
57e1c020
57e1c024
57e1c028
57e1c02c
57e1c030
57e1c034
57e1c038
57e1c03c
57e1c080
57e1c084
57e1c088
57e1c08c
57e1c090
57e1c094
57e1c098
57e1c09c
57e1c0a4
57e1c0ac
57e1c0b4
57e1c0bc
57e1c0c0
57e1c0c4
57e1c0c8
57e1c0cc
57e1c0d0
57e1c0d4
57e1c0d8
57e1c0dc
57e1c0e0
57e1c0e8
57e1c0ec
57e1c0f0
57e1c0f4
57e1c0f8
57e1c0fc
57e1d020
57e1d024
57e1d028
57e1d02c
57e1d030
57e1d034
57e1d038
57e1d03c
57e1d080
57e1d084
57e1d088
57e1d08c
57e1d090
57e1d094
57e1d098
57e1d09c
57e1d0a4
57e1d0ac
57e1d0b4
57e1d0bc
57e1d0c0
57e1d0c4
57e1d0c8
57e1d0cc
57e1d0d0
57e1d0d4
57e1d0d8
57e1d0dc
57e1d0e0
57e1d0e8
57e1d0ec
57e1d0f0
57e1d0f4
57e1d0f8
57e1d0fc
57e1e020
57e1e024
57e1e028
57e1e02c
57e1e030
57e1e034
57e1e038
57e1e03c
57e1e080
57e1e084
57e1e088
57e1e08c
57e1e090
57e1e094
57e1e098
57e1e09c
57e1e0a4
57e1e0ac
57e1e0b4
57e1e0bc
57e1e0c0
57e1e0c4
57e1e0c8
57e1e0cc
57e1e0d0
57e1e0d4
57e1e0d8
57e1e0dc
57e1e0e0
57e1e0e8
57e1e0ec
57e1e0f0
57e1e0f4
57e1e0f8
57e1e0fc
57e1f020
57e1f024
57e1f028
57e1f02c
57e1f030
57e1f034
57e1f038
57e1f03c
57e1f080
57e1f084
57e1f088
57e1f08c
57e1f090
57e1f094
57e1f098
57e1f09c
57e1f0a4
57e1f0ac
57e1f0b4
57e1f0bc
57e1f0c0
57e1f0c4
57e1f0c8
57e1f0cc
57e1f0d0
57e1f0d4
57e1f0d8
57e1f0dc
57e1f0e0
57e1f0e8
57e1f0ec
57e1f0f0
57e1f0f4
57e1f0f8
57e1f0fc
57f10000
57f10001
57f10080
57f10081
57f100c0
57f100c1
57f11000
57f11001
57f11080
57f11081
57f110c0
57f110c1
57f12000
57f12001
57f12080
57f12081
57f120c0
57f120c1
57f13000
57f13001
57f13080
57f13081
57f130c0
57f130c1
57f14000
57f14001
57f14080
57f14081
57f140c0
57f140c1
57f15000
57f15001
57f15080
57f15081
57f150c0
57f150c1
57f16000
57f16001
57f16080
57f16081
57f160c0
57f160c1
57f17000
57f17001
57f17080
57f17081
57f170c0
57f170c1
57f18000
57f18080
57f180c0
57f19000
57f19080
57f190c0
57f1a000
57f1a080
57f1a0c0
57f1b000
57f1b080
57f1b0c0
57f1c000
57f1c080
57f1c0c0
57f1d000
57f1d080
57f1d0c0
57f1e000
57f1e080
57f1e0c0
57f1f000
57f1f080
57f1f0c0
58810000
5900
5940
5960
59810000
59a10000
59c10000
59e10000
5a00
5a80
5a810000
5a90
5a910000
5b00
5b810000
5ba10000
5ba10001
5ba10040
5ba10041
5ba10080
5ba10081
5ba100c0
5ba100c1
5ba11000
5ba11001
5ba11040
5ba11041
5ba11080
5ba11081
5ba110c0
5ba110c1
5ba12000
5ba12001
5ba12040
5ba12041
5ba12080
5ba12081
5ba120c0
5ba120c1
5ba13000
5ba13001
5ba13040
5ba13041
5ba13080
5ba13081
5ba130c0
5ba130c1
5ba14000
5ba14001
5ba14040
5ba14041
5ba14080
5ba14081
5ba140c0
5ba140c1
5ba15000
5ba15001
5ba15040
5ba15041
5ba15080
5ba15081
5ba150c0
5ba150c1
5ba16000
5ba16001
5ba16040
5ba16041
5ba16080
5ba16081
5ba160c0
5ba160c1
5ba17000
5ba17001
5ba17040
5ba17041
5ba17080
5ba17081
5ba170c0
5ba170c1
5ba18000
5ba18040
5ba18080
5ba180c0
5ba19000
5ba19040
5ba19080
5ba190c0
5ba1a000
5ba1a040
5ba1a080
5ba1a0c0
5ba1b000
5ba1b040
5ba1b080
5ba1b0c0
5ba1c000
5ba1c040
5ba1c080
5ba1c0c0
5ba1d000
5ba1d040
5ba1d080
5ba1d0c0
5ba1e000
5ba1e040
5ba1e080
5ba1e0c0
5ba1f000
5ba1f040
5ba1f080
5ba1f0c0
5bb10000
5bb10001
5bb10040
5bb10041
5bb10080
5bb10081
5bb100c0
5bb100c1
5bb11000
5bb11001
5bb11040
5bb11041
5bb11080
5bb11081
5bb110c0
5bb110c1
5bb12000
5bb12001
5bb12040
5bb12041
5bb12080
5bb12081
5bb120c0
5bb120c1
5bb13000
5bb13001
5bb13040
5bb13041
5bb13080
5bb13081
5bb130c0
5bb130c1
5bb14000
5bb14001
5bb14040
5bb14041
5bb14080
5bb14081
5bb140c0
5bb140c1
5bb15000
5bb15001
5bb15040
5bb15041
5bb15080
5bb15081
5bb150c0
5bb150c1
5bb16000
5bb16001
5bb16040
5bb16041
5bb16080
5bb16081
5bb160c0
5bb160c1
5bb17000
5bb17001
5bb17040
5bb17041
5bb17080
5bb17081
5bb170c0
5bb170c1
5bb18000
5bb18040
5bb18080
5bb180c0
5bb19000
5bb19040
5bb19080
5bb190c0
5bb1a000
5bb1a040
5bb1a080
5bb1a0c0
5bb1b000
5bb1b040
5bb1b080
5bb1b0c0
5bb1c000
5bb1c040
5bb1c080
5bb1c0c0
5bb1d000
5bb1d040
5bb1d080
5bb1d0c0
5bb1e000
5bb1e040
5bb1e080
5bb1e0c0
5bb1f000
5bb1f040
5bb1f080
5bb1f0c0
5c810000
5d00
5d40
5d60
5d810000
5da10000
5e00
5e80
5e810000
5e90
5e910000
5f00
5f810000
5f910000
5fa10000
5fb10000
5fc10000
5fd10000
6100
6160
61810000
619c
619d
619e
619f
6200
6280
6290
63810000
63810001
63811000
63811001
63812000
63812001
63813000
63813001
63814000
63814001
63815000
63815001
63816000
63816001
63817000
63817001
63818000
63818001
63819000
6381a000
6381b000
6381c000
6381d000
6381e000
6381f000
63910000
63910001
63911000
63911001
63912000
63912001
63913000
63913001
63914000
63914001
63915000
63915001
63916000
63916001
63917000
63917001
63918000
63918001
63919000
6391a000
6391b000
6391c000
6391d000
6391e000
6391f000
63c10000
63c10001
63c10002
63c10004
63c10006
63c10008
63c1000a
63c1000c
63c1000e
63c10010
63c10012
63c10014
63c10016
63c10018
63c1001a
63c1001c
63c1001e
63c10020
63c10022
63c10024
63c10026
63c10028
63c1002a
63c1002c
63c1002e
63c11000
63c11001
63c12000
63c12001
63c13000
63c13001
63c14000
63c14001
63c15000
63c15001
63c16000
63c16001
63c17000
63c17001
63c18000
63c18001
63c19000
63c1a000
63c1b000
63c1c000
63c1d000
63c1e000
63c1f000
63d10000
63d10001
63d10002
63d10004
63d10006
63d10008
63d1000a
63d1000c
63d1000e
63d10010
63d10012
63d10014
63d10016
63d10018
63d1001a
63d1001c
63d1001e
63d10020
63d10022
63d10024
63d10026
63d10028
63d1002a
63d1002c
63d1002e
63d11000
63d11001
63d12000
63d12001
63d13000
63d13001
63d14000
63d14001
63d15000
63d15001
63d16000
63d16001
63d17000
63d17001
63d18000
63d18001
63d19000
63d1a000
63d1b000
63d1c000
63d1d000
63d1e000
63d1f000
63e10000
63e10001
63e11000
63e11001
63e12000
63e12001
63e13000
63e13001
63e14000
63e14001
63e15000
63e15001
63e16000
63e16001
63e17000
63e17001
63e18000
63e19000
63e1a000
63e1b000
63e1c000
63e1d000
63e1e000
63e1f000
63f10000
63f10001
63f11000
63f11001
63f12000
63f12001
63f13000
63f13001
63f14000
63f14001
63f15000
63f15001
63f16000
63f16001
63f17000
63f17001
63f18000
63f19000
63f1a000
63f1b000
63f1c000
63f1d000
63f1e000
63f1f000
659c
659d
659e
659f
6690
67810000
67811000
67812000
67813000
67814000
67815000
67816000
67817000
67818000
67819000
6781a000
6781b000
699c
699d
699e
699f
6a90
6b810000
6d9c
6d9d
6d9e
6d9f
6e90
6f810000
6f811000
6f812000
6f910000
6f911000
6f912000
6fa10000
6fa11000
6fa12000
6fb10000
6fb11000
6fb12000
6fc10000
6fc11000
6fc12000
6fd10000
6fd11000
6fd12000
6fe10000
6fe11000
6fe12000
6ff10000
6ff11000
6ff12000
719c
719d
719e
719f
7290
73810000
73910000
73910001
73911000
73911001
73912000
73912001
73913000
73913001
73914000
73914001
73915000
73915001
73916000
73916001
73917000
73917001
73918000
73918001
73919000
73919001
7391a000
7391a001
7391b000
7391c000
7391d000
7391e000
7391f000
73a10000
73a10001
73a11000
73a11001
73a12000
73a12001
73a13000
73a13001
73a14000
73a14001
73a15000
73a15001
73a16000
73a16001
73a17000
73a17001
73a18000
73a19000
73a1a000
73a1b000
73a1c000
73a1d000
73a1e000
73a1f000
73b10000
73b10001
73b11000
73b11001
73b12000
73b12001
73b13000
73b13001
73b14000
73b14001
73b15000
73b15001
73b16000
73b16001
73b17000
73b17001
73b18000
73b19000
73b1a000
73b1b000
73b1c000
73b1d000
73b1e000
73b1f000
73c10060
73c10064
73c10068
73c1006c
73c10082
73c10083
73c10086
73c10087
73c1008a
73c1008b
73c1008e
73c1008f
73c100c2
73c100c3
73c100c6
73c100c7
73c100ca
73c100cb
73c100ce
73c100cf
73c11060
73c11064
73c11068
73c11082
73c11083
73c11086
73c11087
73c1108a
73c1108b
73c1108e
73c1108f
73c110c2
73c110c3
73c110c6
73c110c7
73c110ca
73c110cb
73c110ce
73c110cf
73c12082
73c12083
73c12086
73c12087
73c1208a
73c1208b
73c1208e
73c1208f
73c120c2
73c120c3
73c120c6
73c120c7
73c120ca
73c120cb
73c120ce
73c120cf
73c13064
73c13068
73c13082
73c13083
73c13086
73c13087
73c1308a
73c1308b
73c1308e
73c1308f
73c130c2
73c130c3
73c130c6
73c130c7
73c130ca
73c130cb
73c130ce
73c130cf
73c14082
73c14083
73c14086
73c14087
73c1408a
73c1408b
73c1408e
73c1408f
73c140c2
73c140c3
73c140c6
73c140c7
73c140ca
73c140cb
73c140ce
73c140cf
73c15082
73c15083
73c15086
73c15087
73c1508a
73c1508b
73c1508e
73c1508f
73c150c2
73c150c3
73c150c6
73c150c7
73c150ca
73c150cb
73c150ce
73c150cf
73c16082
73c16083
73c16086
73c16087
73c1608a
73c1608b
73c1608e
73c1608f
73c160c2
73c160c3
73c160c6
73c160c7
73c160ca
73c160cb
73c160ce
73c160cf
73c17082
73c17083
73c17086
73c17087
73c1708a
73c1708b
73c1708e
73c1708f
73c170c2
73c170c3
73c170c6
73c170c7
73c170ca
73c170cb
73c170ce
73c170cf
73c18082
73c18086
73c1808a
73c1808e
73c180c2
73c180c6
73c180ca
73c180ce
73c19082
73c19086
73c1908a
73c1908e
73c190c2
73c190c6
73c190ca
73c190ce
73c1a082
73c1a086
73c1a08a
73c1a08e
73c1a0c2
73c1a0c6
73c1a0ca
73c1a0ce
73c1b082
73c1b086
73c1b08a
73c1b08e
73c1b0c2
73c1b0c6
73c1b0ca
73c1b0ce
73c1c081
73c1c082
73c1c085
73c1c086
73c1c089
73c1c08a
73c1c08d
73c1c08e
73c1c0c1
73c1c0c2
73c1c0c5
73c1c0c6
73c1c0c9
73c1c0ca
73c1c0cd
73c1c0ce
73c1d081
73c1d082
73c1d085
73c1d086
73c1d089
73c1d08a
73c1d08d
73c1d08e
73c1d0c1
73c1d0c2
73c1d0c5
73c1d0c6
73c1d0c9
73c1d0ca
73c1d0cd
73c1d0ce
73c1e081
73c1e082
73c1e085
73c1e086
73c1e089
73c1e08a
73c1e08d
73c1e08e
73c1e0c1
73c1e0c2
73c1e0c5
73c1e0c6
73c1e0c9
73c1e0ca
73c1e0cd
73c1e0ce
73c1f081
73c1f082
73c1f085
73c1f086
73c1f089
73c1f08a
73c1f08d
73c1f08e
73c1f0c1
73c1f0c2
73c1f0c5
73c1f0c6
73c1f0c9
73c1f0ca
73c1f0cd
73c1f0ce
73d10000
73d10001
73d11000
73d11001
73d12000
73d12001
73d13000
73d13001
73d14000
73d14001
73d15000
73d15001
73d16000
73d16001
73d17000
73d17001
73d18000
73d18001
73d19000
73d19001
73d1a000
73d1b000
73d1c000
73d1d000
73d1e000
73d1f000
73e10000
73e10001
73e11000
73e11001
73e12000
73e12001
73e13000
73e13001
73e14000
73e14001
73e15000
73e15001
73e16000
73e16001
73e17000
73e17001
73e18000
73e19000
73e1a000
73e1b000
73e1c000
73e1d000
73e1e000
73e1f000
73f10000
73f10001
73f11000
73f11001
73f12000
73f12001
73f13000
73f13001
73f14000
73f14001
73f15000
73f15001
73f16000
73f16001
73f17000
73f17001
73f18000
73f19000
73f1a000
73f1b000
73f1c000
73f1d000
73f1e000
73f1f000
759c
759d
759e
759f
77810000
77a10082
77a10083
77a10086
77a10087
77a1008a
77a1008b
77a100a2
77a100a3
77a100a6
77a100a7
77a100aa
77a100ab
77a100ae
77a100af
77a100b2
77a100b3
77a100b6
77a100b7
77a100ba
77a100bb
77a100be
77a100bf
77a11082
77a11083
77a11086
77a11087
77a1108a
77a1108b
77a110a2
77a110a3
77a110a6
77a110a7
77a110aa
77a110ab
77a110ae
77a110af
77a110b2
77a110b3
77a110b6
77a110b7
77a110ba
77a110bb
77a110be
77a110bf
77a12082
77a12083
77a12086
77a12087
77a1208a
77a1208b
77a120a2
77a120a3
77a120a6
77a120a7
77a120aa
77a120ab
77a120ae
77a120af
77a120b2
77a120b3
77a120b6
77a120b7
77a120ba
77a120bb
77a120be
77a120bf
77a13082
77a13083
77a13086
77a13087
77a1308a
77a1308b
77a130a2
77a130a3
77a130a6
77a130a7
77a130aa
77a130ab
77a130ae
77a130af
77a130b2
77a130b3
77a130b6
77a130b7
77a130ba
77a130bb
77a130be
77a130bf
77a14082
77a14083
77a14086
77a14087
77a1408a
77a1408b
77a140a2
77a140a3
77a140a6
77a140a7
77a140aa
77a140ab
77a140ae
77a140af
77a140b2
77a140b3
77a140b6
77a140b7
77a140ba
77a140bb
77a140be
77a140bf
77a15082
77a15083
77a15086
77a15087
77a1508a
77a1508b
77a150a2
77a150a3
77a150a6
77a150a7
77a150aa
77a150ab
77a150ae
77a150af
77a150b2
77a150b3
77a150b6
77a150b7
77a150ba
77a150bb
77a150be
77a150bf
77a16082
77a16083
77a16086
77a16087
77a1608a
77a1608b
77a160a2
77a160a3
77a160a6
77a160a7
77a160aa
77a160ab
77a160ae
77a160af
77a160b2
77a160b3
77a160b6
77a160b7
77a160ba
77a160bb
77a160be
77a160bf
77a17082
77a17083
77a17086
77a17087
77a1708a
77a1708b
77a170a2
77a170a3
77a170a6
77a170a7
77a170aa
77a170ab
77a170ae
77a170af
77a170b2
77a170b3
77a170b6
77a170b7
77a170ba
77a170bb
77a170be
77a170bf
77a18082
77a18086
77a1808a
77a180a2
77a180a6
77a180aa
77a180ae
77a180b2
77a180b6
77a180ba
77a180be
77a19082
77a19086
77a1908a
77a190a2
77a190a6
77a190aa
77a190ae
77a190b2
77a190b6
77a190ba
77a190be
77a1a082
77a1a086
77a1a08a
77a1a0a2
77a1a0a6
77a1a0aa
77a1a0ae
77a1a0b2
77a1a0b6
77a1a0ba
77a1a0be
77a1b082
77a1b086
77a1b08a
77a1b0a2
77a1b0a6
77a1b0aa
77a1b0ae
77a1b0b2
77a1b0b6
77a1b0ba
77a1b0be
77a1c082
77a1c086
77a1c08a
77a1c0a2
77a1c0a6
77a1c0aa
77a1c0ae
77a1c0b2
77a1c0b6
77a1c0ba
77a1c0be
77a1d082
77a1d086
77a1d08a
77a1d0a2
77a1d0a6
77a1d0aa
77a1d0ae
77a1d0b2
77a1d0b6
77a1d0ba
77a1d0be
77a1e082
77a1e086
77a1e08a
77a1e0a2
77a1e0a6
77a1e0aa
77a1e0ae
77a1e0b2
77a1e0b6
77a1e0ba
77a1e0be
77a1f082
77a1f086
77a1f08a
77a1f0a2
77a1f0a6
77a1f0aa
77a1f0ae
77a1f0b2
77a1f0b6
77a1f0ba
77a1f0be
7b810000
7be10000
7be10001
7be11000
7be11001
7be12000
7be12001
7be13000
7be13001
7be14000
7be14001
7be15000
7be15001
7be16000
7be16001
7be17000
7be17001
7be18000
7be19000
7be1a000
7be1b000
7be1c000
7be1d000
7be1e000
7be1f000
7bf10000
7bf10001
7bf11000
7bf11001
7bf12000
7bf12001
7bf13000
7bf13001
7bf14000
7bf14001
7bf15000
7bf15001
7bf16000
7bf16001
7bf17000
7bf17001
7bf18000
7bf19000
7bf1a000
7bf1b000
7bf1c000
7bf1d000
7bf1e000
7bf1f000
7f810000
7f910000
7fa10000
7fb10000
7fc10000
7fd10000
8100
8101
8102
8103
8104
8105
8106
8107
8108
8109
810a
810b
8120
8121
8122
8123
8124
8125
8126
8127
8128
8129
812a
812b
8140
8160
8161
8162
8163
8164
8165
8166
8167
8168
8169
816a
816b
816c
816d
816e
816f
8184
8185
8186
8187
8200
8201
8202
8203
8204
8205
8206
8207
8208
8209
820a
820b
8280
8540
8940
8d40
9140
9540
9940
9d40
a140
a540
a940
ad40
b140
b540
b940
bd40
c140
c540
c940
cd40
d140
d540
d940
dd40
e19c
e19d
e19e
e19f
e59c
e59d
e59e
e59f
e99c
e99d
e99e
e99f
ed9c
ed9d
ed9e
ed9f
f19c
f19d
f19e
f19f
f59c
f59d
f59e
f59f
