# ChampSim Tracer task ledger -- number, state, title.
#
# WHY THIS FILE EXISTS (exec252 triage, fact 1): the ledger numbering above
# roughly #375 existed nowhere on disk -- ARC3_CLOSE.md is prepend-ordered
# archaeology topping out at #369, and rows #376+ lived only in the working
# session's task list.  "Close out the remaining open tasks" cannot be
# checked by anyone who does not already hold the list, so the list now
# lives here.  Transcribed 2026-09-22 from the session task state at tip
# fbe57f7115; titles are the rows' own one-line subjects, verbatim.
#
# RULES: closures are recorded HERE (state column + a sha or evidence path
# appended to the title) in the same commit that closes the row, or the
# closure did not happen.  Shas cited inside pre-identity-rewrite titles may
# not be ancestors of HEAD (the 2026-09-17 rewrite re-created every commit
# after ff315644d4); exec252/triage/TRIAGE.md maps the known twins.
#
# number	state	title
1	completed	Land validator silent-false-success fix
2	completed	Run gate 4 (validator full) on a COMPLETE build
3	completed	DONE: adversarial marker wave ported to all 4 ISAs (proof of ruling -> #21)
4	completed	DONE-ALREADY (triage-verified): gate-6 marker+simpoint composition landed -- validator/__main__.py:752-764, wire-judged _chk_system_simpoint wired at _full.py:2368
5	completed	Gate 7: pinned-but-not-tracing performance table
6	completed	RESOLVED not-a-bug: user-mode ignores markers by design
7	completed	Implement idle-close tripwire (off by default, CLA-tunable)
8	completed	RESOLVED: dead_latch_x86 was a racy CHECK; detector was correct
9	completed	DONE-ALREADY (triage-verified): dead-latch holes closed -- deadlatch_beat/UIC_STRIDE cc:404-411 + deadlatch_live_probe required at cc:7279 (b19a3cf44c) + must-fire validator cell; hole 3 = documented behavior
10	pending	OPTIMIZE: coarse fast-forward is disabled on SMP -- the case that matters most
11	completed	FIXED mipsel: straddling marker loss -- decided by physical page pair
12	completed	DEFECT mipsel: END on an unlearned page closes nothing (narrow-ASID owner map)
13	completed	FIXED riscv64: WP excursion erased MIP_MSIP (caught in the act, A/B proven)
14	completed	FIXED: system-mode multi-cluster simpoint (it NEVER worked -- not a regression)
15	completed	DONE: WP leak class hunt -- instrument built, 5 findings (see #16-#19)
16	completed	STALE->RESOLVED: x86 WP WRMSR MTRR/MCE gating HAS landed (verified against the scored binary's DWARF by verdict42)
17	completed	FIXED: PTW device-read escape gated on all 4 targets (latent, not active)
18	completed	FIXED mipsel: CP0_Cause replay mechanism built -- 61.7% of UART IRQs were being lost
19	completed	FIXED riscv64: external_seip/hgeip/breakpoint pointers carried live-forward
20	completed	HANG CLASS RESOLVED into causes: riscv=queue (fixed), mipsel=latch violation (->#37/#40)
21	completed	DONE: unified tree proves the marker ruling; no interaction defects
22	completed	cst_audit reg-snap oracle fails cross-ISA (747/20179 historical stats)
23	completed	MERGED into #26 -- --disable-plugins build fix
24	completed	Gate 7 perf numbers are benchmark-inflated -- the ruled docs edit is made: architecture.rst and concepts.rst present the sha256sum rows as UPPER BOUNDS with no typical figure claimed.  The re-measure half was ruled out of tree by the maintainer (PHASE1_CLOSEOUT_PLAN.md:45 "No re-measure in tree ... publish rows as upper bounds"; Q1 APPROVED at :277)
25	completed	DISCHARGED: TLB-contents + QOM-device oracles HAVE now run on loaded STALLING cells -- clean
26	completed	DONE: local NOTES.md + malta SMP fix + --disable-plugins fix
27	pending	FOLLOW-UP: second snapshot region for WP fidelity of reset-surviving state
28	completed	FIXED: malta MT DVPE/EVPE -- the issuing VPE is the one VPE DVPE may not disable
29	completed	FIXED (upstream QEMU): host_sigbus_handler MMU_INST_FETCH guard + wrong-path departure
30	completed	RESOLVED BY CONTRARY MEASUREMENT: mipsel multi-vCPU marker coverage is structurally unobtainable -- 34Kf refused at install (cc:13194+), P5600 onlines 1 CPU; scope boundary per project_mipsel_smp_untestable (morning Q13 confirms)
31	completed	DISSOLVED by the latch reduction: the narrow-owner phantom window was a root-identity mechanism; content-as-gate has no owner map (g_pin_reuse_guard: zero refs at tip; the stale re-bind paragraph died in the docs pass)
32	pending	Coarse fast-forward is not re-armed between simpoint clusters
33	completed	BAR MET per Q2 (APPROVED): x86_64 smp=1 + the wire-judged full-suite check is the Phase-1 bar; broader coverage is validator debt
34	completed	DONE-ALREADY (triage-verified): foreign-span retention bound superseded -- zero code refs to SUSPENDED_FOREIGN/CST_NO_FSPAN_BOUND; suspend-or-seal rearch replaced the design; part (b) never merged
35	completed	CLOSED: mipsel 640s bimodality -- original cell is REFUSED by the tracer; substitute cell measured 0/30
36	completed	FIXED+REPRODUCED: producer event queue is now bounded (was the riscv/queue root cause)
37	completed	FIXED (fork case): QEMU-side identity closes the mipsel latch violation; wrap case -> #43/#45
38	completed	SUPERSEDED (triage-verified): in-tree thread_test/mt_test drive real cross-vCPU migration (sched_setaffinity, _thread_test_asm.py:345+); #96/#97 finished to proof power; morning note: mkprobe g_ncpu>=2 clamp if spmark re-runs
39	completed	Every cell must prove its workload RAN TO COMPLETION (crash/cap confounder)
40	completed	DONE-ALREADY via simpler primitive (triage-verified): ownership = page-table-root (PWBase/CR3/TTBR0/SATP), unforgeable by fork; rejected code-page machinery deleted (cc:1627-1633); morning Q12 one-line confirm
41	completed	DONE-ALREADY (triage-verified): execve-inside-window scope correction documented -- _attach-after-execve anchor at docs/quickstart.rst:278
42	completed	DISSOLVED (triage-verified): root-keyed ownership makes narrow-ASID rollover a non-event (cc:1288-1295); mipsel SMP untestable by construction -- the per-CPU-ASID join question no longer exists
43	completed	DONE-ALREADY (triage-verified): the re-bind rule was DELETED, not disarmed -- "THERE IS NO RE-BIND RULE" cc:1604, zero code refs; residue = stale architecture.rst:726 paragraph, rode the #31 fix commit
44	completed	DISSOLVED by the latch reduction: no root is ever an identity under content-as-gate, so "recycled root detection" is a non-concept (REDUCTION.md v3 sec.4; landed b6a76f51cc)
45	completed	DONE-ALREADY (triage-verified): refusal on any MIPS model without Config3.PW/PWBase (cc:13194+); P5600 pinned as REQUIRED (_system.py:108-118) -- the 24Kf no-thread rollover case cannot arise
46	completed	DONE-ALREADY (triage-verified): the over-deletion repair is fully restored + wired -- all four sites (cc:1199/12506, cc:1223/12519, cc:7889/10291, rep_ff_ticks_withheld in stats); gate 6 in the full suite
47	pending	WP stuck-bail valves terminate an excursion but are invisible on the wire
48	in_progress	ARC 1 umbrella: all known mechanisms fixed and Phase 1 CLOSED at ff315644d4; the class ("guest stops progressing under tracing") stays OPEN BY STANDING RULE -- a fix closes a mechanism, never the class; batteries are exposure, not proof of absence
49	completed	DONE: ARC 2 -- everything consolidated onto champsim-trace, 130 checkouts to 2
50	in_progress	ARC 3 RESTARTED CLEAN (2026-09-15, maintainer order): tree reset to ff315644d4 + apparatus (f5a6b2064e); demolition era preserved at refs/arc3/monster-tip + backup branch; design of record = p3/arc3/CLEAN_PLAN.md under the approved 6-step contract
51	pending	HALF-MOOTED: the delivered-artifact half is void (package WITHDRAWN per #114/65-A); the WIRE half (cqto/cltd/cwtd false RAX WAW/WAR) needs one check against the current x86 source statements -- likely closed by the flags/lazy-flag reforms but unverified
52	completed	mipsel P5600 ABI blocker + genuine SMP guest
53	completed	BLOCKER: P5600 aborts QEMU in the wrong-path walker (tb->size != 0)
54	pending	Rebuild the mipsel base rootfs against a 2008-NaN libc (drop ieee754=relaxed)
55	completed	QEMU CPS models one core with N VPs; P5600 can never be multi-vCPU
56	completed	DONE-ALREADY (triage-verified): WP fetch faults terminate with explicit markers, DOMAIN_CROSS terminates, back-end continue policy confined (champsim_tracer_wp.cc) -- the WP-walker decomposition arc closed this
57	completed	DONE-ALREADY (triage-verified): cmd_churn_test adjudicates on the ASID-name census with a vacuity guard (__main__.py:1720-1743); zero refs to the retired counter
58	completed	cst_audit dropped==trimmed fires on ~1-in-3 HEALTHY system marker cells
59	completed	FORMAL CLOSE DONE: churn_test x86_64 --system green at ff315644d4 (rc=0, must-0 rows 0, cst_audit rc=0, --strict decode rc=0)
60	completed	CLOSED AT SOURCE: decode-into-RAM -- lazy disk-backed entries + in-battery residency tripwire
61	completed	ARC 3 PREREQ: the MIPS/aarch64 static-decode oracle has no fail condition -- it cannot alert
62	completed	SUPERSEDED: _ISA_SMP_CPU is now LIVE code -- the reduction reopened mipsel SMP and the map boots 34Kf for every mipsel -smp>1 cell (_system.py), with an online-CPU check
63	completed	Round 6 close-drain + hang commits are UNVERIFIED -- adversarial round wgity3wh7
64	completed	Close-time tail emission violates strict program order -- RULED a defect, not a spec question
65	completed	Five close holders are gated but never exercised -- no real occupant has ever appeared
66	completed	riscv64 SIGABRT free(): invalid pointer at tb-size=4 wpdepth=65536
67	completed	compress-sink close has no bound and no diagnostic -- never attacked
68	completed	FIXED (upstream QEMU): riscv itrigger armed a ns timer with a raw instruction count
69	completed	RESOLVED: thread_chain runs in the `all` battery, range-aware, green on user+system gates
70	completed	DONE-ALREADY (triage-reclassified sec.0.1): epoch 0x1E emit-at-extent replaced hold-or-drop -- 08bf21bb52 + 2aba5a2d65; 5519c86065 is an ancestor of HEAD
71	completed	DONE-ALREADY (triage-reclassified sec.0.1): billed==published at every close route -- the block-FID epoch verdict (proven on all four ISAs) closes the budget-bills-at-execution defect
72	completed	REFUTED: close_holder_undrained is blind to a drain that empties without emitting
73	completed	CLOSED (e5777394a0): clock_minus_wire carries its user-only scope contract at the emit site
74	pending	OPEN: SMP-4 END/shutdown closes leave a user clock-vs-wire residual the census cannot name
75	completed	close_in_mid_step does not measure what its name and must-be-0 framing claim
76	completed	FIXED (upstream QEMU): riscv itrigger privilege gating + 3 sibling defects, tested
77	completed	FIXED (END + EXIT): both closes now seal the stopping block; ledger peak 0 on 8 cells
78	completed	CLOSED: all three shutdown-ABBA arms cured at source; aarch64 poweroff arm now measured too
79	completed	TRACE-INVALIDATING: a close-drained block publishes register values from the vCPU's state at close, not the instruction's results
80	completed	ARC epoch 0x1E: block FIDs at reserved ipos (SETTLED) + doc hardening; then implement writer->decoder->downstream
81	completed	TRACE-INVALIDATING: an unresolved terminal branch publishes the previous block's direction and target
82	completed	OUR BUG, IN TREE NOW: 7f47708d9d committed a factually false CFI justification into two files
83	completed	DONE-ALREADY (triage-reclassified sec.0.3): flush_frame_unwound + close_holder_discarded sites have ZERO code refs at HEAD; close_holder_undrained survives correctly
84	completed	Guest RESET is not a close route: the capture survives a machine teardown and reboot
85	completed	IDLE/dead-latch close never fired in three sized attempts -- the backstop may be inert
86	completed	SIGABRT and the realtime gate end runs with an active segment, no census, no stats, orphaned body_tmp
87	completed	Per-translation dataflow scratch is 385 KiB of static TLS, charged to every QEMU thread
88	completed	DISPOSITIONED instrument-debt: the paused-dump oracle was never adopted as a battery prerequisite; dumpdiff2.py stays banked
89	completed	Build calibrated-timeout + condition-sampling watchdog (lldet) for validator + lib wrapper
90	completed	Stale guest asset: stock systest x86 rootfs cst_trace opens no marker window on current builds
91	completed	Fixer 1: validator range-awareness completion (V1-V5) + gate
92	completed	rep_split: publish pre-fault retired REP iterations as the rep-split prefix piece
93	completed	RULED + ORACLE FIXED (25ad3052ea): a sweep close ends every context unstamped; that is the contract, now written
94	pending	Capstone gap: mrs xN, RNDR/RNDRRS NZCV write missing from boundary and fields
95	completed	TRIAGED per Q10: operand-order fallback FIXED+LANDED (0be51eb312+7012240504); post-fix remainder BENIGN, enumerated in cst_runs/t95_fields/TRIAGE_2026-08-21
96	completed	SMP attribution pair: finish to proof-power standard
97	completed	Two SMP census provenance rows still have no falsifier arm
98	completed	RETRACTED as framed; the restore defect it was masking is FIXED (e457f63b9a peer-thaw clock)
99	completed	FIXED (c7cdf3eddf): the close samples every vCPU's in-flight count before the sinks shut
100	completed	CLOSED (e527e27a73): the tb_edge shape HAS a genuine occupant -- SMP peer-slot flush in devio_sys_x86_64_smp2
101	completed	A single WP excursion can hold a vCPU for 267 ms -- the delay is per-excursion, not per-second
102	completed	Delay instrument is blind to exec_lock wait -- on SMP that is where a machine-wide stall hides
103	completed	RESOLVED (41cda51da0): the check was wrong, not the tracer -- iframe floor counted over a prologue-stripped slice
104	completed	cst_audit completeness Oracle 1 silently does not run on simpoint segment traces
105	completed	FIXED (07fb07507f): irreproducibility was host pid + getrandom on the CORRECT path, not WP bails
106	completed	DISCHARGED into #147: mechanism found (iothread VIRTUAL consumption racing WP interposition), sole-consumer discipline landed (34e55de9fc), 0/24 at scale
107	completed	FIXED (1746348e32): surviving malta stall = wait==0 clamp parking the CP0 timer one 2^32 wrap out
108	completed	Two commits on champsim-trace ship a plugin that cannot dlopen -- no gate catches it
109	completed	Agent T: architectural condition tripwire for the escaped x86 system stall
110	completed	FIXED (c1657092ce): TSC/QEMU_CLOCK_VIRTUAL drift closed by removing the second oscillator
111	completed	RETIRED per plan (RECORD): corollary superseded by #147's proven surface; CST_NOFREEZE/CST_NO_VTPAUSE deferred to the #131 freeze-migration remainder
112	completed	CLOSED per plan (RECORD): all four gate false-positive shapes fixed/excluded; the survivor was #113's
113	completed	CLOSED: exact per-TB stretch instrument + machine-wide user clock landed (cf8e04c8f4+ee5f9a0191); 21/386 RED adjudicated MIS-NORMALISATION by measurement -- ADJUDICATION.md
114	completed	RULED NO-ACTION (Q7, 2026-08-20): delivered artifacts are not formal releases -- no sweep, no recapture obligation
115	completed	FIXED (1765301a5d) and VERIFIED at tip: --disable-plugins builds clean
116	completed	CLOSED (ff315644d4): R3 rip-out executed per the banked disposition -- 37 levers + 1 dead alias deleted
117	completed	DISPOSITIONED P3-with-numbers: bracket-edge leak (pre-side <=2.13 ms/window) carries to Phase 3, patches banked in p1/freeze/patches/
118	completed	CLOSED per plan (RECORD): device-state refutation stands; its Flag B is itself refuted -- act on neither
119	completed	CLOSED per plan (RECORD): recipe non-repro (0/121) on file; mooted by #147's intervention proof
120	completed	CLOSED per plan (RECORD): pure refutation, detector proven; retired to the livelock theory ledger
121	completed	CLOSED per plan (RECORD + P3 residual): headline corrected on the record; translation-billing transparency carries as P3 via #122
122	pending	RESIDUAL: in-TB plugin callbacks are still charged to the guest clock
123	completed	CLOSED per plan (RECORD): JIT surface refuted at HEAD (verdict-11 verified)
124	completed	DECIDED, NOT A DEFECT: the excursion omits the jump-cache clear on purpose, and the reason is now in the source
125	completed	FIXED (2870ac3cc9): the containment may skip the eviction, not the count it changes
126	completed	DECIDED, NOT REACHABLE: x86_update_hflags has zero TCG callers, so there is only one hflags maintainer
127	completed	CLOSED (20fbdaa638): the July cross-tree rate ladder is out of the shipped docs; stall page documents the exact-stretch accounting
128	completed	CLOSED (a651da6066): TWO upstream QEMU accounting defects found and fixed -- drift 2403->0, sum|d| 4730->0, 1763 size_t counter WRAPS->0
129	completed	DONE: RIP attribution closed the consequence loop; prefix statediff CLOSED H4 as an exclusion (61.2M boundaries, 0 leaks)
130	completed	CLOSED per plan (RECORD): the false-zero-by-filter pattern is on file (silent-false-success memory)
131	completed	CLOSED: landed+certified through ab96872703; the one remainder (14b) is INFEASIBLE without a riscv64 guest-image build -- P3 harness debt
132	pending	DELIVERED: multi-thread generative content oracle (mt_test) -- follow-ups queued
133	completed	REFUTED (not a plugin bug): plugin_cp_tail_dropped reds were a check naming the wrong mechanism
134	completed	DONE (EXCLUSION UPHELD + causal proof): suppressed-delivery oracle -- notify gate + PPR/ISR both clean, both WEDGE the guest when forced
135	completed	DELETION HALF DONE (402ce9b7f4): plugin_spec_irq_dirty declaration removed; canon-net half re-scoped to #170
136	pending	ISA survey at tip: 0/32 on all four (with caveats) + closure requirements per ISA + harness follow-ups
137	completed	RESOLVED by Q8 round-2 ruling ("LAND NOW"): rev3 endpoint identity + loud-refusal guard landed with the reduction
138	completed	RE-MEASURED AND SPLIT: register half fixed BY RECONSTRUCTION for law-covered x86 families; R1 aarch64 MOPS / R2 SCAS FLAGS ->#174; clock half ->#173
139	pending	PLUGIN DEFECT: champsim_tracer crashes under record/replay -- rr compatibility is owed (maintainer ruling)
140	completed	#106 TIMEBASE JUMPS REAL (75/76 cells); DILATION ACCOUNT REFUTED at its registered bar
141	completed	#106 TIMER SURFACE TESTED TO THE BOTTOM incl. BY INTERVENTION: freeze vindicated; breakout amplifier excluded
142	completed	RULING: no fabricated events across ALL ISAs -- edge re-arm is mandated correctness
143	completed	FABRICATION FIXES LANDED: d977e4b2a5 + 01b1d3e626 + db8e637719 + 22a27cf721; D1 designed only
144	completed	#106 SEPARATION ANSWERED (sepwave): the stall follows the CLOCK DERIVATION exactly
145	completed	#106 table + basis audit DONE: only C1 + C2 pass all arms; BASIS WRITERS HOLD at zero tolerance
146	completed	#106 ICOUNT-FEATURE BISECTION + LOCUS WAVE DONE: the deadline-consumption locus IS the surface
147	completed	#106 MECHANISM CLOSED + PRODUCTIZED: sole-consumer VIRTUAL evaluation at slice breakouts landed (34e55de9fc); 0/24
148	completed	PHASE 1 CLOSED (PHASE1_REVERDICT.md at ff315644d4); 252 commits PUSHED to origin/champsim-trace
149	completed	Stage 1: productize breakout form in wt_prog
150	completed	Rebuild all 4 softmmu targets in wt_prog, re-bank BIN_SHAS + vag_syms
151	completed	Ladder step 1: x86 stall wave -- 24 product + 6 icount reference, bar 0/24 + liveness
152	completed	Ladder step 2: delivery-position check (prodw_delivery.py)
153	completed	Ladder step 3: validator all 4 ISAs errors=0 on wt_prog build
154	completed	Ladder step 4: mipsel D1 UART witness (d1wit_analyze.py)
155	completed	Land stage 1 on champsim-trace (index-only, diagnostics stripped, NO push)
156	completed	Capstone x86_64: 24-cell kickcatch stall wave on wt_land (e57d01c938)
157	completed	Capstone riscv64+mipsel: system validator batteries + loaded marker stall cells
158	completed	Capstone aarch64: system battery + storm/poweroff arms + async-WINDOW residual count
159	completed	Golden recapture at e57d01c938 (closeout step 2)
160	completed	CLKEDGE EXECUTED per Q15 + all 7 contaminated rows re-proven MATCH on the clean build
161	completed	ADJUDICATED: PHASE1_CAPSTONE.md written at e57d01c938; RED discharged into #113
162	completed	LANDED 0be51eb312: bnd/repz prefix no longer publishes BRANCH_REP on branches
163	completed	LANDED 7012240504: x86 access==0 fallback dest + boundary access for 6 Capstone-erased families
164	completed	ADJUDICATED: FB bnd rows were Defect A's face; post-fix sweeps green on all gates
165	completed	LANDED: Q8/Q9 rode the reduction series; Q3 delta reverted as superseded
166	completed	LANDED: latch reduction series (b6a76f51cc..51ecd23f90), final gate green
167	completed	CLOSED (9a3ddb2ba1): dead pin_probe slot deleted; asid_match renamed content_gate
168	completed	DISCHARGED: Phase 1 closed -> hold released; goldens recaptured and the branch pushed (ab1f6d2b5b..ff315644d4)
169	completed	CLOSED (e3812e5ca7+db6edc884f): x86_64 fields layer gated -- and the sweep found 3 real Capstone defects
170	completed	CLOSED (978b1767e4): system canon net covers all four ISAs -- determinism measured 20 boots each
171	completed	CLOSED (396e54709c): #171 is a HARNESS defect -- no memop value-annotation gap exists; two collateral tracer defects fixed
172	completed	CLOSED (2aa3f77e09): guest-side randomness equalizer proven across both instruments
173	completed	CLOSED (d6982a475c): surplus credited where the extra entry is published -- clock_minus_wire=0 in both regimes
174	completed	CLOSED (3205d7c1cc): option-B REP register contract -- one write, on completion, in both translation regimes
175	completed	CLOSED (3cafb8e5fb): golden net extended to 28 cells -- w8_repregs + w9_tbflush
176	completed	CLOSED (23126c4286): withhold mirrored into both bill rows -- every clock row BBV-identical across regimes
177	completed	CLOSED (733a65dfb0): load-exclusive phantom store slot removed; store-exclusive half written, MEASURED, REVERTED
178	pending	CONFIRMED ON THE WIRE: no golden cell contains a TEST or an XADD of any form -- the assertion still has no subject
179	completed	STANDING RULING: no upstream PRs -- every Capstone/QEMU defect fixed LOCALLY on the fork with guest-visible controls
180	completed	CLOSED (6159058897 + 6c7e62b826 + 9ffb127f20): the aarch64 gate was decided by a read PAN forbids
181	completed	CLOSED (545ace0cfc): the honest baseline is 39 disagreements / 15 signatures, not 85/66
182	pending	CORRECTED: the IR reports OPAQUE on helper-implemented SSE, and oracle-ir.py mis-buckets that as disagreement
183	completed	ARC 3 wiring done: irdf=1 lands, 2838/18, and the namespace bounds the arc
184	completed	CLOSED for the flags half (067ddc5ee8): jl's flags WRITE is the lazy-flag artifact and is gone -- 134 -> 0
185	completed	PIN register gate live: cmov 2,132 = tracer right / PIN blind; endbr64 197 = OUR unset CET bit
186	completed	ARC 3 GROUND-TRUTH PROGRAMME: reference decoders x4 ISAs, coverage proof, QEMU-truth memops, intra-dep verdict
187	completed	CP4 scoped to EIGHT functions: only 8 of 74 gvec constructors fold a same-register operand away
188	completed	SUPERSEDED by ARC3_CLOSE.md sec.1 (per-fact per-ISA measurement replaced the hybrid verdict)
189	completed	CLOSED (7e01f8c99f): CP-M part 2 -- the ADDRESS half of the memop notes is consumed and on the wire
190	completed	RESOLVED (measured in ARC3_CLOSE.md sec.6.4): no arc3_coverage/ remains; tidy has nothing left to do
191	completed	CLOSED (ed6253eaf7): the delay-slot class is 1991 -> 0; mipsel DISAGREE 1991 -> 105
192	completed	CLOSED (d3373f46a5): the six golden VALID rc=1 lines -- all three mechanisms fixed at source
193	completed	RESOLVED at source (ed6253eaf7): the ctrl_one assert was MINE and the condition is REAL; assert deleted
194	completed	CLOSED (7c56b40da7): the golden net names the guilty ISA, and the shared-baseline hole is closed with it
195	completed	CLOSED at AUDIT scope (542f0e5d1e): ctrl_syscall_ident keyed off decode_id fires 21/13/12/14
196	completed	CLOSED on the WIRE (fb92a61ea4): store_data_dep[] C->Q x4 ISAs -- REG_ZERO stated per R7.3/R3/J2.3; dataflow ABI 2->3
197	completed	CLOSED, measured (0abed49f26): address masks index a QEMU-derived register list -- J3 access-arm 88->0
198	completed	CLOSED (32dc07225f): ABI tripwire proven BOTH ways -- root cause was max_probes=2 SAMPLING; now probes all 62 emulators
199	completed	CLOSED at AUDIT scope (2b17f63108+542f0e5d1e): 93 real folds adjudicated tracer-right; 7 were OUR page-boundary defect, fixed
200	completed	CLOSED, measured (6d3f19167b): decode-on-demand landed as translate-and-keep; Capstone consult DELETED from the path (0 x4)
201	completed	CLOSED (4a104e0be4): 708 -> 0, and the address immediate-bit rule is SETTLED with a firing witness
202	completed	CLOSED on the WIRE (1e892799ed): the admission half of J3 -- max_dep_loads/stores are QEMU's
203	completed	CLOSED, measured (1e892799ed): store_data_dep relabels 8,739 -> 75 x4 ISAs
204	completed	CLOSED -- superseded by the per-encoding gate family + depmap R13 leg with measured ceilings
205	completed	CLOSED, measured (4a104e0be4): 708 RIP-relative slots -> 0; a FABRICATION HAZARD found and closed en route
206	completed	CLOSED, measured (1e892799ed): per-access slot model through all 4 touch points; suppression 9,219->0
207	completed	CLOSED, measured (1e892799ed): family-2 offsets on the QEMU count
208	completed	CLOSED, fully discharged (3118ab9ae4 + a82fcaddad + verify2): val_gate.sh adopted; coupling scorer measured x4
209	completed	CLOSED, verified at 47bbdc2619 (PASS 10): the classification key is flipped on ALL FOUR ISAs
210	completed	CLOSED, measured: static_templates scope of damage is EMPTY and PROVEN
211	completed	CLOSED: build convergence restored (1,666 edges -> 2), and sec.6.5's stated cause was false
212	completed	CLOSED -- the (pc,family) noise floor fixed in setproof; relocation-aware floors made the class refusable
213	completed	CLOSED with #314/#319 -- the AGREE-side floor was the same environment-sensitivity class
214	completed	RE-OPENED ON MAGNITUDE then resolved: build-to-build floor is 9 rows on a riscv64 refusal bucket; three-column form shared (#238)
215	completed	CLOSED (c29da62564): audit scores BOTH the wire and the pre-refinement row, named as such
216	completed	CLOSED -- the identity payload is no longer Capstone-joined (R20 program, QID_NONE=0 x4)
217	completed	CLOSED -- mooted: QID_SPLIT reads 0 on all four ISAs after the encoding-qualification program
218	completed	CLOSED (7139a6317d): env-field provenance has its generic word -- 173 -> 1
219	completed	CLOSED -- superseded by the landed dst program; dst bars driven 289,854 -> ~1,190 non-x86
220	completed	CLOSED -- zero-register destination statements landed across ISAs
221	completed	CLOSED -- destination-in-own-provenance class closed by the one-class self-reload pass (cb26c3e774)
222	completed	CLOSED as duplicate of #229 (same two CP-H causes)
223	completed	CLOSED -- duplicate of #230, fixed by 8e56cc1290
224	completed	CLOSED (f4ba63152d): validator dep-mask expectations accept REG_* names
225	completed	CLOSED by refutation (6f00eea6ed) -- see #231/#232
226	completed	CLOSED, measured (7139a6317d): env offsets declared from CPUArchState via the compiler; ABI 4->5
227	completed	MOSTLY CLOSED (6ffc682b35+87ded7a1dd): 7,277->3,139 -- 4,141 were MISLABELLED; residues -> #243
228	completed	LANDED WITH A STATED REGRESSION (73bbe638c0+2178272b38): ~97% were GENUINE ACCUMULATES; REAL-LOST=15 -> #254, closed with #247
229	pending	Last two CP-H OPAQUE causes, 22 translations on 2 ISAs: get_cp_reg64 ri descriptor pointer + riscv csr predicate-function-pointer; OPAQUE=0 needs a NEW firing negative control before the zero may be quoted
230	completed	CLOSED, measured (8e56cc1290): callq return-address store-data dep names REG_IP on all 340 rows
231	completed	CLOSED BY REFUTATION, measured: the mask WAS seated; the split was the INSTRUMENT (wrong key; 219x overstatement)
232	in_progress	dst walk: dst bar 289,854 -> ~17,105; remaining: x86 dst families, dst survivor table + dst loss gate + banked step-4 write-arm patch
233	completed	CLOSED by #237 (f262adc415): fnstcw publishes {REG_FPCW}
234	completed	CLOSED (c9d278d247): nodep_census.py is a standing acceptance row
235	completed	CLOSED at source (c9d278d247): setproof.py refuses an empty comparison side -- proven both ways
236	completed	CLOSED (4227e75eca): R10.1 retreat exact -- all 215 slots adjudicated-artifact per row
237	completed	CLOSED, measured (f262adc415): x87/SSE control file generic words via generator; fnstcw relabel -> 0
238	completed	CLOSED (c9d278d247): vacuity guard at source proven both ways at real scale; ALL past SETPROOFs re-checked
239	completed	CLOSED -- superseded by #246's adjudication + the four CP-H helper censuses
240	pending	mipsel CP0_UserLocal/Config5 lack GDB rows -- UNBLOCKED: the second-row-source mechanism now exists; mipsel needs the same one-file extension with adjudicated words
241	completed	CLOSED -- lladdr settled by R7.7; error_code rides the 'lowering' census outcome (391e65d07f)
242	completed	CLOSED by #247 (685914abf2): decide_block() owns HAS_REG; HAS_ADDR half closed by #262/#264 (99531d88a6)
243	completed	CLOSED -- subsumed by #248's encoded-immediate provenance landing; residues #251/#253/#255
244	completed	CLOSED by #249 (af0c90c7d7 + e74f09b751): dstmask is the destination family's live control, LIVE 4/4
245	completed	CLOSED by 391e65d07f: mipsel btarget is QEMU's delay-slot carry temp, classified under 'lowering'
246	completed	CLOSED as scoped (749579ea65): helper writes 98->28, x86 67->0; the 28 survivors ALL adjudicate TRACER-RIGHT; flip held
247	completed	LANDED (685914abf2): block existence decided by QEMU's stated facts; REAL-GAIN=76,190, REAL-LOST=0
248	completed	CLOSED (e3a693f357+a903abbaad+9bd491fb4a): encoded-immediate provenance bit stated at all four decoders; 2,361->70
249	completed	CLOSED, measured (af0c90c7d7 + e74f09b751): the dst family has a LIVE J3 control on 4/4 ISAs
250	completed	CLOSED (5664563443): R11 REG_IP -> REG_PC, grep proof 0 survivors
251	pending	Encoded-immediate ABSTAIN direction has 14 subjects on x86_64 (at 2178272b38) -- the zero survives only on aarch64/riscv64/mipsel
252	completed	CLOSED (869dcc0369): the value-stating note exists, both roles; trap code adjudicated NOT a dataflow operand
253	pending	OPEN, measured (from #248): 31 rows where the decoder stated its immediate and QEMU folded the value away before any op read it
254	completed	CLOSED by 99531d88a6 (#264): the 3 rep stosq PCs' whole dep block is restored -- REAL-LOST=0 x4
255	pending	Immediate-rule residues: remaining = #251 (14 x86 abstain subjects) + #253 (31 pre-op folds) -- close with a constructed-cell pass or refuse-as-contract
256	completed	CLOSED by 99531d88a6: R12.1 satisfied without discount -- REAL-LOST=0 x4
257	completed	CLOSED -- superseded by the destination bar machinery (dstbar.py in-tree + reproducibility)
258	completed	CLOSED (98eb894d87): R7.6 exception-delivery write set -- mipsel #218 25 -> 5
259	completed	CLOSED (e79a6f6a73): the #236 flip's refuse route is BUILT and COUNTED -- 0/6/0/0, not taken
260	completed	CLOSED -- the 'written-and-discarded' primitive landed as the zero-dst write notes
261	pending	OPEN, measured: riscv64 and mipsel carry NO architectural REG_PC destination at all -- R10's consumer rationale delivers nothing on 3 of 4 ISAs
262	completed	CLOSED by 99531d88a6 (see #264): HAS_ADDR's existence is decide_block()'s on the R12 rule
263	completed	CLOSED (ece26f3b8e): the census gate reads BOTH row shapes -- 28 of 30 was a FALSE green
264	completed	CLOSED (99531d88a6+09636d1960): per-ACCESS address verdicts; rep stosq at depflags=0x03; REAL-LOST=0 x4
265	completed	CLOSED (ece26f3b8e+067ddc5ee8): must-0 scanner reads both row shapes; cc interpretation landed -- 134->0
266	completed	CLOSED (b13b9ff3ab): the trapping-arithmetic write set is on the wire and w3_coverage is green
267	completed	CLOSED via route (b) (869dcc0369 + b13b9ff3ab): the blocker was #252 and the blocker is gone
268	completed	#267 COSTED, NOT CLOSED then resolved via #267 route (b); tree reverted to 93765e90a9, compliance intact
269	completed	CLOSED -- mipsel FP-pair structural rule (ada9353495 REF-NAMES-EVEN-OF-PAIR); gem5wp/mipsel under ceiling
270	completed	CLOSED -- mutation-control class rebuilt across all four sibling controls (9301194af2+53b4b9e5fc)
271	completed	CLOSED, re-verified at 80b15ca633 (681f21e26f): disasm body renderer prints the sourceless read set -- PIN criterion 42,149 -> 289
272	completed	CLOSED, fully attributed (exec32/pinaxis): the ~1,000-row PIN value movement is 100% benign
273	completed	DONE: exec31/R13_VERDICT.md -- reference x ISA x fact class, verdict YES-with-four-exceptions
274	completed	DONE (f85ee00ccc): tools/external_truth_gate.sh + manifest + scorer + README; GATE PASSED with selftest 3 arms
275	completed	DONE: ARC3_CLOSE.md "EXECUTION PASS 11" written; sec.6.5 REWRITTEN (both claims refuted)
276	completed	DONE: STATUS.md pointer prepended (EXEC31/R13) + exec31/DIGEST.md written
277	completed	CLOSED (050283a3f1): option (a) landed -- a folded FIELD publishes its CONTAINER's value; Spike VALUE-MISMATCH -> 0
278	completed	CLOSED at source (ceb34d36ba), re-verified WITH A FIRING CONTROL at 80b15ca633
279	completed	HARNESS DEFECT (R13): two instruments disagree on reachability for the 10 x86_64 UNACCOUNTED rows -- resolved via #287 successor tooling
280	pending	HARNESS DEFECT (R13): gem5_env.py's stated SIGSEGV justification does not reproduce -- the libpython half is load-bearing, the libstdc++ half is not
281	completed	CLOSED (ccfaf4fdc5 + dc346afb62): qemu-user x86_64 SYSCALL clobbers RCX and R11; PIN criterion 289 -> 268
282	pending	#277b OPEN, EPOCH ITEM: a folded register ID has no member discriminator, so one wire name still carries two registers
283	pending	#277c OPEN: under the composed-register contract a field write reads its container, so REG_FCSR is arguably a SOURCE of csrw fflags
284	completed	DONE (PASS 12): 8 of 12 R13 legs re-run at 80b15ca633 and ALL PASS
285	completed	DONE (PASS 12): FULL battery green at 80b15ca633 except the known #266
286	completed	HARNESS DEFECT (PASS 12): the four static R13 gate rows cannot be regenerated on this host -- resolved by behaviour-time staleness (#292)
287	completed	qemu_tcg_reachable column not repeatable -- resolved by the exec251 reach_probe redesign (fork-per-encoding)
288	completed	CLOSED (9070200114): the carrier was cc_srcT, a TEMP -- gem5-X86 WP UNACCOUNTED 15->0
289	completed	CLOSED -- PIN leg's TRACER-SUPERSET blindness ended with the fold repair (0c5c18171b)
290	pending	OPEN, measured at 3c2f456d07: the identity audit's aarch64 branch zero is CORRECT-PATH-ONLY -- udf has no adjudication rule (route documented not-empty per D14/#354)
291	completed	PASS 13: 13 of 13 R13 legs measured at one tip and ALL PASS
292	completed	CLOSED AT SOURCE (cd28220db7+07de29d42b): the staleness reference is a BEHAVIOUR time, not a link time
293	completed	CLOSED (b0c3e14f07): the syscall rules now TEST the clobber; ceiling re-derived to 261
294	completed	CLOSED AT SOURCE (175e1f52f5): the spread was the OUTPUT DIRECTORY -- AT_EXECFN's length moves the guest stack
295	completed	exec34/verify: FULL battery at tip c4c8236483
296	completed	exec34/verify: COMPLETE 13-leg R13 gate at the tip
297	completed	exec34/verify: SETPROOF three-column vs TRUE baseline
298	completed	ARC-REMAINDER: enumerate EVERY Capstone consumer on correctness paths
299	completed	Write ARC3_CLOSE PASS 14 + STATUS.md + exec34/DIGEST.md; audit RULINGS.md
300	pending	Cosmetic, measured: 4 stale qemu-system-mipsel.* experiment binaries inflate the caplinks 66
301	completed	RESOLVED WITH #294: the 265..277 span was the output directory's path length
302	pending	OPEN, named and measured: 27 x86_64 shift-by-immediate rows still refuse on the unstated-path word
303	completed	CLOSED -- record note resolved: #252 landed at 869dcc0369; cmeq's refutation recorded
304	pending	OPEN, same mechanism as #294: the PIN MEMOP arm still lets the output directory move the guest stack
305	completed	CLOSED (cd28220db7): the selftest's default fixture moves with the ceilings, and the rule is written down
306	completed	CLOSED -- setproof in-tree with the relocation-aware join + 31-arm selftest (ee875eb502)
307	completed	PASS 15 DONE: completion-bar verdict at b0c3e14f07 -- bar NOT met
308	pending	MOPS syndrome coverage: cpyfe/cpyfm/sete/setm destination registers stated at QEMU's syndrome decode
309	completed	CLOSED -- superseded: SOURCE flip LANDED at 94dc9e649c (#328), DESTINATION admission at f5a5b2a33e (#232)
310	completed	SUPERSEDED by the clean restart -- R14 total removal executes as CLEAN_PLAN.md's series
311	completed	CLOSED -- the three flip obligations discharged
312	completed	CLOSED -- superseded by the standing verification set (20-leg gate + battery)
313	completed	CLOSED AT SOURCE (df3b045755+a33cc8ffda): an empty trace is refused by both acceptance tools
314	completed	CLOSED -- consult-count environment sensitivity ATTRIBUTED by measurement (exec113 R14_ATTRIBUTION)
315	completed	CLOSED -- the stale-quoted-figure class corrected on the record by the #215 pass
316	completed	PASS 16 DONE: the R14 verdict at 8c1d2ae80f -- NOT MET, all three forms RED
317	pending	Folded into the R14 endgame: the second admission gate moves with the deletion commit
318	completed	PASS 19 DONE: R14 re-measured at 81139577bd -- NOT MET; R13 13/13 green
319	completed	CLOSED with #314 -- DECIDED-column sensitivity is the same environment class
320	completed	PASS 20 DONE: R14 re-measured at 36a34a28a9 -- NOT MET; R13 13/13 green
321	completed	CLOSED -- no-op build floor re-measured; settle rule is standing harness doctrine
322	completed	PASS 22 DONE at cb9b087a31: R14 all three forms RED; source census 7,895 -> 2,006
323	completed	CLOSED (cb9b087a31) + #324 RECORDED: my own tripwire was blind, and I destroyed most of a bank
324	completed	PASS 23 DONE at 5fcd27a08d: R14 all three forms RED; everything else green
325	completed	CLOSED -- PASS 24 status row; cwd/PATHLEN sensitivity became standing discipline
326	completed	CLOSED -- EXEC46 status row; superseded by the regenerated 51-row survivor table
327	completed	EXEC47: refusal route HAS a subject (cpuid/msr tpidr_el0); dump X-line landed 8bc4170c40
328	completed	CLOSED: THE SOURCE FLIP LANDED (94dc9e649c) -- wire src lists are QEMU's + survivors; 782 gains / 0 losses
329	completed	SUPERSEDED by the clean restart -- the J7 deletion's knowledge feeds CLEAN_PLAN.md
330	completed	CLOSED -- record correction absorbed; survivor machinery rebuilt end-to-end since
331	completed	CLOSED: R20 statements landed on ALL FOUR ISAs (QID_NONE 0 x4, 6,570 rows)
332	completed	CLOSED -- vocabulary has second sources on every ISA that needed one
333	completed	CLOSED: QID_STATED admitted at runtime (11e5509b76); enum residue collapsed 1,415 -> 18
334	completed	Coverage arc: PASS 89 VERIFIED at 8aea7f9a2f -- gate 19/19, both bars BLOCKED-FREE
335	completed	87-C CLOSED: four dead dest classes retired, destination ledger rc=0
336	completed	87-D/87-E BOTH REFUTED as filed; the real mechanism was the LEDGER, and it now has a detector
337	completed	PASS 88 DONE at 8aea7f9a2f: BOTH BARS BLOCKED-FREE
338	completed	PASS 89 independent verification at 8aea7f9a2f (verify66)
339	completed	89-A/89-B DISCHARGED at 056ba4a202; residue re-filed as 90-A and 90-B, carried by exec150
340	completed	PASS 91 independent verification at e3abdefb88 (verify68)
341	completed	exec153 LANDED 5d9154d8c2 + 0b34b2e446: enum cause (b) FIXED at the x86 source
342	pending	HARNESS/RECORD: the golden net is NOT a byte-identity oracle at this tip -- 42 mismatches AT BASE, reference 1b38609884 (2026-08-22); see also 219-F re-baseline account
343	completed	exec154 Fields wave: retire the 86 Capstone field reads, then the gates/consult/import
344	completed	exec158: the poison-gate flip COSTED BOTH SIDES and HELD on 93-A
345	completed	PASS 92 independent verification at a76ce17b2f (verify69)
346	completed	92-A CLOSED at b947808d89 -- cause REFUTED (stale shipped identity header); gate 20/20
347	completed	92-C CLOSED at 8b6d583f4b -- srcenc_sled stamps #so, the gate refuses mismatched/unstamped corpora
348	completed	PASS 93 verify DONE at b947808d89 (verify70); FINDING 93-B filed
349	completed	94-A DISCHARGED -- the join exists, selftested both ways; the flip landed at 2ff695368a
350	completed	exec159 PASS 94: QEMU-STATES-IT ledger row 46 -> 23 (vsetvl) + file WFET/zext.w
351	completed	95-A CLOSED (f244d1754c): one scoping predicate was the single cause; barscore 9/9
352	completed	94-A CLOSED (154c3e534a + 1a272dbaa3): per-SIGNATURE refusal join built, 8-arm selftest
353	completed	THE ADMISSION FLIP LANDED (2ff695368a): block admission on qemu_plugin_insn_undecoded; 407,171 corpus rows removed
354	completed	D14/#290 route CLOSED (7b23579707): 0 udf rows in the aarch64 corpus; ROUTE documented not-empty in limitations.rst
355	completed	The mipsel 14 CLOSED (3a40460c85): one mechanism, measured, five arms
356	completed	PASS 97 VERIFIED at 3f11049dc5 (verify73): gate 20/20 TWICE
357	completed	97-A CLOSED (fcf8f88bd5): the assembler is IN TREE and carries all three silence tokens
358	completed	97-B CLOSED (0e4df18264): grammar widened + roll-up asserts against the instrument's own count
359	completed	97-C CLOSED (f97e07e94d): the stamp says GENERATED AGAINST and why it is one commit early
360	completed	98-A CLOSED by measurement: the zero-register row is 940, and 15 -> 1 is refuted
361	completed	98-B CLOSED: the #so stamp carries plugin AND emulator, verified live
362	completed	exec167 DONE: mipsel enum-table occupancy 94,704 -> 0 at 290215f0d8
363	completed	PASS 98 FINAL INDEPENDENT VERIFICATION at 290215f0d8 (verify74)
364	completed	PASS 98 FINAL INDEPENDENT VERIFICATION at 704718b782 (verify75) -- post-deletion
365	in_progress	98-F ATTRIBUTED + BISECTED to 2fdabefe79 + FIXED at source; 8 legs re-run, 2 RED on the allowlist re-derivation (46 dead / 98 unallowed) -- see #371/#373/#374/#375 for the split
366	pending	98-G: 96-B survived the enum-table deletion unchanged -- the prediction that removes it is refuted
367	completed	98-D CLOSED + WIDENED (153fa96e45): the retirement also broke the docs BUILD
368	completed	R14 deletion PRICED and BLOCKED (exec171): the Capstone operand walk was load-bearing on the wire
369	pending	NEXT WAVE LEAD (superseded in part by the statement phase): split the 540,798 encoding-level Capstone-only sources into REAL vs SUPERSET -- see #384 (REAL-LOST=0 x4)
370	pending	PASS 99 INDEPENDENT VERIFICATION at 153fa96e45 (verify76)
371	completed	exec173 LANDED d50843d1b3 + 322bcda8ff + efd578b3a2: 99-F fixed in one shared reader; 46 dead rules enumerated; mipsel branch-taxonomy fix OWED (-> #373)
372	completed	PASS 100 INDEPENDENT VERIFICATION at 4eb81d806e (verify77)
373	completed	exec176-1 DONE (c0e64b09d2): exec173's 76,567 REFUTED -- the defect is 168 rows on OPC_PMON + OPC_SHLL_QB_DSP
374	completed	exec176-2 DONE (9d6947fd02 + 11c7289fde): isaxunallowed 98 -> 9, UNDER its ceiling of 12
375	pending	exec176-3 NOT DONE: the 46 dead rules stand (a64 7, mipsel 1, riscv 12, x86 26); isaxdead srcenc stays RED
376	pending	exec176-4 HALF: 99-B CLOSED at HEAD; 99-C NOT DONE -- rv table has no qemu_tcg_reachable column
377	completed	exec177-1 DONE (8c6c1970c2 + 616416253b): x86 arm BUILT; 4 buckets REAL-OPERAND, 0 superset
378	completed	exec177-2 DONE: mips-acc CONFIRMED REAL; a64-sys and a64-fpctrl both REFUTED
379	pending	exec177-3 NOT LANDED: the statement program's two targets MOVED under it; the wire change (mipsel $zero + mips-acc $ac) was not attempted
380	pending	177-A: no ASE-ENABLED sweep exists -- 493,576 TRAP-STATE instances cannot move without one
381	pending	verify78: independent verification at 9722718566
382	pending	exec179 wave: legs, 101-A, 101-B, x86 static ceiling
383	in_progress	exec180 wave: the 46 dead-rule retirement, 99-C rv reachability, #379 statement batch, 177-A ASE design
384	completed	STATEMENT PHASE DONE at 91c74ade8d: REAL-LOST=0 x4 (R12.1 MET); BAR: PASS rc=0
385	in_progress	exec182 DELETION PHASE: retire the Capstone operand walk, R14 to zero -- executed across exec183..240 and the clean series; Capstone fully out at the exec241..251 program
386	completed	exec183: R14 endgame -- REAL-LOST 3,611 to 0, then the deletion
387	completed	exec189: the three statements + the rep adjudication, then the WRITE-ARM deletion
388	completed	exec190 DONE at bd2848c450: the WRITE ARM LANDED (REAL-LOST=0); FINDING 190-A filed
389	pending	exec192: combined 20-leg run at 5a9a9bc572, then lane-shape + synthetic-EA statement programs (superseded by the landed 207-B/209 programs; kept for the record)
390	pending	exec195: 192-B bisect+adjudicate, 192-A srcenc re-point, full 20 at tip (superseded by the clean restart; kept for the record)
391	in_progress	THE CLEAN SERIES (CLEAN_PLAN.md, approved): 6-step contract; goal = equal-or-better generic-ISA classification, Capstone unused
392	pending	B-series next: the words at the decode sites, riscv64 and aarch64 first (second halves landed at exec206 -- see #396/#397)
393	pending	B1+B4: identity and words at the x86 and MIPS hand-decoder sites (x86 second half landed at exec206 -- see #395)
394	completed	exec205 F1 ACCEPTANCE at a5c9858df7 -- verify, never fix
395	completed	exec206 B1-second-half DONE at 6d3d0140f3: x86_64's five decoder-only statement classes landed with firing negative controls
396	completed	exec206 B2-second-half DONE at d119e2304b: aarch64's decoder-only statements landed with firing negative controls
397	completed	exec206 B3-second-half: riscv64's decoder-only statements
398	completed	exec206 1-A TRIAGE DONE at b6bb298e9c: 12/12 triaged, 3 CARRIED, 9 RE-LANDED FRESH
399	pending	206-A OPEN: QEMU's store-exclusive cmpxchg performs a REAL load, so the wire shows an RMW for a write-only instruction
400	pending	1-A OWED: re-measure the two upstream-QEMU re-lands (cputlb n_used_entries drift wave; aarch64 PAN one-in-sixteen truncation) -- numbers are demolition-era
401	pending	206-B: the golden net has NO SUBJECT for the REP register contract -- restore a REP + regdata golden cell and re-bank
402	completed	exec208 DONE at a9d1393cdc: 207-B CLOSED -- lane KIND + SELECTOR stated by QEMU on all four targets
403	completed	exec208 selfloop DONE at 831a359921: 207-C CLOSED -- the self-loop fan-out unit is stated by QEMU
404	pending	208-C OPEN: x86 INS states unit 2 (QEMU's two stores) against Capstone's 1, with no witness
405	completed	exec209: D1 NOT LANDED that wave; one upstream gen_tb defect fixed at 6fa9f13565
406	completed	209-A CLOSED (3b951fcc9c): CST_DF_SET_DUMP is the per-encoding register-set corpus
407	completed	209-B CLOSED (fbef1bcff5): codegen moved inside cpu_plugin_exec_inline's own landing pad
408	completed	209-C CLOSED (c9a81361c7): CST_ALIAS_DUMP + aliasscore.py score the alias surface whole-population x4
409	completed	exec208/f1final: F1 FINAL ACCEPTANCE at 6fa9f13565 -- verify, never fix
410	pending	210-E OPEN: riscv64's alias refiner is the ONLY separator of j from jal rd on 3,962 encodings
411	pending	F-2 CLOSED (882818a146): stale-arbitration verdict keyed on the build's rule universe -- row kept for the record
412	pending	209-A COMPLETED (c9a81361c7): CST_GEN_SET_DUMP states BOTH decoders' sets -- row kept for the record
413	completed	exec210-D1 LANDED (cbce32bb36 + 707d697b37): THE FLIP is on the wire; the syscall loss -> #415
414	pending	210-H OPEN: aarch64/riscv64 register-offset loads name their own DESTINATION as a source -- a fabricated RAW edge, mechanism unattributed
415	pending	210-G: x86_64 syscall drops RCX/R11/EFLAGS -- CLOSED for user-mode by ccfaf4fdc5+dc346afb62 (#281) + the #293 clobber tests; row kept until a tip re-verification quotes it
416	pending	210-I/210-J/210-K: a validator fallback defect, QEMU's cross-target PC-read inconsistency, and E1's re-home item
417	pending	210-L: the four D1-tip bars that did NOT run that wave (all since standing at every pass; kept for the record)
418	completed	exec210 F1 FINAL ACCEPTANCE DONE at d1ab3d26db -- NOT PUSH-READY
419	completed	exec212 DONE at dad5109d59: THE EXTERNAL REFEREE IS BUILT -- join non-vacuous x4
420	pending	212-B: 8 NEW unruled gapreport classes -- CLOSED at 6bea03ef5f per #432; row kept until a tip re-verification quotes it
421	pending	212-A OPEN, MEASURED + ENUMERATED + NOT ATTRIBUTED: the referee's key set is a strict superset of the retired in-process arm's, mechanism unfound
422	completed	exec213 DONE at cc49deb501: regdata width-0 CLOSED 43/43->0 via the generated gdbstub table
423	pending	exec214 STOPPED at E1's precondition: deep-flag bar RED at BASE (since driven to 0 by exec236/238 -- see #452; kept for the record)
424	completed	exec215 F1 FINAL ACCEPTANCE DONE at cc49deb501 -- NOT PUSH-READY
425	pending	215-A/215-B/215-C: R12.1 number, zero R13 legs in the series, balance +16,622 (all since addressed by the exec217..240 programs; kept for the record)
426	pending	exec216-1: 214-B/213-D/213-C harness pass
427	pending	exec216-2: 213-B identity-move elision zero-dst write note (landed per #220's identity-move elision writes; kept until quoted at tip)
428	pending	exec216-3: x86 lazy-flag fabricated REG_FLAGS destination (landed per #265's cc interpretation; kept until quoted at tip)
429	pending	exec216-4: 214-C call_return_store re-land (landed per #230; kept until quoted at tip)
430	pending	exec216-5: static_reg_sets remainder on the population
431	pending	exec216-6: bars -- validator x4 deep flags, 3a pairing, builds, 4a rows (standing at every pass; kept for the record)
432	completed	exec217-1 CLOSED (6bea03ef5f): 212-B -- the 8 gapreport classes, one merits read each; PASS 0 UNRULED / 0 DEAD x4
433	completed	exec217-2 CLOSED (e3454cb187): setjoin_rulings.tsv + setjoin --require-ruled, 17/17 selftest arms
434	pending	exec217-3 PARTIAL: 56 classes / 663 rows UNRULED and named (since ruled by the exec220/221 scorer program; kept until quoted at tip)
435	pending	exec217-4: bars at e3454cb187 (superseded by later passes' green bars; kept for the record)
436	pending	exec219 F1 FINAL ACCEPTANCE DONE at e3454cb187 -- NOT PUSH-READY (status row; kept for the record)
437	pending	219-A/219-B: the gapreport and setjoin bars are CORPUS-SENSITIVE -- two passes' green was a sampling artefact (addressed by stamped fresh corpora per #441; kept until quoted at tip)
438	pending	219-C/219-D/219-E: three record corrections -- R13 legs STALE not MISSING, cs_riscv_* residue STANDS, R13 selftest rc=1
439	pending	219-F: the golden bank has NO re-baseline account for the D1 wire flip (goldens since re-banked at exec240/exec251; kept until the account is quoted)
440	completed	exec220 DONE at 22cf161b5f: 220-A scorer-spelling class resolved; all FIVE ruled QEMU defects fixed; 220-B FILED
441	completed	exec221 DONE at 7b9827fdff: the last in-process comparand is retired; both scorer bars PASS on stamped fresh corpora
442	completed	exec225: the three external-truth wire classes (PC-as-branch-input, gem5/Spike dep edges, deep-flag tail)
443	completed	exec226 DONE at 40b5bc0638: E1 precondition RED on 2 of 3 rows -- deletion STOPPED, nothing touched
444	completed	exec228: close the deletion precondition remainder
445	completed	exec229 STOPPED at the precondition, re-measured at BASE 6b8c9dbde4; findings 229-A/B/C
446	pending	exec230 F1 FINAL ACCEPTANCE at 6b8c9dbde4 -- verify, never fix (status row; kept for the record)
447	completed	exec232 STOPPED at the gate, re-measured at BASE 699666239f: 2 of 3 rows RED
448	completed	exec233 F1 FINAL ACCEPTANCE DONE at 699666239f -- NOT PUSH-READY; no re-bank taken
449	completed	exec234 DONE at fc9f70562d: the table fallback was NOT dead (122 live register routes); split patch REFUSED with finding 234-A
450	completed	exec235 DONE at 89cb63014d: E1 precondition CLOSED 49 -> 0, wire-neutral
451	pending	exec236 QUALITY TAIL: 18 deep-flag rows, 210-J ruling, 228-A pushfq, ceilings, CST_SLED (deep-flag/pushfq halves landed at exec238 per #452; 210-J ruling still owed)
452	completed	exec238: the last eleven deep-flag rows + 228-A pushfq, then the series close
453	completed	exec240 THE CLOSE: re-measure deep-flags + scorers, golden re-bank, final CLEAN_SERIES_RESULT.md
454	in_progress	exec241: Capstone out of the tree -- census, python referee, deletions, proofs
455	completed	exec241 cov_x86_64: reachable decode-row census + coverage close (stage 1)
456	completed	exec241 refs_aarch64 (stage 2): aarch64 reference enforcement + 238-C fix
457	completed	exec241 refs_riscv64 (stage 2): riscv64 reference enforcement
458	completed	exec242/land T1: land the 12 orphaned commits on champsim-trace
459	completed	exec242/land T2: prove -Dcst_capture=true compiles (blocker B4)
460	completed	exec242/land T3: 1206 impossible memop attributions + devio exit gating (blocker B5)
461	completed	exec242/land T4: static_reg_sets /tmp corpus + honest build docs
462	completed	exec242 cov_a64: finish aarch64 reachable-instruction coverage
463	pending	exec244/x86: the three remaining x86_64 wire defects + 243-C
464	in_progress	exec245/rvmips: riscv 244-F (3 QEMU declaration gaps) + mipsel remainder
465	pending	exec246/a64: last aarch64 wire residue -- ld2/3/4 dst caps + gem5wp 114 (gem5wp/a64 ceiling reads 0 MET at exec251; ld2/3/4 half needs a tip quote)
466	completed	exec247/cov: lift the 3 refusing coverage legs + finish mipsel attribution
467	in_progress	exec247/x86: pin/x86_64 to its honest floor -- cpuid loss + comparator rules (pin ceiling 260 adjudicated at exec251)
468	in_progress	exec247/a64: FPSR helper-usage class + dc cvau merits + the capacity-comment derivation (FPSR 625-row table + cache-op classification + derived capacity comments landed exec244..251)
469	pending	exec248/a64: by-VA cache-maintenance access on the wire (landed at the exec248 wave per handoff -- ARM_CP_CACHEOP_VA bits + synthetic EA at handle_sys; needs a tip quote to flip)
470	completed	N5 worktree sweep (CLAUDE.md sec.6, triage item 19): 28 worktrees -> 7, 41G -> 512M; 76 commits adjudicated 63 patch-identical / 2 landed-under-a-different-shape (02d2e16c44; e97dfecf9d+f9b129e314) / 1 superseded (reach_probe.py by the exec251 fork-per-encoding reach_probe.c) / 10 UNIQUE and carried as decision rows -- x86_64 decode_census.py, the seven riscv64 reachability commits against still-open row 376, the two mipsel decode-row commits; every worktree diff + format-patch archived at cst_runs/p3/arc3/exec252/bbatch/n5/ before deletion; obs-audit and base_wt KEPT (397 commits preserved by refs/arc3/monster-tip but not read on the merits), bankwt deletion DENIED by the permission layer
471	completed	471 CLOSED (exec256/land ITEM D): note_impossible_slot()'s exemption list is the offline lint's, exactly.  GEN_OP_LOAD / STORE / VEC_LOAD / VEC_STORE and is_atomic are no longer exempt; PUSH / POP / RET, segment-register writers and the synthetic-EA classes stay, for reasons that are not a reference decoder's.  THE EXEMPTION'S ONLY WRITTEN REASON WAS CAPSTONE'S (5f1237b018) and Capstone reaches nothing on this path: the static counts are QEMU's own per-access rows (qemu_plugin_insn_memops() at champsim_tracer_qdep.cc:763, counted at :783 and :792).  THE MEASUREMENT, taken not assumed: 4-ISA validator `full` battery, user + system, 99 stats.log.  82 cells read 0 and 76 of those (6 have no .cst) audit 0 -- so there is no cell where the lint sees a firing and the counter does not.  17 cells read nonzero and EVERY ONE has a nonzero cst_audit verdict; 15 are exact equality (4/4, 5/5, 17/17, 18/18, 64/64, 145/145 x3, 147/147, 149/149 x3, 151/151, 25096/25096, 133326/133326).  ZERO cells read nonzero with a clean audit, so the brief's revert condition has no occupant.  WHAT THE EXEMPTION HID, A/B on the same cells at the same tip: 14 of 39 shared cells MOVED, every one upward -- devio_attrib 0->1448, thread_test_sys_mipsel 0->25096, mpm 0->176, smc_patch_once_mipsel 0->64, system_churn_mipsel 0->18, system_clock_mipsel 0->17, and eight aarch64 SMC cells 20->145..151.  25 cells did not move.  THE WIRE DID NOT MOVE: golden_net.py check rc=0 with the patch -- 25 cells + 44 svg + 28 fixture svg byte-identical, validator errors=0 -- and rc=0 at BASE on the same bank beforehand.  That is 25 cells, not the 2 canon cells the brief asked for.  THE BATTERY READS FAIL (pass=42 fail=12 xfail=2) AND NONE OF THE 12 IS THIS PATCH'S: the same 12 ids re-run at BASE fail 12/12 with the same messages (devio_attrib, final_entry_memops, smc, string_memops, wp_tlb_cold, latch_mips, churn_mipsel, clock_progress_mipsel, clock_progress_riscv64, idle_riscv64, thread_mipsel, user_x86).  They are pre-existing at 9473f195fd and are NOT closed by this row.  RESIDUE, FILED NOT SWEPT: two cells still UNDER-count -- devio_attrib 1448 vs audit 2172, mpm 176 vs audit 194.  That is the opposite direction from MERITS_471's prediction that the runtime population is a strict SUPERSET of the lint's, so that premise is refuted by measurement and the remaining 18+724 are unattributed.  NO must-be-0 RELABEL, deliberately: the label wires a row into _must0.py's census and fails the run, and a counter may not be given that contract before it has been measured reading 0 across the battery -- it has not, because the class has real occupants.  Evidence /mnt/md0/QEMU/cst_runs/p3/arc3/exec256/land/D_PROOF.txt, D_counter_vs_audit.txt, D_zero_counter_audits.txt, D_base_only_results.txt.
472	completed	472 CLOSED (exec256/land ITEM C): InsnAliasSnap and the CST_ALIAS_DUMP corpus construction are deleted from the plugin.  Re-verified at this tip BEFORE deleting: InsnAliasSnap has no field read or written anywhere, and corpus_alias had NO WRITE SITE at all -- the Corpus object was constructed in corpora_init() and its file was never opened, so the corpus has been empty for as long as it has existed.  After: 0 survivors in plugin sources.  BOTH GUARD STATES COMPILE: default ninja contrib-plugins rc=0 with 0 warnings, and -DCST_CAPTURE -Werror -fsyntax-only rc=0 on all three TUs that include capture.h (capture.cc, champsim_tracer.cc, bb_template_cache.cc).  DEFAULT .so IMAGE BYTE-IDENTICAL: 38 of 41 sections match byte for byte, .text .rodata .data .data.rel.ro .bss .got .rela.* .dynsym .symtab .strtab .eh_frame .debug_line among them; the three that differ are .note.gnu.build-id, .debug_info and .debug_loclists -- DWARF for a type and a global that no longer exist, plus the linker's fingerprint over it.  The whole-file sha256 does move and that is stated rather than hidden.  NOT IN SCOPE, AND FILED RATHER THAN SWEPT: tools/aliasscore.py still reads a CST_ALIAS_DUMP corpus.  It is an offline scorer with no consumer of its own (no gate, no manifest, no harness references it), and its input already had no producer before this change, so nothing it could do yesterday is lost today -- but it is now a tool for a corpus the tree cannot emit, and retiring it is a separate decision row.  Evidence /mnt/md0/QEMU/cst_runs/p3/arc3/exec256/land/C_PROOF.txt with both .so copies.
473	completed	473 CLOSED (exec256/land ITEM A): the aarch64 access-flag bullet in docs/qemu_modifications.rst names the offline referee.  The bullet now says the wire's memop capability is QEMU's own per-access rows read through qemu_plugin_insn_memops(), and that the Capstone 6.0.0-Alpha7 access==0 defect is repaired only in cap_aarch64_infer_mem_access in contrib/plugins/champsim_tracer/tools/cst_referee.py, where it moves a comparison column and nothing else; both cap_fill_arm64_operands citations are gone from it.  Re-verified at this tip BEFORE editing: git diff --stat origin/master HEAD -- disas/capstone.c is empty, cap_fill_arm64_operands occurs in no code file (docs + this ledger only), cap_aarch64_infer_mem_access is at tools/cst_referee.py:681,757.  SHAPE A ONLY per the exec256 brief.  SHAPE B -- replace both blocks under "Disassembly and target metadata" and move the ~130-line decoder-defect enumeration to the referee's own documentation first -- STAYS A DECISION ROW: eleven sibling bullets in that block have the same defect and still cite cap_fill_x86_operands / cap_fill_generic_operands / cs_reg_name, which exist in no code file either.  Docs build 0-warning after the edit (98-D precedent); the page is not a wire input.
474	pending	B-batch remainder: the N3 31->9 figure covers the plugin top-level .cc/.h only; the whole-subtree grep (excl. arc3_cov/) is 919 lines, bulk in validator code, regmap/ident data files and other docs pages -- NOT reviewed, NOT claimed clean
475	pending	Worktree-sweep decision rows (patches archived at exec252/bbatch/n5/): C-2 seven riscv64 reachability commits point at STILL-PENDING row 376 (rv qemu_tcg_reachable column has no other source at tip); C-3 two mipsel decode-row commits (no mipsel REACH_MATRIX entry); C-1 x86_64 decode_census.py (unique, orphaned consumer) -- land-with-consumer or retire, per row
476	pending	WORKTREE DELETIONS ON HOLD (maintainer, 2026-09-22): no checkout is removed until the hold lifts; the deletable-list lives in WORKTREE_LEDGER.tsv beside this file and is kept current (zero unknown-status worktrees is the standing rule). When the hold lifts: bankwt is sec.6-proven deletable (also permission-blocked to agents); obs/wt + base_wt (2.6 GB, 397 demolition-era commits, preserved on refs/arc3/monster-tip + backup branch, diffs archived) still owe a ruling -- delete or merits read
477	completed	252-A CLOSED (exec253/fix): the x86_64 adjudication was 115 rows short and the shortfall splits three ways -- 33 MOVED BY THE CLASSIFIER (32 out of DECODED-THEN-REFUSED + 1 out of REX2-PREFIX-IS-AN-OPCODE, now ENTERED-THEN-FAULTED(PROBE-STATE) on the dba5ebf3f2 ruling: a fault that is not #UD is the probe's own operands or state, derived per row from its own cpl3/cpl0/cpl0+enables triple, 0 verdicts moved, 133 #UD-everywhere rows held as the negative control), 80 ADJUDICATED per row with a locator that resolves at HEAD and a per-row slot check against the probe's own bytes (80/80 ok), 3 NAMED REMAINDER carrying no verdict (SYSENTER, SYSEXIT, RSM -- see row 479). Derivation veto-able, one commit, DERIVATION_252A.md beside the evidence
478	completed	252-B CLOSED (exec253/fix) AND ITS SECOND CLAIM CORRECTED (exec254/fix, 253-E): the refusal did count CONFLICTING ROWS and call them encodings, and printing both numbers was right.  But it then asserted 'the row count depends on chunking, the encoding count does not', and THAT IS FALSE.  Four readings at c4e31d3974, one tip, one corpus stamp (#so 3b7b857f26c9b2ca): 160/241, 160/212, 160/212, 81/157, and the 81-encoding set is a strict SUBSET of the 160.  DO NOT QUOTE 160 -- or 81, or 212, or 241 -- as a property of the corpus; all four are readings of their run, and the message now says so.  Mechanism located, not fixed: FINDING 254-A.  251-A itself is untouched and stays a named non-blocker, now on its own row 482
479	completed	253-A CLOSED BY MEASUREMENT for two of its three rows (exec254/fix).  A CPU-VENDOR arm was added to the x86_64 CPL0 leg: sysprobe_vendor.sh derives its subjects from the tree (every decode-new.c.inc entry carrying chk(i64_amd) -- 0f34 SYSENTER and 0f35 SYSEXIT at this tip) and runs them under `-cpu max` and `-cpu max,vendor=GenuineIntel`.  MEASURED: SYSENTER 6 -> 13, SYSEXIT 6 -> 13; controls 0f0b (UD2) 6/6 and 0f31 (RDTSC) 255/255 both steady.  QEMU ENTERS both encodings once the vendor is Intel's, so they are REACHABLE-INTEL-VENDOR in qemu_decode_adjudicate.py's ROWS, not remainder.  DERIVATION, veto-able: the purpose statement classifies what is reachable IN QEMU, and the standing per-model ruling makes a model difference a QEMU-modelling fact rather than tracer scope; an instruction an Intel-vendor model runs is reachable in QEMU.  The word is a MEASUREMENT and the table refuses to print it without --cpl0-vendor, without a moved subject, or with a moved control (selftest arms I/J/K).  RSM stays a remainder but is no longer an open question: PROBE-HOLE(SMM) -- reachable in QEMU (SMM exists in system mode), and what this corpus lacks is a CPL0 leg that enters SMM.  That leg is ARC 4 candidate row 486
480	completed	253-B CLOSED (exec253/fix): the x86_64 leg's ten falsify control arms were DEAD AS WRITTEN and the first ended the leg. They named objdump spellings (movq vmovq vpsadbw sqrtsd xlatb smswl lmsww rdfsbasel lfsl cmpxchg8b) while sled_fields.py joins --falsify drop-src: on the identity corpus's RULE column, which has carried QEMU decodetree rule names since the other decoder was retired -- the `mnem` column reads "-" on 3,395 of 3,395 rows and sled_fields.py's own header says the rule name is the honest occupant. Measured: 10 of 10 arms matched nothing. Re-pointed per arm to rules with real subjects and each proven to COST agreement in the leg's own run (CMPccXADD 564->532, SHL 540, MOV 550, CMP 548, RCL 552, CMOVcc 556, VCVTSx2SI 556, CMPXCHG 558, XCHG 559, XLAT 563); the exact-delta constants are replaced by a live "the agreement must FALL" check that cannot go stale. Collateral fixed: the loop's redirect truncated tracer_batch.tsv before sled_fields decided anything, so a refusing arm left the corpus EMPTY -- every failure path now restores it
481	completed	253-C RE-ADJUDICATED AND CLOSED as 253-D (exec254/fix): its half (a) is REFUTED -- the seven rows are NOT slots QEMU occupies.  illopc_audit.py's Tables.cite() stopped at the ROOT entry, which for those rows is a POINTER at a ModRM.reg group (X86_OP_GROUP1(group3,E,b) and friends), and reported the pointer as OCCUPIED.  Walked to the slot the probe's ModRM.reg actually reaches: group15_reg has no [4] (PTWRITE), opcodes_grp3 has no [0x01]/[0x09] (the undocumented second TEST, x4), decode_group11 assigns UNKNOWN_OPCODE for every reg but 0 (XABORT, XBEGIN) -- all seven EMPTY, the ILLOPC label CORRECT.  The walker now DESCENDS generically: it reads the group's own decoder out of decode-new.c.inc, evaluates its dispatch over a small grammar, and REFUSES (fatal) on a construct it cannot read rather than falling through to the permissive answer.  The four hand-coded descents (group1A, group9, 0F78, 0F79) became instances -- verdicts byte-unchanged on all 174 of their rows.  Half (b) was the SAME encoding under two naming conventions and is adjudicated per row, not swept: judge() accepts a reference mnemonic that is the iform's generic name plus the predicate THIS probe's imm8 selects, verified per row (all 16 imm8=0x01 -> le) with three controls (le accepted, lt on an le probe refused, wrong size letter refused).  x86_64 illopc audit RED(23) -> GREEN(0); qemu_slot verdict moved on exactly 7 rows, probe_state on exactly 16, nothing else
482	pending	251-A OPEN, ITS OWN ROW (was only reachable through 478's text): the x86_64 mechanism-conflict class -- population encodings whose mechanism row differs between captures -- stands as a NAMED NON-BLOCKER.  It is not the instrument's defect (that was 252-B/253-E) and it is not 254-A's spelling instability either; whatever survives once @bitN stops carrying a per-block index is this row's subject, and it has not been measured since
483	completed	253-D CLOSED (exec254/fix): the twenty-three illopc REDs were the AUDITOR, not the matrix, in two shapes, and both are fixed at source -- see row 481 for the mechanism, the per-row proof and the firing controls.  Bar met: the seven rows read EMPTY at group granularity and agree with the by-hand walk in exec253/gate/MERITS_253C.md line for line (group15_reg[4], opcodes_grp3[0x01]/[0x09], decode_group11 reg!=0); the planted OCCUPIED control f6c000 (test $0,%al, group3 reg=0) reads OCCUPIED and its one-byte neighbour f6c801 reads EMPTY, so the descent is proven in both directions
484	completed	253-E CLOSED + FINDING 254-A FILED, MECHANISM LOCATED (exec254/fix).  The false invariance claim is out of srcenc_sled's refusal (row 478 carries the correction).  ATTRIBUTION, measured: the divergence is in the CAPTURE, not in the conflict detector.  gate/wp16 and final/wp16 ran the identical command at one tip; their per-chunk logs are line-for-line identical and chunks 0-9 of the mechanism corpus are BYTE-IDENTICAL, while chunks 10-35 differ at identical file size.  Over chunk 10's 184,649 differing rows, EVERY ONE of the 1,846,490 differing tokens is an `@bitN` -- zero named registers, zero @atom, zero @env+off:size.  @bitN is prov_bit_label()'s last resort (champsim_tracer_capture.cc:655) for a provenance bit that resolved to no name, no atom and no declared env field, and the number in it is df_intern()'s slot index (accel/tcg/insn-dataflow.c:419), assigned base+nslots++ in FIRST-SEEN order and resolvable only inside the block that minted it (insn-dataflow.c:2364).  Two runs that reach an encoding in different block contexts therefore spell the same storage with different numbers, and the merge reads that as a mechanism disagreement.  FILED, NOT FIXED: the remedy is a spelling that names the storage (offset+extent) instead of a per-block index, and that changes the mechanism corpus for every consumer -- its own wave, with its own proofs
485	completed	254-C LANDED (exec254/fix): qemu_reach_matrix.py's two BYTE-SHAPE refusal labels -- NO-TABLE-ENTRY(ILLOPC) and EVEX-PREFIX-NOT-DECODED -- sit behind the observation rungs on the assumption that a row reaching them is #UD at every level measured, and nothing checked it.  The assumption is now asserted after the chain: a row carrying either label with any non-#UD fault measurement REFUSES, naming the row and all three signals.  Without it a future corpus or a rung re-order would launder an instruction QEMU EXECUTED into the bucket the ordering exists to keep it out of
486	pending	ARC 4 CANDIDATE, filed by 253-A's close: build a CPL0 probe leg that ENTERS system-management mode, so RSM has a measurement instead of a probe-coverage hole.  RSM is implemented in QEMU (gen_RSM -> helper_rsm) and refused by chk(smm) only because no probe boot in this corpus is ever in SMM; the row is classed REFUSED-BY-STATE(SMM) -- renamed from PROBE-HOLE(SMM) when 254-D was cured, because BOTH published tables now have to carry one spelling for it -- and stays that way until a leg reaches the state. Its matrix verdict is UNREACHABLE by the D17 trap-state precedent (nothing measured entered the state); what this leg would change is the measurement, not the wording
487	completed	FINDING 254-D CLOSED AT SOURCE (exec255/fix): the x86_64 leg published TWO classifications for three encodings out of ONE run because qemu_reach_matrix.py never consumed cpl0_vendor.tsv -- the adjudicator was its only reader.  Both consumptions are now the matrix's, through one shared module (reach_words.py) so the two tables cannot come to spell or guard the same fact differently.  (a) SYSENTER 0f34 and SYSEXIT 0f35 were MEASURED running under an Intel-vendor model (cpl0_vendor.tsv: vec_amd=6 vec_intel=13, moved=1 each; controls 0f0b 6/6 and 0f31 255/255 steady), and per the purpose statement plus the standing per-model ruling a measured-reachable instruction may not publish UNREACHABLE: verdict -> UNCOVERED with evidence REACHABLE-INTEL-VENDOR.  QUOTED FROM THE RUN, exactly the cost row 487 predicted: x86_64 UNREACHABLE 5,839 -> 5,837, UNCOVERED 2,331 -> 2,333, COVERED 710 unchanged, total 8,880; exactly 3 rows differ and the control 0f31 RDTSC is byte-identical.  (b) RSM 0faa is STATE-GATED (chk(smm)) and no measurement reached it, so per the D17 trap-state precedent -- the ruled treatment of an encoding gated by machine state the corpus does not enter, the same family the 23 REFUSED-BY-MODEL rows sit in -- its verdict STAYS UNREACHABLE and the cure is that both tables carry ONE class word: PROBE-HOLE(SMM) -> REFUSED-BY-STATE(SMM), spelled once in reach_words.py, with ARC-4 row 486 cross-referenced on the row itself.  The matrix derives the SMM subject set from decode-new.c.inc (chk(smm)) rather than naming 0faa, the way sysprobe_vendor.sh derives i64_amd, and refuses if the derivation or the vendor arm matches no row in the population.  THE AGREEMENT IS NOW AN ASSERTED INVARIANT, not luck: qemu_decode_adjudicate.py carries MATRIX_CONTRACT (every class it can print states the verdicts the matrix may publish and the word the evidence must carry) and refuses naming the rows.  FIRING PROOFS (exec255/fix/firingproof/FIRING_PROOF.txt): delete the vendor consumption -> matrix back to 5,839/2,331 and the cross-check REFUSES rc=1 naming SYSENTER and SYSEXIT; delete the state-gate consumption -> REFUSES rc=1 naming RSM; both present -> rc=0, 133 classed rows agree (NOT-IMPLEMENTED 107, REFUSED-BY-MODEL 23, REACHABLE-INTEL-VENDOR 2, REFUSED-BY-STATE(SMM) 1); selftest arms L and M assert the same two refusals permanently (13/13).  The change is offline python only -- no plugin or QEMU TU is touched, so the wire cannot have moved.  The coverage-accounting move was a maintainer decision and the DERIVATION is in the commit, veto-able  FINDING 255-D, ATTACHED HERE BECAUSE THIS ROW IS WHERE MATRIX_CONTRACT LIVES: the contract's ENABLE-GATED-OFF class HAS NO OCCUPANT.  The adjudication at this tip publishes 107 NOT-IMPLEMENTED, 23 REFUSED-BY-MODEL, 2 REACHABLE-INTEL-VENDOR and 1 REFUSED-BY-STATE(SMM) -- zero ENABLE-GATED-OFF rows -- and the selftest exercises only those four occupied classes.  That class's stated expectation (the matrix may publish COVERED or UNCOVERED, and UNREACHABLE would assert the gate can never open) is therefore RULED BUT UNTESTED BY A LIVE ROW.  The contract is written to REFUSE the day such a row appears, which is the honest behaviour, but its zero is NOT a proven-firing arm and MUST NOT be quoted as one.  Every other class on this row has a firing proof; this one has a reservation.
488	pending	ARC 4 LEAD ITEM, filed by the exec254 verdict which recorded that this wave has NO ledger row: the N11-WIDE re-adjudication.  23 ruling-table citations need re-adjudicating against the tree that ships.  THE COUNTING SPLIT, as the verdict recorded it: TWIN_MAP.tsv (exec253/prep, 41 data rows over 27 cited commits, built read-only at 4dbe186484) headlines 24 of 27 cited commits with NO TWIN -- three have one -- and exactly one of those 24 (02d2e16c44) is ALREADY AN ANCESTOR of HEAD and needs nothing, which leaves 23 needing re-adjudication.  Both numbers are defensible and they count different things; quote 24-of-27 for "no twin" and 23 for the work.  CAUSE: the ARC 3 clean restart (reset to ff315644d4) discarded the QEMU decode-site statement layer these rows are about and it was never re-created -- measured at HEAD over target/ + include/ + accel/, all twenty named note entry points read 0 occurrences.  CONSEQUENCE, and it is the sentence that makes this FIRST: barledger.py refuses an uncited family, so the BAR / SRCWALK / setjoin greens are NOT quotable as evidence about QEMU statements until this wave lands.  Scope, per-row disposition and the cheap line-drift wins are in cst_runs/p3/arc3/exec253/prep/LANDING_ORDER.md section 4 (TWIN_MAP.tsv is the deliverable and lands as a banked document, not as table edits)
489	completed	255-B RECORDED AS A SCHEDULING RULE (filed exec255, written down exec256/land ITEM E): A FULL `ninja` INVALIDATES EVERY BANKED LEG, AND THE GUARD SAYS SO OUT LOUD.  exec255 run 1 read "10 binaries, 8 re-digested, 8 changed behaviour" naming all eight; run 2 read 0/0/0 against the same reports.  The guard was behaving exactly as designed -- the settle rebuild moved the behaviour digest -- and because every leg in that pass ran AFTER the settle, nothing was stale.  THE RULE: after a full `ninja`, a one-ISA re-run can never produce a publishable four-ISA report, because the other three legs predate the apparatus and coverage_report.py refuses them.  So SETTLE FIRST, RUN LEGS AFTER, and never interleave a full build with banked legs.  A plugin-only `ninja contrib-plugins` does NOT move the digest.  OBSERVED AGAIN THIS PASS, twice, which is why it is now a row rather than a paragraph in a verdict: golden_net.py check REFUSED with "4 artifact(s) were STALE" naming qemu-x86_64 / -aarch64 / -riscv64 / -mipsel after a `ninja contrib-plugins`-only rebuild, both before ITEM D's patch and after it; each time the fix was one full `ninja -C build -j12` settle (30 edges, then 2 on the re-run -- the two always-dirty version headers) followed by a clean re-run.  The exec255 pass paid two extra runs for this; this pass paid two refusals.
490	pending	FINDING 256-E (surfaced by row 471's measurement, PRE-EXISTING at the pushed base baf73f49df, reproduced independently twice): the FULL validator battery is RED — 12 checks fail with identical ids at base and tip (features.devio_attrib, features.final_entry_memops, features.smc, features.string_memops, features.wp_tlb_cold, multiproc.latch_mips, system.churn_mipsel, system.clock_progress_mipsel, system.clock_progress_riscv64, system.idle_riscv64, system.thread_mipsel, system.user_x86) and TWO must-be-0 rows violate ("SMP dup: adjacent re-claims" on multiproc_trace_all_x86; "census fate identity BROKEN" on system_thread_mipsel); unattributed — the full battery is NOT one of the six ARC-3 criteria and had no fresh full reading during the close; each id needs its own attribution (real wire defect vs expectation drift vs harness), never a family sweep
491	completed	256-B/C/D record notes: 256-B (7d67d7a617's comment cited off-branch d7af864320) FIXED in the same commit as this row; 256-C — 7d67d7a617's message overclaims "same messages" for the base re-run (ids 12/12 match, messages differ on 4 of 12; evidence exec256/verify); 256-D — the 17-cell / residue counts in that message are single-run readings on system-mode cells (an independent run reads 19 cells; residue identity and direction reproduce, magnitudes do not) — quote the IDENTITY of the residue cells (devio_attrib, mpm UNDER-count vs lint, refuting MERITS_471's strict-superset premise), never the magnitudes
492	completed	EXEC257 ATTRIBUTION WAVE (evidence cst_runs/p3/arc3/exec257/): row 490's twelve ids attributed ONE AT A TIME, no family sweep -- 1 of 12 RESOLVED (features.string_memops, expectation drift, c61da37051: EXPECT_LANES asserted architectural per-iteration counts against the post-b32609d2fd contract of one slot per QEMU-declared memop row, doubled by do_gen_rep's @loop+@last twice-translation; separating witness probe.S bare-vs-rep movsb; plants both ways) and the census-fate must-be-0 FIXED AT SOURCE (f455a42285: frames_fated omitted census_frames_diverted, the exception-table fixup fate path_builder.cc:3193 counts then erases; 5==1+0+4+0+0; suppression plant fired and reverted byte-identical -- the #236 oracle-relaxation treatment).  THE [0,0) EXECUTED-RANGE CLASS (features.smc template 375, system.churn_mipsel template 1098, system.thread_mipsel template 7456, each proven from its OWN trace): mechanism LOCATED not named -- the CP decode site (labelled-reject-site cst_decode), NOT the WP chain, NOT the fault-prefix emit, NOT the user-budget cut, and NOT any emitted value (instrumented emit_body_entry fired ZERO times on a cell whose trace still decodes [0,0)) -- the empty range appears between stage_u64_delta staging and block_cell()'s read of the delta-persisted CST_FID_BB_STOP slot at the reserved block ipos.  NEXT PROBE NAMED: instrument stage_u64_delta for the BB_STOP fid, dump (template_id, n_insns, staged, held cell) per entry, diff against block_cell reads on the same trace.  Refutations recorded so they are not retried.  Board at the tip: R13 gate 20/20 x3, golden byte-identical, mutation 32/30/30, coverage headline 5473 x4, scorers PASS fresh (see row 499), deep flags errors=0 x4 at fresh seed 0x9A7D.  EXEC258 [0,0) HALF CLOSED AT SOURCE (evidence cst_runs/p3/arc3/exec258/rowfix492/): the named probe REFUTED the staging-vs-read framing -- writer and decoder AGREE on the delta arithmetic; the empty range was WRITTEN, and it rides WP CHAIN blocks in all three cells (churn seq 963 wp[3]: CST_FID_BB_STOP delta -4 on 4-insn 1098, directly after wp[2] 1097 cut to [0,1); smc 375 delta -11; thread same shape) -- exec257's 'NOT the WP chain' phrasing corrected: its emit_body_entry instrument watched the CP entry's own range, which is honest, while the WP sub-entries carried the 0.  MECHANISM: wp_walk_fragments' mid-TB re-open site (after a fragment commit, more fragments left in the exec'd TB) had NO budget guard -- the 'a block only opens with sim_insns < depth' comment was FALSE at exactly that one site -- so a block could OPEN at or past wpdepth, the commit clamp computed room 0, and emit_body_record_payload published bb_stop=min(0,n)=0, violating format.rst's own contracts ('the empty range is not emitted'; the CUT block is the chain's LAST).  FIX AT SOURCE: the driver loop's own budget gate at the one unguarded open site (champsim_tracer_wp.cc) -- a block that would open at or past the budget is not opened and the excursion ends; the decoder's reject is UNTOUCHED and stays armed (the banked exec257 traces reject forever).  PROOF BOTH WAYS at this tree: fresh unfixed-plugin churn run RED with the identical reject (rowfix492/red_churn); fixed build GREEN -- features.smc PASS whole-cell (156s, must-0 pass), churn + thread(mtc+thread_test) traces all decode rc=0.  Residual check failures the reject had been MASKING, each attributed: churn -> OPEN row 495 (unstamped THREAD_END at a close route; red-vs-green raw tails byte-shape-identical, pre-existing) and OPEN row 494 under --strict (18 impossible memop attributions, this wave's sibling); thread -> row 502 (mt_thread_present, pre-existing: the identical failure sits in exec257/attr/fix_b_after.log on a tree without this fix).
493	pending	EXEC258: TRACE_ALL HALF CLOSED AT SOURCE + EXEMPTION NARROWED AND ARMED; r4 HALF ATTRIBUTED TO A THIRD MECHANISM AND LEFT OPEN, honestly (evidence cst_runs/p3/arc3/exec258/row493/).  DIAGNOSIS (b) UPSTREAM IDENTITY, not the seal: re-reading the trace_all wire showed NO context switch at the fire at all -- the BB23939-class middle entries continue ONE process's strlen scan (loads walk the same buffer +8 per iteration) while the published pc flips to the peer's mapping, because CF_PCREL drops the virtual pc from the TB identity (tb_hash_func phys-only, tb_lookup_cmp skips pc) and plugin per-insn records are minted at translation with the translating mapping's vaddrs; the two 'foreign successor' seals are the entry/exit edges of that misattributed span.  FIX: tcg_cflags_set_pcrel (accel/tcg/cpu-exec-common.c) withholds CF_PCREL when a plugin is loaded, at the three targets that request it in system mode (i386/arm/riscv realize); mipsel never sets it; hppa left alone (not a tracer target, pcrel-always by its own translator's design).  PROOFS: offline encoded-edge check (row493/edge_check.py -- targets recomputed from the BYTES; cst_decode's '#' annotation renders the falsified template taken_pc and must not be the reference) fired 29 violations on the pre-fix trace_all trace incl. both hand-read seqs, 0 of 130,422 direct-branch entries post-fix; trace_all dup row 1 -> 0; validator all x86_64 seed 4242 rc=0.  EXEMPTION: _full.py known_issue now exempts only the check's pass/fail verdict, every must-be-0 census row GATES; RED proven on exec257 pre-fix stats for BOTH cells, plant-a-duplicate RED then GREEN on revert.  R4 HALF OPEN: the dup still fires ~1/5 post-fix (rep4 seq 97168/97169, diag14 x2) and the wire attributes it to the DEFERRED-PREV LABEL LAG (row 501): the departed process's held block is emitted during the incomer's step with an HONEST successor (recovery seals against the departure pc) but entry.asid_index reads the emit-time carry (cc:4983), already refreshed by the boundary root write -- the entry lands in the WRONG labeled strand and creates a CFG-impossible adjacent pair inside (tid,asid)=(0,0).  The tp-twin early-close hypothesis was REFUTED AS THE CAUSE OF THE DUP FIRES (diag14 fired the dup twice with ZERO departure-pc peer hits), but the twin peer-hit condition ITSELF was witnessed live in 2 of 8 CST_ASYNCRET_DIAG runs (diag16/17: dep_tp == cur_tp == 0x402000, roots 0x2408000 vs 0x2406000 and 0x252e000 vs 0x2530000) -- on the unfixed code that (pc, tp) collision CLOSES the departed process's window from the peer's context, so the (pc, tp, asid) close discriminator LANDS with its firing witness (both hits withheld, dup 0 in both runs); it closes that route, not the dup fires, whose cause is the label lag.  The narrowed census means any r4 fire now gates RED instead of laundering; closes with row 501.
494	completed	IMPOSSIBLE-MEMOP DECLARATION GAPS, three families, EACH proven from its own trace (NOT one cause -- the family framing was checked and would have been wrong): (a) x86_64 `lock cmpxchg` (f0 48 0f b1 17 and f0 0f b1 17, GEN_OP_XCHG) lands on templates whose static max loads AND stores are both 0 -- qemu_plugin_insn_memops() declares no row for the atomic-cmpxchg path while the runtime callback observes the real access (features.devio_attrib: 1700 memop / 29 insns, 5 of 6 subchecks PASS around it); (b) mipsel `ll` opcode 0x30 (multiproc.latch_mips 190/24; system.clock_progress_mipsel's cst_audit arm shares the SAME PCs+encodings 0x80853b1c/000085c0, 0x8011ddc4/00007ac3, 0x8017b570, 0x8017afe0 -- shared on evidence, not on the family name); (c) mipsel swl/swr opcodes 0x2a/0x2e (smc mipsel cell BB1721 ipos 5-12).  Same class as the riscv 244-F declaration gaps: QEMU performs an access it does not declare, so the template says the instruction cannot touch memory.  Fix at the declaration source per family.  EXEC258 CLOSED AT THE DECLARATION SOURCE (evidence cst_runs/p3/arc3/exec258/row494/): all three families stated where each family's own translation hides the access, through the existing insn_dataflow_note_synthetic_ea second shape (a helper-performed real access) -- no new mechanism, 64 inserted lines total.  (a) x86_64 lock cmpxchg: x86_df_note_decoder_facts (target/i386/tcg/decode-new.c.inc) states the RMW pair -- RD then WR at the operand width, the order the nonatomic expansion performs -- for gen_CMPXCHG under PREFIX_LOCK && CF_PARALLEL, exactly the route where tcg_gen_atomic_cmpxchg_tl is a helper and the op stream shows no qemu_ld/st; without CF_PARALLEL the real ops are recorded by the reader, so one encoding declares one template shape in both regimes (the #177/206-A adjudication: QEMU genuinely performs the load).  (b)+(c) mipsel: note_helper_access (target/mips/tcg/translate.c) states LL's 4-byte load at gen_ld's OPC_LL/R6_OPC_LL/OPC_LLE case SOFTMMU ONLY (the user-only OP_LD_ATOMIC arm is a real qemu_ld the reader records; stating it too would declare the load twice), and SWL/SWR's store at gen_st's two cases in both modes -- extent 4 is the whole architectural span of the 1..4 byte stores the helper performs, not a per-execution claim.  Loongson GSSWLC1/GSSWRC1 reuse the same helpers and are NOT stated (no evidence, not a traced model).  PROOFS BOTH WAYS at this tree: fresh RED at the unfixed HEAD with per-encoding identities banked (devio 2192 memop / 25 insns incl. every f0[48]0fb1 row; latch 199/27 ALL opcode-0x30 LL incl. the named 0x80853b1c+0x8011ddc4+0x8017b570+0x8017afe0; churn 17/12 all LL; smc mipsel 8 rows per trace = the BB1721-class a8/b8 swl/swr pairs at 0x400aec..0x400b08); fixed build GREEN per family -- multiproc.latch_mips whole-cell PASS 7/7 with impossible=(0,0); system.churn_mipsel cst_audit rc=0 AND cst_decode --strict rc=0 (row 492's parked '18 under --strict' discharged; the cell stays RED only on row 495's unstamped THREAD_END, a different defect); features.smc whole-cell PASS with 0 impossible rows on all 8 mipsel traces; features.devio_attrib cmpxchg rows 0 (2192 -> 228, and no f0*0fb[01] identity survives).  PLANT (#236 treatment): suppressing the LL declaration alone re-fires latch_mips RED (74 memop), revert -> GREEN 0.  Runtime cp_impossible_slot_memops (7d67d7a617) consistent with the offline lint: latch 0, devio fires only on the sibling remainder.  Regression: validator all mipsel + x86_64 seed 4242 rc=0 with every must-be-0 row 0; golden net GREEN, 25 cells byte-identical -- the bank holds no subject of these families, so no golden cell moved and no re-bank arises.  REMAINDER NAMED PER-INSTRUCTION AND FILED, not waved: devio's surviving 228 memop / 18 insns are ALL f0-prefixed locked-RMW siblings (inc/add/or/and/bts/xadd) of the same atomic-helper lowering at OTHER emitters -> row 503; the smc x86 arm's runtime warning population (template 407 pc=0x409088) is the same sibling class and its banked smc x86 traces audit to 0 offline.  EXEC259 RECORD CORRECTION (258V-A): ba12cf9399 flipped this row completed FALSELY -- arm (c) as c9face881c landed it was WRONG: it stated SWL/SWR as ONE store of extent 4 while helper_swl/helper_swr (target/mips/tcg/ldst_helper.c) perform 1..4 SINGLE-BYTE stores each delivered to plugins, so the template published max_dep_stores=1 while the wire published N_STORES=4 on 422/422 SWL/SWR executions (exec258/verify/b2 battery1 smc mipsel), violating format.rst's template-header contract (dynamic count 'never larger' than the template max), with slots 1..3 carrying no masks and the declared extent at EA not the span the helper writes (little-endian bytes land at EA-3..EA). (c) CLOSES ONLY WITH THE EXEC259 CONTRACT-TRUE STATEMENT: note_helper_partial_word_store states the helper's MAXIMUM -- four 1-byte store rows at EA, EA+s, EA+2s, EA+3s in the helper's own order (s from disas_is_bigendian and SWL/SWR), each with rt as its datum through the new insn_dataflow_note_helper_store (the helper's step moves the row address and is NOT noted as an encoding immediate; INSN_DF_MAX_SYNTH_EA 2->4 so all four rows are recorded, none refused). MEASURED (cst_runs/p3/arc3/exec259/fix): template now max_dep_stores=4, store_data_dep=[rt]x4, store_addr_dep=[base|imm]x4, imm=the encoded displacement; all 8 smc mipsel traces read 0 memop AND 0 over-max; features.smc PASS; multiproc.latch_mips PASS 7/7 impossible=(0,0). PLANTS both ways on this tree (exec259/plant): the pre-fix one-store-of-4 shape re-fires the NEW over-max lint on all 8 smc mipsel traces (8 distinct insns each), suppressing the statement re-fires the MEM rule (64..160 memop / 8 insns per trace), revert -> 0/0. Evidence for the pre-fix shape at the unfixed tip also banked: exec259/census_b1 (the new lint over exec258 b2 battery1 reads the same 8 SWL/SWR insns per smc mipsel trace).
495	pending	UNSTAMPED THREAD_END AT A CLOSE ROUTE, two ISAs: system.clock_progress_mipsel 'context (0,0) closes at seq=1543/1546 (BB varies with template numbering, the defect does not) without CST_BB_FLAG_THREAD_END' and system.clock_progress_riscv64 'context (1,0) closes at seq=3881 (BB8358)' -- some close/flush emit site fails to stamp the context's end; THE ROUTE IS NOT LOCATED.  ALSO FILED HERE: clock_progress_riscv64's first-error ALTERNATES between syscall_transitions ('syscall at 0x1020c returned to user at 0x11118, expected fall-through 0x10210') and thread_end across runs at one tip -- the cell is RED both ways and the non-determinism is itself an unexplained finding that the attribution must explain, not average over.
496	pending	CLOSE-PATH MEMOP LOSS ON THE SEGMENT-FINAL ENTRY, riscv64+mipsel ONLY (features.final_entry_memops): at a deferred icount-window close the final body entry loses memops the same template carries on every other execution -- riscv64 seq 17141 template 54 carries 0 vs 2 on all 562 peers; mipsel seq 12631 template 36 carries 1 vs 4 on all 2310 peers; x86_64 and aarch64 PASS the identical check, which is the check's own live control (it is not vacuous and fires only on a genuine loss).  ISA-scoped wire defect at the close path.
497	pending	TWO UNATTRIBUTED RISCV64 IDS (reproduced identically at base and tip, mechanisms NOT located): (a) system.idle_riscv64 'cp_execution_order: entry block blk_0 never executed in trace' -- the trace is NOT empty (8522 templates, 549104 entries, coverage covered=1567 ok); the two candidate mechanisms (marker window opened after the entry block ran vs template_runs mapping lost it) were NOT separated.  (b) features.wp_tlb_cold 'POSITIVE failed: no 0xc0decafe capture in WP' -- the contract stands (ab762d639c: a WP fetch of a mapped-but-iTLB-cold page must CAPTURE, not terminate); the two candidates (WP fetch policy regressed = WIRE vs the fixture never produced the cold-but-present condition = HARNESS) were NOT separated and the NEGATIVE arm was not read.  Each needs its separation probe before any verdict word.
498	pending	FINDING 257-B + the stall-gate power hole: system.thread_x86 is BIMODAL TIMEOUT -- 'TIMEOUT after 900s' (901.4-905.0s) in 3 of 4 tip battery runs and 1 of 2 single-cell runs on an idle host, vs 85.9-222.3s passes, NO intermediate value on record; the guest PROGRESSED in every failing run (coverage flag=OK, stall_fraction 0.000-0.058, r4 segment_insns 1.84e9).  PROVEN PRE-EXISTING: the identical TIMEOUT is banked 3x at exec241/repoint/accept{,2,3} dated 2026-09-17/18, five days before the exec257 batch; whole-record tally 7 TIMEOUT / 5 PASS.  NO CAUSE NAMED (tracer cost is banned as a cause; the #106 three-arm filter wp64+default / wp0 / icount has NOT been run on this cell and is OWED before any verdict).  ALSO: system.user_x86 measured bimodal 2/4 at one tip (r1 stall_fraction=0.860 detector=live-unarmed; r3/r4 rc=0) -- the load-conditional stall gate cannot be adjudicated from single battery readings; gate power needs sizing or the gate needs a load-invariant reformulation per the standing load-invariant-capture rule.
499	completed	FINDING 257-A RECORD CORRECTION (C5 scorers): exec256's RESULTS quoted C5 scorer numbers while its OWN scorer run REFUSED -- scorers/RC.txt SCORE_REFEREE_RC=2, SCORE.log 'REFUSING -- missing .../legs/_refwork/merge.py' -- so exec256's C5 green was a quotation, not a measurement (the silent-false-success shape, caught by the exec257 board check).  exec257 captured fresh corpora and RAN it: rc=0, merge PASS, referee selftest 23 arms 0 failures, join non-vacuous x4 (x86 q=817456 c=211710), setjoin PASS 0 UNRULED / 0 DEAD x4 (RESERVED 30/62/74/17), gapreport PASS 0 UNRULED, 18 RESERVED, 0 DEAD, one plugin sha across all four corpora.  mipsel RESERVED 17 vs exec256's quoted 13 is the corpus-sensitivity class already on the ledger (219-A/219-B); exec249's banked setjoin reads FAIL, so the source of exec256's quoted numbers remains unidentified.  C5's green at c61da37051 is a MEASURED green.
500	pending	TRACE-ALL PEER LABEL COLLAPSE (residue of row 493, measured in exec258/row493/postfix1): under policy=trace-all an UNMARKED peer process is captured but never gets its own asid label -- the label-allocation events are all content-gated (gate-refresh-on / marker admission / segment seed), none of which an unmarked context can trigger -- so every peer entry rides label 0 and multiproc.trace_all_x86 subcheck 1 ('progB captured under its own asid label') FAILS with asid_labels=[0]; the 'FOREIGN live address space' row (~128k post-fix) is this population's meter.  Fix path: a trace-all-only label-allocation event at the first captured dispatch under an unlabelled live root.  NOT a duplicate-instruction falsehood; the dup rows gate and read 0.
501	pending	DEFERRED-PREV LABEL LAG AT HIDDEN-SWITCH BOUNDARIES -- THE surviving violator of row 493's r4_concurrent must-be-0, read off the wire twice (exec257-r3 battery3 seq 55270; exec258 row493/r4rep4 seq 97168, diag14 x2): every body entry is emitted at least one dispatch after it executed, and entry.asid_index is read AT EMIT from the per-vCPU carry (champsim_tracer.cc:4983), which the boundary root-write's gate refresh has already moved to the INCOMING context -- so when an async-excluded span hides a context switch, the departed process's held block (successor honest: the abandoned-window recovery seals it against the departure pc) is published under the incomer's asid label, merging it into the wrong strand and creating a CFG-impossible adjacent pair inside that (tid, asid) on no-TLS twin workloads (both tid 0).  entry.thread_id has the IDENTICAL emit-time-carry lag (invisible on twins).  FIX PATH, prev_tid_-shaped: stamp the label (and tid) into the pending-seal slot at PROMOTE -- the carry at promote names the block's own context -- and thread the stamp through every emit route (seal walk, departure, cut, close); wire-visible at every context boundary of every system trace, so it needs its own wave with byte-level A/B and the 4-ISA battery.  Until then the narrowed census gates every recurrence RED (multiproc.r4_concurrent_x86 fires ~1/5).
502	pending	UNMASKED BY THE ROW-492 FIX (exec258/rowfix492): system.thread_mipsel now decodes past the retired [0,0) reject and fails on mt_thread_present -- thread 0 of the mtc two-thread synthetic workload never appears in the trace under any thread_id while thread 1 is fully green (bijection {1:1}, 28 entries accounted, 558 insns byte-matched).  PRE-EXISTING, not introduced by the WP budget gate (which only shortens WP chains): the IDENTICAL failure is banked at exec257/attr/fix_b_after.log (119.6s run, tree without the fix).  Same neighborhood as the OPEN SMP-attribution follow-ups (kernel strands sharing one (thread,asid); clone thread-identity handoff); mechanism NOT attributed -- capture/window or thread-identity, needs its own merits read on the mtc wire (green trace banked at rowfix492/green_thread2, decode rc=0).
503	pending	X86 LOCKED-RMW SIBLINGS SHARE THE ATOMIC-HELPER DECLARATION GAP (measured in exec258/row494, surfaced by the row-494 fix): features.devio_attrib's post-fix impossible-attribution remainder is 228 memop / 18 distinct insns and EVERY row is a LOCK-prefixed RMW at an emitter other than gen_CMPXCHG -- lock inc (f048ff02, f0ff00, f0ff05..), lock add (f0834424fc00, f048015058, f083471c01), lock xadd (f00fc107, f00fc14628, f00fc14338), lock or (f0804f0804, f0808a6b.., f0800a08), lock and (f0806001bf, f04180642470fe/fd, f08020fb), lock bts (f04c0fab..) -- the full per-encoding list is banked at cst_runs/p3/arc3/exec258/row494/green_devio_identities.txt and the pre-fix superset at red_devio_identities.txt.  Same mechanism as row 494(a): under CF_PARALLEL every locked RMW lowers to a tcg atomic helper (tcg/tcg-op-ldst.c), so the op stream shows a call and no qemu_ld/st and the template says the instruction cannot touch memory while the runtime delivers the RMW.  FIX PATH, one condition rather than per-emitter arms: x86_df_note_decoder_facts already holds s->prefix, has_ea and the memory operand's width, and the decoder #UDs invalid LOCK before the statement site -- generalize the row-494 arm from gen_CMPXCHG to (PREFIX_LOCK && has_ea && CF_PARALLEL), which is precisely the set QEMU lowers through atomic helpers.  Held out of the row-494 landing per the per-family rule: each sibling's width/operand shape (implicitly-locked XCHG, cmpxchg8b/16b operand widths, bit-string BTS/BTR/BTC address adjustment) needs its own merits read before the wide condition ships.
504	completed	EXEC259 THE MISSING OVER-MAX ORACLE (258V-A's blind spot, item 3): cst_lint and the runtime cp_impossible_slot_memops tested only the both-zero shape, so a template whose max was NONZERO BUT TOO SMALL was invisible -- the exact hole 258V-A (row 494 arm c) rode through.  ADDED the contract format.rst already states for the template header (a dynamic N_LOADS/N_STORES count 'can be smaller ... but never larger' than max_dep_loads/max_dep_stores): tools/cst_lint.h OVER-MAX rule (a CP execution whose count exceeds a not-0/0 template max; 0/0 stays the MEM rule's, never double-counted), fed by cst_decode's resolved cells and by a new cst_audit OverMaxTracker keyed on the writer's (asid, thread) overlay (keyed on thread alone it read 1737 FALSE over-max insns on a clean multi-process latch trace the decoder reads 0 on -- measured and fixed before landing); every subject named ('memop-over-max:' line with declared maxes vs largest published counts); fatal in cst_audit and cst_decode --strict like its siblings; runtime sibling 'Memops over template max' in build_entry_view (informational, as its MEM-rule sibling is).  COLLATERAL SILENT-FALSE-SUCCESS FIXED IN THE SAME CUT: validator _cst_decode_runner._IMPOSSIBLE_RE was '$'-anchored at the regdata group since 1a41d97879 appended the dangling-ref group to the summary, so the validator's decode-side impossible-attribution check could NEVER match and parsed every trace as clean (proof: exec259/validator_parse_proof.txt); now parses all four groups and an unparseable summary line is an error, never a zero.  FIRING PROOF: the pre-fix SWL/SWR shape (max 1, wire 4) turns it RED -- on the banked unfixed-tip traces (exec259/census_b1: 8 insns on every smc mipsel trace) AND on a fresh plant of that shape at this tree (exec259/plant/plant13_lint.txt, 8 insns x 8 traces); the fixed tree reads 0 on all mipsel smc/latch/churn traces (exec259/fix/lint_post.txt).  THE ORACLE IS NOT 0 ELSEWHERE: it exposes row 505's pre-existing cross-ISA population, which it now gates.
505	pending	OVER-MAX POPULATION THE ROW-504 ORACLE EXPOSED AT THE UNFIXED TIP (census of exec258/verify/b2 battery1, 116 traces, exec259/census_b1/overmax_by_trace.txt + overmax_subjects_base.txt; SWL/SWR excluded -- fixed by row 494's exec259 statement).  Each family is its OWN mechanism until read on its own trace; none fixed here (proportionality): (a) x86_64 FXSAVE64/FXRSTOR64 (48 0f ae 40/4b 40, 48 0f ae 0d.., 48 0f ae 4d/45 00) declared as ONE 512-byte synthetic row while the helper delivers 55 stores / 52 loads -- devio, devio_attrib, faults_interrupts, r4_fork, r4_concurrent, trace_all, churn, clock_progress, thread_x86 (1-5 insns each); (b) aarch64 multi-register LD1/ST1 (2089404c, 2501404c, 2089004c, 2245000c, 2501004c) max 1 vs 8/12/64 element accesses -- quick_user_aarch64; (c) aarch64 d50b7420 (DC ZVA, GEN_OP_UNKNOWN) max 0/1 vs 4 stores -- clock_progress_aarch64; (d) riscv64 0045200f (cbo.zero) max 0/1 vs 64 stores on 32 insns -- aclint + idle; (e) x86_64 plain MOV rows (4d8b87b0020000, 4d8987b8020000, 4d8b8750070000) max 1 vs 2 -- simpoint_7/9; (f) mipsel system block 0x80104f88..0x80104fb0 (8 plain lw/sw, BB523/BB2485 class) max 1 vs 2 -- system.thread_mipsel thread_test_sys AND mtc, STILL PRESENT at the exec259 tip (strict decode rc=1 on 8 over-max); unlike (a)-(e) the maxes there are architecturally right, so this is attribution (two executions' memops in one entry), not a declaration gap.  Every family: find the mechanism on its own trace, fix at source, measure 0; the gate stays armed meanwhile.
506	pending	258V-D RECORDED, NOT FIXED, NOT DISMISSED: 75f8e8f987's async-window close discriminator compares address-space roots at EVERY privilege level; a kernel thread running on a lazily borrowed mm, interrupted and resumed under a DIFFERENT borrowed root, would have its genuine resume withheld (the close would read a root mismatch as a foreign twin).  OPEN -- a kernel-strand witness (a kernel thread whose borrowed root changes across an async window) is owed before this may be dismissed or fixed; no trace in the exec258 board shows or refutes it.
507	pending	258V-E RECORDED: multiproc.trace_all_x86 has NO direct peer-capture witness -- B_entries=0 and asid_labels=[0] in every run (row 500's label collapse), so its dup-row zero is quotable ONLY through row 493's encoded-edge differential (edge_check.py over the bytes), never as 'the peer was captured and not duplicated'.  Owed: a direct witness once row 500 gives the peer its own label.
508	completed	258V-B CLOSED AT THE DECLARATION SOURCE (exec259): mipsel SC (opcode 0x38; the board's 000081e0 @0x8017aff0 and 000083e0 @0x801ffdc0) had LL's gap on the store side -- gen_st_cond's tcg_gen_atomic_cmpxchg_tl is a helper call under CF_PARALLEL (tcg/tcg-op-ldst.c) that delivers a load AND a store to plugins (atomic_trace_rmw_post) while the op stream shows neither, so the template said SC cannot touch memory (board: system.thread_mipsel strict decode 34 + 10 impossible memops on 2 insns, mtc 4 on 1).  gen_st_cond now states, under CF_PARALLEL only, the RMW pair in the nonatomic expansion's order -- a load then a store of the memop width at base+offset, rt as the store's datum -- so one encoding declares one template shape in both regimes; without CF_PARALLEL the expansion IS a real qemu_ld/qemu_st pair the reader records, and stating it too would declare every access twice.  The split is taken on CF_PARALLEL, not CONFIG_USER_ONLY: SC has no user-only helper arm (unlike LL), the helper route is decided by the flag.  MEASURED at the exec259 tip: thread_test_sys and mtc impossible memops 0 (audit + strict); both SC encodings carry memops on the wire.  PLANT: suppressing the statement re-fires the MEM rule -- thread_test_sys 10 memop / 2 insns, mtc 4 / 1 (exec259/plant/plant13_lint.txt); revert -> 0.  The cell stays RED on other rows (502 thread presence; 505(f) over-max; a validator content-oracle timeout when the mtc capture is large -- see the exec259 report), none of them SC's.
509	completed	THE OVER-MAX ORACLE ADOPTED (exec259 board, evidence cst_runs/p3/arc3/exec259/verify/): f49bd1c188's exceeds-max rule plus its repaired validator reader turn THIRTEEN battery ids RED that were green in both exec258 runs -- ADOPTED as truth per the standing rulings (a false green is the defect; a check that cannot find its subject must FAIL).  EVERY id attributed to a PRE-EXISTING defect, never to a wire change: quick.user_aarch64 + quick.golden = 505(b) multi-register LD1/ST1; quick.user_riscv64 + quick.golden = the RVV population (row 510); system.aclint_riscv64 = 505(d) cbo.zero; system.churn_x86 + system.clock_progress_x86_64 + features.devio = 505(a) FXSAVE64/FXRSTOR64 (48 0f ae 40 40, max 0/1 vs 55 stores); system.clock_progress_aarch64 + features.dc_zva_memops = 505(c) DC ZVA; features.faults_interrupts + features.physaddr(1of2) = strict rc=1 on the same families; features.mutation_strictness = the mutation HOLE below; multiproc.r4_fork_x86 pass->XFAIL non-gating.  MUTATION MATRIX 30/30 -> 29/30 with HOLE devio_stop_drop: the devio substrate REFUSES on FXSAVE over-max before the mutation can be exercised -- the hole is 505(a)'s, closes when it closes, and until then criterion C4 reads 29/30-with-attributed-hole, not green.  PRESENTATION GAP owed: the feature probes' own lines print 'impossible=(0 memop,0 regdata)' while failing on over-max -- the probe line does not read the new column.  INTERMEDIATE-COMMIT NOTE: at f49bd1c188 alone, features.smc is RED and row 494 still read falsely completed; 51d6954c97 restores both -- bisecting through the pair sees one red step.
510	pending	TWO MORE OVER-MAX/IMPOSSIBLE POPULATIONS named by the exec259 board, members of row 505's class, unfixed: (a) x86_64 XSAVEOPT64 (48 0f ae 37) and XRSTOR64 (48 0f ae 2f) -- 189 memops on 2 instructions against 0/0 templates (system.user_x86); same helper-declaration family as FXSAVE 505(a).  (b) riscv64 RVV vle64.v (07740f02) and vse64.v (27f40e02) -- 4 memops on 2 instructions against 0/0 templates (quick.user_riscv64; the banked golden legacy text CARRIED these rows all along and the blind reader never saw them).  Fix at the declaration source per family, with the vector-lane mapping the purpose statement requires for RVV, not a lump row.
511	completed	GOLDEN RE-BASELINE ACCOUNT (the standing STOP-finding rule discharged by adjudication): w3_coverage aarch64 and w3_coverage riscv64 mismatch the bank on the LEGACY-TEXT hash ONLY -- body and templates hashes MATCH by recomputation, so the WIRE is byte-identical and no wire movement is being laundered.  The legacy text differs because cst_decode's repaired/extended summary line now prints what was always there: aarch64 gains the over-max summary (6, the 505(b) LD1/ST1 rows) and riscv64's line gains the over-max column while its own banked text already listed 4 impossible memops on vle64.v/vse64.v (row 510(b)) that the pre-repair validator reader could not parse -- the banked rc=0 was a FALSE GREEN.  Disposition: the two cells are RE-BANKED at 51d6954c97 with this row as the written account; the other 23 cells are untouched and byte-identical; any future legacy-hash mismatch is again a STOP finding.
