opcode_id	mnemonic	hex	disasm	instr_class	ref_rank	ref_status	ref_src	ref_dst	trc_src	trc_dst	verdict	signature	tierB_ref_only	llvm_src	llvm_dst	mra_vs_llvm	notes
ABS_32_dp_1src	abs	2220c05a	abs w2, w1	general	1:MRA	ok	GPR1	GPR2	GPR1	GPR2	agree	-	-	GPR1	GPR2	same	-
ABS_64_dp_1src	abs	2220c0da	abs x2, x1	general	1:MRA	ok	GPR1	GPR2	GPR1	GPR2	agree	-	-	GPR1	GPR2	same	-
ABS_asimdmisc_R	abs	64b8a04e	abs v4.4s, v3.4s	advsimd	1:MRA	ok	VEC3	VEC4	VEC3	VEC4	agree	-	-	VEC3	VEC4	same	-
ABS_asisdmisc_R	abs	efbae05e	abs d15, d23	advsimd	1:MRA	ok	VEC23	VEC15	VEC23	VEC15	agree	-	-	VEC23	VEC15	same	-
ADCS_32_addsub_carry	adcs	4300013a	adcs w3, w2, w1	general	1:MRA	ok	FLAGS,GPR1,GPR2	FLAGS,GPR3	FLAGS,GPR1,GPR2	FLAGS,GPR3	agree	-	-	FLAGS,GPR1,GPR2	FLAGS,GPR3	same	-
ADCS_64_addsub_carry	adcs	430001ba	adcs x3, x2, x1	general	1:MRA	ok	FLAGS,GPR1,GPR2	FLAGS,GPR3	FLAGS,GPR1,GPR2	FLAGS,GPR3	agree	-	-	FLAGS,GPR1,GPR2	FLAGS,GPR3	same	-
ADC_32_addsub_carry	adc	4300011a	adc w3, w2, w1	general	1:MRA	ok	FLAGS,GPR1,GPR2	GPR3	FLAGS,GPR1,GPR2	GPR3	agree	-	-	FLAGS,GPR1,GPR2	GPR3	same	-
ADC_64_addsub_carry	adc	4300019a	adc x3, x2, x1	general	1:MRA	ok	FLAGS,GPR1,GPR2	GPR3	FLAGS,GPR1,GPR2	GPR3	agree	-	-	FLAGS,GPR1,GPR2	GPR3	same	-
ADDG_64_addsub_immtags	addg	64088191	addg x4, x3, #16, #2	general	1:MRA	ok	GPR3,PSTATE.EL,SYS	GPR4	GPR3	GPR4	disagree	SRC+ref:SYS	PSTATE.EL	GPR3	GPR4	SRC+ref:SYS	-
ADDHN_asimddiff_N	addhn	ae42310e	addhn v14.8b, v21.8h, v17.8h	advsimd	1:MRA	ok	VEC17,VEC21	VEC14	VEC17,VEC21	VEC14	agree	-	-	VEC17,VEC21	VEC14	same	-
ADDP_asimdsame_only	addp	85bca34e	addp v5.4s, v4.4s, v3.4s	advsimd	1:MRA	ok	VEC3,VEC4	VEC5	VEC3,VEC4	VEC5	agree	-	-	VEC3,VEC4	VEC5	same	-
ADDP_asisdpair_only	addp	aebaf15e	addp d14, v21.2d	advsimd	1:MRA	ok	VEC21	VEC14	VEC21	VEC14	agree	-	-	VEC21	VEC14	same	-
ADDS_32S_addsub_ext	adds	854c212b	adds w5, w4, w1, uxtw #3	general	1:MRA	ok	GPR1,GPR4	FLAGS,GPR5	GPR1,GPR4	FLAGS,GPR5	agree	-	-	GPR1,GPR4	FLAGS,GPR5	same	-
ADDS_32S_addsub_imm	adds	64084031	adds w4, w3, #2, lsl #12	general	1:MRA	ok	GPR3	FLAGS,GPR4	GPR3	FLAGS,GPR4	agree	-	-	GPR3	FLAGS,GPR4	same	-
ADDS_32_addsub_shift	adds	850c422b	adds w5, w4, w2, lsr #3	general	1:MRA	ok	GPR2,GPR4	FLAGS,GPR5	GPR2,GPR4	FLAGS,GPR5	agree	-	-	GPR2,GPR4	FLAGS,GPR5	same	-
ADDS_64S_addsub_ext	adds	854c21ab	adds x5, x4, w1, uxtw #3	general	1:MRA	ok	GPR1,GPR4	FLAGS,GPR5	GPR1,GPR4	FLAGS,GPR5	agree	-	-	GPR1,GPR4	FLAGS,GPR5	same	-
ADDS_64S_addsub_imm	adds	640840b1	adds x4, x3, #2, lsl #12	general	1:MRA	ok	GPR3	FLAGS,GPR4	GPR3	FLAGS,GPR4	agree	-	-	GPR3	FLAGS,GPR4	same	-
ADDS_64_addsub_shift	adds	850c42ab	adds x5, x4, x2, lsr #3	general	1:MRA	ok	GPR2,GPR4	FLAGS,GPR5	GPR2,GPR4	FLAGS,GPR5	agree	-	-	GPR2,GPR4	FLAGS,GPR5	same	-
ADDV_asimdall_only	addv	64b8b14e	addv s4, v3.4s	advsimd	1:MRA	ok	VEC3	VEC4	VEC3	VEC4	agree	-	-	VEC3	VEC4	same	-
ADD_32_addsub_ext	add	854c210b	add w5, w4, w1, uxtw #3	general	1:MRA	ok	GPR1,GPR4	GPR5	GPR1,GPR4	GPR5	agree	-	-	GPR1,GPR4	GPR5	same	-
ADD_32_addsub_imm	add	64084011	add w4, w3, #2, lsl #12	general	1:MRA	ok	GPR3	GPR4	GPR3	GPR4	agree	-	-	GPR3	GPR4	same	-
ADD_32_addsub_shift	add	850c420b	add w5, w4, w2, lsr #3	general	1:MRA	ok	GPR2,GPR4	GPR5	GPR2,GPR4	GPR5	agree	-	-	GPR2,GPR4	GPR5	same	-
ADD_64_addsub_ext	add	854c218b	add x5, x4, w1, uxtw #3	general	1:MRA	ok	GPR1,GPR4	GPR5	GPR1,GPR4	GPR5	agree	-	-	GPR1,GPR4	GPR5	same	-
ADD_64_addsub_imm	add	64084091	add x4, x3, #2, lsl #12	general	1:MRA	ok	GPR3	GPR4	GPR3	GPR4	agree	-	-	GPR3	GPR4	same	-
ADD_64_addsub_shift	add	850c428b	add x5, x4, x2, lsr #3	general	1:MRA	ok	GPR2,GPR4	GPR5	GPR2,GPR4	GPR5	agree	-	-	GPR2,GPR4	GPR5	same	-
ADD_asimdsame_only	add	8584a34e	add v5.4s, v4.4s, v3.4s	advsimd	1:MRA	ok	VEC3,VEC4	VEC5	VEC3,VEC4	VEC5	agree	-	-	VEC3,VEC4	VEC5	same	-
ADD_asisdsame_only	add	4e84fd5e	add d14, d2, d29	advsimd	1:MRA	ok	VEC2,VEC29	VEC14	VEC2,VEC29	VEC14	agree	-	-	VEC2,VEC29	VEC14	same	-
ADRP_only_pcreladdr	adrp	430000b0	adrp x3, #36864	general	1:MRA	ok	IP	GPR3	-	GPR3	agree	-	IP	-	GPR3	same	-
ADR_only_pcreladdr	adr	43000030	adr x3, #9	general	1:MRA	ok	IP	GPR3	-	GPR3	agree	-	IP	-	GPR3	same	-
AESD_B_cryptoaes	aesd	2258284e	aesd v2.16b, v1.16b	advsimd	1:MRA	ok	VEC1,VEC2	VEC2	VEC1,VEC2	VEC2	agree	-	-	VEC1,VEC2	VEC2	same	-
AESE_B_cryptoaes	aese	2248284e	aese v2.16b, v1.16b	advsimd	1:MRA	ok	VEC1,VEC2	VEC2	VEC1,VEC2	VEC2	agree	-	-	VEC1,VEC2	VEC2	same	-
AESIMC_B_cryptoaes	aesimc	2278284e	aesimc v2.16b, v1.16b	advsimd	1:MRA	ok	VEC1	VEC2	VEC1	VEC2	agree	-	-	VEC1	VEC2	same	-
AESMC_B_cryptoaes	aesmc	2268284e	aesmc v2.16b, v1.16b	advsimd	1:MRA	ok	VEC1	VEC2	VEC1	VEC2	agree	-	-	VEC1	VEC2	same	-
ANDS_32S_log_imm	ands	64080172	ands w4, w3, #0x80000003	general	1:MRA	ok	GPR3	FLAGS,GPR4	GPR3	FLAGS,GPR4	agree	-	-	GPR3	FLAGS,GPR4	same	-
ANDS_32_log_shift	ands	850c426a	ands w5, w4, w2, lsr #3	general	1:MRA	ok	GPR2,GPR4	FLAGS,GPR5	GPR2,GPR4	FLAGS,GPR5	agree	-	-	GPR2,GPR4	FLAGS,GPR5	same	-
ANDS_64S_log_imm	ands	850c42f2	ands x5, x4, #0xc000000000000003	general	1:MRA	ok	GPR4	FLAGS,GPR5	GPR4	FLAGS,GPR5	agree	-	-	GPR4	FLAGS,GPR5	same	-
ANDS_64_log_shift	ands	850c42ea	ands x5, x4, x2, lsr #3	general	1:MRA	ok	GPR2,GPR4	FLAGS,GPR5	GPR2,GPR4	FLAGS,GPR5	agree	-	-	GPR2,GPR4	FLAGS,GPR5	same	-
AND_32_log_imm	and	64080112	and w4, w3, #0x80000003	general	1:MRA	ok	GPR3	GPR4	GPR3	GPR4	agree	-	-	GPR3	GPR4	same	-
AND_32_log_shift	and	850c420a	and w5, w4, w2, lsr #3	general	1:MRA	ok	GPR2,GPR4	GPR5	GPR2,GPR4	GPR5	agree	-	-	GPR2,GPR4	GPR5	same	-
AND_64_log_imm	and	850c4292	and x5, x4, #0xc000000000000003	general	1:MRA	ok	GPR4	GPR5	GPR4	GPR5	agree	-	-	GPR4	GPR5	same	-
AND_64_log_shift	and	850c428a	and x5, x4, x2, lsr #3	general	1:MRA	ok	GPR2,GPR4	GPR5	GPR2,GPR4	GPR5	agree	-	-	GPR2,GPR4	GPR5	same	-
AND_asimdsame_only	and	641c224e	and v4.16b, v3.16b, v2.16b	advsimd	1:MRA	ok	VEC2,VEC3	VEC4	VEC2,VEC3	VEC4	agree	-	-	VEC2,VEC3	VEC4	same	-
ASRV_32_dp_2src	asrv	4328c11a	asr w3, w2, w1	general	1:MRA	ok	GPR1,GPR2	GPR3	GPR1,GPR2	GPR3	agree	-	-	GPR1,GPR2	GPR3	same	-
ASRV_64_dp_2src	asrv	4328c19a	asr x3, x2, x1	general	1:MRA	ok	GPR1,GPR2	GPR3	GPR1,GPR2	GPR3	agree	-	-	GPR1,GPR2	GPR3	same	-
ASR_SBFM_32M_bitfield	asr	437c0113	asr w3, w2, #1	general	1:MRA	ok	GPR2	GPR3	GPR2	GPR3	agree	-	-	GPR2	GPR3	same	-
ASR_SBFM_64M_bitfield	asr	43fc4193	asr x3, x2, #1	general	1:MRA	ok	GPR2	GPR3	GPR2	GPR3	agree	-	-	GPR2	GPR3	same	-
AT_SYS_CR_systeminstrs	at	107808d5	at s1e1r, x16	system	1:MRA	ok	GPR16	SYS	GPR16	-	disagree	DST+ref:SYS	-	GPR16	-	DST+ref:SYS	-
AUTDA_64P_dp_1src	autda	2218c1da	autda x2, x1	general	1:MRA	ok	GPR1,GPR2,IP,PSTATE.EL,SYS	GPR2	GPR1,GPR2	GPR2	disagree	SRC+ref:SYS	IP,PSTATE.EL	GPR1,GPR2	GPR2	SRC+ref:SYS	-
AUTDB_64P_dp_1src	autdb	221cc1da	autdb x2, x1	general	1:MRA	ok	GPR1,GPR2,IP,PSTATE.EL,SYS	GPR2	GPR1,GPR2	GPR2	disagree	SRC+ref:SYS	IP,PSTATE.EL	GPR1,GPR2	GPR2	SRC+ref:SYS	-
AUTDZA_64Z_dp_1src	autdza	e13bc1da	autdza x1	general	1:MRA	ok	GPR1,IP,PSTATE.EL,SYS,ZERO	GPR1	GPR1	GPR1	disagree	SRC+ref:SYS SRC+ref:ZERO	IP,PSTATE.EL	GPR1	GPR1	SRC+ref:SYS SRC+ref:ZERO	-
AUTDZB_64Z_dp_1src	autdzb	e13fc1da	autdzb x1	general	1:MRA	ok	GPR1,IP,PSTATE.EL,SYS,ZERO	GPR1	GPR1	GPR1	disagree	SRC+ref:SYS SRC+ref:ZERO	IP,PSTATE.EL	GPR1	GPR1	SRC+ref:SYS SRC+ref:ZERO	-
AUTIA1716_HI_hints	autia1716	9f2103d5	autia1716	system	1:MRA	ok	GPR16,GPR17,IP,PSTATE.EL,SYS	GPR17	GPR16,GPR17	GPR17	disagree	SRC+ref:SYS	IP,PSTATE.EL	GPR16,GPR17	GPR17	SRC+ref:SYS	-
AUTIASP_HI_hints	autiasp	bf2303d5	autiasp	system	1:MRA	ok	IP,LR,PSTATE.EL,SP,SYS	LR	LR,SP	LR	disagree	SRC+ref:SYS	IP,PSTATE.EL	LR,SP	LR	SRC+ref:SYS	-
AUTIAZ_HI_hints	autiaz	9f2303d5	autiaz	system	1:MRA	ok	IP,LR,PSTATE.EL,SYS,ZERO	LR	LR	LR	disagree	SRC+ref:SYS SRC+ref:ZERO	IP,PSTATE.EL	LR	LR	SRC+ref:SYS SRC+ref:ZERO	-
AUTIA_64P_dp_1src	autia	2210c1da	autia x2, x1	general	1:MRA	ok	GPR1,GPR2,IP,PSTATE.EL,SYS	GPR2	GPR1,GPR2	GPR2	disagree	SRC+ref:SYS	IP,PSTATE.EL	GPR1,GPR2	GPR2	SRC+ref:SYS	-
AUTIB1716_HI_hints	autib1716	df2103d5	autib1716	system	1:MRA	ok	GPR16,GPR17,IP,PSTATE.EL,SYS	GPR17	GPR16,GPR17	GPR17	disagree	SRC+ref:SYS	IP,PSTATE.EL	GPR16,GPR17	GPR17	SRC+ref:SYS	-
AUTIBSP_HI_hints	autibsp	ff2303d5	autibsp	system	1:MRA	ok	IP,LR,PSTATE.EL,SP,SYS	LR	LR,SP	LR	disagree	SRC+ref:SYS	IP,PSTATE.EL	LR,SP	LR	SRC+ref:SYS	-
AUTIBZ_HI_hints	autibz	df2303d5	autibz	system	1:MRA	ok	IP,LR,PSTATE.EL,SYS,ZERO	LR	LR	LR	disagree	SRC+ref:SYS SRC+ref:ZERO	IP,PSTATE.EL	LR	LR	SRC+ref:SYS SRC+ref:ZERO	-
AUTIB_64P_dp_1src	autib	2214c1da	autib x2, x1	general	1:MRA	ok	GPR1,GPR2,IP,PSTATE.EL,SYS	GPR2	GPR1,GPR2	GPR2	disagree	SRC+ref:SYS	IP,PSTATE.EL	GPR1,GPR2	GPR2	SRC+ref:SYS	-
AUTIZA_64Z_dp_1src	autiza	e133c1da	autiza x1	general	1:MRA	ok	GPR1,IP,PSTATE.EL,SYS,ZERO	GPR1	GPR1	GPR1	disagree	SRC+ref:SYS SRC+ref:ZERO	IP,PSTATE.EL	GPR1	GPR1	SRC+ref:SYS SRC+ref:ZERO	-
AUTIZB_64Z_dp_1src	autizb	e137c1da	autizb x1	general	1:MRA	ok	GPR1,IP,PSTATE.EL,SYS,ZERO	GPR1	GPR1	GPR1	disagree	SRC+ref:SYS SRC+ref:ZERO	IP,PSTATE.EL	GPR1	GPR1	SRC+ref:SYS SRC+ref:ZERO	-
AXFLAG_M_pstate	axflag	5f4000d5	axflag	system	1:MRA	ok	FLAGS	FLAGS	FLAGS	FLAGS	agree	-	-	FLAGS	FLAGS	same	-
BCAX_VVV16_crypto4	bcax	640821ce	bcax v4.16b, v3.16b, v1.16b, v2.16b	advsimd	1:MRA	ok	VEC1,VEC2,VEC3	VEC4	VEC1,VEC2,VEC3	VEC4	agree	-	-	VEC1,VEC2,VEC3	VEC4	same	-
BC_only_condbranch	bc	32000054	bc.hs #4	general	1:MRA	ok	FLAGS,IP,PSTATE.EL	IP	FLAGS	-	agree	-	IP,PSTATE.EL	FLAGS	-	same	-
BFCVTN_asimdmisc_4S	bfcvtn	6b6ba10e	bfcvtn v11.4h, v27.4s	advsimd	1:MRA	ok	FCSR,PSTATE.SM,VEC27	FCSR,VEC11	FCSR,VEC27	VEC11	disagree	DST+ref:FCSR	PSTATE.SM	FCSR,VEC27	VEC11	DST+ref:FCSR	-
BFCVT_BS_floatdp1	bfcvt	2240631e	bfcvt h2, s1	float	1:MRA	ok	FCSR,PSTATE.SM,VEC1	FCSR,VEC2	FCSR,VEC1	VEC2	disagree	DST+ref:FCSR	PSTATE.SM	FCSR,VEC1	VEC2	DST+ref:FCSR	-
BFC_BFM_32M_bitfield	bfc	e30b0133	bfxil w3, wzr, #1, #2	general	1:MRA	ok	GPR3,ZERO	GPR3	GPR3,ZERO	GPR3	agree	-	-	GPR3,ZERO	GPR3	same	-
BFC_BFM_64M_bitfield	bfc	e30b41b3	bfxil x3, xzr, #1, #2	general	1:MRA	ok	GPR3,ZERO	GPR3	GPR3,ZERO	GPR3	agree	-	-	GPR3,ZERO	GPR3	same	-
BFDOT_asimdelem_E	bfdot	c1f8544f	bfdot v1.4s, v6.8h, v20.2h[2]	advsimd	1:MRA	ok	FCSR,VEC1,VEC20,VEC6	VEC1	VEC1,VEC20,VEC6	VEC1	disagree	SRC+ref:FCSR	-	VEC1,VEC20,VEC6	VEC1	SRC+ref:FCSR	-
BFDOT_asimdsame2_D	bfdot	64fc426e	bfdot v4.4s, v3.8h, v2.8h	advsimd	1:MRA	ok	FCSR,VEC2,VEC3,VEC4	VEC4	VEC2,VEC3,VEC4	VEC4	disagree	SRC+ref:FCSR	-	VEC2,VEC3,VEC4	VEC4	SRC+ref:FCSR	-
BFI_BFM_32M_bitfield	bfi	f0391a33	bfi w16, w15, #6, #15	general	1:MRA	ok	GPR15,GPR16	GPR16	GPR15,GPR16	GPR16	agree	-	-	GPR15,GPR16	GPR16	same	-
BFI_BFM_64M_bitfield	bfi	8dc576b3	bfi x13, x12, #10, #50	general	1:MRA	ok	GPR12,GPR13	GPR13	GPR12,GPR13	GPR13	agree	-	-	GPR12,GPR13	GPR13	same	-
BFMLAL_asimdelem_F	bfmlal	c1f8d44f	bfmlalt v1.4s, v6.8h, v4.h[5]	advsimd	1:MRA	ok	FCSR,VEC1,VEC4,VEC6	VEC1	FCSR,VEC1,VEC4,VEC6	VEC1	agree	-	-	FCSR,VEC1,VEC4,VEC6	VEC1	same	-
BFMLAL_asimdsame2_F_	bfmlal	64fcc26e	bfmlalt v4.4s, v3.8h, v2.8h	advsimd	1:MRA	ok	FCSR,VEC2,VEC3,VEC4	VEC4	FCSR,VEC2,VEC3,VEC4	VEC4	agree	-	-	FCSR,VEC2,VEC3,VEC4	VEC4	same	-
BFMMLA_asimdsame2_E	bfmmla	43ec416e	bfmmla v3.4s, v2.8h, v1.8h	advsimd	1:MRA	ok	FCSR,VEC1,VEC2,VEC3	VEC3	VEC1,VEC2,VEC3	VEC3	disagree	SRC+ref:FCSR	-	VEC1,VEC2,VEC3	VEC3	SRC+ref:FCSR	-
BFM_32M_bitfield	bfm	64080133	bfxil w4, w3, #1, #2	general	1:MRA	ok	GPR3,GPR4	GPR4	GPR3,GPR4	GPR4	agree	-	-	GPR3,GPR4	GPR4	same	-
BFM_64M_bitfield	bfm	640841b3	bfxil x4, x3, #1, #2	general	1:MRA	ok	GPR3,GPR4	GPR4	GPR3,GPR4	GPR4	agree	-	-	GPR3,GPR4	GPR4	same	-
BFXIL_BFM_32M_bitfield	bfxil	b8000033	bfxil w24, w5, #0, #1	general	1:MRA	ok	GPR24,GPR5	GPR24	GPR24,GPR5	GPR24	agree	-	-	GPR24,GPR5	GPR24	same	-
BFXIL_BFM_64M_bitfield	bfxil	d50340b3	bfxil x21, x30, #0, #1	general	1:MRA	ok	GPR21,LR	GPR21	GPR21,LR	GPR21	agree	-	-	GPR21,LR	GPR21	same	-
BICS_32_log_shift	bics	850c626a	bics w5, w4, w2, lsr #3	general	1:MRA	ok	GPR2,GPR4	FLAGS,GPR5	GPR2,GPR4	FLAGS,GPR5	agree	-	-	GPR2,GPR4	FLAGS,GPR5	same	-
BICS_64_log_shift	bics	850c62ea	bics x5, x4, x2, lsr #3	general	1:MRA	ok	GPR2,GPR4	FLAGS,GPR5	GPR2,GPR4	FLAGS,GPR5	agree	-	-	GPR2,GPR4	FLAGS,GPR5	same	-
BIC_32_log_shift	bic	850c620a	bic w5, w4, w2, lsr #3	general	1:MRA	ok	GPR2,GPR4	GPR5	GPR2,GPR4	GPR5	agree	-	-	GPR2,GPR4	GPR5	same	-
BIC_64_log_shift	bic	850c628a	bic x5, x4, x2, lsr #3	general	1:MRA	ok	GPR2,GPR4	GPR5	GPR2,GPR4	GPR5	agree	-	-	GPR2,GPR4	GPR5	same	-
BIC_and_z_zi_	bic	06008005	and z6.s, z6.s, #0x1	sve	1:MRA	ok	VEC6	VEC6	VEC6	VEC6	agree	-	-	VEC6	VEC6	same	-
BIC_asimdimm_L_hl	bic	4595026f	bic v5.8h, #74	advsimd	1:MRA	ok	VEC5	VEC5	VEC5	VEC5	agree	-	-	VEC5	VEC5	same	-
BIC_asimdimm_L_sl	bic	4555026f	bic v5.4s, #74, lsl #16	advsimd	1:MRA	ok	VEC5	VEC5	VEC5	VEC5	agree	-	-	VEC5	VEC5	same	-
BIC_asimdsame_only	bic	641c624e	bic v4.16b, v3.16b, v2.16b	advsimd	1:MRA	ok	VEC2,VEC3	VEC4	VEC2,VEC3	VEC4	agree	-	-	VEC2,VEC3	VEC4	same	-
BIF_asimdsame_only	bif	641ce26e	bif v4.16b, v3.16b, v2.16b	advsimd	1:MRA	ok	VEC2,VEC3,VEC4	VEC4	VEC2,VEC3,VEC4	VEC4	agree	-	-	VEC2,VEC3,VEC4	VEC4	same	-
BIT_asimdsame_only	bit	641ca26e	bit v4.16b, v3.16b, v2.16b	advsimd	1:MRA	ok	VEC2,VEC3,VEC4	VEC4	VEC2,VEC3,VEC4	VEC4	agree	-	-	VEC2,VEC3,VEC4	VEC4	same	-
BLRAAZ_64_branch_reg	blraaz	3f083fd6	blraaz x1	general	1:MRA	ok	GPR1,IP,PSTATE.EL,SYS,ZERO	IP,LR	GPR1	LR	disagree	SRC+ref:SYS SRC+ref:ZERO	IP,PSTATE.EL	GPR1	LR	SRC+ref:SYS SRC+ref:ZERO	-
BLRAA_64P_branch_reg	blraa	22083fd7	blraa x1, x2	general	1:MRA	ok	GPR1,GPR2,IP,PSTATE.EL,SYS	IP,LR	GPR1,GPR2	LR	disagree	SRC+ref:SYS	IP,PSTATE.EL	GPR1,GPR2	LR	SRC+ref:SYS	-
BLRABZ_64_branch_reg	blrabz	3f0c3fd6	blrabz x1	general	1:MRA	ok	GPR1,IP,PSTATE.EL,SYS,ZERO	IP,LR	GPR1	LR	disagree	SRC+ref:SYS SRC+ref:ZERO	IP,PSTATE.EL	GPR1	LR	SRC+ref:SYS SRC+ref:ZERO	-
BLRAB_64P_branch_reg	blrab	220c3fd7	blrab x1, x2	general	1:MRA	ok	GPR1,GPR2,IP,PSTATE.EL,SYS	IP,LR	GPR1,GPR2	LR	disagree	SRC+ref:SYS	IP,PSTATE.EL	GPR1,GPR2	LR	SRC+ref:SYS	-
BLR_64_branch_reg	blr	20003fd6	blr x1	general	1:MRA	ok	GPR1,IP,PSTATE.EL,SYS	IP,LR	GPR1	LR	disagree	SRC+ref:SYS	IP,PSTATE.EL	GPR1	LR	SRC+ref:SYS	-
BL_only_branch_imm	bl	01000094	bl #4	general	1:MRA	ok	IP,PSTATE.EL,SYS	IP,LR	-	LR	disagree	SRC+ref:SYS	IP,PSTATE.EL	-	LR	SRC+ref:SYS	-
BRAAZ_64_branch_reg	braaz	3f081fd6	braaz x1	general	1:MRA	ok	GPR1,IP,PSTATE.EL,SYS,ZERO	IP	GPR1	-	disagree	SRC+ref:SYS SRC+ref:ZERO	IP,PSTATE.EL	GPR1	-	SRC+ref:SYS SRC+ref:ZERO	-
BRAA_64P_branch_reg	braa	22081fd7	braa x1, x2	general	1:MRA	ok	GPR1,GPR2,IP,PSTATE.EL,SYS	IP	GPR1,GPR2	-	disagree	SRC+ref:SYS	IP,PSTATE.EL	GPR1,GPR2	-	SRC+ref:SYS	-
BRABZ_64_branch_reg	brabz	3f0c1fd6	brabz x1	general	1:MRA	ok	GPR1,IP,PSTATE.EL,SYS,ZERO	IP	GPR1	-	disagree	SRC+ref:SYS SRC+ref:ZERO	IP,PSTATE.EL	GPR1	-	SRC+ref:SYS SRC+ref:ZERO	-
BRAB_64P_branch_reg	brab	220c1fd7	brab x1, x2	general	1:MRA	ok	GPR1,GPR2,IP,PSTATE.EL,SYS	IP	GPR1,GPR2	-	disagree	SRC+ref:SYS	IP,PSTATE.EL	GPR1,GPR2	-	SRC+ref:SYS	-
BRB_SYS_CR_systeminstrs	brb	bf7209d5	brb inj	system	1:MRA	ok	ZERO	SYS	-	-	disagree	DST+ref:SYS SRC+ref:ZERO	-	-	-	DST+ref:SYS SRC+ref:ZERO	-
BRK_EX_exception	brk	200020d4	brk #0x1	system	1:MRA	ok	-	-	-	-	agree	-	-	-	-	same	-
BR_64_branch_reg	br	20001fd6	br x1	general	1:MRA	ok	GPR1,PSTATE.EL	IP	GPR1	-	agree	-	IP,PSTATE.EL	GPR1	-	same	-
BSL_asimdsame_only	bsl	641c626e	bsl v4.16b, v3.16b, v2.16b	advsimd	1:MRA	ok	VEC2,VEC3,VEC4	VEC4	VEC2,VEC3,VEC4	VEC4	agree	-	-	VEC2,VEC3,VEC4	VEC4	same	-
BTI_HB_hints	bti	1f2403d5	bti	system	1:MRA	ok	-	-	-	-	agree	-	-	-	-	same	-
B_only_branch_imm	b	01000014	b #4	general	1:MRA	ok	IP,PSTATE.EL	IP	-	-	agree	-	IP,PSTATE.EL	-	-	same	-
B_only_condbranch	b	22000054	b.hs #4	general	1:MRA	ok	FLAGS,IP,PSTATE.EL	IP	FLAGS	-	agree	-	IP,PSTATE.EL	FLAGS	-	same	-
CASAB_C32_comswap	casab	437ce108	casab w1, w3, [x2]	general	1:MRA	ok	GPR1,GPR2,GPR3	GPR1	GPR1,GPR2,GPR3	GPR1	agree	-	-	GPR1,GPR2,GPR3	GPR1	same	-
CASAH_C32_comswap	casah	437ce148	casah w1, w3, [x2]	general	1:MRA	ok	GPR1,GPR2,GPR3	GPR1	GPR1,GPR2,GPR3	GPR1	agree	-	-	GPR1,GPR2,GPR3	GPR1	same	-
CASALB_C32_comswap	casalb	43fce108	casalb w1, w3, [x2]	general	1:MRA	ok	GPR1,GPR2,GPR3	GPR1	GPR1,GPR2,GPR3	GPR1	agree	-	-	GPR1,GPR2,GPR3	GPR1	same	-
CASALH_C32_comswap	casalh	43fce148	casalh w1, w3, [x2]	general	1:MRA	ok	GPR1,GPR2,GPR3	GPR1	GPR1,GPR2,GPR3	GPR1	agree	-	-	GPR1,GPR2,GPR3	GPR1	same	-
CASAL_C32_comswap	casal	43fce188	casal w1, w3, [x2]	general	1:MRA	ok	GPR1,GPR2,GPR3	GPR1	GPR1,GPR2,GPR3	GPR1	agree	-	-	GPR1,GPR2,GPR3	GPR1	same	-
CASAL_C64_comswap	casal	43fce1c8	casal x1, x3, [x2]	general	1:MRA	ok	GPR1,GPR2,GPR3	GPR1	GPR1,GPR2,GPR3	GPR1	agree	-	-	GPR1,GPR2,GPR3	GPR1	same	-
CASA_C32_comswap	casa	437ce188	casa w1, w3, [x2]	general	1:MRA	ok	GPR1,GPR2,GPR3	GPR1	GPR1,GPR2,GPR3	GPR1	agree	-	-	GPR1,GPR2,GPR3	GPR1	same	-
CASA_C64_comswap	casa	437ce1c8	casa x1, x3, [x2]	general	1:MRA	ok	GPR1,GPR2,GPR3	GPR1	GPR1,GPR2,GPR3	GPR1	agree	-	-	GPR1,GPR2,GPR3	GPR1	same	-
CASB_C32_comswap	casb	437ca108	casb w1, w3, [x2]	general	1:MRA	ok	GPR1,GPR2,GPR3	GPR1	GPR1,GPR2,GPR3	GPR1	agree	-	-	GPR1,GPR2,GPR3	GPR1	same	-
CASH_C32_comswap	cash	437ca148	cash w1, w3, [x2]	general	1:MRA	ok	GPR1,GPR2,GPR3	GPR1	GPR1,GPR2,GPR3	GPR1	agree	-	-	GPR1,GPR2,GPR3	GPR1	same	-
CASLB_C32_comswap	caslb	43fca108	caslb w1, w3, [x2]	general	1:MRA	ok	GPR1,GPR2,GPR3	GPR1	GPR1,GPR2,GPR3	GPR1	agree	-	-	GPR1,GPR2,GPR3	GPR1	same	-
CASLH_C32_comswap	caslh	43fca148	caslh w1, w3, [x2]	general	1:MRA	ok	GPR1,GPR2,GPR3	GPR1	GPR1,GPR2,GPR3	GPR1	agree	-	-	GPR1,GPR2,GPR3	GPR1	same	-
CASL_C32_comswap	casl	43fca188	casl w1, w3, [x2]	general	1:MRA	ok	GPR1,GPR2,GPR3	GPR1	GPR1,GPR2,GPR3	GPR1	agree	-	-	GPR1,GPR2,GPR3	GPR1	same	-
CASL_C64_comswap	casl	43fca1c8	casl x1, x3, [x2]	general	1:MRA	ok	GPR1,GPR2,GPR3	GPR1	GPR1,GPR2,GPR3	GPR1	agree	-	-	GPR1,GPR2,GPR3	GPR1	same	-
CASPAL_CP32_comswappr	caspal	22ff6a08	caspal w10, w11, w2, w3, [x25]	general	1:MRA	ok	GPR10,GPR11,GPR2,GPR25,GPR3	GPR10,GPR11	GPR10,GPR11,GPR2,GPR25,GPR3	GPR10,GPR11	agree	-	-	GPR10,GPR11,GPR2,GPR25,GPR3	GPR10,GPR11	same	-
CASPAL_CP64_comswappr	caspal	cefe6048	caspal x0, x1, x14, x15, [x22]	general	1:MRA	ok	GPR0,GPR1,GPR14,GPR15,GPR22	GPR0,GPR1	GPR0,GPR1,GPR14,GPR15,GPR22	GPR0,GPR1	agree	-	-	GPR0,GPR1,GPR14,GPR15,GPR22	GPR0,GPR1	same	-
CASPA_CP32_comswappr	caspa	b87f6408	caspa w4, w5, w24, w25, [x29]	general	1:MRA	ok	FP_REG,GPR24,GPR25,GPR4,GPR5	GPR4,GPR5	FP_REG,GPR24,GPR25,GPR4,GPR5	GPR4,GPR5	agree	-	-	FP_REG,GPR24,GPR25,GPR4,GPR5	GPR4,GPR5	same	-
CASPA_CP64_comswappr	caspa	987d7248	caspa x18, x19, x24, x25, [x12]	general	1:MRA	ok	GPR12,GPR18,GPR19,GPR24,GPR25	GPR18,GPR19	GPR12,GPR18,GPR19,GPR24,GPR25	GPR18,GPR19	agree	-	-	GPR12,GPR18,GPR19,GPR24,GPR25	GPR18,GPR19	same	-
CASPL_CP32_comswappr	caspl	e0fe3a08	caspl w26, w27, w0, w1, [x23]	general	1:MRA	ok	GPR0,GPR1,GPR23,GPR26,GPR27	GPR26,GPR27	GPR0,GPR1,GPR23,GPR26,GPR27	GPR26,GPR27	agree	-	-	GPR0,GPR1,GPR23,GPR26,GPR27	GPR26,GPR27	same	-
CASPL_CP64_comswappr	caspl	e6fe3e48	caspl x30, xzr, x6, x7, [x23]	general	1:MRA	ok	GPR23,GPR6,GPR7,LR,ZERO	LR	GPR23,GPR6,GPR7,LR,ZERO	LR,ZERO	disagree	DST+trc:ZERO	-	GPR23,GPR6,GPR7,LR,ZERO	LR,ZERO	DST+trc:ZERO	-
CASP_CP32_comswappr	casp	3e7e2c08	casp w12, w13, w30, wzr, [x17]	general	1:MRA	ok	GPR12,GPR13,GPR17,LR,ZERO	GPR12,GPR13	GPR12,GPR13,GPR17,LR,ZERO	GPR12,GPR13	agree	-	-	GPR12,GPR13,GPR17,LR,ZERO	GPR12,GPR13	same	-
CASP_CP64_comswappr	casp	5a7c2048	casp x0, x1, x26, x27, [x2]	general	1:MRA	ok	GPR0,GPR1,GPR2,GPR26,GPR27	GPR0,GPR1	GPR0,GPR1,GPR2,GPR26,GPR27	GPR0,GPR1	agree	-	-	GPR0,GPR1,GPR2,GPR26,GPR27	GPR0,GPR1	same	-
CAS_C32_comswap	cas	437ca188	cas w1, w3, [x2]	general	1:MRA	ok	GPR1,GPR2,GPR3	GPR1	GPR1,GPR2,GPR3	GPR1	agree	-	-	GPR1,GPR2,GPR3	GPR1	same	-
CAS_C64_comswap	cas	437ca1c8	cas x1, x3, [x2]	general	1:MRA	ok	GPR1,GPR2,GPR3	GPR1	GPR1,GPR2,GPR3	GPR1	agree	-	-	GPR1,GPR2,GPR3	GPR1	same	-
CBNZ_32_compbranch	cbnz	22000035	cbnz w2, #4	general	1:MRA	ok	GPR2,IP,PSTATE.EL	IP	GPR2	-	agree	-	IP,PSTATE.EL	GPR2	-	same	-
CBNZ_64_compbranch	cbnz	220000b5	cbnz x2, #4	general	1:MRA	ok	GPR2,IP,PSTATE.EL	IP	GPR2	-	agree	-	IP,PSTATE.EL	GPR2	-	same	-
CBZ_32_compbranch	cbz	22000034	cbz w2, #4	general	1:MRA	ok	GPR2,IP,PSTATE.EL	IP	GPR2	-	agree	-	IP,PSTATE.EL	GPR2	-	same	-
CBZ_64_compbranch	cbz	220000b4	cbz x2, #4	general	1:MRA	ok	GPR2,IP,PSTATE.EL	IP	GPR2	-	agree	-	IP,PSTATE.EL	GPR2	-	same	-
CCMN_32_condcmp_imm	ccmn	6428413a	ccmn w3, #1, #4, hs	general	1:MRA	ok	FLAGS,GPR3	FLAGS	FLAGS,GPR3	FLAGS	agree	-	-	FLAGS,GPR3	FLAGS	same	-
CCMN_32_condcmp_reg	ccmn	6420413a	ccmn w3, w1, #4, hs	general	1:MRA	ok	FLAGS,GPR1,GPR3	FLAGS	FLAGS,GPR1,GPR3	FLAGS	agree	-	-	FLAGS,GPR1,GPR3	FLAGS	same	-
CCMN_64_condcmp_imm	ccmn	642841ba	ccmn x3, #1, #4, hs	general	1:MRA	ok	FLAGS,GPR3	FLAGS	FLAGS,GPR3	FLAGS	agree	-	-	FLAGS,GPR3	FLAGS	same	-
CCMN_64_condcmp_reg	ccmn	642041ba	ccmn x3, x1, #4, hs	general	1:MRA	ok	FLAGS,GPR1,GPR3	FLAGS	FLAGS,GPR1,GPR3	FLAGS	agree	-	-	FLAGS,GPR1,GPR3	FLAGS	same	-
CCMP_32_condcmp_imm	ccmp	6428417a	ccmp w3, #1, #4, hs	general	1:MRA	ok	FLAGS,GPR3	FLAGS	FLAGS,GPR3	FLAGS	agree	-	-	FLAGS,GPR3	FLAGS	same	-
CCMP_32_condcmp_reg	ccmp	6420417a	ccmp w3, w1, #4, hs	general	1:MRA	ok	FLAGS,GPR1,GPR3	FLAGS	FLAGS,GPR1,GPR3	FLAGS	agree	-	-	FLAGS,GPR1,GPR3	FLAGS	same	-
CCMP_64_condcmp_imm	ccmp	642841fa	ccmp x3, #1, #4, hs	general	1:MRA	ok	FLAGS,GPR3	FLAGS	FLAGS,GPR3	FLAGS	agree	-	-	FLAGS,GPR3	FLAGS	same	-
CCMP_64_condcmp_reg	ccmp	642041fa	ccmp x3, x1, #4, hs	general	1:MRA	ok	FLAGS,GPR1,GPR3	FLAGS	FLAGS,GPR1,GPR3	FLAGS	agree	-	-	FLAGS,GPR1,GPR3	FLAGS	same	-
CFINV_M_pstate	cfinv	1f4000d5	cfinv	system	1:MRA	ok	FLAGS	FLAGS	FLAGS	FLAGS	agree	-	-	FLAGS	FLAGS	same	partial-flag-write
CFP_SYS_CR_systeminstrs	cfp	81730bd5	cfp rctx, x1	system	1:MRA	ok	GPR1	SYS	GPR1	-	disagree	DST+ref:SYS	-	GPR1	-	DST+ref:SYS	-
CHKFEAT_HI_hints	chkfeat	1f2503d5	chkfeat x16	system	1:MRA	ok	GPR16,PSTATE.EL,SYS	GPR16	GPR16	GPR16	disagree	SRC+ref:SYS	PSTATE.EL	GPR16	GPR16	SRC+ref:SYS	-
CINC_CSINC_32_condsel	cinc	31b6911a	cinc w17, w17, ge	general	1:MRA	ok	FLAGS,GPR17	GPR17	FLAGS,GPR17	GPR17	agree	-	-	FLAGS,GPR17	GPR17	same	-
CINC_CSINC_64_condsel	cinc	31c6919a	cinc x17, x17, le	general	1:MRA	ok	FLAGS,GPR17	GPR17	FLAGS,GPR17	GPR17	agree	-	-	FLAGS,GPR17	GPR17	same	-
CINV_CSINV_32_condsel	cinv	3172915a	cinv w17, w17, vs	general	1:MRA	ok	FLAGS,GPR17	GPR17	FLAGS,GPR17	GPR17	agree	-	-	FLAGS,GPR17	GPR17	same	-
CINV_CSINV_64_condsel	cinv	310291da	cinv x17, x17, ne	general	1:MRA	ok	FLAGS,GPR17	GPR17	FLAGS,GPR17	GPR17	agree	-	-	FLAGS,GPR17	GPR17	same	-
CLRBHB_HI_hints	clrbhb	df2203d5	clrbhb	system	1:MRA	ok	-	-	-	-	agree	-	-	-	-	same	-
CLREX_BN_barriers	clrex	5f3103d5	clrex #1	system	1:MRA	ok	-	-	-	-	agree	-	-	-	-	same	-
CLS_32_dp_1src	cls	2214c05a	cls w2, w1	general	1:MRA	ok	GPR1	GPR2	GPR1	GPR2	agree	-	-	GPR1	GPR2	same	unbounded-loop
CLS_64_dp_1src	cls	2214c0da	cls x2, x1	general	1:MRA	ok	GPR1	GPR2	GPR1	GPR2	agree	-	-	GPR1	GPR2	same	unbounded-loop
CLS_asimdmisc_R	cls	6448a04e	cls v4.4s, v3.4s	advsimd	1:MRA	ok	VEC3	VEC4	VEC3	VEC4	agree	-	-	VEC3	VEC4	same	unbounded-loop
CLZ_32_dp_1src	clz	2210c05a	clz w2, w1	general	1:MRA	ok	GPR1	GPR2	GPR1	GPR2	agree	-	-	GPR1	GPR2	same	unbounded-loop
CLZ_64_dp_1src	clz	2210c0da	clz x2, x1	general	1:MRA	ok	GPR1	GPR2	GPR1	GPR2	agree	-	-	GPR1	GPR2	same	unbounded-loop
CLZ_asimdmisc_R	clz	6448a06e	clz v4.4s, v3.4s	advsimd	1:MRA	ok	VEC3	VEC4	VEC3	VEC4	agree	-	-	VEC3	VEC4	same	unbounded-loop
CMEQ_asimdmisc_Z	cmeq	6498a04e	cmeq v4.4s, v3.4s, #0	advsimd	1:MRA	ok	VEC3	VEC4	VEC3	VEC4	agree	-	-	VEC3	VEC4	same	-
CMEQ_asimdsame_only	cmeq	858ca36e	cmeq v5.4s, v4.4s, v3.4s	advsimd	1:MRA	ok	VEC3,VEC4	VEC5	VEC3,VEC4	VEC5	agree	-	-	VEC3,VEC4	VEC5	same	-
CMEQ_asisdmisc_Z	cmeq	ae99e05e	cmeq d14, d13, #0	advsimd	1:MRA	ok	VEC13	VEC14	VEC13	VEC14	agree	-	-	VEC13	VEC14	same	-
CMEQ_asisdsame_only	cmeq	ce8ff47e	cmeq d14, d30, d20	advsimd	1:MRA	ok	VEC20,VEC30	VEC14	VEC20,VEC30	VEC14	agree	-	-	VEC20,VEC30	VEC14	same	-
CMGE_asimdmisc_Z	cmge	6488a06e	cmge v4.4s, v3.4s, #0	advsimd	1:MRA	ok	VEC3	VEC4	VEC3	VEC4	agree	-	-	VEC3	VEC4	same	-
CMGE_asimdsame_only	cmge	853ca34e	cmge v5.4s, v4.4s, v3.4s	advsimd	1:MRA	ok	VEC3,VEC4	VEC5	VEC3,VEC4	VEC5	agree	-	-	VEC3,VEC4	VEC5	same	-
CMGE_asisdmisc_Z	cmge	9c8be07e	cmge d28, d28, #0	advsimd	1:MRA	ok	VEC28	VEC28	VEC28	VEC28	agree	-	-	VEC28	VEC28	same	-
CMGE_asisdsame_only	cmge	313ef15e	cmge d17, d17, d17	advsimd	1:MRA	ok	VEC17	VEC17	VEC17	VEC17	agree	-	-	VEC17	VEC17	same	-
CMGT_asimdmisc_Z	cmgt	6488a04e	cmgt v4.4s, v3.4s, #0	advsimd	1:MRA	ok	VEC3	VEC4	VEC3	VEC4	agree	-	-	VEC3	VEC4	same	-
CMGT_asimdsame_only	cmgt	8534a34e	cmgt v5.4s, v4.4s, v3.4s	advsimd	1:MRA	ok	VEC3,VEC4	VEC5	VEC3,VEC4	VEC5	agree	-	-	VEC3,VEC4	VEC5	same	-
CMGT_asisdmisc_Z	cmgt	2989e05e	cmgt d9, d9, #0	advsimd	1:MRA	ok	VEC9	VEC9	VEC9	VEC9	agree	-	-	VEC9	VEC9	same	-
CMGT_asisdsame_only	cmgt	3e35e15e	cmgt d30, d9, d1	advsimd	1:MRA	ok	VEC1,VEC9	VEC30	VEC1,VEC9	VEC30	agree	-	-	VEC1,VEC9	VEC30	same	-
CMHI_asimdsame_only	cmhi	8534a36e	cmhi v5.4s, v4.4s, v3.4s	advsimd	1:MRA	ok	VEC3,VEC4	VEC5	VEC3,VEC4	VEC5	agree	-	-	VEC3,VEC4	VEC5	same	-
CMHI_asisdsame_only	cmhi	3136f17e	cmhi d17, d17, d17	advsimd	1:MRA	ok	VEC17	VEC17	VEC17	VEC17	agree	-	-	VEC17	VEC17	same	-
CMHS_asimdsame_only	cmhs	853ca36e	cmhs v5.4s, v4.4s, v3.4s	advsimd	1:MRA	ok	VEC3,VEC4	VEC5	VEC3,VEC4	VEC5	agree	-	-	VEC3,VEC4	VEC5	same	-
CMHS_asisdsame_only	cmhs	c33df07e	cmhs d3, d14, d16	advsimd	1:MRA	ok	VEC14,VEC16	VEC3	VEC14,VEC16	VEC3	agree	-	-	VEC14,VEC16	VEC3	same	-
CMLE_asimdmisc_Z	cmle	6498a06e	cmle v4.4s, v3.4s, #0	advsimd	1:MRA	ok	VEC3	VEC4	VEC3	VEC4	agree	-	-	VEC3	VEC4	same	-
CMLE_asisdmisc_Z	cmle	c199e07e	cmle d1, d14, #0	advsimd	1:MRA	ok	VEC14	VEC1	VEC14	VEC1	agree	-	-	VEC14	VEC1	same	-
CMLT_asimdmisc_Z	cmlt	64a8a04e	cmlt v4.4s, v3.4s, #0	advsimd	1:MRA	ok	VEC3	VEC4	VEC3	VEC4	agree	-	-	VEC3	VEC4	same	-
CMLT_asisdmisc_Z	cmlt	50a8e05e	cmlt d16, d2, #0	advsimd	1:MRA	ok	VEC2	VEC16	VEC2	VEC16	agree	-	-	VEC2	VEC16	same	-
CMN_ADDS_32S_addsub_ext	cmn	9f4c212b	cmn w4, w1, uxtw #3	general	1:MRA	ok	GPR1,GPR4	FLAGS	GPR1,GPR4	FLAGS	agree	-	-	GPR1,GPR4	FLAGS,ZERO	DST+trc:ZERO	-
CMN_ADDS_32S_addsub_imm	cmn	7f084031	cmn w3, #2, lsl #12	general	1:MRA	ok	GPR3	FLAGS	GPR3	FLAGS	agree	-	-	GPR3	FLAGS,ZERO	DST+trc:ZERO	-
CMN_ADDS_32_addsub_shift	cmn	9f0c422b	cmn w4, w2, lsr #3	general	1:MRA	ok	GPR2,GPR4	FLAGS	GPR2,GPR4	FLAGS	agree	-	-	GPR2,GPR4	FLAGS,ZERO	DST+trc:ZERO	-
CMN_ADDS_64S_addsub_ext	cmn	9f4c21ab	cmn x4, w1, uxtw #3	general	1:MRA	ok	GPR1,GPR4	FLAGS	GPR1,GPR4	FLAGS	agree	-	-	GPR1,GPR4	FLAGS,ZERO	DST+trc:ZERO	-
CMN_ADDS_64S_addsub_imm	cmn	7f0840b1	cmn x3, #2, lsl #12	general	1:MRA	ok	GPR3	FLAGS	GPR3	FLAGS	agree	-	-	GPR3	FLAGS,ZERO	DST+trc:ZERO	-
CMN_ADDS_64_addsub_shift	cmn	9f0c42ab	cmn x4, x2, lsr #3	general	1:MRA	ok	GPR2,GPR4	FLAGS	GPR2,GPR4	FLAGS	agree	-	-	GPR2,GPR4	FLAGS,ZERO	DST+trc:ZERO	-
CMPLE_cmpge_p_p_zz_	cmple	a0831c24	cmpge p0.b, p0/z, z29.b, z28.b	sve	1:MRA	ok	PRED0,VEC28,VEC29	FLAGS,PRED0	PRED0,VEC28,VEC29	FLAGS,PRED0	agree	-	-	PRED0,VEC28,VEC29	FLAGS,PRED0	same	unbounded-loop
CMPLO_cmphi_p_p_zz_	cmplo	b0011624	cmphi p0.b, p0/z, z13.b, z22.b	sve	1:MRA	ok	PRED0,VEC13,VEC22	FLAGS,PRED0	PRED0,VEC13,VEC22	FLAGS,PRED0	agree	-	-	PRED0,VEC13,VEC22	FLAGS,PRED0	same	unbounded-loop
CMPLS_cmphs_p_p_zz_	cmpls	60021524	cmphs p0.b, p0/z, z19.b, z21.b	sve	1:MRA	ok	PRED0,VEC19,VEC21	FLAGS,PRED0	PRED0,VEC19,VEC21	FLAGS,PRED0	agree	-	-	PRED0,VEC19,VEC21	FLAGS,PRED0	same	unbounded-loop
CMPLT_cmpgt_p_p_zz_	cmplt	70800924	cmpgt p0.b, p0/z, z3.b, z9.b	sve	1:MRA	ok	PRED0,VEC3,VEC9	FLAGS,PRED0	PRED0,VEC3,VEC9	FLAGS,PRED0	agree	-	-	PRED0,VEC3,VEC9	FLAGS,PRED0	same	unbounded-loop
CMPP_SUBPS_64S_dp_2src	cmpp	5f00c1ba	subps xzr, x2, x1	general	1:MRA	ok	GPR1,GPR2	FLAGS	GPR1,GPR2	FLAGS,ZERO	disagree	DST+trc:ZERO	-	GPR1,GPR2	FLAGS,ZERO	DST+trc:ZERO	-
CMP_SUBS_32S_addsub_ext	cmp	9f4c216b	cmp w4, w1, uxtw #3	general	1:MRA	ok	GPR1,GPR4	FLAGS	GPR1,GPR4	FLAGS	agree	-	-	GPR1,GPR4	FLAGS,ZERO	DST+trc:ZERO	-
CMP_SUBS_32S_addsub_imm	cmp	7f084071	cmp w3, #2, lsl #12	general	1:MRA	ok	GPR3	FLAGS	GPR3	FLAGS	agree	-	-	GPR3	FLAGS,ZERO	DST+trc:ZERO	-
CMP_SUBS_32_addsub_shift	cmp	9f0c426b	cmp w4, w2, lsr #3	general	1:MRA	ok	GPR2,GPR4	FLAGS	GPR2,GPR4	FLAGS	agree	-	-	GPR2,GPR4	FLAGS,ZERO	DST+trc:ZERO	-
CMP_SUBS_64S_addsub_ext	cmp	9f4c21eb	cmp x4, w1, uxtw #3	general	1:MRA	ok	GPR1,GPR4	FLAGS	GPR1,GPR4	FLAGS	agree	-	-	GPR1,GPR4	FLAGS,ZERO	DST+trc:ZERO	-
CMP_SUBS_64S_addsub_imm	cmp	7f0840f1	cmp x3, #2, lsl #12	general	1:MRA	ok	GPR3	FLAGS	GPR3	FLAGS	agree	-	-	GPR3	FLAGS,ZERO	DST+trc:ZERO	-
CMP_SUBS_64_addsub_shift	cmp	9f0c42eb	cmp x4, x2, lsr #3	general	1:MRA	ok	GPR2,GPR4	FLAGS	GPR2,GPR4	FLAGS	agree	-	-	GPR2,GPR4	FLAGS,ZERO	DST+trc:ZERO	-
CMTST_asimdsame_only	cmtst	858ca34e	cmtst v5.4s, v4.4s, v3.4s	advsimd	1:MRA	ok	VEC3,VEC4	VEC5	VEC3,VEC4	VEC5	agree	-	-	VEC3,VEC4	VEC5	same	-
CMTST_asisdsame_only	cmtst	318ef15e	cmtst d17, d17, d17	advsimd	1:MRA	ok	VEC17	VEC17	VEC17	VEC17	agree	-	-	VEC17	VEC17	same	-
CNEG_CSNEG_32_condsel	cneg	3166915a	cneg w17, w17, vc	general	1:MRA	ok	FLAGS,GPR17	GPR17	FLAGS,GPR17	GPR17	agree	-	-	FLAGS,GPR17	GPR17	same	-
CNEG_CSNEG_64_condsel	cneg	311691da	cneg x17, x17, eq	general	1:MRA	ok	FLAGS,GPR17	GPR17	FLAGS,GPR17	GPR17	agree	-	-	FLAGS,GPR17	GPR17	same	-
CNT_32_dp_1src	cnt	221cc05a	cnt w2, w1	general	1:MRA	ok	GPR1	GPR2	GPR1	GPR2	agree	-	-	GPR1	GPR2	same	unbounded-loop
CNT_64_dp_1src	cnt	221cc0da	cnt x2, x1	general	1:MRA	ok	GPR1	GPR2	GPR1	GPR2	agree	-	-	GPR1	GPR2	same	unbounded-loop
CNT_asimdmisc_R	cnt	3c5b204e	cnt v28.16b, v25.16b	advsimd	1:MRA	ok	VEC25	VEC28	VEC25	VEC28	agree	-	-	VEC25	VEC28	same	unbounded-loop
COSP_SYS_CR_systeminstrs	cosp	c1730bd5	cosp rctx, x1	system	1:MRA	ok	GPR1	SYS	GPR1	-	disagree	DST+ref:SYS	-	GPR1	-	DST+ref:SYS	-
CPP_SYS_CR_systeminstrs	cpp	e1730bd5	cpp rctx, x1	system	1:MRA	ok	GPR1	SYS	GPR1	-	disagree	DST+ref:SYS	-	GPR1	-	DST+ref:SYS	-
CPYEN_CPY_memcms	cpyen	d9c68c1d	cpyen [x25]!, [x12]!, x22!	general	1:MRA	ok	FLAGS,GPR12,GPR22,GPR25,PSTATE.EL,PSTATE.UAO	GPR12,GPR22,GPR25	FLAGS,GPR12,GPR22,GPR25	GPR12,GPR22,GPR25	agree	-	PSTATE.EL,PSTATE.UAO	FLAGS,GPR12,GPR22,GPR25	GPR12,GPR22,GPR25	same	-
CPYERN_CPY_memcms	cpyern	b387891d	cpyern [x19]!, [x9]!, x29!	general	1:MRA	ok	FLAGS,FP_REG,GPR19,GPR9,PSTATE.EL,PSTATE.UAO	FP_REG,GPR19,GPR9	FLAGS,FP_REG,GPR19,GPR9	FP_REG,GPR19,GPR9	agree	-	PSTATE.EL,PSTATE.UAO	FLAGS,FP_REG,GPR19,GPR9	FP_REG,GPR19,GPR9	same	-
CPYERTN_CPY_memcms	cpyertn	a5e68d1d	cpyertn [x5]!, [x13]!, x21!	general	1:MRA	ok	FLAGS,GPR13,GPR21,GPR5,PSTATE.EL,PSTATE.UAO	GPR13,GPR21,GPR5	FLAGS,GPR13,GPR21,GPR5	GPR13,GPR21,GPR5	agree	-	PSTATE.EL,PSTATE.UAO	FLAGS,GPR13,GPR21,GPR5	GPR13,GPR21,GPR5	same	-
CPYERTRN_CPY_memcms	cpyertrn	60a69a1d	cpyertrn [x0]!, [x26]!, x19!	general	1:MRA	ok	FLAGS,GPR0,GPR19,GPR26,PSTATE.EL,PSTATE.UAO	GPR0,GPR19,GPR26	FLAGS,GPR0,GPR19,GPR26	GPR0,GPR19,GPR26	agree	-	PSTATE.EL,PSTATE.UAO	FLAGS,GPR0,GPR19,GPR26	GPR0,GPR19,GPR26	same	-
CPYERTWN_CPY_memcms	cpyertwn	5565991d	cpyertwn [x21]!, [x25]!, x10!	general	1:MRA	ok	FLAGS,GPR10,GPR21,GPR25,PSTATE.EL,PSTATE.UAO	GPR10,GPR21,GPR25	FLAGS,GPR10,GPR21,GPR25	GPR10,GPR21,GPR25	agree	-	PSTATE.EL,PSTATE.UAO	FLAGS,GPR10,GPR21,GPR25	GPR10,GPR21,GPR25	same	-
CPYERT_CPY_memcms	cpyert	1724811d	cpyert [x23]!, [x1]!, x0!	general	1:MRA	ok	FLAGS,GPR0,GPR1,GPR23,PSTATE.EL,PSTATE.UAO	GPR0,GPR1,GPR23	FLAGS,GPR0,GPR1,GPR23	GPR0,GPR1,GPR23	agree	-	PSTATE.EL,PSTATE.UAO	FLAGS,GPR0,GPR1,GPR23	GPR0,GPR1,GPR23	same	-
CPYETN_CPY_memcms	cpyetn	66f5931d	cpyetn [x6]!, [x19]!, x11!	general	1:MRA	ok	FLAGS,GPR11,GPR19,GPR6,PSTATE.EL,PSTATE.UAO	GPR11,GPR19,GPR6	FLAGS,GPR11,GPR19,GPR6	GPR11,GPR19,GPR6	agree	-	PSTATE.EL,PSTATE.UAO	FLAGS,GPR11,GPR19,GPR6	GPR11,GPR19,GPR6	same	-
CPYETRN_CPY_memcms	cpyetrn	f6b6941d	cpyetrn [x22]!, [x20]!, x23!	general	1:MRA	ok	FLAGS,GPR20,GPR22,GPR23,PSTATE.EL,PSTATE.UAO	GPR20,GPR22,GPR23	FLAGS,GPR20,GPR22,GPR23	GPR20,GPR22,GPR23	agree	-	PSTATE.EL,PSTATE.UAO	FLAGS,GPR20,GPR22,GPR23	GPR20,GPR22,GPR23	same	-
CPYETWN_CPY_memcms	cpyetwn	db74961d	cpyetwn [x27]!, [x22]!, x6!	general	1:MRA	ok	FLAGS,GPR22,GPR27,GPR6,PSTATE.EL,PSTATE.UAO	GPR22,GPR27,GPR6	FLAGS,GPR22,GPR27,GPR6	GPR22,GPR27,GPR6	agree	-	PSTATE.EL,PSTATE.UAO	FLAGS,GPR22,GPR27,GPR6	GPR22,GPR27,GPR6	same	-
CPYET_CPY_memcms	cpyet	0e349d1d	cpyet [x14]!, [x29]!, x0!	general	1:MRA	ok	FLAGS,FP_REG,GPR0,GPR14,PSTATE.EL,PSTATE.UAO	FP_REG,GPR0,GPR14	FLAGS,FP_REG,GPR0,GPR14	FP_REG,GPR0,GPR14	agree	-	PSTATE.EL,PSTATE.UAO	FLAGS,FP_REG,GPR0,GPR14	FP_REG,GPR0,GPR14	same	-
CPYEWN_CPY_memcms	cpyewn	1546911d	cpyewn [x21]!, [x17]!, x16!	general	1:MRA	ok	FLAGS,GPR16,GPR17,GPR21,PSTATE.EL,PSTATE.UAO	GPR16,GPR17,GPR21	FLAGS,GPR16,GPR17,GPR21	GPR16,GPR17,GPR21	agree	-	PSTATE.EL,PSTATE.UAO	FLAGS,GPR16,GPR17,GPR21	GPR16,GPR17,GPR21	same	-
CPYEWTN_CPY_memcms	cpyewtn	cbd69b1d	cpyewtn [x11]!, [x27]!, x22!	general	1:MRA	ok	FLAGS,GPR11,GPR22,GPR27,PSTATE.EL,PSTATE.UAO	GPR11,GPR22,GPR27	FLAGS,GPR11,GPR22,GPR27	GPR11,GPR22,GPR27	agree	-	PSTATE.EL,PSTATE.UAO	FLAGS,GPR11,GPR22,GPR27	GPR11,GPR22,GPR27	same	-
CPYEWTRN_CPY_memcms	cpyewtrn	ac969d1d	cpyewtrn [x12]!, [x29]!, x21!	general	1:MRA	ok	FLAGS,FP_REG,GPR12,GPR21,PSTATE.EL,PSTATE.UAO	FP_REG,GPR12,GPR21	FLAGS,FP_REG,GPR12,GPR21	FP_REG,GPR12,GPR21	agree	-	PSTATE.EL,PSTATE.UAO	FLAGS,FP_REG,GPR12,GPR21	FP_REG,GPR12,GPR21	same	-
CPYEWTWN_CPY_memcms	cpyewtwn	5d568c1d	cpyewtwn [x29]!, [x12]!, x18!	general	1:MRA	ok	FLAGS,FP_REG,GPR12,GPR18,PSTATE.EL,PSTATE.UAO	FP_REG,GPR12,GPR18	FLAGS,FP_REG,GPR12,GPR18	FP_REG,GPR12,GPR18	agree	-	PSTATE.EL,PSTATE.UAO	FLAGS,FP_REG,GPR12,GPR18	FP_REG,GPR12,GPR18	same	-
CPYEWT_CPY_memcms	cpyewt	0e14961d	cpyewt [x14]!, [x22]!, x0!	general	1:MRA	ok	FLAGS,GPR0,GPR14,GPR22,PSTATE.EL,PSTATE.UAO	GPR0,GPR14,GPR22	FLAGS,GPR0,GPR14,GPR22	GPR0,GPR14,GPR22	agree	-	PSTATE.EL,PSTATE.UAO	FLAGS,GPR0,GPR14,GPR22	GPR0,GPR14,GPR22	same	-
CPYE_CPY_memcms	cpye	1105991d	cpye [x17]!, [x25]!, x8!	general	1:MRA	ok	FLAGS,GPR17,GPR25,GPR8,PSTATE.EL,PSTATE.UAO	GPR17,GPR25,GPR8	FLAGS,GPR17,GPR25,GPR8	GPR17,GPR25,GPR8	agree	-	PSTATE.EL,PSTATE.UAO	FLAGS,GPR17,GPR25,GPR8	GPR17,GPR25,GPR8	same	-
CPYFEN_CPY_memcms	cpyfen	05c59d19	cpyfen [x5]!, [x29]!, x8!	general	1:MRA	ok	FLAGS,FP_REG,GPR5,GPR8,PSTATE.EL,PSTATE.UAO	FP_REG,GPR5,GPR8	FLAGS,FP_REG,GPR5,GPR8	FP_REG,GPR5,GPR8	agree	-	PSTATE.EL,PSTATE.UAO	FLAGS,FP_REG,GPR5,GPR8	FP_REG,GPR5,GPR8	same	-
CPYFERN_CPY_memcms	cpyfern	59869d19	cpyfern [x25]!, [x29]!, x18!	general	1:MRA	ok	FLAGS,FP_REG,GPR18,GPR25,PSTATE.EL,PSTATE.UAO	FP_REG,GPR18,GPR25	FLAGS,FP_REG,GPR18,GPR25	FP_REG,GPR18,GPR25	agree	-	PSTATE.EL,PSTATE.UAO	FLAGS,FP_REG,GPR18,GPR25	FP_REG,GPR18,GPR25	same	-
CPYFERTN_CPY_memcms	cpyfertn	cae59519	cpyfertn [x10]!, [x21]!, x14!	general	1:MRA	ok	FLAGS,GPR10,GPR14,GPR21,PSTATE.EL,PSTATE.UAO	GPR10,GPR14,GPR21	FLAGS,GPR10,GPR14,GPR21	GPR10,GPR14,GPR21	agree	-	PSTATE.EL,PSTATE.UAO	FLAGS,GPR10,GPR14,GPR21	GPR10,GPR14,GPR21	same	-
CPYFERTRN_CPY_memcms	cpyfertrn	b8a48e19	cpyfertrn [x24]!, [x14]!, x5!	general	1:MRA	ok	FLAGS,GPR14,GPR24,GPR5,PSTATE.EL,PSTATE.UAO	GPR14,GPR24,GPR5	FLAGS,GPR14,GPR24,GPR5	GPR14,GPR24,GPR5	agree	-	PSTATE.EL,PSTATE.UAO	FLAGS,GPR14,GPR24,GPR5	GPR14,GPR24,GPR5	same	-
CPYFERTWN_CPY_memcms	cpyfertwn	dd669319	cpyfertwn [x29]!, [x19]!, x22!	general	1:MRA	ok	FLAGS,FP_REG,GPR19,GPR22,PSTATE.EL,PSTATE.UAO	FP_REG,GPR19,GPR22	FLAGS,FP_REG,GPR19,GPR22	FP_REG,GPR19,GPR22	agree	-	PSTATE.EL,PSTATE.UAO	FLAGS,FP_REG,GPR19,GPR22	FP_REG,GPR19,GPR22	same	-
CPYFERT_CPY_memcms	cpyfert	37258a19	cpyfert [x23]!, [x10]!, x9!	general	1:MRA	ok	FLAGS,GPR10,GPR23,GPR9,PSTATE.EL,PSTATE.UAO	GPR10,GPR23,GPR9	FLAGS,GPR10,GPR23,GPR9	GPR10,GPR23,GPR9	agree	-	PSTATE.EL,PSTATE.UAO	FLAGS,GPR10,GPR23,GPR9	GPR10,GPR23,GPR9	same	-
CPYFETN_CPY_memcms	cpyfetn	12f59d19	cpyfetn [x18]!, [x29]!, x8!	general	1:MRA	ok	FLAGS,FP_REG,GPR18,GPR8,PSTATE.EL,PSTATE.UAO	FP_REG,GPR18,GPR8	FLAGS,FP_REG,GPR18,GPR8	FP_REG,GPR18,GPR8	agree	-	PSTATE.EL,PSTATE.UAO	FLAGS,FP_REG,GPR18,GPR8	FP_REG,GPR18,GPR8	same	-
CPYFETRN_CPY_memcms	cpyfetrn	46b68019	cpyfetrn [x6]!, [x0]!, x18!	general	1:MRA	ok	FLAGS,GPR0,GPR18,GPR6,PSTATE.EL,PSTATE.UAO	GPR0,GPR18,GPR6	FLAGS,GPR0,GPR18,GPR6	GPR0,GPR18,GPR6	agree	-	PSTATE.EL,PSTATE.UAO	FLAGS,GPR0,GPR18,GPR6	GPR0,GPR18,GPR6	same	-
CPYFETWN_CPY_memcms	cpyfetwn	6d759e19	cpyfetwn [x13]!, [x30]!, x11!	general	1:MRA	ok	FLAGS,GPR11,GPR13,LR,PSTATE.EL,PSTATE.UAO	GPR11,GPR13,LR	FLAGS,GPR11,GPR13,LR	GPR11,GPR13,LR	agree	-	PSTATE.EL,PSTATE.UAO	FLAGS,GPR11,GPR13,LR	GPR11,GPR13,LR	same	-
CPYFET_CPY_memcms	cpyfet	9b379e19	cpyfet [x27]!, [x30]!, x28!	general	1:MRA	ok	FLAGS,GPR27,GPR28,LR,PSTATE.EL,PSTATE.UAO	GPR27,GPR28,LR	FLAGS,GPR27,GPR28,LR	GPR27,GPR28,LR	agree	-	PSTATE.EL,PSTATE.UAO	FLAGS,GPR27,GPR28,LR	GPR27,GPR28,LR	same	-
CPYFEWN_CPY_memcms	cpyfewn	f0459619	cpyfewn [x16]!, [x22]!, x15!	general	1:MRA	ok	FLAGS,GPR15,GPR16,GPR22,PSTATE.EL,PSTATE.UAO	GPR15,GPR16,GPR22	FLAGS,GPR15,GPR16,GPR22	GPR15,GPR16,GPR22	agree	-	PSTATE.EL,PSTATE.UAO	FLAGS,GPR15,GPR16,GPR22	GPR15,GPR16,GPR22	same	-
CPYFEWTN_CPY_memcms	cpyfewtn	37d48419	cpyfewtn [x23]!, [x4]!, x1!	general	1:MRA	ok	FLAGS,GPR1,GPR23,GPR4,PSTATE.EL,PSTATE.UAO	GPR1,GPR23,GPR4	FLAGS,GPR1,GPR23,GPR4	GPR1,GPR23,GPR4	agree	-	PSTATE.EL,PSTATE.UAO	FLAGS,GPR1,GPR23,GPR4	GPR1,GPR23,GPR4	same	-
CPYFEWTRN_CPY_memcms	cpyfewtrn	14949e19	cpyfewtrn [x20]!, [x30]!, x0!	general	1:MRA	ok	FLAGS,GPR0,GPR20,LR,PSTATE.EL,PSTATE.UAO	GPR0,GPR20,LR	FLAGS,GPR0,GPR20,LR	GPR0,GPR20,LR	agree	-	PSTATE.EL,PSTATE.UAO	FLAGS,GPR0,GPR20,LR	GPR0,GPR20,LR	same	-
CPYFEWTWN_CPY_memcms	cpyfewtwn	51578219	cpyfewtwn [x17]!, [x2]!, x26!	general	1:MRA	ok	FLAGS,GPR17,GPR2,GPR26,PSTATE.EL,PSTATE.UAO	GPR17,GPR2,GPR26	FLAGS,GPR17,GPR2,GPR26	GPR17,GPR2,GPR26	agree	-	PSTATE.EL,PSTATE.UAO	FLAGS,GPR17,GPR2,GPR26	GPR17,GPR2,GPR26	same	-
CPYFEWT_CPY_memcms	cpyfewt	a7159519	cpyfewt [x7]!, [x21]!, x13!	general	1:MRA	ok	FLAGS,GPR13,GPR21,GPR7,PSTATE.EL,PSTATE.UAO	GPR13,GPR21,GPR7	FLAGS,GPR13,GPR21,GPR7	GPR13,GPR21,GPR7	agree	-	PSTATE.EL,PSTATE.UAO	FLAGS,GPR13,GPR21,GPR7	GPR13,GPR21,GPR7	same	-
CPYFE_CPY_memcms	cpyfe	dc078119	cpyfe [x28]!, [x1]!, x30!	general	1:MRA	ok	FLAGS,GPR1,GPR28,LR,PSTATE.EL,PSTATE.UAO	GPR1,GPR28,LR	FLAGS,GPR1,GPR28,LR	GPR1,GPR28,LR	agree	-	PSTATE.EL,PSTATE.UAO	FLAGS,GPR1,GPR28,LR	GPR1,GPR28,LR	same	-
CPYFMN_CPY_memcms	cpyfmn	7bc44e19	cpyfmn [x27]!, [x14]!, x3!	general	1:MRA	ok	FLAGS,GPR14,GPR27,GPR3,PSTATE.EL,PSTATE.UAO	GPR14,GPR27,GPR3	FLAGS,GPR14,GPR27,GPR3	GPR14,GPR27,GPR3	agree	-	PSTATE.EL,PSTATE.UAO	FLAGS,GPR14,GPR27,GPR3	GPR14,GPR27,GPR3	same	-
CPYFMRN_CPY_memcms	cpyfmrn	74844219	cpyfmrn [x20]!, [x2]!, x3!	general	1:MRA	ok	FLAGS,GPR2,GPR20,GPR3,PSTATE.EL,PSTATE.UAO	GPR2,GPR20,GPR3	FLAGS,GPR2,GPR20,GPR3	GPR2,GPR20,GPR3	agree	-	PSTATE.EL,PSTATE.UAO	FLAGS,GPR2,GPR20,GPR3	GPR2,GPR20,GPR3	same	-
CPYFMRTN_CPY_memcms	cpyfmrtn	3de75519	cpyfmrtn [x29]!, [x21]!, x25!	general	1:MRA	ok	FLAGS,FP_REG,GPR21,GPR25,PSTATE.EL,PSTATE.UAO	FP_REG,GPR21,GPR25	FLAGS,FP_REG,GPR21,GPR25	FP_REG,GPR21,GPR25	agree	-	PSTATE.EL,PSTATE.UAO	FLAGS,FP_REG,GPR21,GPR25	FP_REG,GPR21,GPR25	same	-
CPYFMRTRN_CPY_memcms	cpyfmrtrn	85a65319	cpyfmrtrn [x5]!, [x19]!, x20!	general	1:MRA	ok	FLAGS,GPR19,GPR20,GPR5,PSTATE.EL,PSTATE.UAO	GPR19,GPR20,GPR5	FLAGS,GPR19,GPR20,GPR5	GPR19,GPR20,GPR5	agree	-	PSTATE.EL,PSTATE.UAO	FLAGS,GPR19,GPR20,GPR5	GPR19,GPR20,GPR5	same	-
CPYFMRTWN_CPY_memcms	cpyfmrtwn	0c674819	cpyfmrtwn [x12]!, [x8]!, x24!	general	1:MRA	ok	FLAGS,GPR12,GPR24,GPR8,PSTATE.EL,PSTATE.UAO	GPR12,GPR24,GPR8	FLAGS,GPR12,GPR24,GPR8	GPR12,GPR24,GPR8	agree	-	PSTATE.EL,PSTATE.UAO	FLAGS,GPR12,GPR24,GPR8	GPR12,GPR24,GPR8	same	-
CPYFMRT_CPY_memcms	cpyfmrt	cd264919	cpyfmrt [x13]!, [x9]!, x22!	general	1:MRA	ok	FLAGS,GPR13,GPR22,GPR9,PSTATE.EL,PSTATE.UAO	GPR13,GPR22,GPR9	FLAGS,GPR13,GPR22,GPR9	GPR13,GPR22,GPR9	agree	-	PSTATE.EL,PSTATE.UAO	FLAGS,GPR13,GPR22,GPR9	GPR13,GPR22,GPR9	same	-
CPYFMTN_CPY_memcms	cpyfmtn	c6f55819	cpyfmtn [x6]!, [x24]!, x14!	general	1:MRA	ok	FLAGS,GPR14,GPR24,GPR6,PSTATE.EL,PSTATE.UAO	GPR14,GPR24,GPR6	FLAGS,GPR14,GPR24,GPR6	GPR14,GPR24,GPR6	agree	-	PSTATE.EL,PSTATE.UAO	FLAGS,GPR14,GPR24,GPR6	GPR14,GPR24,GPR6	same	-
CPYFMTRN_CPY_memcms	cpyfmtrn	a0b55019	cpyfmtrn [x0]!, [x16]!, x13!	general	1:MRA	ok	FLAGS,GPR0,GPR13,GPR16,PSTATE.EL,PSTATE.UAO	GPR0,GPR13,GPR16	FLAGS,GPR0,GPR13,GPR16	GPR0,GPR13,GPR16	agree	-	PSTATE.EL,PSTATE.UAO	FLAGS,GPR0,GPR13,GPR16	GPR0,GPR13,GPR16	same	-
CPYFMTWN_CPY_memcms	cpyfmtwn	34745119	cpyfmtwn [x20]!, [x17]!, x1!	general	1:MRA	ok	FLAGS,GPR1,GPR17,GPR20,PSTATE.EL,PSTATE.UAO	GPR1,GPR17,GPR20	FLAGS,GPR1,GPR17,GPR20	GPR1,GPR17,GPR20	agree	-	PSTATE.EL,PSTATE.UAO	FLAGS,GPR1,GPR17,GPR20	GPR1,GPR17,GPR20	same	-
CPYFMT_CPY_memcms	cpyfmt	b6365c19	cpyfmt [x22]!, [x28]!, x21!	general	1:MRA	ok	FLAGS,GPR21,GPR22,GPR28,PSTATE.EL,PSTATE.UAO	GPR21,GPR22,GPR28	FLAGS,GPR21,GPR22,GPR28	GPR21,GPR22,GPR28	agree	-	PSTATE.EL,PSTATE.UAO	FLAGS,GPR21,GPR22,GPR28	GPR21,GPR22,GPR28	same	-
CPYFMWN_CPY_memcms	cpyfmwn	26465819	cpyfmwn [x6]!, [x24]!, x17!	general	1:MRA	ok	FLAGS,GPR17,GPR24,GPR6,PSTATE.EL,PSTATE.UAO	GPR17,GPR24,GPR6	FLAGS,GPR17,GPR24,GPR6	GPR17,GPR24,GPR6	agree	-	PSTATE.EL,PSTATE.UAO	FLAGS,GPR17,GPR24,GPR6	GPR17,GPR24,GPR6	same	-
CPYFMWTN_CPY_memcms	cpyfmwtn	bad74719	cpyfmwtn [x26]!, [x7]!, x29!	general	1:MRA	ok	FLAGS,FP_REG,GPR26,GPR7,PSTATE.EL,PSTATE.UAO	FP_REG,GPR26,GPR7	FLAGS,FP_REG,GPR26,GPR7	FP_REG,GPR26,GPR7	agree	-	PSTATE.EL,PSTATE.UAO	FLAGS,FP_REG,GPR26,GPR7	FP_REG,GPR26,GPR7	same	-
CPYFMWTRN_CPY_memcms	cpyfmwtrn	f4945119	cpyfmwtrn [x20]!, [x17]!, x7!	general	1:MRA	ok	FLAGS,GPR17,GPR20,GPR7,PSTATE.EL,PSTATE.UAO	GPR17,GPR20,GPR7	FLAGS,GPR17,GPR20,GPR7	GPR17,GPR20,GPR7	agree	-	PSTATE.EL,PSTATE.UAO	FLAGS,GPR17,GPR20,GPR7	GPR17,GPR20,GPR7	same	-
CPYFMWTWN_CPY_memcms	cpyfmwtwn	49554319	cpyfmwtwn [x9]!, [x3]!, x10!	general	1:MRA	ok	FLAGS,GPR10,GPR3,GPR9,PSTATE.EL,PSTATE.UAO	GPR10,GPR3,GPR9	FLAGS,GPR10,GPR3,GPR9	GPR10,GPR3,GPR9	agree	-	PSTATE.EL,PSTATE.UAO	FLAGS,GPR10,GPR3,GPR9	GPR10,GPR3,GPR9	same	-
CPYFMWT_CPY_memcms	cpyfmwt	15164819	cpyfmwt [x21]!, [x8]!, x16!	general	1:MRA	ok	FLAGS,GPR16,GPR21,GPR8,PSTATE.EL,PSTATE.UAO	GPR16,GPR21,GPR8	FLAGS,GPR16,GPR21,GPR8	GPR16,GPR21,GPR8	agree	-	PSTATE.EL,PSTATE.UAO	FLAGS,GPR16,GPR21,GPR8	GPR16,GPR21,GPR8	same	-
CPYFM_CPY_memcms	cpyfm	f3065119	cpyfm [x19]!, [x17]!, x23!	general	1:MRA	ok	FLAGS,GPR17,GPR19,GPR23,PSTATE.EL,PSTATE.UAO	GPR17,GPR19,GPR23	FLAGS,GPR17,GPR19,GPR23	GPR17,GPR19,GPR23	agree	-	PSTATE.EL,PSTATE.UAO	FLAGS,GPR17,GPR19,GPR23	GPR17,GPR19,GPR23	same	-
CPYFPN_CPY_memcms	cpyfpn	9bc71a19	cpyfpn [x27]!, [x26]!, x28!	general	1:MRA	ok	FLAGS,GPR26,GPR27,GPR28,PSTATE.EL,PSTATE.UAO	FLAGS,GPR26,GPR27,GPR28	GPR26,GPR27,GPR28	FLAGS,GPR26,GPR27,GPR28	disagree	SRC+ref:FLAGS	PSTATE.EL,PSTATE.UAO	GPR26,GPR27,GPR28	FLAGS,GPR26,GPR27,GPR28	SRC+ref:FLAGS	-
CPYFPRN_CPY_memcms	cpyfprn	20870519	cpyfprn [x0]!, [x5]!, x25!	general	1:MRA	ok	FLAGS,GPR0,GPR25,GPR5,PSTATE.EL,PSTATE.UAO	FLAGS,GPR0,GPR25,GPR5	GPR0,GPR25,GPR5	FLAGS,GPR0,GPR25,GPR5	disagree	SRC+ref:FLAGS	PSTATE.EL,PSTATE.UAO	GPR0,GPR25,GPR5	FLAGS,GPR0,GPR25,GPR5	SRC+ref:FLAGS	-
CPYFPRTN_CPY_memcms	cpyfprtn	f3e41019	cpyfprtn [x19]!, [x16]!, x7!	general	1:MRA	ok	FLAGS,GPR16,GPR19,GPR7,PSTATE.EL,PSTATE.UAO	FLAGS,GPR16,GPR19,GPR7	GPR16,GPR19,GPR7	FLAGS,GPR16,GPR19,GPR7	disagree	SRC+ref:FLAGS	PSTATE.EL,PSTATE.UAO	GPR16,GPR19,GPR7	FLAGS,GPR16,GPR19,GPR7	SRC+ref:FLAGS	-
CPYFPRTRN_CPY_memcms	cpyfprtrn	75a61119	cpyfprtrn [x21]!, [x17]!, x19!	general	1:MRA	ok	FLAGS,GPR17,GPR19,GPR21,PSTATE.EL,PSTATE.UAO	FLAGS,GPR17,GPR19,GPR21	GPR17,GPR19,GPR21	FLAGS,GPR17,GPR19,GPR21	disagree	SRC+ref:FLAGS	PSTATE.EL,PSTATE.UAO	GPR17,GPR19,GPR21	FLAGS,GPR17,GPR19,GPR21	SRC+ref:FLAGS	-
CPYFPRTWN_CPY_memcms	cpyfprtwn	7e651b19	cpyfprtwn [x30]!, [x27]!, x11!	general	1:MRA	ok	FLAGS,GPR11,GPR27,LR,PSTATE.EL,PSTATE.UAO	FLAGS,GPR11,GPR27,LR	GPR11,GPR27,LR	FLAGS,GPR11,GPR27,LR	disagree	SRC+ref:FLAGS	PSTATE.EL,PSTATE.UAO	GPR11,GPR27,LR	FLAGS,GPR11,GPR27,LR	SRC+ref:FLAGS	-
CPYFPRT_CPY_memcms	cpyfprt	9c261a19	cpyfprt [x28]!, [x26]!, x20!	general	1:MRA	ok	FLAGS,GPR20,GPR26,GPR28,PSTATE.EL,PSTATE.UAO	FLAGS,GPR20,GPR26,GPR28	GPR20,GPR26,GPR28	FLAGS,GPR20,GPR26,GPR28	disagree	SRC+ref:FLAGS	PSTATE.EL,PSTATE.UAO	GPR20,GPR26,GPR28	FLAGS,GPR20,GPR26,GPR28	SRC+ref:FLAGS	-
CPYFPTN_CPY_memcms	cpyfptn	33f41219	cpyfptn [x19]!, [x18]!, x1!	general	1:MRA	ok	FLAGS,GPR1,GPR18,GPR19,PSTATE.EL,PSTATE.UAO	FLAGS,GPR1,GPR18,GPR19	GPR1,GPR18,GPR19	FLAGS,GPR1,GPR18,GPR19	disagree	SRC+ref:FLAGS	PSTATE.EL,PSTATE.UAO	GPR1,GPR18,GPR19	FLAGS,GPR1,GPR18,GPR19	SRC+ref:FLAGS	-
CPYFPTRN_CPY_memcms	cpyfptrn	68b60919	cpyfptrn [x8]!, [x9]!, x19!	general	1:MRA	ok	FLAGS,GPR19,GPR8,GPR9,PSTATE.EL,PSTATE.UAO	FLAGS,GPR19,GPR8,GPR9	GPR19,GPR8,GPR9	FLAGS,GPR19,GPR8,GPR9	disagree	SRC+ref:FLAGS	PSTATE.EL,PSTATE.UAO	GPR19,GPR8,GPR9	FLAGS,GPR19,GPR8,GPR9	SRC+ref:FLAGS	-
CPYFPTWN_CPY_memcms	cpyfptwn	de751d19	cpyfptwn [x30]!, [x29]!, x14!	general	1:MRA	ok	FLAGS,FP_REG,GPR14,LR,PSTATE.EL,PSTATE.UAO	FLAGS,FP_REG,GPR14,LR	FP_REG,GPR14,LR	FLAGS,FP_REG,GPR14,LR	disagree	SRC+ref:FLAGS	PSTATE.EL,PSTATE.UAO	FP_REG,GPR14,LR	FLAGS,FP_REG,GPR14,LR	SRC+ref:FLAGS	-
CPYFPT_CPY_memcms	cpyfpt	0f370b19	cpyfpt [x15]!, [x11]!, x24!	general	1:MRA	ok	FLAGS,GPR11,GPR15,GPR24,PSTATE.EL,PSTATE.UAO	FLAGS,GPR11,GPR15,GPR24	GPR11,GPR15,GPR24	FLAGS,GPR11,GPR15,GPR24	disagree	SRC+ref:FLAGS	PSTATE.EL,PSTATE.UAO	GPR11,GPR15,GPR24	FLAGS,GPR11,GPR15,GPR24	SRC+ref:FLAGS	-
CPYFPWN_CPY_memcms	cpyfpwn	95441419	cpyfpwn [x21]!, [x20]!, x4!	general	1:MRA	ok	FLAGS,GPR20,GPR21,GPR4,PSTATE.EL,PSTATE.UAO	FLAGS,GPR20,GPR21,GPR4	GPR20,GPR21,GPR4	FLAGS,GPR20,GPR21,GPR4	disagree	SRC+ref:FLAGS	PSTATE.EL,PSTATE.UAO	GPR20,GPR21,GPR4	FLAGS,GPR20,GPR21,GPR4	SRC+ref:FLAGS	-
CPYFPWTN_CPY_memcms	cpyfpwtn	77d41919	cpyfpwtn [x23]!, [x25]!, x3!	general	1:MRA	ok	FLAGS,GPR23,GPR25,GPR3,PSTATE.EL,PSTATE.UAO	FLAGS,GPR23,GPR25,GPR3	GPR23,GPR25,GPR3	FLAGS,GPR23,GPR25,GPR3	disagree	SRC+ref:FLAGS	PSTATE.EL,PSTATE.UAO	GPR23,GPR25,GPR3	FLAGS,GPR23,GPR25,GPR3	SRC+ref:FLAGS	-
CPYFPWTRN_CPY_memcms	cpyfpwtrn	d7961519	cpyfpwtrn [x23]!, [x21]!, x22!	general	1:MRA	ok	FLAGS,GPR21,GPR22,GPR23,PSTATE.EL,PSTATE.UAO	FLAGS,GPR21,GPR22,GPR23	GPR21,GPR22,GPR23	FLAGS,GPR21,GPR22,GPR23	disagree	SRC+ref:FLAGS	PSTATE.EL,PSTATE.UAO	GPR21,GPR22,GPR23	FLAGS,GPR21,GPR22,GPR23	SRC+ref:FLAGS	-
CPYFPWTWN_CPY_memcms	cpyfpwtwn	f6540019	cpyfpwtwn [x22]!, [x0]!, x7!	general	1:MRA	ok	FLAGS,GPR0,GPR22,GPR7,PSTATE.EL,PSTATE.UAO	FLAGS,GPR0,GPR22,GPR7	GPR0,GPR22,GPR7	FLAGS,GPR0,GPR22,GPR7	disagree	SRC+ref:FLAGS	PSTATE.EL,PSTATE.UAO	GPR0,GPR22,GPR7	FLAGS,GPR0,GPR22,GPR7	SRC+ref:FLAGS	-
CPYFPWT_CPY_memcms	cpyfpwt	e9160419	cpyfpwt [x9]!, [x4]!, x23!	general	1:MRA	ok	FLAGS,GPR23,GPR4,GPR9,PSTATE.EL,PSTATE.UAO	FLAGS,GPR23,GPR4,GPR9	GPR23,GPR4,GPR9	FLAGS,GPR23,GPR4,GPR9	disagree	SRC+ref:FLAGS	PSTATE.EL,PSTATE.UAO	GPR23,GPR4,GPR9	FLAGS,GPR23,GPR4,GPR9	SRC+ref:FLAGS	-
CPYFP_CPY_memcms	cpyfp	d2041319	cpyfp [x18]!, [x19]!, x6!	general	1:MRA	ok	FLAGS,GPR18,GPR19,GPR6,PSTATE.EL,PSTATE.UAO	FLAGS,GPR18,GPR19,GPR6	GPR18,GPR19,GPR6	FLAGS,GPR18,GPR19,GPR6	disagree	SRC+ref:FLAGS	PSTATE.EL,PSTATE.UAO	GPR18,GPR19,GPR6	FLAGS,GPR18,GPR19,GPR6	SRC+ref:FLAGS	-
CPYMN_CPY_memcms	cpymn	a6c4471d	cpymn [x6]!, [x7]!, x5!	general	1:MRA	ok	FLAGS,GPR5,GPR6,GPR7,PSTATE.EL,PSTATE.UAO	GPR5,GPR6,GPR7	FLAGS,GPR5,GPR6,GPR7	GPR5,GPR6,GPR7	agree	-	PSTATE.EL,PSTATE.UAO	FLAGS,GPR5,GPR6,GPR7	GPR5,GPR6,GPR7	same	-
CPYMRN_CPY_memcms	cpymrn	2a87441d	cpymrn [x10]!, [x4]!, x25!	general	1:MRA	ok	FLAGS,GPR10,GPR25,GPR4,PSTATE.EL,PSTATE.UAO	GPR10,GPR25,GPR4	FLAGS,GPR10,GPR25,GPR4	GPR10,GPR25,GPR4	agree	-	PSTATE.EL,PSTATE.UAO	FLAGS,GPR10,GPR25,GPR4	GPR10,GPR25,GPR4	same	-
CPYMRTN_CPY_memcms	cpymrtn	a4e65c1d	cpymrtn [x4]!, [x28]!, x21!	general	1:MRA	ok	FLAGS,GPR21,GPR28,GPR4,PSTATE.EL,PSTATE.UAO	GPR21,GPR28,GPR4	FLAGS,GPR21,GPR28,GPR4	GPR21,GPR28,GPR4	agree	-	PSTATE.EL,PSTATE.UAO	FLAGS,GPR21,GPR28,GPR4	GPR21,GPR28,GPR4	same	-
CPYMRTRN_CPY_memcms	cpymrtrn	aea4491d	cpymrtrn [x14]!, [x9]!, x5!	general	1:MRA	ok	FLAGS,GPR14,GPR5,GPR9,PSTATE.EL,PSTATE.UAO	GPR14,GPR5,GPR9	FLAGS,GPR14,GPR5,GPR9	GPR14,GPR5,GPR9	agree	-	PSTATE.EL,PSTATE.UAO	FLAGS,GPR14,GPR5,GPR9	GPR14,GPR5,GPR9	same	-
CPYMRTWN_CPY_memcms	cpymrtwn	14675b1d	cpymrtwn [x20]!, [x27]!, x24!	general	1:MRA	ok	FLAGS,GPR20,GPR24,GPR27,PSTATE.EL,PSTATE.UAO	GPR20,GPR24,GPR27	FLAGS,GPR20,GPR24,GPR27	GPR20,GPR24,GPR27	agree	-	PSTATE.EL,PSTATE.UAO	FLAGS,GPR20,GPR24,GPR27	GPR20,GPR24,GPR27	same	-
CPYMRT_CPY_memcms	cpymrt	9b26561d	cpymrt [x27]!, [x22]!, x20!	general	1:MRA	ok	FLAGS,GPR20,GPR22,GPR27,PSTATE.EL,PSTATE.UAO	GPR20,GPR22,GPR27	FLAGS,GPR20,GPR22,GPR27	GPR20,GPR22,GPR27	agree	-	PSTATE.EL,PSTATE.UAO	FLAGS,GPR20,GPR22,GPR27	GPR20,GPR22,GPR27	same	-
CPYMTN_CPY_memcms	cpymtn	0cf55c1d	cpymtn [x12]!, [x28]!, x8!	general	1:MRA	ok	FLAGS,GPR12,GPR28,GPR8,PSTATE.EL,PSTATE.UAO	GPR12,GPR28,GPR8	FLAGS,GPR12,GPR28,GPR8	GPR12,GPR28,GPR8	agree	-	PSTATE.EL,PSTATE.UAO	FLAGS,GPR12,GPR28,GPR8	GPR12,GPR28,GPR8	same	-
CPYMTRN_CPY_memcms	cpymtrn	56b7491d	cpymtrn [x22]!, [x9]!, x26!	general	1:MRA	ok	FLAGS,GPR22,GPR26,GPR9,PSTATE.EL,PSTATE.UAO	GPR22,GPR26,GPR9	FLAGS,GPR22,GPR26,GPR9	GPR22,GPR26,GPR9	agree	-	PSTATE.EL,PSTATE.UAO	FLAGS,GPR22,GPR26,GPR9	GPR22,GPR26,GPR9	same	-
CPYMTWN_CPY_memcms	cpymtwn	4f774c1d	cpymtwn [x15]!, [x12]!, x26!	general	1:MRA	ok	FLAGS,GPR12,GPR15,GPR26,PSTATE.EL,PSTATE.UAO	GPR12,GPR15,GPR26	FLAGS,GPR12,GPR15,GPR26	GPR12,GPR15,GPR26	agree	-	PSTATE.EL,PSTATE.UAO	FLAGS,GPR12,GPR15,GPR26	GPR12,GPR15,GPR26	same	-
CPYMT_CPY_memcms	cpymt	a135521d	cpymt [x1]!, [x18]!, x13!	general	1:MRA	ok	FLAGS,GPR1,GPR13,GPR18,PSTATE.EL,PSTATE.UAO	GPR1,GPR13,GPR18	FLAGS,GPR1,GPR13,GPR18	GPR1,GPR13,GPR18	agree	-	PSTATE.EL,PSTATE.UAO	FLAGS,GPR1,GPR13,GPR18	GPR1,GPR13,GPR18	same	-
CPYMWN_CPY_memcms	cpymwn	6b464d1d	cpymwn [x11]!, [x13]!, x19!	general	1:MRA	ok	FLAGS,GPR11,GPR13,GPR19,PSTATE.EL,PSTATE.UAO	GPR11,GPR13,GPR19	FLAGS,GPR11,GPR13,GPR19	GPR11,GPR13,GPR19	agree	-	PSTATE.EL,PSTATE.UAO	FLAGS,GPR11,GPR13,GPR19	GPR11,GPR13,GPR19	same	-
CPYMWTN_CPY_memcms	cpymwtn	c6d5431d	cpymwtn [x6]!, [x3]!, x14!	general	1:MRA	ok	FLAGS,GPR14,GPR3,GPR6,PSTATE.EL,PSTATE.UAO	GPR14,GPR3,GPR6	FLAGS,GPR14,GPR3,GPR6	GPR14,GPR3,GPR6	agree	-	PSTATE.EL,PSTATE.UAO	FLAGS,GPR14,GPR3,GPR6	GPR14,GPR3,GPR6	same	-
CPYMWTRN_CPY_memcms	cpymwtrn	6a95491d	cpymwtrn [x10]!, [x9]!, x11!	general	1:MRA	ok	FLAGS,GPR10,GPR11,GPR9,PSTATE.EL,PSTATE.UAO	GPR10,GPR11,GPR9	FLAGS,GPR10,GPR11,GPR9	GPR10,GPR11,GPR9	agree	-	PSTATE.EL,PSTATE.UAO	FLAGS,GPR10,GPR11,GPR9	GPR10,GPR11,GPR9	same	-
CPYMWTWN_CPY_memcms	cpymwtwn	cf56411d	cpymwtwn [x15]!, [x1]!, x22!	general	1:MRA	ok	FLAGS,GPR1,GPR15,GPR22,PSTATE.EL,PSTATE.UAO	GPR1,GPR15,GPR22	FLAGS,GPR1,GPR15,GPR22	GPR1,GPR15,GPR22	agree	-	PSTATE.EL,PSTATE.UAO	FLAGS,GPR1,GPR15,GPR22	GPR1,GPR15,GPR22	same	-
CPYMWT_CPY_memcms	cpymwt	b9154c1d	cpymwt [x25]!, [x12]!, x13!	general	1:MRA	ok	FLAGS,GPR12,GPR13,GPR25,PSTATE.EL,PSTATE.UAO	GPR12,GPR13,GPR25	FLAGS,GPR12,GPR13,GPR25	GPR12,GPR13,GPR25	agree	-	PSTATE.EL,PSTATE.UAO	FLAGS,GPR12,GPR13,GPR25	GPR12,GPR13,GPR25	same	-
CPYM_CPY_memcms	cpym	a1075c1d	cpym [x1]!, [x28]!, x29!	general	1:MRA	ok	FLAGS,FP_REG,GPR1,GPR28,PSTATE.EL,PSTATE.UAO	FP_REG,GPR1,GPR28	FLAGS,FP_REG,GPR1,GPR28	FP_REG,GPR1,GPR28	agree	-	PSTATE.EL,PSTATE.UAO	FLAGS,FP_REG,GPR1,GPR28	FP_REG,GPR1,GPR28	same	-
CPYPN_CPY_memcms	cpypn	b0c6031d	cpypn [x16]!, [x3]!, x21!	general	1:MRA	ok	FLAGS,GPR16,GPR21,GPR3,PSTATE.EL,PSTATE.UAO	FLAGS,GPR16,GPR21,GPR3	GPR16,GPR21,GPR3	FLAGS,GPR16,GPR21,GPR3	disagree	SRC+ref:FLAGS	PSTATE.EL,PSTATE.UAO	GPR16,GPR21,GPR3	FLAGS,GPR16,GPR21,GPR3	SRC+ref:FLAGS	-
CPYPRN_CPY_memcms	cpyprn	dd86071d	cpyprn [x29]!, [x7]!, x22!	general	1:MRA	ok	FLAGS,FP_REG,GPR22,GPR7,PSTATE.EL,PSTATE.UAO	FLAGS,FP_REG,GPR22,GPR7	FP_REG,GPR22,GPR7	FLAGS,FP_REG,GPR22,GPR7	disagree	SRC+ref:FLAGS	PSTATE.EL,PSTATE.UAO	FP_REG,GPR22,GPR7	FLAGS,FP_REG,GPR22,GPR7	SRC+ref:FLAGS	-
CPYPRTN_CPY_memcms	cpyprtn	29e7171d	cpyprtn [x9]!, [x23]!, x25!	general	1:MRA	ok	FLAGS,GPR23,GPR25,GPR9,PSTATE.EL,PSTATE.UAO	FLAGS,GPR23,GPR25,GPR9	GPR23,GPR25,GPR9	FLAGS,GPR23,GPR25,GPR9	disagree	SRC+ref:FLAGS	PSTATE.EL,PSTATE.UAO	GPR23,GPR25,GPR9	FLAGS,GPR23,GPR25,GPR9	SRC+ref:FLAGS	-
CPYPRTRN_CPY_memcms	cpyprtrn	03a6111d	cpyprtrn [x3]!, [x17]!, x16!	general	1:MRA	ok	FLAGS,GPR16,GPR17,GPR3,PSTATE.EL,PSTATE.UAO	FLAGS,GPR16,GPR17,GPR3	GPR16,GPR17,GPR3	FLAGS,GPR16,GPR17,GPR3	disagree	SRC+ref:FLAGS	PSTATE.EL,PSTATE.UAO	GPR16,GPR17,GPR3	FLAGS,GPR16,GPR17,GPR3	SRC+ref:FLAGS	-
CPYPRTWN_CPY_memcms	cpyprtwn	dc67011d	cpyprtwn [x28]!, [x1]!, x30!	general	1:MRA	ok	FLAGS,GPR1,GPR28,LR,PSTATE.EL,PSTATE.UAO	FLAGS,GPR1,GPR28,LR	GPR1,GPR28,LR	FLAGS,GPR1,GPR28,LR	disagree	SRC+ref:FLAGS	PSTATE.EL,PSTATE.UAO	GPR1,GPR28,LR	FLAGS,GPR1,GPR28,LR	SRC+ref:FLAGS	-
CPYPRT_CPY_memcms	cpyprt	b0240a1d	cpyprt [x16]!, [x10]!, x5!	general	1:MRA	ok	FLAGS,GPR10,GPR16,GPR5,PSTATE.EL,PSTATE.UAO	FLAGS,GPR10,GPR16,GPR5	GPR10,GPR16,GPR5	FLAGS,GPR10,GPR16,GPR5	disagree	SRC+ref:FLAGS	PSTATE.EL,PSTATE.UAO	GPR10,GPR16,GPR5	FLAGS,GPR10,GPR16,GPR5	SRC+ref:FLAGS	-
CPYPTN_CPY_memcms	cpyptn	c2f50d1d	cpyptn [x2]!, [x13]!, x14!	general	1:MRA	ok	FLAGS,GPR13,GPR14,GPR2,PSTATE.EL,PSTATE.UAO	FLAGS,GPR13,GPR14,GPR2	GPR13,GPR14,GPR2	FLAGS,GPR13,GPR14,GPR2	disagree	SRC+ref:FLAGS	PSTATE.EL,PSTATE.UAO	GPR13,GPR14,GPR2	FLAGS,GPR13,GPR14,GPR2	SRC+ref:FLAGS	-
CPYPTRN_CPY_memcms	cpyptrn	11b7101d	cpyptrn [x17]!, [x16]!, x24!	general	1:MRA	ok	FLAGS,GPR16,GPR17,GPR24,PSTATE.EL,PSTATE.UAO	FLAGS,GPR16,GPR17,GPR24	GPR16,GPR17,GPR24	FLAGS,GPR16,GPR17,GPR24	disagree	SRC+ref:FLAGS	PSTATE.EL,PSTATE.UAO	GPR16,GPR17,GPR24	FLAGS,GPR16,GPR17,GPR24	SRC+ref:FLAGS	-
CPYPTWN_CPY_memcms	cpyptwn	67741b1d	cpyptwn [x7]!, [x27]!, x3!	general	1:MRA	ok	FLAGS,GPR27,GPR3,GPR7,PSTATE.EL,PSTATE.UAO	FLAGS,GPR27,GPR3,GPR7	GPR27,GPR3,GPR7	FLAGS,GPR27,GPR3,GPR7	disagree	SRC+ref:FLAGS	PSTATE.EL,PSTATE.UAO	GPR27,GPR3,GPR7	FLAGS,GPR27,GPR3,GPR7	SRC+ref:FLAGS	-
CPYPT_CPY_memcms	cpypt	79361c1d	cpypt [x25]!, [x28]!, x19!	general	1:MRA	ok	FLAGS,GPR19,GPR25,GPR28,PSTATE.EL,PSTATE.UAO	FLAGS,GPR19,GPR25,GPR28	GPR19,GPR25,GPR28	FLAGS,GPR19,GPR25,GPR28	disagree	SRC+ref:FLAGS	PSTATE.EL,PSTATE.UAO	GPR19,GPR25,GPR28	FLAGS,GPR19,GPR25,GPR28	SRC+ref:FLAGS	-
CPYPWN_CPY_memcms	cpypwn	dc45191d	cpypwn [x28]!, [x25]!, x14!	general	1:MRA	ok	FLAGS,GPR14,GPR25,GPR28,PSTATE.EL,PSTATE.UAO	FLAGS,GPR14,GPR25,GPR28	GPR14,GPR25,GPR28	FLAGS,GPR14,GPR25,GPR28	disagree	SRC+ref:FLAGS	PSTATE.EL,PSTATE.UAO	GPR14,GPR25,GPR28	FLAGS,GPR14,GPR25,GPR28	SRC+ref:FLAGS	-
CPYPWTN_CPY_memcms	cpypwtn	dcd7121d	cpypwtn [x28]!, [x18]!, x30!	general	1:MRA	ok	FLAGS,GPR18,GPR28,LR,PSTATE.EL,PSTATE.UAO	FLAGS,GPR18,GPR28,LR	GPR18,GPR28,LR	FLAGS,GPR18,GPR28,LR	disagree	SRC+ref:FLAGS	PSTATE.EL,PSTATE.UAO	GPR18,GPR28,LR	FLAGS,GPR18,GPR28,LR	SRC+ref:FLAGS	-
CPYPWTRN_CPY_memcms	cpypwtrn	0c97111d	cpypwtrn [x12]!, [x17]!, x24!	general	1:MRA	ok	FLAGS,GPR12,GPR17,GPR24,PSTATE.EL,PSTATE.UAO	FLAGS,GPR12,GPR17,GPR24	GPR12,GPR17,GPR24	FLAGS,GPR12,GPR17,GPR24	disagree	SRC+ref:FLAGS	PSTATE.EL,PSTATE.UAO	GPR12,GPR17,GPR24	FLAGS,GPR12,GPR17,GPR24	SRC+ref:FLAGS	-
CPYPWTWN_CPY_memcms	cpypwtwn	cf57131d	cpypwtwn [x15]!, [x19]!, x30!	general	1:MRA	ok	FLAGS,GPR15,GPR19,LR,PSTATE.EL,PSTATE.UAO	FLAGS,GPR15,GPR19,LR	GPR15,GPR19,LR	FLAGS,GPR15,GPR19,LR	disagree	SRC+ref:FLAGS	PSTATE.EL,PSTATE.UAO	GPR15,GPR19,LR	FLAGS,GPR15,GPR19,LR	SRC+ref:FLAGS	-
CPYPWT_CPY_memcms	cpypwt	7815061d	cpypwt [x24]!, [x6]!, x11!	general	1:MRA	ok	FLAGS,GPR11,GPR24,GPR6,PSTATE.EL,PSTATE.UAO	FLAGS,GPR11,GPR24,GPR6	GPR11,GPR24,GPR6	FLAGS,GPR11,GPR24,GPR6	disagree	SRC+ref:FLAGS	PSTATE.EL,PSTATE.UAO	GPR11,GPR24,GPR6	FLAGS,GPR11,GPR24,GPR6	SRC+ref:FLAGS	-
CPYP_CPY_memcms	cpyp	1c05091d	cpyp [x28]!, [x9]!, x8!	general	1:MRA	ok	FLAGS,GPR28,GPR8,GPR9,PSTATE.EL,PSTATE.UAO	FLAGS,GPR28,GPR8,GPR9	GPR28,GPR8,GPR9	FLAGS,GPR28,GPR8,GPR9	disagree	SRC+ref:FLAGS	PSTATE.EL,PSTATE.UAO	GPR28,GPR8,GPR9	FLAGS,GPR28,GPR8,GPR9	SRC+ref:FLAGS	-
CRC32B_32C_dp_2src	crc32b	4340c11a	crc32b w3, w2, w1	general	1:MRA	ok	GPR1,GPR2	GPR3	GPR1,GPR2	GPR3	agree	-	-	GPR1,GPR2	GPR3	same	unbounded-loop
CRC32CB_32C_dp_2src	crc32cb	4350c11a	crc32cb w3, w2, w1	general	1:MRA	ok	GPR1,GPR2	GPR3	GPR1,GPR2	GPR3	agree	-	-	GPR1,GPR2	GPR3	same	unbounded-loop
CRC32CH_32C_dp_2src	crc32ch	4354c11a	crc32ch w3, w2, w1	general	1:MRA	ok	GPR1,GPR2	GPR3	GPR1,GPR2	GPR3	agree	-	-	GPR1,GPR2	GPR3	same	unbounded-loop
CRC32CW_32C_dp_2src	crc32cw	4358c11a	crc32cw w3, w2, w1	general	1:MRA	ok	GPR1,GPR2	GPR3	GPR1,GPR2	GPR3	agree	-	-	GPR1,GPR2	GPR3	same	unbounded-loop
CRC32CX_64C_dp_2src	crc32cx	435cc19a	crc32cx w3, w2, x1	general	1:MRA	ok	GPR1,GPR2	GPR3	GPR1,GPR2	GPR3	agree	-	-	GPR1,GPR2	GPR3	same	unbounded-loop
CRC32H_32C_dp_2src	crc32h	4344c11a	crc32h w3, w2, w1	general	1:MRA	ok	GPR1,GPR2	GPR3	GPR1,GPR2	GPR3	agree	-	-	GPR1,GPR2	GPR3	same	unbounded-loop
CRC32W_32C_dp_2src	crc32w	4348c11a	crc32w w3, w2, w1	general	1:MRA	ok	GPR1,GPR2	GPR3	GPR1,GPR2	GPR3	agree	-	-	GPR1,GPR2	GPR3	same	unbounded-loop
CRC32X_64C_dp_2src	crc32x	434cc19a	crc32x w3, w2, x1	general	1:MRA	ok	GPR1,GPR2	GPR3	GPR1,GPR2	GPR3	agree	-	-	GPR1,GPR2	GPR3	same	unbounded-loop
CSDB_HI_hints	csdb	9f2203d5	csdb	system	1:MRA	ok	-	-	-	-	agree	-	-	-	-	same	-
CSEL_32_condsel	csel	6420811a	csel w4, w3, w1, hs	general	1:MRA	ok	FLAGS,GPR1,GPR3	GPR4	FLAGS,GPR1,GPR3	GPR4	agree	-	-	FLAGS,GPR1,GPR3	GPR4	same	-
CSEL_64_condsel	csel	6420819a	csel x4, x3, x1, hs	general	1:MRA	ok	FLAGS,GPR1,GPR3	GPR4	FLAGS,GPR1,GPR3	GPR4	agree	-	-	FLAGS,GPR1,GPR3	GPR4	same	-
CSETM_CSINV_32_condsel	csetm	e2139f5a	csetm w2, eq	general	1:MRA	ok	FLAGS,ZERO	GPR2	FLAGS	GPR2	disagree	SRC+ref:ZERO	-	FLAGS,ZERO	GPR2	same	-
CSETM_CSINV_64_condsel	csetm	e2139fda	csetm x2, eq	general	1:MRA	ok	FLAGS,ZERO	GPR2	FLAGS	GPR2	disagree	SRC+ref:ZERO	-	FLAGS,ZERO	GPR2	same	-
CSET_CSINC_32_condsel	cset	e2179f1a	cset w2, eq	general	1:MRA	ok	FLAGS,ZERO	GPR2	FLAGS	GPR2	disagree	SRC+ref:ZERO	-	FLAGS,ZERO	GPR2	same	-
CSET_CSINC_64_condsel	cset	e2179f9a	cset x2, eq	general	1:MRA	ok	FLAGS,ZERO	GPR2	FLAGS	GPR2	disagree	SRC+ref:ZERO	-	FLAGS,ZERO	GPR2	same	-
CSINC_32_condsel	csinc	6424811a	csinc w4, w3, w1, hs	general	1:MRA	ok	FLAGS,GPR1,GPR3	GPR4	FLAGS,GPR1,GPR3	GPR4	agree	-	-	FLAGS,GPR1,GPR3	GPR4	same	-
CSINC_64_condsel	csinc	6424819a	csinc x4, x3, x1, hs	general	1:MRA	ok	FLAGS,GPR1,GPR3	GPR4	FLAGS,GPR1,GPR3	GPR4	agree	-	-	FLAGS,GPR1,GPR3	GPR4	same	-
CSINV_32_condsel	csinv	6420815a	csinv w4, w3, w1, hs	general	1:MRA	ok	FLAGS,GPR1,GPR3	GPR4	FLAGS,GPR1,GPR3	GPR4	agree	-	-	FLAGS,GPR1,GPR3	GPR4	same	-
CSINV_64_condsel	csinv	642081da	csinv x4, x3, x1, hs	general	1:MRA	ok	FLAGS,GPR1,GPR3	GPR4	FLAGS,GPR1,GPR3	GPR4	agree	-	-	FLAGS,GPR1,GPR3	GPR4	same	-
CSNEG_32_condsel	csneg	6424815a	csneg w4, w3, w1, hs	general	1:MRA	ok	FLAGS,GPR1,GPR3	GPR4	FLAGS,GPR1,GPR3	GPR4	agree	-	-	FLAGS,GPR1,GPR3	GPR4	same	-
CSNEG_64_condsel	csneg	642481da	csneg x4, x3, x1, hs	general	1:MRA	ok	FLAGS,GPR1,GPR3	GPR4	FLAGS,GPR1,GPR3	GPR4	agree	-	-	FLAGS,GPR1,GPR3	GPR4	same	-
CTZ_32_dp_1src	ctz	2218c05a	ctz w2, w1	general	1:MRA	ok	GPR1	GPR2	GPR1	GPR2	agree	-	-	GPR1	GPR2	same	unbounded-loop
CTZ_64_dp_1src	ctz	2218c0da	ctz x2, x1	general	1:MRA	ok	GPR1	GPR2	GPR1	GPR2	agree	-	-	GPR1	GPR2	same	unbounded-loop
DCPS1_DC_exception	dcps1	2100a0d4	dcps1 #0x1	system	1:MRA	ok	-	-	-	-	agree	-	-	-	-	same	-
DCPS2_DC_exception	dcps2	2200a0d4	dcps2 #0x1	system	1:MRA	ok	-	-	-	-	agree	-	-	-	-	same	-
DCPS3_DC_exception	dcps3	2300a0d4	dcps3 #0x1	system	1:MRA	ok	-	-	-	-	agree	-	-	-	-	same	-
DC_SYS_CR_systeminstrs	dc	007e0cd5	dc cipae, x0	system	1:MRA	ok	GPR0	SYS	GPR0	-	disagree	DST+ref:SYS	-	GPR0	-	DST+ref:SYS	-
DGH_HI_hints	dgh	df2003d5	dgh	system	1:MRA	ok	-	-	-	-	agree	-	-	-	-	same	-
DMB_BO_barriers	dmb	bf3103d5	dmb oshld	system	1:MRA	ok	-	-	-	-	agree	-	-	-	-	same	-
DRPS_64E_branch_reg	drps	e003bfd6	drps	system	1:MRA	ok	PSTATE.EL	-	-	-	agree	-	PSTATE.EL	-	-	same	-
DSB_BO_barriers	dsb	9f3103d5	dsb oshld	system	1:MRA	ok	PSTATE.EL,SYS	-	-	-	disagree	SRC+ref:SYS	PSTATE.EL	-	-	SRC+ref:SYS	-
DSB_BOn_barriers	dsb	3f3603d5	dsb nshnxs	system	1:MRA	ok	-	-	-	-	agree	-	-	-	-	same	-
DUP_asimdins_DR_r	dup	640c024e	dup v4.8h, w3	advsimd	1:MRA	ok	GPR3	VEC4	GPR3	VEC4	agree	-	-	GPR3	VEC4	same	unbounded-loop
DUP_asimdins_DV_v	dup	6404024e	dup v4.8h, v3.h[0]	advsimd	1:MRA	ok	VEC3	VEC4	VEC3	VEC4	agree	-	-	VEC3	VEC4	same	unbounded-loop
DUP_asisdone_only	dup	4304015e	mov b3, v2.b[0]	advsimd	1:MRA	ok	VEC2	VEC3	VEC2	VEC3	agree	-	-	VEC2	VEC3	same	unbounded-loop
DVP_SYS_CR_systeminstrs	dvp	a1730bd5	dvp rctx, x1	system	1:MRA	ok	GPR1	SYS	GPR1	-	disagree	DST+ref:SYS	-	GPR1	-	DST+ref:SYS	-
EON_32_log_shift	eon	850c624a	eon w5, w4, w2, lsr #3	general	1:MRA	ok	GPR2,GPR4	GPR5	GPR2,GPR4	GPR5	agree	-	-	GPR2,GPR4	GPR5	same	-
EON_64_log_shift	eon	850c62ca	eon x5, x4, x2, lsr #3	general	1:MRA	ok	GPR2,GPR4	GPR5	GPR2,GPR4	GPR5	agree	-	-	GPR2,GPR4	GPR5	same	-
EON_eor_z_zi_	eon	05004005	eor z5.s, z5.s, #0x1	sve	1:MRA	ok	VEC5	VEC5	VEC5	VEC5	agree	-	-	VEC5	VEC5	same	-
EOR3_VVV16_crypto4	eor3	640801ce	eor3 v4.16b, v3.16b, v1.16b, v2.16b	advsimd	1:MRA	ok	VEC1,VEC2,VEC3	VEC4	VEC1,VEC2,VEC3	VEC4	agree	-	-	VEC1,VEC2,VEC3	VEC4	same	-
EOR_32_log_imm	eor	64080152	eor w4, w3, #0x80000003	general	1:MRA	ok	GPR3	GPR4	GPR3	GPR4	agree	-	-	GPR3	GPR4	same	-
EOR_32_log_shift	eor	850c424a	eor w5, w4, w2, lsr #3	general	1:MRA	ok	GPR2,GPR4	GPR5	GPR2,GPR4	GPR5	agree	-	-	GPR2,GPR4	GPR5	same	-
EOR_64_log_imm	eor	850c42d2	eor x5, x4, #0xc000000000000003	general	1:MRA	ok	GPR4	GPR5	GPR4	GPR5	agree	-	-	GPR4	GPR5	same	-
EOR_64_log_shift	eor	850c42ca	eor x5, x4, x2, lsr #3	general	1:MRA	ok	GPR2,GPR4	GPR5	GPR2,GPR4	GPR5	agree	-	-	GPR2,GPR4	GPR5	same	-
EOR_asimdsame_only	eor	641c226e	eor v4.16b, v3.16b, v2.16b	advsimd	1:MRA	ok	VEC2,VEC3	VEC4	VEC2,VEC3	VEC4	agree	-	-	VEC2,VEC3	VEC4	same	-
ERETAA_64E_branch_reg	eretaa	ff0b9fd6	eretaa	general	1:MRA	ok	IP,PSTATE.EL,SP,SYS	IP	LR,SP	-	disagree	SRC+ref:SYS SRC+trc:LR	IP,PSTATE.EL	LR,SP	-	SRC+ref:SYS SRC+trc:LR	-
ERETAB_64E_branch_reg	eretab	ff0f9fd6	eretab	general	1:MRA	ok	IP,PSTATE.EL,SP,SYS	IP	LR,SP	-	disagree	SRC+ref:SYS SRC+trc:LR	IP,PSTATE.EL	LR,SP	-	SRC+ref:SYS SRC+trc:LR	-
ERET_64E_branch_reg	eret	e0039fd6	eret	system	1:MRA	ok	PSTATE.EL,SYS	IP	-	-	disagree	SRC+ref:SYS	IP,PSTATE.EL	-	-	SRC+ref:SYS	dead-reads:1
ESB_HI_hints	esb	1f2203d5	esb	system	1:MRA	ok	PSTATE.A,PSTATE.EL,SYS	SYS	-	-	disagree	DST+ref:SYS SRC+ref:SYS	PSTATE.A,PSTATE.EL	-	-	DST+ref:SYS SRC+ref:SYS	-
EXTR_32_extract	extr	64088113	extr w4, w3, w1, #2	general	1:MRA	ok	GPR1,GPR3	GPR4	GPR1,GPR3	GPR4	agree	-	-	GPR1,GPR3	GPR4	same	-
EXTR_64_extract	extr	6408c193	extr x4, x3, x1, #2	general	1:MRA	ok	GPR1,GPR3	GPR4	GPR1,GPR3	GPR4	agree	-	-	GPR1,GPR3	GPR4	same	-
EXT_asimdext_only	ext	8518026e	ext v5.16b, v4.16b, v2.16b, #3	advsimd	1:MRA	ok	VEC2,VEC4	VEC5	VEC2,VEC4	VEC5	agree	-	-	VEC2,VEC4	VEC5	same	-
FABD_asimdsame_only	fabd	85d4a36e	fabd v5.4s, v4.4s, v3.4s	advsimd	1:MRA	ok	FCSR,PSTATE.SM,VEC3,VEC4	FCSR,VEC5	FCSR,VEC3,VEC4	VEC5	disagree	DST+ref:FCSR	PSTATE.SM	FCSR,VEC3,VEC4	VEC5	DST+ref:FCSR	-
FABD_asimdsamefp16_only	fabd	6414c26e	fabd v4.8h, v3.8h, v2.8h	advsimd	1:MRA	ok	FCSR,PSTATE.SM,VEC2,VEC3	FCSR,VEC4	FCSR,VEC2,VEC3	VEC4	disagree	DST+ref:FCSR	PSTATE.SM	FCSR,VEC2,VEC3	VEC4	DST+ref:FCSR	-
FABD_asisdsame_only	fabd	64d4e27e	fabd d4, d3, d2	advsimd	1:MRA	ok	FCSR,PSTATE.SM,VEC2,VEC3	FCSR,VEC4	FCSR,VEC2,VEC3	VEC4	disagree	DST+ref:FCSR	PSTATE.SM	FCSR,VEC2,VEC3	VEC4	DST+ref:FCSR	-
FABD_asisdsamefp16_only	fabd	4314c17e	fabd h3, h2, h1	advsimd	1:MRA	ok	FCSR,PSTATE.SM,VEC1,VEC2	FCSR,VEC3	FCSR,VEC1,VEC2	VEC3	disagree	DST+ref:FCSR	PSTATE.SM	FCSR,VEC1,VEC2	VEC3	DST+ref:FCSR	-
FABS_D_floatdp1	fabs	22c0601e	fabs d2, d1	float	1:MRA	ok	FCSR,PSTATE.SM,VEC1	VEC2	FCSR,VEC1	VEC2	agree	-	PSTATE.SM	VEC1	VEC2	SRC+ref:FCSR	-
FABS_H_floatdp1	fabs	22c0e01e	fabs h2, h1	float	1:MRA	ok	FCSR,PSTATE.SM,VEC1	VEC2	FCSR,VEC1	VEC2	agree	-	PSTATE.SM	VEC1	VEC2	SRC+ref:FCSR	-
FABS_S_floatdp1	fabs	22c0201e	fabs s2, s1	float	1:MRA	ok	FCSR,PSTATE.SM,VEC1	VEC2	FCSR,VEC1	VEC2	agree	-	PSTATE.SM	VEC1	VEC2	SRC+ref:FCSR	-
FABS_asimdmisc_R	fabs	64f8a04e	fabs v4.4s, v3.4s	advsimd	1:MRA	ok	VEC3	VEC4	FCSR,VEC3	VEC4	disagree	SRC+trc:FCSR	-	VEC3	VEC4	same	-
FABS_asimdmiscfp16_R	fabs	43f8f84e	fabs v3.8h, v2.8h	advsimd	1:MRA	ok	VEC2	VEC3	FCSR,VEC2	VEC3	disagree	SRC+trc:FCSR	-	VEC2	VEC3	same	-
FACGE_asimdsame_only	facge	85ec236e	facge v5.4s, v4.4s, v3.4s	advsimd	1:MRA	ok	FCSR,PSTATE.SM,VEC3,VEC4	FCSR,VEC5	FCSR,VEC3,VEC4	VEC5	disagree	DST+ref:FCSR	PSTATE.SM	FCSR,VEC3,VEC4	VEC5	DST+ref:FCSR	-
FACGE_asimdsamefp16_only	facge	642c426e	facge v4.8h, v3.8h, v2.8h	advsimd	1:MRA	ok	FCSR,PSTATE.SM,VEC2,VEC3	FCSR,VEC4	FCSR,VEC2,VEC3	VEC4	disagree	DST+ref:FCSR	PSTATE.SM	FCSR,VEC2,VEC3	VEC4	DST+ref:FCSR	-
FACGE_asisdsame_only	facge	64ec627e	facge d4, d3, d2	advsimd	1:MRA	ok	FCSR,PSTATE.SM,VEC2,VEC3	FCSR,VEC4	FCSR,VEC2,VEC3	VEC4	disagree	DST+ref:FCSR	PSTATE.SM	FCSR,VEC2,VEC3	VEC4	DST+ref:FCSR	-
FACGE_asisdsamefp16_only	facge	432c417e	facge h3, h2, h1	advsimd	1:MRA	ok	FCSR,PSTATE.SM,VEC1,VEC2	FCSR,VEC3	FCSR,VEC1,VEC2	VEC3	disagree	DST+ref:FCSR	PSTATE.SM	FCSR,VEC1,VEC2	VEC3	DST+ref:FCSR	-
FACGT_asimdsame_only	facgt	85eca36e	facgt v5.4s, v4.4s, v3.4s	advsimd	1:MRA	ok	FCSR,PSTATE.SM,VEC3,VEC4	FCSR,VEC5	FCSR,VEC3,VEC4	VEC5	disagree	DST+ref:FCSR	PSTATE.SM	FCSR,VEC3,VEC4	VEC5	DST+ref:FCSR	-
FACGT_asimdsamefp16_only	facgt	642cc26e	facgt v4.8h, v3.8h, v2.8h	advsimd	1:MRA	ok	FCSR,PSTATE.SM,VEC2,VEC3	FCSR,VEC4	FCSR,VEC2,VEC3	VEC4	disagree	DST+ref:FCSR	PSTATE.SM	FCSR,VEC2,VEC3	VEC4	DST+ref:FCSR	-
FACGT_asisdsame_only	facgt	64ece27e	facgt d4, d3, d2	advsimd	1:MRA	ok	FCSR,PSTATE.SM,VEC2,VEC3	FCSR,VEC4	FCSR,VEC2,VEC3	VEC4	disagree	DST+ref:FCSR	PSTATE.SM	FCSR,VEC2,VEC3	VEC4	DST+ref:FCSR	-
FACGT_asisdsamefp16_only	facgt	432cc17e	facgt h3, h2, h1	advsimd	1:MRA	ok	FCSR,PSTATE.SM,VEC1,VEC2	FCSR,VEC3	FCSR,VEC1,VEC2	VEC3	disagree	DST+ref:FCSR	PSTATE.SM	FCSR,VEC1,VEC2	VEC3	DST+ref:FCSR	-
FACLE_facge_p_p_zz_	facle	b8c15865	facge p8.h, p0/z, z13.h, z24.h	sve	1:MRA	ok	FCSR,PRED0,PSTATE.SM,VEC13,VEC24	FCSR,PRED8	PRED0,VEC13,VEC24	PRED8	disagree	DST+ref:FCSR SRC+ref:FCSR	PSTATE.SM	PRED0,VEC13,VEC24	PRED8	DST+ref:FCSR SRC+ref:FCSR	unbounded-loop
FACLT_facgt_p_p_zz_	faclt	5ce55665	facgt p12.h, p1/z, z10.h, z22.h	sve	1:MRA	ok	FCSR,PRED1,PSTATE.SM,VEC10,VEC22	FCSR,PRED12	PRED1,VEC10,VEC22	PRED12	disagree	DST+ref:FCSR SRC+ref:FCSR	PSTATE.SM	PRED1,VEC10,VEC22	PRED12	DST+ref:FCSR SRC+ref:FCSR	unbounded-loop
FADDP_asimdsame_only	faddp	85d4236e	faddp v5.4s, v4.4s, v3.4s	advsimd	1:MRA	ok	FCSR,PSTATE.SM,VEC3,VEC4	FCSR,VEC5	FCSR,VEC3,VEC4	VEC5	disagree	DST+ref:FCSR	PSTATE.SM	FCSR,VEC3,VEC4	VEC5	DST+ref:FCSR	-
FADDP_asimdsamefp16_only	faddp	6414426e	faddp v4.8h, v3.8h, v2.8h	advsimd	1:MRA	ok	FCSR,PSTATE.SM,VEC2,VEC3	FCSR,VEC4	FCSR,VEC2,VEC3	VEC4	disagree	DST+ref:FCSR	PSTATE.SM	FCSR,VEC2,VEC3	VEC4	DST+ref:FCSR	-
FADDP_asisdpair_only_H	faddp	31da305e	faddp h17, v17.2h	advsimd	1:MRA	ok	FCSR,PSTATE.SM,VEC17	FCSR,VEC17	FCSR,VEC17	VEC17	disagree	DST+ref:FCSR	PSTATE.SM	FCSR,VEC17	VEC17	DST+ref:FCSR	-
FADDP_asisdpair_only_SD	faddp	43d8707e	faddp d3, v2.2d	advsimd	1:MRA	ok	FCSR,PSTATE.SM,VEC2	FCSR,VEC3	FCSR,VEC2	VEC3	disagree	DST+ref:FCSR	PSTATE.SM	FCSR,VEC2	VEC3	DST+ref:FCSR	-
FADD_D_floatdp2	fadd	4328611e	fadd d3, d2, d1	float	1:MRA	ok	FCSR,PSTATE.SM,VEC1,VEC2	FCSR,VEC3	FCSR,VEC1,VEC2	VEC3	disagree	DST+ref:FCSR	PSTATE.SM	FCSR,VEC1,VEC2	VEC3	DST+ref:FCSR	-
FADD_H_floatdp2	fadd	4328e11e	fadd h3, h2, h1	float	1:MRA	ok	FCSR,PSTATE.SM,VEC1,VEC2	FCSR,VEC3	FCSR,VEC1,VEC2	VEC3	disagree	DST+ref:FCSR	PSTATE.SM	FCSR,VEC1,VEC2	VEC3	DST+ref:FCSR	-
FADD_S_floatdp2	fadd	4328211e	fadd s3, s2, s1	float	1:MRA	ok	FCSR,PSTATE.SM,VEC1,VEC2	FCSR,VEC3	FCSR,VEC1,VEC2	VEC3	disagree	DST+ref:FCSR	PSTATE.SM	FCSR,VEC1,VEC2	VEC3	DST+ref:FCSR	-
FADD_asimdsame_only	fadd	85d4234e	fadd v5.4s, v4.4s, v3.4s	advsimd	1:MRA	ok	FCSR,PSTATE.SM,VEC3,VEC4	FCSR,VEC5	FCSR,VEC3,VEC4	VEC5	disagree	DST+ref:FCSR	PSTATE.SM	FCSR,VEC3,VEC4	VEC5	DST+ref:FCSR	-
FADD_asimdsamefp16_only	fadd	6414424e	fadd v4.8h, v3.8h, v2.8h	advsimd	1:MRA	ok	FCSR,PSTATE.SM,VEC2,VEC3	FCSR,VEC4	FCSR,VEC2,VEC3	VEC4	disagree	DST+ref:FCSR	PSTATE.SM	FCSR,VEC2,VEC3	VEC4	DST+ref:FCSR	-
FCADD_asimdsame2_C	fcadd	a6e4836e	fcadd v6.4s, v5.4s, v3.4s, #90	advsimd	1:MRA	ok	FCSR,PSTATE.SM,VEC3,VEC5	FCSR,VEC6	FCSR,VEC3,VEC5	VEC6	disagree	DST+ref:FCSR	PSTATE.SM	FCSR,VEC3,VEC5	VEC6	DST+ref:FCSR	-
FCCMPE_D_floatccmp	fccmpe	7424611e	fccmpe d3, d1, #4, hs	float	1:MRA	ok	FCSR,FLAGS,PSTATE.SM,VEC1,VEC3	FCSR,FLAGS	FCSR,FLAGS,VEC1,VEC3	FLAGS	disagree	DST+ref:FCSR	PSTATE.SM	FLAGS,VEC1,VEC3	FLAGS	DST+ref:FCSR SRC+ref:FCSR	-
FCCMPE_H_floatccmp	fccmpe	7424e11e	fccmpe h3, h1, #4, hs	float	1:MRA	ok	FCSR,FLAGS,PSTATE.SM,VEC1,VEC3	FCSR,FLAGS	FCSR,FLAGS,VEC1,VEC3	FLAGS	disagree	DST+ref:FCSR	PSTATE.SM	FLAGS,VEC1,VEC3	FLAGS	DST+ref:FCSR SRC+ref:FCSR	-
FCCMPE_S_floatccmp	fccmpe	7424211e	fccmpe s3, s1, #4, hs	float	1:MRA	ok	FCSR,FLAGS,PSTATE.SM,VEC1,VEC3	FCSR,FLAGS	FCSR,FLAGS,VEC1,VEC3	FLAGS	disagree	DST+ref:FCSR	PSTATE.SM	FLAGS,VEC1,VEC3	FLAGS	DST+ref:FCSR SRC+ref:FCSR	-
FCCMP_D_floatccmp	fccmp	6424611e	fccmp d3, d1, #4, hs	float	1:MRA	ok	FCSR,FLAGS,PSTATE.SM,VEC1,VEC3	FCSR,FLAGS	FCSR,FLAGS,VEC1,VEC3	FLAGS	disagree	DST+ref:FCSR	PSTATE.SM	FLAGS,VEC1,VEC3	FLAGS	DST+ref:FCSR SRC+ref:FCSR	-
FCCMP_H_floatccmp	fccmp	6424e11e	fccmp h3, h1, #4, hs	float	1:MRA	ok	FCSR,FLAGS,PSTATE.SM,VEC1,VEC3	FCSR,FLAGS	FCSR,FLAGS,VEC1,VEC3	FLAGS	disagree	DST+ref:FCSR	PSTATE.SM	FLAGS,VEC1,VEC3	FLAGS	DST+ref:FCSR SRC+ref:FCSR	-
FCCMP_S_floatccmp	fccmp	6424211e	fccmp s3, s1, #4, hs	float	1:MRA	ok	FCSR,FLAGS,PSTATE.SM,VEC1,VEC3	FCSR,FLAGS	FCSR,FLAGS,VEC1,VEC3	FLAGS	disagree	DST+ref:FCSR	PSTATE.SM	FLAGS,VEC1,VEC3	FLAGS	DST+ref:FCSR SRC+ref:FCSR	-
FCMEQ_asimdmisc_FZ	fcmeq	64d8a04e	fcmeq v4.4s, v3.4s, #0.0	advsimd	1:MRA	ok	FCSR,PSTATE.SM,VEC3	FCSR,VEC4	FCSR,VEC3	VEC4	disagree	DST+ref:FCSR	PSTATE.SM	FCSR,VEC3	VEC4	DST+ref:FCSR	-
FCMEQ_asimdmiscfp16_FZ	fcmeq	43d8f84e	fcmeq v3.8h, v2.8h, #0.0	advsimd	1:MRA	ok	FCSR,PSTATE.SM,VEC2	FCSR,VEC3	FCSR,VEC2	VEC3	disagree	DST+ref:FCSR	PSTATE.SM	FCSR,VEC2	VEC3	DST+ref:FCSR	-
FCMEQ_asimdsame_only	fcmeq	85e4234e	fcmeq v5.4s, v4.4s, v3.4s	advsimd	1:MRA	ok	FCSR,PSTATE.SM,VEC3,VEC4	FCSR,VEC5	FCSR,VEC3,VEC4	VEC5	disagree	DST+ref:FCSR	PSTATE.SM	FCSR,VEC3,VEC4	VEC5	DST+ref:FCSR	-
FCMEQ_asimdsamefp16_only	fcmeq	6424424e	fcmeq v4.8h, v3.8h, v2.8h	advsimd	1:MRA	ok	FCSR,PSTATE.SM,VEC2,VEC3	FCSR,VEC4	FCSR,VEC2,VEC3	VEC4	disagree	DST+ref:FCSR	PSTATE.SM	FCSR,VEC2,VEC3	VEC4	DST+ref:FCSR	-
FCMEQ_asisdmisc_FZ	fcmeq	43d8e05e	fcmeq d3, d2, #0.0	advsimd	1:MRA	ok	FCSR,PSTATE.SM,VEC2	FCSR,VEC3	FCSR,VEC2	VEC3	disagree	DST+ref:FCSR	PSTATE.SM	FCSR,VEC2	VEC3	DST+ref:FCSR	-
FCMEQ_asisdmiscfp16_FZ	fcmeq	22d8f85e	fcmeq h2, h1, #0.0	advsimd	1:MRA	ok	FCSR,PSTATE.SM,VEC1	FCSR,VEC2	FCSR,VEC1	VEC2	disagree	DST+ref:FCSR	PSTATE.SM	FCSR,VEC1	VEC2	DST+ref:FCSR	-
FCMEQ_asisdsame_only	fcmeq	64e4625e	fcmeq d4, d3, d2	advsimd	1:MRA	ok	FCSR,PSTATE.SM,VEC2,VEC3	FCSR,VEC4	FCSR,VEC2,VEC3	VEC4	disagree	DST+ref:FCSR	PSTATE.SM	FCSR,VEC2,VEC3	VEC4	DST+ref:FCSR	-
FCMEQ_asisdsamefp16_only	fcmeq	4324415e	fcmeq h3, h2, h1	advsimd	1:MRA	ok	FCSR,PSTATE.SM,VEC1,VEC2	FCSR,VEC3	FCSR,VEC1,VEC2	VEC3	disagree	DST+ref:FCSR	PSTATE.SM	FCSR,VEC1,VEC2	VEC3	DST+ref:FCSR	-
FCMGE_asimdmisc_FZ	fcmge	64c8a06e	fcmge v4.4s, v3.4s, #0.0	advsimd	1:MRA	ok	FCSR,PSTATE.SM,VEC3	FCSR,VEC4	FCSR,VEC3	VEC4	disagree	DST+ref:FCSR	PSTATE.SM	FCSR,VEC3	VEC4	DST+ref:FCSR	-
FCMGE_asimdmiscfp16_FZ	fcmge	43c8f86e	fcmge v3.8h, v2.8h, #0.0	advsimd	1:MRA	ok	FCSR,PSTATE.SM,VEC2	FCSR,VEC3	FCSR,VEC2	VEC3	disagree	DST+ref:FCSR	PSTATE.SM	FCSR,VEC2	VEC3	DST+ref:FCSR	-
FCMGE_asimdsame_only	fcmge	85e4236e	fcmge v5.4s, v4.4s, v3.4s	advsimd	1:MRA	ok	FCSR,PSTATE.SM,VEC3,VEC4	FCSR,VEC5	FCSR,VEC3,VEC4	VEC5	disagree	DST+ref:FCSR	PSTATE.SM	FCSR,VEC3,VEC4	VEC5	DST+ref:FCSR	-
FCMGE_asimdsamefp16_only	fcmge	6424426e	fcmge v4.8h, v3.8h, v2.8h	advsimd	1:MRA	ok	FCSR,PSTATE.SM,VEC2,VEC3	FCSR,VEC4	FCSR,VEC2,VEC3	VEC4	disagree	DST+ref:FCSR	PSTATE.SM	FCSR,VEC2,VEC3	VEC4	DST+ref:FCSR	-
FCMGE_asisdmisc_FZ	fcmge	43c8e07e	fcmge d3, d2, #0.0	advsimd	1:MRA	ok	FCSR,PSTATE.SM,VEC2	FCSR,VEC3	FCSR,VEC2	VEC3	disagree	DST+ref:FCSR	PSTATE.SM	FCSR,VEC2	VEC3	DST+ref:FCSR	-
FCMGE_asisdmiscfp16_FZ	fcmge	22c8f87e	fcmge h2, h1, #0.0	advsimd	1:MRA	ok	FCSR,PSTATE.SM,VEC1	FCSR,VEC2	FCSR,VEC1	VEC2	disagree	DST+ref:FCSR	PSTATE.SM	FCSR,VEC1	VEC2	DST+ref:FCSR	-
FCMGE_asisdsame_only	fcmge	64e4627e	fcmge d4, d3, d2	advsimd	1:MRA	ok	FCSR,PSTATE.SM,VEC2,VEC3	FCSR,VEC4	FCSR,VEC2,VEC3	VEC4	disagree	DST+ref:FCSR	PSTATE.SM	FCSR,VEC2,VEC3	VEC4	DST+ref:FCSR	-
FCMGE_asisdsamefp16_only	fcmge	4324417e	fcmge h3, h2, h1	advsimd	1:MRA	ok	FCSR,PSTATE.SM,VEC1,VEC2	FCSR,VEC3	FCSR,VEC1,VEC2	VEC3	disagree	DST+ref:FCSR	PSTATE.SM	FCSR,VEC1,VEC2	VEC3	DST+ref:FCSR	-
FCMGT_asimdmisc_FZ	fcmgt	64c8a04e	fcmgt v4.4s, v3.4s, #0.0	advsimd	1:MRA	ok	FCSR,PSTATE.SM,VEC3	FCSR,VEC4	FCSR,VEC3	VEC4	disagree	DST+ref:FCSR	PSTATE.SM	FCSR,VEC3	VEC4	DST+ref:FCSR	-
FCMGT_asimdmiscfp16_FZ	fcmgt	43c8f84e	fcmgt v3.8h, v2.8h, #0.0	advsimd	1:MRA	ok	FCSR,PSTATE.SM,VEC2	FCSR,VEC3	FCSR,VEC2	VEC3	disagree	DST+ref:FCSR	PSTATE.SM	FCSR,VEC2	VEC3	DST+ref:FCSR	-
FCMGT_asimdsame_only	fcmgt	85e4a36e	fcmgt v5.4s, v4.4s, v3.4s	advsimd	1:MRA	ok	FCSR,PSTATE.SM,VEC3,VEC4	FCSR,VEC5	FCSR,VEC3,VEC4	VEC5	disagree	DST+ref:FCSR	PSTATE.SM	FCSR,VEC3,VEC4	VEC5	DST+ref:FCSR	-
FCMGT_asimdsamefp16_only	fcmgt	6424c26e	fcmgt v4.8h, v3.8h, v2.8h	advsimd	1:MRA	ok	FCSR,PSTATE.SM,VEC2,VEC3	FCSR,VEC4	FCSR,VEC2,VEC3	VEC4	disagree	DST+ref:FCSR	PSTATE.SM	FCSR,VEC2,VEC3	VEC4	DST+ref:FCSR	-
FCMGT_asisdmisc_FZ	fcmgt	43c8e05e	fcmgt d3, d2, #0.0	advsimd	1:MRA	ok	FCSR,PSTATE.SM,VEC2	FCSR,VEC3	FCSR,VEC2	VEC3	disagree	DST+ref:FCSR	PSTATE.SM	FCSR,VEC2	VEC3	DST+ref:FCSR	-
FCMGT_asisdmiscfp16_FZ	fcmgt	22c8f85e	fcmgt h2, h1, #0.0	advsimd	1:MRA	ok	FCSR,PSTATE.SM,VEC1	FCSR,VEC2	FCSR,VEC1	VEC2	disagree	DST+ref:FCSR	PSTATE.SM	FCSR,VEC1	VEC2	DST+ref:FCSR	-
FCMGT_asisdsame_only	fcmgt	64e4e27e	fcmgt d4, d3, d2	advsimd	1:MRA	ok	FCSR,PSTATE.SM,VEC2,VEC3	FCSR,VEC4	FCSR,VEC2,VEC3	VEC4	disagree	DST+ref:FCSR	PSTATE.SM	FCSR,VEC2,VEC3	VEC4	DST+ref:FCSR	-
FCMGT_asisdsamefp16_only	fcmgt	4324c17e	fcmgt h3, h2, h1	advsimd	1:MRA	ok	FCSR,PSTATE.SM,VEC1,VEC2	FCSR,VEC3	FCSR,VEC1,VEC2	VEC3	disagree	DST+ref:FCSR	PSTATE.SM	FCSR,VEC1,VEC2	VEC3	DST+ref:FCSR	-
FCMLA_asimdelem_C_H	fcmla	2230546f	fcmla v2.8h, v1.8h, v20.h[0], #90	advsimd	1:MRA	ok	FCSR,VEC1,VEC2,VEC20	VEC2	FCSR,VEC1,VEC2,VEC20	VEC2	agree	-	-	FCSR,VEC1,VEC2,VEC20	VEC2	same	-
FCMLA_asimdelem_C_S	fcmla	2230946f	fcmla v2.4s, v1.4s, v20.s[0], #90	advsimd	1:MRA	ok	FCSR,VEC1,VEC2,VEC20	VEC2	FCSR,VEC1,VEC2,VEC20	VEC2	agree	-	-	FCSR,VEC1,VEC2,VEC20	VEC2	same	-
FCMLA_asimdsame2_C	fcmla	a6c4836e	fcmla v6.4s, v5.4s, v3.4s, #0	advsimd	1:MRA	ok	FCSR,VEC3,VEC5,VEC6	VEC6	FCSR,VEC3,VEC5,VEC6	VEC6	agree	-	-	FCSR,VEC3,VEC5,VEC6	VEC6	same	-
FCMLE_asimdmisc_FZ	fcmle	64d8a06e	fcmle v4.4s, v3.4s, #0.0	advsimd	1:MRA	ok	FCSR,PSTATE.SM,VEC3	FCSR,VEC4	FCSR,VEC3	VEC4	disagree	DST+ref:FCSR	PSTATE.SM	FCSR,VEC3	VEC4	DST+ref:FCSR	-
FCMLE_asimdmiscfp16_FZ	fcmle	43d8f86e	fcmle v3.8h, v2.8h, #0.0	advsimd	1:MRA	ok	FCSR,PSTATE.SM,VEC2	FCSR,VEC3	FCSR,VEC2	VEC3	disagree	DST+ref:FCSR	PSTATE.SM	FCSR,VEC2	VEC3	DST+ref:FCSR	-
FCMLE_asisdmisc_FZ	fcmle	43d8e07e	fcmle d3, d2, #0.0	advsimd	1:MRA	ok	FCSR,PSTATE.SM,VEC2	FCSR,VEC3	FCSR,VEC2	VEC3	disagree	DST+ref:FCSR	PSTATE.SM	FCSR,VEC2	VEC3	DST+ref:FCSR	-
FCMLE_asisdmiscfp16_FZ	fcmle	22d8f87e	fcmle h2, h1, #0.0	advsimd	1:MRA	ok	FCSR,PSTATE.SM,VEC1	FCSR,VEC2	FCSR,VEC1	VEC2	disagree	DST+ref:FCSR	PSTATE.SM	FCSR,VEC1	VEC2	DST+ref:FCSR	-
FCMLE_fcmge_p_p_zz_	fcmle	ae448465	fcmge p14.s, p1/z, z5.s, z4.s	sve	1:MRA	ok	FCSR,PRED1,PSTATE.SM,VEC4,VEC5	FCSR,PRED14	PRED1,VEC4,VEC5	PRED14	disagree	DST+ref:FCSR SRC+ref:FCSR	PSTATE.SM	PRED1,VEC4,VEC5	PRED14	DST+ref:FCSR SRC+ref:FCSR	unbounded-loop
FCMLT_asimdmisc_FZ	fcmlt	64e8a04e	fcmlt v4.4s, v3.4s, #0.0	advsimd	1:MRA	ok	FCSR,PSTATE.SM,VEC3	FCSR,VEC4	FCSR,VEC3	VEC4	disagree	DST+ref:FCSR	PSTATE.SM	FCSR,VEC3	VEC4	DST+ref:FCSR	-
FCMLT_asimdmiscfp16_FZ	fcmlt	43e8f84e	fcmlt v3.8h, v2.8h, #0.0	advsimd	1:MRA	ok	FCSR,PSTATE.SM,VEC2	FCSR,VEC3	FCSR,VEC2	VEC3	disagree	DST+ref:FCSR	PSTATE.SM	FCSR,VEC2	VEC3	DST+ref:FCSR	-
FCMLT_asisdmisc_FZ	fcmlt	43e8e05e	fcmlt d3, d2, #0.0	advsimd	1:MRA	ok	FCSR,PSTATE.SM,VEC2	FCSR,VEC3	FCSR,VEC2	VEC3	disagree	DST+ref:FCSR	PSTATE.SM	FCSR,VEC2	VEC3	DST+ref:FCSR	-
FCMLT_asisdmiscfp16_FZ	fcmlt	22e8f85e	fcmlt h2, h1, #0.0	advsimd	1:MRA	ok	FCSR,PSTATE.SM,VEC1	FCSR,VEC2	FCSR,VEC1	VEC2	disagree	DST+ref:FCSR	PSTATE.SM	FCSR,VEC1	VEC2	DST+ref:FCSR	-
FCMLT_fcmgt_p_p_zz_	fcmlt	f5548665	fcmgt p5.s, p5/z, z7.s, z6.s	sve	1:MRA	ok	FCSR,PRED5,PSTATE.SM,VEC6,VEC7	FCSR,PRED5	PRED5,VEC6,VEC7	PRED5	disagree	DST+ref:FCSR SRC+ref:FCSR	PSTATE.SM	PRED5,VEC6,VEC7	PRED5	DST+ref:FCSR SRC+ref:FCSR	unbounded-loop
FCMPE_DZ_floatcmp	fcmpe	3820601e	fcmpe d1, #0.0	float	1:MRA	ok	FCSR,PSTATE.SM,VEC1	FCSR,FLAGS	FCSR,VEC1,ZERO	FLAGS	disagree	DST+ref:FCSR SRC+trc:ZERO	PSTATE.SM	FCSR,VEC1	FLAGS	DST+ref:FCSR	-
FCMPE_D_floatcmp	fcmpe	5020611e	fcmpe d2, d1	float	1:MRA	ok	FCSR,PSTATE.SM,VEC1,VEC2	FCSR,FLAGS	FCSR,VEC1,VEC2	FLAGS	disagree	DST+ref:FCSR	PSTATE.SM	FCSR,VEC1,VEC2	FLAGS	DST+ref:FCSR	-
FCMPE_HZ_floatcmp	fcmpe	3820e01e	fcmpe h1, #0.0	float	1:MRA	ok	FCSR,PSTATE.SM,VEC1	FCSR,FLAGS	FCSR,VEC1,ZERO	FLAGS	disagree	DST+ref:FCSR SRC+trc:ZERO	PSTATE.SM	FCSR,VEC1	FLAGS	DST+ref:FCSR	-
FCMPE_H_floatcmp	fcmpe	5020e11e	fcmpe h2, h1	float	1:MRA	ok	FCSR,PSTATE.SM,VEC1,VEC2	FCSR,FLAGS	FCSR,VEC1,VEC2	FLAGS	disagree	DST+ref:FCSR	PSTATE.SM	FCSR,VEC1,VEC2	FLAGS	DST+ref:FCSR	-
FCMPE_SZ_floatcmp	fcmpe	3820201e	fcmpe s1, #0.0	float	1:MRA	ok	FCSR,PSTATE.SM,VEC1	FCSR,FLAGS	FCSR,VEC1,ZERO	FLAGS	disagree	DST+ref:FCSR SRC+trc:ZERO	PSTATE.SM	FCSR,VEC1	FLAGS	DST+ref:FCSR	-
FCMPE_S_floatcmp	fcmpe	5020211e	fcmpe s2, s1	float	1:MRA	ok	FCSR,PSTATE.SM,VEC1,VEC2	FCSR,FLAGS	FCSR,VEC1,VEC2	FLAGS	disagree	DST+ref:FCSR	PSTATE.SM	FCSR,VEC1,VEC2	FLAGS	DST+ref:FCSR	-
FCMP_DZ_floatcmp	fcmp	2820601e	fcmp d1, #0.0	float	1:MRA	ok	FCSR,PSTATE.SM,VEC1	FCSR,FLAGS	FCSR,VEC1,ZERO	FLAGS	disagree	DST+ref:FCSR SRC+trc:ZERO	PSTATE.SM	FCSR,VEC1	FLAGS	DST+ref:FCSR	-
FCMP_D_floatcmp	fcmp	4020611e	fcmp d2, d1	float	1:MRA	ok	FCSR,PSTATE.SM,VEC1,VEC2	FCSR,FLAGS	FCSR,VEC1,VEC2	FLAGS	disagree	DST+ref:FCSR	PSTATE.SM	FCSR,VEC1,VEC2	FLAGS	DST+ref:FCSR	-
FCMP_HZ_floatcmp	fcmp	2820e01e	fcmp h1, #0.0	float	1:MRA	ok	FCSR,PSTATE.SM,VEC1	FCSR,FLAGS	FCSR,VEC1,ZERO	FLAGS	disagree	DST+ref:FCSR SRC+trc:ZERO	PSTATE.SM	FCSR,VEC1	FLAGS	DST+ref:FCSR	-
FCMP_H_floatcmp	fcmp	4020e11e	fcmp h2, h1	float	1:MRA	ok	FCSR,PSTATE.SM,VEC1,VEC2	FCSR,FLAGS	FCSR,VEC1,VEC2	FLAGS	disagree	DST+ref:FCSR	PSTATE.SM	FCSR,VEC1,VEC2	FLAGS	DST+ref:FCSR	-
FCMP_SZ_floatcmp	fcmp	2820201e	fcmp s1, #0.0	float	1:MRA	ok	FCSR,PSTATE.SM,VEC1	FCSR,FLAGS	FCSR,VEC1,ZERO	FLAGS	disagree	DST+ref:FCSR SRC+trc:ZERO	PSTATE.SM	FCSR,VEC1	FLAGS	DST+ref:FCSR	-
FCMP_S_floatcmp	fcmp	4020211e	fcmp s2, s1	float	1:MRA	ok	FCSR,PSTATE.SM,VEC1,VEC2	FCSR,FLAGS	FCSR,VEC1,VEC2	FLAGS	disagree	DST+ref:FCSR	PSTATE.SM	FCSR,VEC1,VEC2	FLAGS	DST+ref:FCSR	-
FCSEL_D_floatsel	fcsel	642c611e	fcsel d4, d3, d1, hs	float	1:MRA	ok	FLAGS,VEC1,VEC3	VEC4	FLAGS,VEC1,VEC3	VEC4	agree	-	-	FLAGS,VEC1,VEC3	VEC4	same	-
FCSEL_H_floatsel	fcsel	642ce11e	fcsel h4, h3, h1, hs	float	1:MRA	ok	FLAGS,VEC1,VEC3	VEC4	FLAGS,VEC1,VEC3	VEC4	agree	-	-	FLAGS,VEC1,VEC3	VEC4	same	-
FCSEL_S_floatsel	fcsel	642c211e	fcsel s4, s3, s1, hs	float	1:MRA	ok	FLAGS,VEC1,VEC3	VEC4	FLAGS,VEC1,VEC3	VEC4	agree	-	-	FLAGS,VEC1,VEC3	VEC4	same	-
FCVTAS_32D_float2int	fcvtas	2200641e	fcvtas w2, d1	float	1:MRA	ok	FCSR,PSTATE.SM,VEC1	GPR2	FCSR,VEC1	GPR2	agree	-	PSTATE.SM	FCSR,VEC1	GPR2	same	-
FCVTAS_32H_float2int	fcvtas	2200e41e	fcvtas w2, h1	float	1:MRA	ok	FCSR,PSTATE.SM,VEC1	GPR2	FCSR,VEC1	GPR2	agree	-	PSTATE.SM	FCSR,VEC1	GPR2	same	-
FCVTAS_32S_float2int	fcvtas	2200241e	fcvtas w2, s1	float	1:MRA	ok	FCSR,PSTATE.SM,VEC1	GPR2	FCSR,VEC1	GPR2	agree	-	PSTATE.SM	FCSR,VEC1	GPR2	same	-
FCVTAS_64D_float2int	fcvtas	2200649e	fcvtas x2, d1	float	1:MRA	ok	FCSR,PSTATE.SM,VEC1	GPR2	FCSR,VEC1	GPR2	agree	-	PSTATE.SM	FCSR,VEC1	GPR2	same	-
FCVTAS_64H_float2int	fcvtas	2200e49e	fcvtas x2, h1	float	1:MRA	ok	FCSR,PSTATE.SM,VEC1	GPR2	FCSR,VEC1	GPR2	agree	-	PSTATE.SM	FCSR,VEC1	GPR2	same	-
FCVTAS_64S_float2int	fcvtas	2200249e	fcvtas x2, s1	float	1:MRA	ok	FCSR,PSTATE.SM,VEC1	GPR2	FCSR,VEC1	GPR2	agree	-	PSTATE.SM	FCSR,VEC1	GPR2	same	-
FCVTAS_asimdmisc_R	fcvtas	64c8214e	fcvtas v4.4s, v3.4s	advsimd	1:MRA	ok	FCSR,VEC3	VEC4	FCSR,VEC3	VEC4	agree	-	-	FCSR,VEC3	VEC4	same	-
FCVTAS_asimdmiscfp16_R	fcvtas	43c8794e	fcvtas v3.8h, v2.8h	advsimd	1:MRA	ok	FCSR,VEC2	VEC3	FCSR,VEC2	VEC3	agree	-	-	FCSR,VEC2	VEC3	same	-
FCVTAS_asisdmisc_R	fcvtas	43c8615e	fcvtas d3, d2	advsimd	1:MRA	ok	FCSR,PSTATE.SM,VEC2	VEC3	FCSR,VEC2	VEC3	agree	-	PSTATE.SM	FCSR,VEC2	VEC3	same	-
FCVTAS_asisdmiscfp16_R	fcvtas	22c8795e	fcvtas h2, h1	advsimd	1:MRA	ok	FCSR,PSTATE.SM,VEC1	VEC2	FCSR,VEC1	VEC2	agree	-	PSTATE.SM	FCSR,VEC1	VEC2	same	-
FCVTAU_32D_float2int	fcvtau	2200651e	fcvtau w2, d1	float	1:MRA	ok	FCSR,PSTATE.SM,VEC1	GPR2	FCSR,VEC1	GPR2	agree	-	PSTATE.SM	FCSR,VEC1	GPR2	same	-
FCVTAU_32H_float2int	fcvtau	2200e51e	fcvtau w2, h1	float	1:MRA	ok	FCSR,PSTATE.SM,VEC1	GPR2	FCSR,VEC1	GPR2	agree	-	PSTATE.SM	FCSR,VEC1	GPR2	same	-
FCVTAU_32S_float2int	fcvtau	2200251e	fcvtau w2, s1	float	1:MRA	ok	FCSR,PSTATE.SM,VEC1	GPR2	FCSR,VEC1	GPR2	agree	-	PSTATE.SM	FCSR,VEC1	GPR2	same	-
FCVTAU_64D_float2int	fcvtau	2200659e	fcvtau x2, d1	float	1:MRA	ok	FCSR,PSTATE.SM,VEC1	GPR2	FCSR,VEC1	GPR2	agree	-	PSTATE.SM	FCSR,VEC1	GPR2	same	-
FCVTAU_64H_float2int	fcvtau	2200e59e	fcvtau x2, h1	float	1:MRA	ok	FCSR,PSTATE.SM,VEC1	GPR2	FCSR,VEC1	GPR2	agree	-	PSTATE.SM	FCSR,VEC1	GPR2	same	-
FCVTAU_64S_float2int	fcvtau	2200259e	fcvtau x2, s1	float	1:MRA	ok	FCSR,PSTATE.SM,VEC1	GPR2	FCSR,VEC1	GPR2	agree	-	PSTATE.SM	FCSR,VEC1	GPR2	same	-
FCVTAU_asimdmisc_R	fcvtau	64c8216e	fcvtau v4.4s, v3.4s	advsimd	1:MRA	ok	FCSR,VEC3	VEC4	FCSR,VEC3	VEC4	agree	-	-	FCSR,VEC3	VEC4	same	-
FCVTAU_asimdmiscfp16_R	fcvtau	43c8796e	fcvtau v3.8h, v2.8h	advsimd	1:MRA	ok	FCSR,VEC2	VEC3	FCSR,VEC2	VEC3	agree	-	-	FCSR,VEC2	VEC3	same	-
FCVTAU_asisdmisc_R	fcvtau	43c8617e	fcvtau d3, d2	advsimd	1:MRA	ok	FCSR,PSTATE.SM,VEC2	VEC3	FCSR,VEC2	VEC3	agree	-	PSTATE.SM	FCSR,VEC2	VEC3	same	-
FCVTAU_asisdmiscfp16_R	fcvtau	22c8797e	fcvtau h2, h1	advsimd	1:MRA	ok	FCSR,PSTATE.SM,VEC1	VEC2	FCSR,VEC1	VEC2	agree	-	PSTATE.SM	FCSR,VEC1	VEC2	same	-
FCVTL_asimdmisc_L	fcvtl	ea7b210e	fcvtl v10.4s, v31.4h	advsimd	1:MRA	ok	FCSR,PSTATE.SM,VEC31	FCSR,VEC10	FCSR,VEC31	VEC10	disagree	DST+ref:FCSR	PSTATE.SM	FCSR,VEC31	VEC10	DST+ref:FCSR	-
FCVTMS_32D_float2int	fcvtms	2200701e	fcvtms w2, d1	float	1:MRA	ok	FCSR,PSTATE.SM,VEC1	GPR2	FCSR,VEC1	GPR2	agree	-	PSTATE.SM	FCSR,VEC1	GPR2	same	-
FCVTMS_32H_float2int	fcvtms	2200f01e	fcvtms w2, h1	float	1:MRA	ok	FCSR,PSTATE.SM,VEC1	GPR2	FCSR,VEC1	GPR2	agree	-	PSTATE.SM	FCSR,VEC1	GPR2	same	-
FCVTMS_32S_float2int	fcvtms	2200301e	fcvtms w2, s1	float	1:MRA	ok	FCSR,PSTATE.SM,VEC1	GPR2	FCSR,VEC1	GPR2	agree	-	PSTATE.SM	FCSR,VEC1	GPR2	same	-
FCVTMS_64D_float2int	fcvtms	2200709e	fcvtms x2, d1	float	1:MRA	ok	FCSR,PSTATE.SM,VEC1	GPR2	FCSR,VEC1	GPR2	agree	-	PSTATE.SM	FCSR,VEC1	GPR2	same	-
FCVTMS_64H_float2int	fcvtms	2200f09e	fcvtms x2, h1	float	1:MRA	ok	FCSR,PSTATE.SM,VEC1	GPR2	FCSR,VEC1	GPR2	agree	-	PSTATE.SM	FCSR,VEC1	GPR2	same	-
FCVTMS_64S_float2int	fcvtms	2200309e	fcvtms x2, s1	float	1:MRA	ok	FCSR,PSTATE.SM,VEC1	GPR2	FCSR,VEC1	GPR2	agree	-	PSTATE.SM	FCSR,VEC1	GPR2	same	-
FCVTMS_asimdmisc_R	fcvtms	64b8214e	fcvtms v4.4s, v3.4s	advsimd	1:MRA	ok	FCSR,VEC3	VEC4	FCSR,VEC3	VEC4	agree	-	-	FCSR,VEC3	VEC4	same	-
FCVTMS_asimdmiscfp16_R	fcvtms	43b8794e	fcvtms v3.8h, v2.8h	advsimd	1:MRA	ok	FCSR,VEC2	VEC3	FCSR,VEC2	VEC3	agree	-	-	FCSR,VEC2	VEC3	same	-
FCVTMS_asisdmisc_R	fcvtms	43b8615e	fcvtms d3, d2	advsimd	1:MRA	ok	FCSR,PSTATE.SM,VEC2	VEC3	FCSR,VEC2	VEC3	agree	-	PSTATE.SM	FCSR,VEC2	VEC3	same	-
FCVTMS_asisdmiscfp16_R	fcvtms	22b8795e	fcvtms h2, h1	advsimd	1:MRA	ok	FCSR,PSTATE.SM,VEC1	VEC2	FCSR,VEC1	VEC2	agree	-	PSTATE.SM	FCSR,VEC1	VEC2	same	-
FCVTMU_32D_float2int	fcvtmu	2200711e	fcvtmu w2, d1	float	1:MRA	ok	FCSR,PSTATE.SM,VEC1	GPR2	FCSR,VEC1	GPR2	agree	-	PSTATE.SM	FCSR,VEC1	GPR2	same	-
FCVTMU_32H_float2int	fcvtmu	2200f11e	fcvtmu w2, h1	float	1:MRA	ok	FCSR,PSTATE.SM,VEC1	GPR2	FCSR,VEC1	GPR2	agree	-	PSTATE.SM	FCSR,VEC1	GPR2	same	-
FCVTMU_32S_float2int	fcvtmu	2200311e	fcvtmu w2, s1	float	1:MRA	ok	FCSR,PSTATE.SM,VEC1	GPR2	FCSR,VEC1	GPR2	agree	-	PSTATE.SM	FCSR,VEC1	GPR2	same	-
FCVTMU_64D_float2int	fcvtmu	2200719e	fcvtmu x2, d1	float	1:MRA	ok	FCSR,PSTATE.SM,VEC1	GPR2	FCSR,VEC1	GPR2	agree	-	PSTATE.SM	FCSR,VEC1	GPR2	same	-
FCVTMU_64H_float2int	fcvtmu	2200f19e	fcvtmu x2, h1	float	1:MRA	ok	FCSR,PSTATE.SM,VEC1	GPR2	FCSR,VEC1	GPR2	agree	-	PSTATE.SM	FCSR,VEC1	GPR2	same	-
FCVTMU_64S_float2int	fcvtmu	2200319e	fcvtmu x2, s1	float	1:MRA	ok	FCSR,PSTATE.SM,VEC1	GPR2	FCSR,VEC1	GPR2	agree	-	PSTATE.SM	FCSR,VEC1	GPR2	same	-
FCVTMU_asimdmisc_R	fcvtmu	64b8216e	fcvtmu v4.4s, v3.4s	advsimd	1:MRA	ok	FCSR,VEC3	VEC4	FCSR,VEC3	VEC4	agree	-	-	FCSR,VEC3	VEC4	same	-
FCVTMU_asimdmiscfp16_R	fcvtmu	43b8796e	fcvtmu v3.8h, v2.8h	advsimd	1:MRA	ok	FCSR,VEC2	VEC3	FCSR,VEC2	VEC3	agree	-	-	FCSR,VEC2	VEC3	same	-
FCVTMU_asisdmisc_R	fcvtmu	43b8617e	fcvtmu d3, d2	advsimd	1:MRA	ok	FCSR,PSTATE.SM,VEC2	VEC3	FCSR,VEC2	VEC3	agree	-	PSTATE.SM	FCSR,VEC2	VEC3	same	-
FCVTMU_asisdmiscfp16_R	fcvtmu	22b8797e	fcvtmu h2, h1	advsimd	1:MRA	ok	FCSR,PSTATE.SM,VEC1	VEC2	FCSR,VEC1	VEC2	agree	-	PSTATE.SM	FCSR,VEC1	VEC2	same	-
FCVTNS_32D_float2int	fcvtns	2200601e	fcvtns w2, d1	float	1:MRA	ok	FCSR,PSTATE.SM,VEC1	GPR2	FCSR,VEC1	GPR2	agree	-	PSTATE.SM	FCSR,VEC1	GPR2	same	-
FCVTNS_32H_float2int	fcvtns	2200e01e	fcvtns w2, h1	float	1:MRA	ok	FCSR,PSTATE.SM,VEC1	GPR2	FCSR,VEC1	GPR2	agree	-	PSTATE.SM	FCSR,VEC1	GPR2	same	-
FCVTNS_32S_float2int	fcvtns	2200201e	fcvtns w2, s1	float	1:MRA	ok	FCSR,PSTATE.SM,VEC1	GPR2	FCSR,VEC1	GPR2	agree	-	PSTATE.SM	FCSR,VEC1	GPR2	same	-
FCVTNS_64D_float2int	fcvtns	2200609e	fcvtns x2, d1	float	1:MRA	ok	FCSR,PSTATE.SM,VEC1	GPR2	FCSR,VEC1	GPR2	agree	-	PSTATE.SM	FCSR,VEC1	GPR2	same	-
FCVTNS_64H_float2int	fcvtns	2200e09e	fcvtns x2, h1	float	1:MRA	ok	FCSR,PSTATE.SM,VEC1	GPR2	FCSR,VEC1	GPR2	agree	-	PSTATE.SM	FCSR,VEC1	GPR2	same	-
FCVTNS_64S_float2int	fcvtns	2200209e	fcvtns x2, s1	float	1:MRA	ok	FCSR,PSTATE.SM,VEC1	GPR2	FCSR,VEC1	GPR2	agree	-	PSTATE.SM	FCSR,VEC1	GPR2	same	-
FCVTNS_asimdmisc_R	fcvtns	64a8214e	fcvtns v4.4s, v3.4s	advsimd	1:MRA	ok	FCSR,VEC3	VEC4	FCSR,VEC3	VEC4	agree	-	-	FCSR,VEC3	VEC4	same	-
FCVTNS_asimdmiscfp16_R	fcvtns	43a8794e	fcvtns v3.8h, v2.8h	advsimd	1:MRA	ok	FCSR,VEC2	VEC3	FCSR,VEC2	VEC3	agree	-	-	FCSR,VEC2	VEC3	same	-
FCVTNS_asisdmisc_R	fcvtns	43a8615e	fcvtns d3, d2	advsimd	1:MRA	ok	FCSR,PSTATE.SM,VEC2	VEC3	FCSR,VEC2	VEC3	agree	-	PSTATE.SM	FCSR,VEC2	VEC3	same	-
FCVTNS_asisdmiscfp16_R	fcvtns	22a8795e	fcvtns h2, h1	advsimd	1:MRA	ok	FCSR,PSTATE.SM,VEC1	VEC2	FCSR,VEC1	VEC2	agree	-	PSTATE.SM	FCSR,VEC1	VEC2	same	-
FCVTNU_32D_float2int	fcvtnu	2200611e	fcvtnu w2, d1	float	1:MRA	ok	FCSR,PSTATE.SM,VEC1	GPR2	FCSR,VEC1	GPR2	agree	-	PSTATE.SM	FCSR,VEC1	GPR2	same	-
FCVTNU_32H_float2int	fcvtnu	2200e11e	fcvtnu w2, h1	float	1:MRA	ok	FCSR,PSTATE.SM,VEC1	GPR2	FCSR,VEC1	GPR2	agree	-	PSTATE.SM	FCSR,VEC1	GPR2	same	-
FCVTNU_32S_float2int	fcvtnu	2200211e	fcvtnu w2, s1	float	1:MRA	ok	FCSR,PSTATE.SM,VEC1	GPR2	FCSR,VEC1	GPR2	agree	-	PSTATE.SM	FCSR,VEC1	GPR2	same	-
FCVTNU_64D_float2int	fcvtnu	2200619e	fcvtnu x2, d1	float	1:MRA	ok	FCSR,PSTATE.SM,VEC1	GPR2	FCSR,VEC1	GPR2	agree	-	PSTATE.SM	FCSR,VEC1	GPR2	same	-
FCVTNU_64H_float2int	fcvtnu	2200e19e	fcvtnu x2, h1	float	1:MRA	ok	FCSR,PSTATE.SM,VEC1	GPR2	FCSR,VEC1	GPR2	agree	-	PSTATE.SM	FCSR,VEC1	GPR2	same	-
FCVTNU_64S_float2int	fcvtnu	2200219e	fcvtnu x2, s1	float	1:MRA	ok	FCSR,PSTATE.SM,VEC1	GPR2	FCSR,VEC1	GPR2	agree	-	PSTATE.SM	FCSR,VEC1	GPR2	same	-
FCVTNU_asimdmisc_R	fcvtnu	64a8216e	fcvtnu v4.4s, v3.4s	advsimd	1:MRA	ok	FCSR,VEC3	VEC4	FCSR,VEC3	VEC4	agree	-	-	FCSR,VEC3	VEC4	same	-
FCVTNU_asimdmiscfp16_R	fcvtnu	43a8796e	fcvtnu v3.8h, v2.8h	advsimd	1:MRA	ok	FCSR,VEC2	VEC3	FCSR,VEC2	VEC3	agree	-	-	FCSR,VEC2	VEC3	same	-
FCVTNU_asisdmisc_R	fcvtnu	43a8617e	fcvtnu d3, d2	advsimd	1:MRA	ok	FCSR,PSTATE.SM,VEC2	VEC3	FCSR,VEC2	VEC3	agree	-	PSTATE.SM	FCSR,VEC2	VEC3	same	-
FCVTNU_asisdmiscfp16_R	fcvtnu	22a8797e	fcvtnu h2, h1	advsimd	1:MRA	ok	FCSR,PSTATE.SM,VEC1	VEC2	FCSR,VEC1	VEC2	agree	-	PSTATE.SM	FCSR,VEC1	VEC2	same	-
FCVTN_asimdmisc_N	fcvtn	fb6a210e	fcvtn v27.4h, v23.4s	advsimd	1:MRA	ok	FCSR,PSTATE.SM,VEC23	FCSR,VEC27	FCSR,VEC23	VEC27	disagree	DST+ref:FCSR	PSTATE.SM	FCSR,VEC23	VEC27	DST+ref:FCSR	-
FCVTPS_32D_float2int	fcvtps	2200681e	fcvtps w2, d1	float	1:MRA	ok	FCSR,PSTATE.SM,VEC1	GPR2	FCSR,VEC1	GPR2	agree	-	PSTATE.SM	FCSR,VEC1	GPR2	same	-
FCVTPS_32H_float2int	fcvtps	2200e81e	fcvtps w2, h1	float	1:MRA	ok	FCSR,PSTATE.SM,VEC1	GPR2	FCSR,VEC1	GPR2	agree	-	PSTATE.SM	FCSR,VEC1	GPR2	same	-
FCVTPS_32S_float2int	fcvtps	2200281e	fcvtps w2, s1	float	1:MRA	ok	FCSR,PSTATE.SM,VEC1	GPR2	FCSR,VEC1	GPR2	agree	-	PSTATE.SM	FCSR,VEC1	GPR2	same	-
FCVTPS_64D_float2int	fcvtps	2200689e	fcvtps x2, d1	float	1:MRA	ok	FCSR,PSTATE.SM,VEC1	GPR2	FCSR,VEC1	GPR2	agree	-	PSTATE.SM	FCSR,VEC1	GPR2	same	-
FCVTPS_64H_float2int	fcvtps	2200e89e	fcvtps x2, h1	float	1:MRA	ok	FCSR,PSTATE.SM,VEC1	GPR2	FCSR,VEC1	GPR2	agree	-	PSTATE.SM	FCSR,VEC1	GPR2	same	-
FCVTPS_64S_float2int	fcvtps	2200289e	fcvtps x2, s1	float	1:MRA	ok	FCSR,PSTATE.SM,VEC1	GPR2	FCSR,VEC1	GPR2	agree	-	PSTATE.SM	FCSR,VEC1	GPR2	same	-
FCVTPS_asimdmisc_R	fcvtps	64a8a14e	fcvtps v4.4s, v3.4s	advsimd	1:MRA	ok	FCSR,VEC3	VEC4	FCSR,VEC3	VEC4	agree	-	-	FCSR,VEC3	VEC4	same	-
FCVTPS_asimdmiscfp16_R	fcvtps	43a8f94e	fcvtps v3.8h, v2.8h	advsimd	1:MRA	ok	FCSR,VEC2	VEC3	FCSR,VEC2	VEC3	agree	-	-	FCSR,VEC2	VEC3	same	-
FCVTPS_asisdmisc_R	fcvtps	43a8e15e	fcvtps d3, d2	advsimd	1:MRA	ok	FCSR,PSTATE.SM,VEC2	VEC3	FCSR,VEC2	VEC3	agree	-	PSTATE.SM	FCSR,VEC2	VEC3	same	-
FCVTPS_asisdmiscfp16_R	fcvtps	22a8f95e	fcvtps h2, h1	advsimd	1:MRA	ok	FCSR,PSTATE.SM,VEC1	VEC2	FCSR,VEC1	VEC2	agree	-	PSTATE.SM	FCSR,VEC1	VEC2	same	-
FCVTPU_32D_float2int	fcvtpu	2200691e	fcvtpu w2, d1	float	1:MRA	ok	FCSR,PSTATE.SM,VEC1	GPR2	FCSR,VEC1	GPR2	agree	-	PSTATE.SM	FCSR,VEC1	GPR2	same	-
FCVTPU_32H_float2int	fcvtpu	2200e91e	fcvtpu w2, h1	float	1:MRA	ok	FCSR,PSTATE.SM,VEC1	GPR2	FCSR,VEC1	GPR2	agree	-	PSTATE.SM	FCSR,VEC1	GPR2	same	-
FCVTPU_32S_float2int	fcvtpu	2200291e	fcvtpu w2, s1	float	1:MRA	ok	FCSR,PSTATE.SM,VEC1	GPR2	FCSR,VEC1	GPR2	agree	-	PSTATE.SM	FCSR,VEC1	GPR2	same	-
FCVTPU_64D_float2int	fcvtpu	2200699e	fcvtpu x2, d1	float	1:MRA	ok	FCSR,PSTATE.SM,VEC1	GPR2	FCSR,VEC1	GPR2	agree	-	PSTATE.SM	FCSR,VEC1	GPR2	same	-
FCVTPU_64H_float2int	fcvtpu	2200e99e	fcvtpu x2, h1	float	1:MRA	ok	FCSR,PSTATE.SM,VEC1	GPR2	FCSR,VEC1	GPR2	agree	-	PSTATE.SM	FCSR,VEC1	GPR2	same	-
FCVTPU_64S_float2int	fcvtpu	2200299e	fcvtpu x2, s1	float	1:MRA	ok	FCSR,PSTATE.SM,VEC1	GPR2	FCSR,VEC1	GPR2	agree	-	PSTATE.SM	FCSR,VEC1	GPR2	same	-
FCVTPU_asimdmisc_R	fcvtpu	64a8a16e	fcvtpu v4.4s, v3.4s	advsimd	1:MRA	ok	FCSR,VEC3	VEC4	FCSR,VEC3	VEC4	agree	-	-	FCSR,VEC3	VEC4	same	-
FCVTPU_asimdmiscfp16_R	fcvtpu	43a8f96e	fcvtpu v3.8h, v2.8h	advsimd	1:MRA	ok	FCSR,VEC2	VEC3	FCSR,VEC2	VEC3	agree	-	-	FCSR,VEC2	VEC3	same	-
FCVTPU_asisdmisc_R	fcvtpu	43a8e17e	fcvtpu d3, d2	advsimd	1:MRA	ok	FCSR,PSTATE.SM,VEC2	VEC3	FCSR,VEC2	VEC3	agree	-	PSTATE.SM	FCSR,VEC2	VEC3	same	-
FCVTPU_asisdmiscfp16_R	fcvtpu	22a8f97e	fcvtpu h2, h1	advsimd	1:MRA	ok	FCSR,PSTATE.SM,VEC1	VEC2	FCSR,VEC1	VEC2	agree	-	PSTATE.SM	FCSR,VEC1	VEC2	same	-
FCVTXN_asimdmisc_N	fcvtxn	316a612e	fcvtxn v17.2s, v17.2d	advsimd	1:MRA	ok	FCSR,PSTATE.SM,VEC17	FCSR,VEC17	FCSR,VEC17	VEC17	disagree	DST+ref:FCSR	PSTATE.SM	FCSR,VEC17	VEC17	DST+ref:FCSR	-
FCVTXN_asisdmisc_N	fcvtxn	4368617e	fcvtxn s3, d2	advsimd	1:MRA	ok	FCSR,PSTATE.SM,VEC2	FCSR,VEC3	FCSR,VEC2	VEC3	disagree	DST+ref:FCSR	PSTATE.SM	FCSR,VEC2	VEC3	DST+ref:FCSR	-
FCVTZS_32D_float2fix	fcvtzs	31ce581e	fcvtzs w17, d17, #13	float	1:MRA	ok	FCSR,PSTATE.SM,VEC17	GPR17	FCSR,VEC17	GPR17	agree	-	PSTATE.SM	FCSR,VEC17	GPR17	same	-
FCVTZS_32D_float2int	fcvtzs	2200781e	fcvtzs w2, d1	float	1:MRA	ok	FCSR,PSTATE.SM,VEC1	GPR2	FCSR,VEC1	GPR2	agree	-	PSTATE.SM	FCSR,VEC1	GPR2	same	-
FCVTZS_32H_float2fix	fcvtzs	05e6d81e	fcvtzs w5, h16, #7	float	1:MRA	ok	FCSR,PSTATE.SM,VEC16	GPR5	FCSR,VEC16	GPR5	agree	-	PSTATE.SM	FCSR,VEC16	GPR5	same	-
FCVTZS_32H_float2int	fcvtzs	2200f81e	fcvtzs w2, h1	float	1:MRA	ok	FCSR,PSTATE.SM,VEC1	GPR2	FCSR,VEC1	GPR2	agree	-	PSTATE.SM	FCSR,VEC1	GPR2	same	-
FCVTZS_32S_float2fix	fcvtzs	bcde181e	fcvtzs w28, s21, #9	float	1:MRA	ok	FCSR,PSTATE.SM,VEC21	GPR28	FCSR,VEC21	GPR28	agree	-	PSTATE.SM	FCSR,VEC21	GPR28	same	-
FCVTZS_32S_float2int	fcvtzs	2200381e	fcvtzs w2, s1	float	1:MRA	ok	FCSR,PSTATE.SM,VEC1	GPR2	FCSR,VEC1	GPR2	agree	-	PSTATE.SM	FCSR,VEC1	GPR2	same	-
FCVTZS_64D_float2fix	fcvtzs	4304589e	fcvtzs x3, d2, #63	float	1:MRA	ok	FCSR,PSTATE.SM,VEC2	GPR3	FCSR,VEC2	GPR3	agree	-	PSTATE.SM	FCSR,VEC2	GPR3	same	-
FCVTZS_64D_float2int	fcvtzs	2200789e	fcvtzs x2, d1	float	1:MRA	ok	FCSR,PSTATE.SM,VEC1	GPR2	FCSR,VEC1	GPR2	agree	-	PSTATE.SM	FCSR,VEC1	GPR2	same	-
FCVTZS_64H_float2fix	fcvtzs	4304d89e	fcvtzs x3, h2, #63	float	1:MRA	ok	FCSR,PSTATE.SM,VEC2	GPR3	FCSR,VEC2	GPR3	agree	-	PSTATE.SM	FCSR,VEC2	GPR3	same	-
FCVTZS_64H_float2int	fcvtzs	2200f89e	fcvtzs x2, h1	float	1:MRA	ok	FCSR,PSTATE.SM,VEC1	GPR2	FCSR,VEC1	GPR2	agree	-	PSTATE.SM	FCSR,VEC1	GPR2	same	-
FCVTZS_64S_float2fix	fcvtzs	4304189e	fcvtzs x3, s2, #63	float	1:MRA	ok	FCSR,PSTATE.SM,VEC2	GPR3	FCSR,VEC2	GPR3	agree	-	PSTATE.SM	FCSR,VEC2	GPR3	same	-
FCVTZS_64S_float2int	fcvtzs	2200389e	fcvtzs x2, s1	float	1:MRA	ok	FCSR,PSTATE.SM,VEC1	GPR2	FCSR,VEC1	GPR2	agree	-	PSTATE.SM	FCSR,VEC1	GPR2	same	-
FCVTZS_asimdmisc_R	fcvtzs	64b8a14e	fcvtzs v4.4s, v3.4s	advsimd	1:MRA	ok	FCSR,VEC3	VEC4	FCSR,VEC3	VEC4	agree	-	-	FCSR,VEC3	VEC4	same	-
FCVTZS_asimdmiscfp16_R	fcvtzs	43b8f94e	fcvtzs v3.8h, v2.8h	advsimd	1:MRA	ok	FCSR,VEC2	VEC3	FCSR,VEC2	VEC3	agree	-	-	FCSR,VEC2	VEC3	same	-
FCVTZS_asimdshf_C	fcvtzs	85fc134f	fcvtzs v5.8h, v4.8h, #13	advsimd	1:MRA	ok	FCSR,PSTATE.SM,VEC4	VEC5	VEC4	VEC5	disagree	SRC+ref:FCSR	PSTATE.SM	VEC4	VEC5	SRC+ref:FCSR	unbounded-loop
FCVTZS_asisdmisc_R	fcvtzs	43b8e15e	fcvtzs d3, d2	advsimd	1:MRA	ok	FCSR,PSTATE.SM,VEC2	VEC3	FCSR,VEC2	VEC3	agree	-	PSTATE.SM	FCSR,VEC2	VEC3	same	-
FCVTZS_asisdmiscfp16_R	fcvtzs	22b8f95e	fcvtzs h2, h1	advsimd	1:MRA	ok	FCSR,PSTATE.SM,VEC1	VEC2	FCSR,VEC1	VEC2	agree	-	PSTATE.SM	FCSR,VEC1	VEC2	same	-
FCVTZS_asisdshf_C	fcvtzs	1efe645f	fcvtzs d30, d16, #28	advsimd	1:MRA	ok	FCSR,PSTATE.SM,VEC16	VEC30	VEC16	VEC30	disagree	SRC+ref:FCSR	PSTATE.SM	VEC16	VEC30	SRC+ref:FCSR	-
FCVTZU_32D_float2fix	fcvtzu	2593591e	fcvtzu w5, d25, #28	float	1:MRA	ok	FCSR,PSTATE.SM,VEC25	GPR5	FCSR,VEC25	GPR5	agree	-	PSTATE.SM	FCSR,VEC25	GPR5	same	-
FCVTZU_32D_float2int	fcvtzu	2200791e	fcvtzu w2, d1	float	1:MRA	ok	FCSR,PSTATE.SM,VEC1	GPR2	FCSR,VEC1	GPR2	agree	-	PSTATE.SM	FCSR,VEC1	GPR2	same	-
FCVTZU_32H_float2fix	fcvtzu	31e6d91e	fcvtzu w17, h17, #7	float	1:MRA	ok	FCSR,PSTATE.SM,VEC17	GPR17	FCSR,VEC17	GPR17	agree	-	PSTATE.SM	FCSR,VEC17	GPR17	same	-
FCVTZU_32H_float2int	fcvtzu	2200f91e	fcvtzu w2, h1	float	1:MRA	ok	FCSR,PSTATE.SM,VEC1	GPR2	FCSR,VEC1	GPR2	agree	-	PSTATE.SM	FCSR,VEC1	GPR2	same	-
FCVTZU_32S_float2fix	fcvtzu	65af191e	fcvtzu w5, s27, #21	float	1:MRA	ok	FCSR,PSTATE.SM,VEC27	GPR5	FCSR,VEC27	GPR5	agree	-	PSTATE.SM	FCSR,VEC27	GPR5	same	-
FCVTZU_32S_float2int	fcvtzu	2200391e	fcvtzu w2, s1	float	1:MRA	ok	FCSR,PSTATE.SM,VEC1	GPR2	FCSR,VEC1	GPR2	agree	-	PSTATE.SM	FCSR,VEC1	GPR2	same	-
FCVTZU_64D_float2fix	fcvtzu	4304599e	fcvtzu x3, d2, #63	float	1:MRA	ok	FCSR,PSTATE.SM,VEC2	GPR3	FCSR,VEC2	GPR3	agree	-	PSTATE.SM	FCSR,VEC2	GPR3	same	-
FCVTZU_64D_float2int	fcvtzu	2200799e	fcvtzu x2, d1	float	1:MRA	ok	FCSR,PSTATE.SM,VEC1	GPR2	FCSR,VEC1	GPR2	agree	-	PSTATE.SM	FCSR,VEC1	GPR2	same	-
FCVTZU_64H_float2fix	fcvtzu	4304d99e	fcvtzu x3, h2, #63	float	1:MRA	ok	FCSR,PSTATE.SM,VEC2	GPR3	FCSR,VEC2	GPR3	agree	-	PSTATE.SM	FCSR,VEC2	GPR3	same	-
FCVTZU_64H_float2int	fcvtzu	2200f99e	fcvtzu x2, h1	float	1:MRA	ok	FCSR,PSTATE.SM,VEC1	GPR2	FCSR,VEC1	GPR2	agree	-	PSTATE.SM	FCSR,VEC1	GPR2	same	-
FCVTZU_64S_float2fix	fcvtzu	4304199e	fcvtzu x3, s2, #63	float	1:MRA	ok	FCSR,PSTATE.SM,VEC2	GPR3	FCSR,VEC2	GPR3	agree	-	PSTATE.SM	FCSR,VEC2	GPR3	same	-
FCVTZU_64S_float2int	fcvtzu	2200399e	fcvtzu x2, s1	float	1:MRA	ok	FCSR,PSTATE.SM,VEC1	GPR2	FCSR,VEC1	GPR2	agree	-	PSTATE.SM	FCSR,VEC1	GPR2	same	-
FCVTZU_asimdmisc_R	fcvtzu	64b8a16e	fcvtzu v4.4s, v3.4s	advsimd	1:MRA	ok	FCSR,VEC3	VEC4	FCSR,VEC3	VEC4	agree	-	-	FCSR,VEC3	VEC4	same	-
FCVTZU_asimdmiscfp16_R	fcvtzu	43b8f96e	fcvtzu v3.8h, v2.8h	advsimd	1:MRA	ok	FCSR,VEC2	VEC3	FCSR,VEC2	VEC3	agree	-	-	FCSR,VEC2	VEC3	same	-
FCVTZU_asimdshf_C	fcvtzu	85fc136f	fcvtzu v5.8h, v4.8h, #13	advsimd	1:MRA	ok	FCSR,PSTATE.SM,VEC4	VEC5	VEC4	VEC5	disagree	SRC+ref:FCSR	PSTATE.SM	VEC4	VEC5	SRC+ref:FCSR	unbounded-loop
FCVTZU_asisdmisc_R	fcvtzu	43b8e17e	fcvtzu d3, d2	advsimd	1:MRA	ok	FCSR,PSTATE.SM,VEC2	VEC3	FCSR,VEC2	VEC3	agree	-	PSTATE.SM	FCSR,VEC2	VEC3	same	-
FCVTZU_asisdmiscfp16_R	fcvtzu	22b8f97e	fcvtzu h2, h1	advsimd	1:MRA	ok	FCSR,PSTATE.SM,VEC1	VEC2	FCSR,VEC1	VEC2	agree	-	PSTATE.SM	FCSR,VEC1	VEC2	same	-
FCVTZU_asisdshf_C	fcvtzu	1bfc377f	fcvtzu s27, s0, #9	advsimd	1:MRA	ok	FCSR,PSTATE.SM,VEC0	VEC27	VEC0	VEC27	disagree	SRC+ref:FCSR	PSTATE.SM	VEC0	VEC27	SRC+ref:FCSR	-
FCVT_DH_floatdp1	fcvt	22c0e21e	fcvt d2, h1	float	1:MRA	ok	FCSR,PSTATE.SM,VEC1	FCSR,VEC2	FCSR,VEC1	VEC2	disagree	DST+ref:FCSR	PSTATE.SM	FCSR,VEC1	VEC2	DST+ref:FCSR	-
FCVT_DS_floatdp1	fcvt	22c0221e	fcvt d2, s1	float	1:MRA	ok	FCSR,PSTATE.SM,VEC1	FCSR,VEC2	FCSR,VEC1	VEC2	disagree	DST+ref:FCSR	PSTATE.SM	FCSR,VEC1	VEC2	DST+ref:FCSR	-
FCVT_HD_floatdp1	fcvt	22c0631e	fcvt h2, d1	float	1:MRA	ok	FCSR,PSTATE.SM,VEC1	FCSR,VEC2	FCSR,VEC1	VEC2	disagree	DST+ref:FCSR	PSTATE.SM	FCSR,VEC1	VEC2	DST+ref:FCSR	-
FCVT_HS_floatdp1	fcvt	22c0231e	fcvt h2, s1	float	1:MRA	ok	FCSR,PSTATE.SM,VEC1	FCSR,VEC2	FCSR,VEC1	VEC2	disagree	DST+ref:FCSR	PSTATE.SM	FCSR,VEC1	VEC2	DST+ref:FCSR	-
FCVT_SD_floatdp1	fcvt	2240621e	fcvt s2, d1	float	1:MRA	ok	FCSR,PSTATE.SM,VEC1	FCSR,VEC2	FCSR,VEC1	VEC2	disagree	DST+ref:FCSR	PSTATE.SM	FCSR,VEC1	VEC2	DST+ref:FCSR	-
FCVT_SH_floatdp1	fcvt	2240e21e	fcvt s2, h1	float	1:MRA	ok	FCSR,PSTATE.SM,VEC1	FCSR,VEC2	FCSR,VEC1	VEC2	disagree	DST+ref:FCSR	PSTATE.SM	FCSR,VEC1	VEC2	DST+ref:FCSR	-
FDIV_D_floatdp2	fdiv	4318611e	fdiv d3, d2, d1	float	1:MRA	ok	FCSR,PSTATE.SM,VEC1,VEC2	FCSR,VEC3	FCSR,VEC1,VEC2	VEC3	disagree	DST+ref:FCSR	PSTATE.SM	FCSR,VEC1,VEC2	VEC3	DST+ref:FCSR	-
FDIV_H_floatdp2	fdiv	4318e11e	fdiv h3, h2, h1	float	1:MRA	ok	FCSR,PSTATE.SM,VEC1,VEC2	FCSR,VEC3	FCSR,VEC1,VEC2	VEC3	disagree	DST+ref:FCSR	PSTATE.SM	FCSR,VEC1,VEC2	VEC3	DST+ref:FCSR	-
FDIV_S_floatdp2	fdiv	4318211e	fdiv s3, s2, s1	float	1:MRA	ok	FCSR,PSTATE.SM,VEC1,VEC2	FCSR,VEC3	FCSR,VEC1,VEC2	VEC3	disagree	DST+ref:FCSR	PSTATE.SM	FCSR,VEC1,VEC2	VEC3	DST+ref:FCSR	-
FDIV_asimdsame_only	fdiv	85fc236e	fdiv v5.4s, v4.4s, v3.4s	advsimd	1:MRA	ok	FCSR,PSTATE.SM,VEC3,VEC4	FCSR,VEC5	FCSR,VEC3,VEC4	VEC5	disagree	DST+ref:FCSR	PSTATE.SM	FCSR,VEC3,VEC4	VEC5	DST+ref:FCSR	-
FDIV_asimdsamefp16_only	fdiv	643c426e	fdiv v4.8h, v3.8h, v2.8h	advsimd	1:MRA	ok	FCSR,PSTATE.SM,VEC2,VEC3	FCSR,VEC4	FCSR,VEC2,VEC3	VEC4	disagree	DST+ref:FCSR	PSTATE.SM	FCSR,VEC2,VEC3	VEC4	DST+ref:FCSR	-
FJCVTZS_32D_float2int	fjcvtzs	22007e1e	fjcvtzs w2, d1	float	1:MRA	ok	FCSR,PSTATE.SM,VEC1	FCSR,FLAGS,GPR2	FCSR,VEC1	FLAGS,GPR2	disagree	DST+ref:FCSR	PSTATE.SM	FCSR,VEC1	FLAGS,GPR2	DST+ref:FCSR	-
FMADD_D_floatdp3	fmadd	6408411f	fmadd d4, d3, d1, d2	float	1:MRA	ok	FCSR,PSTATE.SM,VEC1,VEC2,VEC3	VEC4	FCSR,VEC1,VEC2,VEC3	VEC4	agree	-	PSTATE.SM	FCSR,VEC1,VEC2,VEC3	VEC4	same	-
FMADD_H_floatdp3	fmadd	6408c11f	fmadd h4, h3, h1, h2	float	1:MRA	ok	FCSR,PSTATE.SM,VEC1,VEC2,VEC3	VEC4	FCSR,VEC1,VEC2,VEC3	VEC4	agree	-	PSTATE.SM	FCSR,VEC1,VEC2,VEC3	VEC4	same	-
FMADD_S_floatdp3	fmadd	6408011f	fmadd s4, s3, s1, s2	float	1:MRA	ok	FCSR,PSTATE.SM,VEC1,VEC2,VEC3	VEC4	FCSR,VEC1,VEC2,VEC3	VEC4	agree	-	PSTATE.SM	FCSR,VEC1,VEC2,VEC3	VEC4	same	-
FMAXNMP_asimdsame_only	fmaxnmp	85c4236e	fmaxnmp v5.4s, v4.4s, v3.4s	advsimd	1:MRA	ok	FCSR,VEC3,VEC4	VEC5	FCSR,VEC3,VEC4	VEC5	agree	-	-	FCSR,VEC3,VEC4	VEC5	same	-
FMAXNMP_asimdsamefp16_only	fmaxnmp	6404426e	fmaxnmp v4.8h, v3.8h, v2.8h	advsimd	1:MRA	ok	FCSR,VEC2,VEC3	VEC4	FCSR,VEC2,VEC3	VEC4	agree	-	-	FCSR,VEC2,VEC3	VEC4	same	-
FMAXNMP_asisdpair_only_H	fmaxnmp	59cb305e	fmaxnmp h25, v26.2h	advsimd	1:MRA	ok	FCSR,VEC26	VEC25	FCSR,VEC26	VEC25	agree	-	-	FCSR,VEC26	VEC25	same	-
FMAXNMP_asisdpair_only_SD	fmaxnmp	43c8707e	fmaxnmp d3, v2.2d	advsimd	1:MRA	ok	FCSR,VEC2	VEC3	FCSR,VEC2	VEC3	agree	-	-	FCSR,VEC2	VEC3	same	-
FMAXNMV_asimdall_only_H	fmaxnmv	43c8304e	fmaxnmv h3, v2.8h	advsimd	1:MRA	ok	FCSR,VEC2	VEC3	FCSR,VEC2	VEC3	agree	-	-	FCSR,VEC2	VEC3	same	-
FMAXNMV_asimdall_only_SD	fmaxnmv	64c8306e	fmaxnmv s4, v3.4s	advsimd	1:MRA	ok	FCSR,VEC3	VEC4	FCSR,VEC3	VEC4	agree	-	-	FCSR,VEC3	VEC4	same	-
FMAXNM_D_floatdp2	fmaxnm	4368611e	fmaxnm d3, d2, d1	float	1:MRA	ok	FCSR,PSTATE.SM,VEC1,VEC2	VEC3	FCSR,VEC1,VEC2	VEC3	agree	-	PSTATE.SM	FCSR,VEC1,VEC2	VEC3	same	-
FMAXNM_H_floatdp2	fmaxnm	4368e11e	fmaxnm h3, h2, h1	float	1:MRA	ok	FCSR,PSTATE.SM,VEC1,VEC2	VEC3	FCSR,VEC1,VEC2	VEC3	agree	-	PSTATE.SM	FCSR,VEC1,VEC2	VEC3	same	-
FMAXNM_S_floatdp2	fmaxnm	4368211e	fmaxnm s3, s2, s1	float	1:MRA	ok	FCSR,PSTATE.SM,VEC1,VEC2	VEC3	FCSR,VEC1,VEC2	VEC3	agree	-	PSTATE.SM	FCSR,VEC1,VEC2	VEC3	same	-
FMAXNM_asimdsame_only	fmaxnm	85c4234e	fmaxnm v5.4s, v4.4s, v3.4s	advsimd	1:MRA	ok	FCSR,VEC3,VEC4	VEC5	FCSR,VEC3,VEC4	VEC5	agree	-	-	FCSR,VEC3,VEC4	VEC5	same	-
FMAXNM_asimdsamefp16_only	fmaxnm	6404424e	fmaxnm v4.8h, v3.8h, v2.8h	advsimd	1:MRA	ok	FCSR,VEC2,VEC3	VEC4	FCSR,VEC2,VEC3	VEC4	agree	-	-	FCSR,VEC2,VEC3	VEC4	same	-
FMAXP_asimdsame_only	fmaxp	85f4236e	fmaxp v5.4s, v4.4s, v3.4s	advsimd	1:MRA	ok	FCSR,VEC3,VEC4	VEC5	FCSR,VEC3,VEC4	VEC5	agree	-	-	FCSR,VEC3,VEC4	VEC5	same	-
FMAXP_asimdsamefp16_only	fmaxp	6434426e	fmaxp v4.8h, v3.8h, v2.8h	advsimd	1:MRA	ok	FCSR,VEC2,VEC3	VEC4	FCSR,VEC2,VEC3	VEC4	agree	-	-	FCSR,VEC2,VEC3	VEC4	same	-
FMAXP_asisdpair_only_H	fmaxp	0dfb305e	fmaxp h13, v24.2h	advsimd	1:MRA	ok	FCSR,VEC24	VEC13	FCSR,VEC24	VEC13	agree	-	-	FCSR,VEC24	VEC13	same	-
FMAXP_asisdpair_only_SD	fmaxp	43f8707e	fmaxp d3, v2.2d	advsimd	1:MRA	ok	FCSR,VEC2	VEC3	FCSR,VEC2	VEC3	agree	-	-	FCSR,VEC2	VEC3	same	-
FMAXV_asimdall_only_H	fmaxv	43f8304e	fmaxv h3, v2.8h	advsimd	1:MRA	ok	FCSR,VEC2	VEC3	FCSR,VEC2	VEC3	agree	-	-	FCSR,VEC2	VEC3	same	-
FMAXV_asimdall_only_SD	fmaxv	64f8306e	fmaxv s4, v3.4s	advsimd	1:MRA	ok	FCSR,VEC3	VEC4	FCSR,VEC3	VEC4	agree	-	-	FCSR,VEC3	VEC4	same	-
FMAX_D_floatdp2	fmax	4348611e	fmax d3, d2, d1	float	1:MRA	ok	FCSR,PSTATE.SM,VEC1,VEC2	VEC3	FCSR,VEC1,VEC2	VEC3	agree	-	PSTATE.SM	FCSR,VEC1,VEC2	VEC3	same	-
FMAX_H_floatdp2	fmax	4348e11e	fmax h3, h2, h1	float	1:MRA	ok	FCSR,PSTATE.SM,VEC1,VEC2	VEC3	FCSR,VEC1,VEC2	VEC3	agree	-	PSTATE.SM	FCSR,VEC1,VEC2	VEC3	same	-
FMAX_S_floatdp2	fmax	4348211e	fmax s3, s2, s1	float	1:MRA	ok	FCSR,PSTATE.SM,VEC1,VEC2	VEC3	FCSR,VEC1,VEC2	VEC3	agree	-	PSTATE.SM	FCSR,VEC1,VEC2	VEC3	same	-
FMAX_asimdsame_only	fmax	85f4234e	fmax v5.4s, v4.4s, v3.4s	advsimd	1:MRA	ok	FCSR,VEC3,VEC4	VEC5	FCSR,VEC3,VEC4	VEC5	agree	-	-	FCSR,VEC3,VEC4	VEC5	same	-
FMAX_asimdsamefp16_only	fmax	6434424e	fmax v4.8h, v3.8h, v2.8h	advsimd	1:MRA	ok	FCSR,VEC2,VEC3	VEC4	FCSR,VEC2,VEC3	VEC4	agree	-	-	FCSR,VEC2,VEC3	VEC4	same	-
FMINNMP_asimdsame_only	fminnmp	85c4a36e	fminnmp v5.4s, v4.4s, v3.4s	advsimd	1:MRA	ok	FCSR,VEC3,VEC4	VEC5	FCSR,VEC3,VEC4	VEC5	agree	-	-	FCSR,VEC3,VEC4	VEC5	same	-
FMINNMP_asimdsamefp16_only	fminnmp	6404c26e	fminnmp v4.8h, v3.8h, v2.8h	advsimd	1:MRA	ok	FCSR,VEC2,VEC3	VEC4	FCSR,VEC2,VEC3	VEC4	agree	-	-	FCSR,VEC2,VEC3	VEC4	same	-
FMINNMP_asisdpair_only_H	fminnmp	5ec9b05e	fminnmp h30, v10.2h	advsimd	1:MRA	ok	FCSR,VEC10	VEC30	FCSR,VEC10	VEC30	agree	-	-	FCSR,VEC10	VEC30	same	-
FMINNMP_asisdpair_only_SD	fminnmp	43c8f07e	fminnmp d3, v2.2d	advsimd	1:MRA	ok	FCSR,VEC2	VEC3	FCSR,VEC2	VEC3	agree	-	-	FCSR,VEC2	VEC3	same	-
FMINNMV_asimdall_only_H	fminnmv	43c8b04e	fminnmv h3, v2.8h	advsimd	1:MRA	ok	FCSR,VEC2	VEC3	FCSR,VEC2	VEC3	agree	-	-	FCSR,VEC2	VEC3	same	-
FMINNMV_asimdall_only_SD	fminnmv	64c8b06e	fminnmv s4, v3.4s	advsimd	1:MRA	ok	FCSR,VEC3	VEC4	FCSR,VEC3	VEC4	agree	-	-	FCSR,VEC3	VEC4	same	-
FMINNM_D_floatdp2	fminnm	4378611e	fminnm d3, d2, d1	float	1:MRA	ok	FCSR,PSTATE.SM,VEC1,VEC2	VEC3	FCSR,VEC1,VEC2	VEC3	agree	-	PSTATE.SM	FCSR,VEC1,VEC2	VEC3	same	-
FMINNM_H_floatdp2	fminnm	4378e11e	fminnm h3, h2, h1	float	1:MRA	ok	FCSR,PSTATE.SM,VEC1,VEC2	VEC3	FCSR,VEC1,VEC2	VEC3	agree	-	PSTATE.SM	FCSR,VEC1,VEC2	VEC3	same	-
FMINNM_S_floatdp2	fminnm	4378211e	fminnm s3, s2, s1	float	1:MRA	ok	FCSR,PSTATE.SM,VEC1,VEC2	VEC3	FCSR,VEC1,VEC2	VEC3	agree	-	PSTATE.SM	FCSR,VEC1,VEC2	VEC3	same	-
FMINNM_asimdsame_only	fminnm	85c4a34e	fminnm v5.4s, v4.4s, v3.4s	advsimd	1:MRA	ok	FCSR,VEC3,VEC4	VEC5	FCSR,VEC3,VEC4	VEC5	agree	-	-	FCSR,VEC3,VEC4	VEC5	same	-
FMINNM_asimdsamefp16_only	fminnm	6404c24e	fminnm v4.8h, v3.8h, v2.8h	advsimd	1:MRA	ok	FCSR,VEC2,VEC3	VEC4	FCSR,VEC2,VEC3	VEC4	agree	-	-	FCSR,VEC2,VEC3	VEC4	same	-
FMINP_asimdsame_only	fminp	85f4a36e	fminp v5.4s, v4.4s, v3.4s	advsimd	1:MRA	ok	FCSR,VEC3,VEC4	VEC5	FCSR,VEC3,VEC4	VEC5	agree	-	-	FCSR,VEC3,VEC4	VEC5	same	-
FMINP_asimdsamefp16_only	fminp	6434c26e	fminp v4.8h, v3.8h, v2.8h	advsimd	1:MRA	ok	FCSR,VEC2,VEC3	VEC4	FCSR,VEC2,VEC3	VEC4	agree	-	-	FCSR,VEC2,VEC3	VEC4	same	-
FMINP_asisdpair_only_H	fminp	98f9b05e	fminp h24, v12.2h	advsimd	1:MRA	ok	FCSR,VEC12	VEC24	FCSR,VEC12	VEC24	agree	-	-	FCSR,VEC12	VEC24	same	-
FMINP_asisdpair_only_SD	fminp	43f8f07e	fminp d3, v2.2d	advsimd	1:MRA	ok	FCSR,VEC2	VEC3	FCSR,VEC2	VEC3	agree	-	-	FCSR,VEC2	VEC3	same	-
FMINV_asimdall_only_H	fminv	43f8b04e	fminv h3, v2.8h	advsimd	1:MRA	ok	FCSR,VEC2	VEC3	FCSR,VEC2	VEC3	agree	-	-	FCSR,VEC2	VEC3	same	-
FMINV_asimdall_only_SD	fminv	64f8b06e	fminv s4, v3.4s	advsimd	1:MRA	ok	FCSR,VEC3	VEC4	FCSR,VEC3	VEC4	agree	-	-	FCSR,VEC3	VEC4	same	-
FMIN_D_floatdp2	fmin	4358611e	fmin d3, d2, d1	float	1:MRA	ok	FCSR,PSTATE.SM,VEC1,VEC2	VEC3	FCSR,VEC1,VEC2	VEC3	agree	-	PSTATE.SM	FCSR,VEC1,VEC2	VEC3	same	-
FMIN_H_floatdp2	fmin	4358e11e	fmin h3, h2, h1	float	1:MRA	ok	FCSR,PSTATE.SM,VEC1,VEC2	VEC3	FCSR,VEC1,VEC2	VEC3	agree	-	PSTATE.SM	FCSR,VEC1,VEC2	VEC3	same	-
FMIN_S_floatdp2	fmin	4358211e	fmin s3, s2, s1	float	1:MRA	ok	FCSR,PSTATE.SM,VEC1,VEC2	VEC3	FCSR,VEC1,VEC2	VEC3	agree	-	PSTATE.SM	FCSR,VEC1,VEC2	VEC3	same	-
FMIN_asimdsame_only	fmin	85f4a34e	fmin v5.4s, v4.4s, v3.4s	advsimd	1:MRA	ok	FCSR,VEC3,VEC4	VEC5	FCSR,VEC3,VEC4	VEC5	agree	-	-	FCSR,VEC3,VEC4	VEC5	same	-
FMIN_asimdsamefp16_only	fmin	6434c24e	fmin v4.8h, v3.8h, v2.8h	advsimd	1:MRA	ok	FCSR,VEC2,VEC3	VEC4	FCSR,VEC2,VEC3	VEC4	agree	-	-	FCSR,VEC2,VEC3	VEC4	same	-
FMLAL2_asimdelem_LH	fmlal2	c188946f	fmlal2 v1.4s, v6.4h, v4.h[5]	advsimd	1:MRA	ok	FCSR,VEC1,VEC4,VEC6	VEC1	FCSR,VEC1,VEC4,VEC6	VEC1	agree	-	-	FCSR,VEC1,VEC4,VEC6	VEC1	same	-
FMLAL2_asimdsame_F	fmlal2	64cc226e	fmlal2 v4.4s, v3.4h, v2.4h	advsimd	1:MRA	ok	FCSR,VEC2,VEC3,VEC4	VEC4	FCSR,VEC2,VEC3,VEC4	VEC4	agree	-	-	FCSR,VEC2,VEC3,VEC4	VEC4	same	-
FMLAL_asimdelem_LH	fmlal	c108944f	fmlal v1.4s, v6.4h, v4.h[5]	advsimd	1:MRA	ok	FCSR,VEC1,VEC4,VEC6	VEC1	FCSR,VEC1,VEC4,VEC6	VEC1	agree	-	-	FCSR,VEC1,VEC4,VEC6	VEC1	same	-
FMLAL_asimdsame_F	fmlal	64ec224e	fmlal v4.4s, v3.4h, v2.4h	advsimd	1:MRA	ok	FCSR,VEC2,VEC3,VEC4	VEC4	FCSR,VEC2,VEC3,VEC4	VEC4	agree	-	-	FCSR,VEC2,VEC3,VEC4	VEC4	same	-
FMLA_asimdelem_RH_H	fmla	c118144f	fmla v1.8h, v6.8h, v4.h[5]	advsimd	1:MRA	ok	FCSR,VEC1,VEC4,VEC6	VEC1	FCSR,VEC1,VEC4,VEC6	VEC1	agree	-	-	FCSR,VEC1,VEC4,VEC6	VEC1	same	-
FMLA_asimdelem_R_SD	fmla	2210a54f	fmla v2.4s, v1.4s, v5.s[1]	advsimd	1:MRA	ok	FCSR,VEC1,VEC2,VEC5	VEC2	FCSR,VEC1,VEC2,VEC5	VEC2	agree	-	-	FCSR,VEC1,VEC2,VEC5	VEC2	same	-
FMLA_asimdsame_only	fmla	85cc234e	fmla v5.4s, v4.4s, v3.4s	advsimd	1:MRA	ok	FCSR,VEC3,VEC4,VEC5	VEC5	FCSR,VEC3,VEC4,VEC5	VEC5	agree	-	-	FCSR,VEC3,VEC4,VEC5	VEC5	same	-
FMLA_asimdsamefp16_only	fmla	640c424e	fmla v4.8h, v3.8h, v2.8h	advsimd	1:MRA	ok	FCSR,VEC2,VEC3,VEC4	VEC4	FCSR,VEC2,VEC3,VEC4	VEC4	agree	-	-	FCSR,VEC2,VEC3,VEC4	VEC4	same	-
FMLA_asisdelem_RH_H	fmla	a610235f	fmla h6, h5, v3.h[2]	advsimd	1:MRA	ok	FCSR,PSTATE.SM,VEC3,VEC5,VEC6	VEC6	FCSR,VEC3,VEC5,VEC6	VEC6	agree	-	PSTATE.SM	FCSR,VEC3,VEC5,VEC6	VEC6	same	-
FMLA_asisdelem_R_SD	fmla	c118d45f	fmla d1, d6, v20.d[1]	advsimd	1:MRA	ok	FCSR,PSTATE.SM,VEC1,VEC20,VEC6	VEC1	FCSR,VEC1,VEC20,VEC6	VEC1	agree	-	PSTATE.SM	FCSR,VEC1,VEC20,VEC6	VEC1	same	-
FMLSL2_asimdelem_LH	fmlsl2	c1c8946f	fmlsl2 v1.4s, v6.4h, v4.h[5]	advsimd	1:MRA	ok	FCSR,VEC1,VEC4,VEC6	VEC1	FCSR,VEC1,VEC4,VEC6	VEC1	agree	-	-	FCSR,VEC1,VEC4,VEC6	VEC1	same	-
FMLSL2_asimdsame_F	fmlsl2	64cca26e	fmlsl2 v4.4s, v3.4h, v2.4h	advsimd	1:MRA	ok	FCSR,VEC2,VEC3,VEC4	VEC4	FCSR,VEC2,VEC3,VEC4	VEC4	agree	-	-	FCSR,VEC2,VEC3,VEC4	VEC4	same	-
FMLSL_asimdelem_LH	fmlsl	c148944f	fmlsl v1.4s, v6.4h, v4.h[5]	advsimd	1:MRA	ok	FCSR,VEC1,VEC4,VEC6	VEC1	FCSR,VEC1,VEC4,VEC6	VEC1	agree	-	-	FCSR,VEC1,VEC4,VEC6	VEC1	same	-
FMLSL_asimdsame_F	fmlsl	64eca24e	fmlsl v4.4s, v3.4h, v2.4h	advsimd	1:MRA	ok	FCSR,VEC2,VEC3,VEC4	VEC4	FCSR,VEC2,VEC3,VEC4	VEC4	agree	-	-	FCSR,VEC2,VEC3,VEC4	VEC4	same	-
FMLS_asimdelem_RH_H	fmls	c158144f	fmls v1.8h, v6.8h, v4.h[5]	advsimd	1:MRA	ok	FCSR,VEC1,VEC4,VEC6	VEC1	FCSR,VEC1,VEC4,VEC6	VEC1	agree	-	-	FCSR,VEC1,VEC4,VEC6	VEC1	same	-
FMLS_asimdelem_R_SD	fmls	2250a54f	fmls v2.4s, v1.4s, v5.s[1]	advsimd	1:MRA	ok	FCSR,VEC1,VEC2,VEC5	VEC2	FCSR,VEC1,VEC2,VEC5	VEC2	agree	-	-	FCSR,VEC1,VEC2,VEC5	VEC2	same	-
FMLS_asimdsame_only	fmls	85cca34e	fmls v5.4s, v4.4s, v3.4s	advsimd	1:MRA	ok	FCSR,VEC3,VEC4,VEC5	VEC5	FCSR,VEC3,VEC4,VEC5	VEC5	agree	-	-	FCSR,VEC3,VEC4,VEC5	VEC5	same	-
FMLS_asimdsamefp16_only	fmls	640cc24e	fmls v4.8h, v3.8h, v2.8h	advsimd	1:MRA	ok	FCSR,VEC2,VEC3,VEC4	VEC4	FCSR,VEC2,VEC3,VEC4	VEC4	agree	-	-	FCSR,VEC2,VEC3,VEC4	VEC4	same	-
FMLS_asisdelem_RH_H	fmls	a650235f	fmls h6, h5, v3.h[2]	advsimd	1:MRA	ok	FCSR,PSTATE.SM,VEC3,VEC5,VEC6	VEC6	FCSR,VEC3,VEC5,VEC6	VEC6	agree	-	PSTATE.SM	FCSR,VEC3,VEC5,VEC6	VEC6	same	-
FMLS_asisdelem_R_SD	fmls	c158d45f	fmls d1, d6, v20.d[1]	advsimd	1:MRA	ok	FCSR,PSTATE.SM,VEC1,VEC20,VEC6	VEC1	FCSR,VEC1,VEC20,VEC6	VEC1	agree	-	PSTATE.SM	FCSR,VEC1,VEC20,VEC6	VEC1	same	-
FMOV_32H_float2int	fmov	2200e61e	fmov w2, h1	float	1:MRA	ok	FCSR,PSTATE.SM,VEC1	GPR2	VEC1	GPR2	disagree	SRC+ref:FCSR	PSTATE.SM	VEC1	GPR2	SRC+ref:FCSR	-
FMOV_32S_float2int	fmov	2200261e	fmov w2, s1	float	1:MRA	ok	FCSR,PSTATE.SM,VEC1	GPR2	VEC1	GPR2	disagree	SRC+ref:FCSR	PSTATE.SM	VEC1	GPR2	SRC+ref:FCSR	-
FMOV_64D_float2int	fmov	2200669e	fmov x2, d1	float	1:MRA	ok	FCSR,PSTATE.SM,VEC1	GPR2	VEC1	GPR2	disagree	SRC+ref:FCSR	PSTATE.SM	VEC1	GPR2	SRC+ref:FCSR	-
FMOV_64H_float2int	fmov	2200e69e	fmov x2, h1	float	1:MRA	ok	FCSR,PSTATE.SM,VEC1	GPR2	VEC1	GPR2	disagree	SRC+ref:FCSR	PSTATE.SM	VEC1	GPR2	SRC+ref:FCSR	-
FMOV_64VX_float2int	fmov	2200ae9e	fmov x2, v1.d[1]	float	1:MRA	ok	FCSR,PSTATE.SM,VEC1	GPR2	VEC1	GPR2	disagree	SRC+ref:FCSR	PSTATE.SM	VEC1	GPR2	SRC+ref:FCSR	-
FMOV_D64_float2int	fmov	2200679e	fmov d2, x1	float	1:MRA	ok	FCSR,GPR1,PSTATE.SM	VEC2	GPR1	VEC2	disagree	SRC+ref:FCSR	PSTATE.SM	GPR1	VEC2	SRC+ref:FCSR	-
FMOV_D_floatdp1	fmov	2240601e	fmov d2, d1	float	1:MRA	ok	FCSR,VEC1	VEC2	VEC1	VEC2	disagree	SRC+ref:FCSR	-	VEC1	VEC2	SRC+ref:FCSR	-
FMOV_D_floatimm	fmov	0230601e	fmov d2, #2.12500000	float	1:MRA	ok	-	VEC2	-	VEC2	agree	-	-	-	VEC2	same	-
FMOV_H32_float2int	fmov	2200e71e	fmov h2, w1	float	1:MRA	ok	FCSR,GPR1,PSTATE.SM	VEC2	GPR1	VEC2	disagree	SRC+ref:FCSR	PSTATE.SM	GPR1	VEC2	SRC+ref:FCSR	-
FMOV_H64_float2int	fmov	2200e79e	fmov h2, x1	float	1:MRA	ok	FCSR,GPR1,PSTATE.SM	VEC2	GPR1	VEC2	disagree	SRC+ref:FCSR	PSTATE.SM	GPR1	VEC2	SRC+ref:FCSR	-
FMOV_H_floatdp1	fmov	2240e01e	fmov h2, h1	float	1:MRA	ok	FCSR,VEC1	VEC2	VEC1	VEC2	disagree	SRC+ref:FCSR	-	VEC1	VEC2	SRC+ref:FCSR	-
FMOV_H_floatimm	fmov	0230e01e	fmov h2, #2.12500000	float	1:MRA	ok	-	VEC2	-	VEC2	agree	-	-	-	VEC2	same	-
FMOV_S32_float2int	fmov	2200271e	fmov s2, w1	float	1:MRA	ok	FCSR,GPR1,PSTATE.SM	VEC2	GPR1	VEC2	disagree	SRC+ref:FCSR	PSTATE.SM	GPR1	VEC2	SRC+ref:FCSR	-
FMOV_S_floatdp1	fmov	2240201e	fmov s2, s1	float	1:MRA	ok	FCSR,VEC1	VEC2	VEC1	VEC2	disagree	SRC+ref:FCSR	-	VEC1	VEC2	SRC+ref:FCSR	-
FMOV_S_floatimm	fmov	0230201e	fmov s2, #2.12500000	float	1:MRA	ok	-	VEC2	-	VEC2	agree	-	-	-	VEC2	same	-
FMOV_V64I_float2int	fmov	2200af9e	fmov v2.d[1], x1	float	1:MRA	ok	FCSR,GPR1,PSTATE.SM	VEC2	GPR1	VEC2	disagree	SRC+ref:FCSR	PSTATE.SM	GPR1	VEC2	SRC+ref:FCSR	-
FMOV_asimdimm_D2_d	fmov	43f5056f	fmov v3.2d, #-13.00000000	advsimd	1:MRA	ok	-	VEC3	-	VEC3	agree	-	-	-	VEC3	same	-
FMOV_asimdimm_H_h	fmov	a4fe024f	fmov v4.8h, #0.32812500	advsimd	1:MRA	ok	-	VEC4	-	VEC4	agree	-	-	-	VEC4	same	-
FMOV_asimdimm_S_s	fmov	a4f6024f	fmov v4.4s, #0.32812500	advsimd	1:MRA	ok	-	VEC4	-	VEC4	agree	-	-	-	VEC4	same	-
FMOV_cpy_z_p_i_	fmov	03405205	mov z3.h, p2/m, #0	sve	1:MRA	ok	PRED2,VEC3	VEC3	PRED2,VEC3	VEC3	agree	-	-	PRED2,VEC3	VEC3	same	-
FMOV_dup_z_i_	fmov	02c07825	mov z2.h, #0	sve	1:MRA	ok	-	VEC2	-	VEC2	agree	-	-	-	VEC2	same	-
FMSUB_D_floatdp3	fmsub	6488411f	fmsub d4, d3, d1, d2	float	1:MRA	ok	FCSR,PSTATE.SM,VEC1,VEC2,VEC3	VEC4	FCSR,VEC1,VEC2,VEC3	VEC4	agree	-	PSTATE.SM	FCSR,VEC1,VEC2,VEC3	VEC4	same	-
FMSUB_H_floatdp3	fmsub	6488c11f	fmsub h4, h3, h1, h2	float	1:MRA	ok	FCSR,PSTATE.SM,VEC1,VEC2,VEC3	VEC4	FCSR,VEC1,VEC2,VEC3	VEC4	agree	-	PSTATE.SM	FCSR,VEC1,VEC2,VEC3	VEC4	same	-
FMSUB_S_floatdp3	fmsub	6488011f	fmsub s4, s3, s1, s2	float	1:MRA	ok	FCSR,PSTATE.SM,VEC1,VEC2,VEC3	VEC4	FCSR,VEC1,VEC2,VEC3	VEC4	agree	-	PSTATE.SM	FCSR,VEC1,VEC2,VEC3	VEC4	same	-
FMULX_asimdelem_RH_H	fmulx	c198146f	fmulx v1.8h, v6.8h, v4.h[5]	advsimd	1:MRA	ok	FCSR,VEC4,VEC6	VEC1	FCSR,VEC4,VEC6	VEC1	agree	-	-	FCSR,VEC4,VEC6	VEC1	same	-
FMULX_asimdelem_R_SD	fmulx	2290a56f	fmulx v2.4s, v1.4s, v5.s[1]	advsimd	1:MRA	ok	FCSR,VEC1,VEC5	VEC2	FCSR,VEC1,VEC5	VEC2	agree	-	-	FCSR,VEC1,VEC5	VEC2	same	-
FMULX_asimdsame_only	fmulx	85dc234e	fmulx v5.4s, v4.4s, v3.4s	advsimd	1:MRA	ok	FCSR,VEC3,VEC4	VEC5	FCSR,VEC3,VEC4	VEC5	agree	-	-	FCSR,VEC3,VEC4	VEC5	same	-
FMULX_asimdsamefp16_only	fmulx	641c424e	fmulx v4.8h, v3.8h, v2.8h	advsimd	1:MRA	ok	FCSR,VEC2,VEC3	VEC4	FCSR,VEC2,VEC3	VEC4	agree	-	-	FCSR,VEC2,VEC3	VEC4	same	-
FMULX_asisdelem_RH_H	fmulx	a690237f	fmulx h6, h5, v3.h[2]	advsimd	1:MRA	ok	FCSR,PSTATE.SM,VEC3,VEC5	VEC6	FCSR,VEC3,VEC5	VEC6	agree	-	PSTATE.SM	FCSR,VEC3,VEC5	VEC6	same	-
FMULX_asisdelem_R_SD	fmulx	c198d47f	fmulx d1, d6, v20.d[1]	advsimd	1:MRA	ok	FCSR,PSTATE.SM,VEC20,VEC6	VEC1	FCSR,VEC20,VEC6	VEC1	agree	-	PSTATE.SM	FCSR,VEC20,VEC6	VEC1	same	-
FMULX_asisdsame_only	fmulx	64dc625e	fmulx d4, d3, d2	advsimd	1:MRA	ok	FCSR,PSTATE.SM,VEC2,VEC3	VEC4	FCSR,VEC2,VEC3	VEC4	agree	-	PSTATE.SM	FCSR,VEC2,VEC3	VEC4	same	-
FMULX_asisdsamefp16_only	fmulx	431c415e	fmulx h3, h2, h1	advsimd	1:MRA	ok	FCSR,PSTATE.SM,VEC1,VEC2	VEC3	FCSR,VEC1,VEC2	VEC3	agree	-	PSTATE.SM	FCSR,VEC1,VEC2	VEC3	same	-
FMUL_D_floatdp2	fmul	4308611e	fmul d3, d2, d1	float	1:MRA	ok	FCSR,PSTATE.SM,VEC1,VEC2	FCSR,VEC3	FCSR,VEC1,VEC2	VEC3	disagree	DST+ref:FCSR	PSTATE.SM	FCSR,VEC1,VEC2	VEC3	DST+ref:FCSR	-
FMUL_H_floatdp2	fmul	4308e11e	fmul h3, h2, h1	float	1:MRA	ok	FCSR,PSTATE.SM,VEC1,VEC2	FCSR,VEC3	FCSR,VEC1,VEC2	VEC3	disagree	DST+ref:FCSR	PSTATE.SM	FCSR,VEC1,VEC2	VEC3	DST+ref:FCSR	-
FMUL_S_floatdp2	fmul	4308211e	fmul s3, s2, s1	float	1:MRA	ok	FCSR,PSTATE.SM,VEC1,VEC2	FCSR,VEC3	FCSR,VEC1,VEC2	VEC3	disagree	DST+ref:FCSR	PSTATE.SM	FCSR,VEC1,VEC2	VEC3	DST+ref:FCSR	-
FMUL_asimdelem_RH_H	fmul	c198144f	fmul v1.8h, v6.8h, v4.h[5]	advsimd	1:MRA	ok	FCSR,PSTATE.SM,VEC4,VEC6	FCSR,VEC1	FCSR,VEC4,VEC6	VEC1	disagree	DST+ref:FCSR	PSTATE.SM	FCSR,VEC4,VEC6	VEC1	DST+ref:FCSR	-
FMUL_asimdelem_R_SD	fmul	2290a54f	fmul v2.4s, v1.4s, v5.s[1]	advsimd	1:MRA	ok	FCSR,PSTATE.SM,VEC1,VEC5	FCSR,VEC2	FCSR,VEC1,VEC5	VEC2	disagree	DST+ref:FCSR	PSTATE.SM	FCSR,VEC1,VEC5	VEC2	DST+ref:FCSR	-
FMUL_asimdsame_only	fmul	85dc236e	fmul v5.4s, v4.4s, v3.4s	advsimd	1:MRA	ok	FCSR,PSTATE.SM,VEC3,VEC4	FCSR,VEC5	FCSR,VEC3,VEC4	VEC5	disagree	DST+ref:FCSR	PSTATE.SM	FCSR,VEC3,VEC4	VEC5	DST+ref:FCSR	-
FMUL_asimdsamefp16_only	fmul	641c426e	fmul v4.8h, v3.8h, v2.8h	advsimd	1:MRA	ok	FCSR,PSTATE.SM,VEC2,VEC3	FCSR,VEC4	FCSR,VEC2,VEC3	VEC4	disagree	DST+ref:FCSR	PSTATE.SM	FCSR,VEC2,VEC3	VEC4	DST+ref:FCSR	-
FMUL_asisdelem_RH_H	fmul	a690235f	fmul h6, h5, v3.h[2]	advsimd	1:MRA	ok	FCSR,PSTATE.SM,VEC3,VEC5	FCSR,VEC6	FCSR,VEC3,VEC5	VEC6	disagree	DST+ref:FCSR	PSTATE.SM	FCSR,VEC3,VEC5	VEC6	DST+ref:FCSR	-
FMUL_asisdelem_R_SD	fmul	c198d45f	fmul d1, d6, v20.d[1]	advsimd	1:MRA	ok	FCSR,PSTATE.SM,VEC20,VEC6	FCSR,VEC1	FCSR,VEC20,VEC6	VEC1	disagree	DST+ref:FCSR	PSTATE.SM	FCSR,VEC20,VEC6	VEC1	DST+ref:FCSR	-
FNEG_D_floatdp1	fneg	2240611e	fneg d2, d1	float	1:MRA	ok	FCSR,PSTATE.SM,VEC1	VEC2	FCSR,VEC1	VEC2	agree	-	PSTATE.SM	VEC1	VEC2	SRC+ref:FCSR	-
FNEG_H_floatdp1	fneg	2240e11e	fneg h2, h1	float	1:MRA	ok	FCSR,PSTATE.SM,VEC1	VEC2	FCSR,VEC1	VEC2	agree	-	PSTATE.SM	VEC1	VEC2	SRC+ref:FCSR	-
FNEG_S_floatdp1	fneg	2240211e	fneg s2, s1	float	1:MRA	ok	FCSR,PSTATE.SM,VEC1	VEC2	FCSR,VEC1	VEC2	agree	-	PSTATE.SM	VEC1	VEC2	SRC+ref:FCSR	-
FNEG_asimdmisc_R	fneg	64f8a06e	fneg v4.4s, v3.4s	advsimd	1:MRA	ok	VEC3	VEC4	FCSR,VEC3	VEC4	disagree	SRC+trc:FCSR	-	VEC3	VEC4	same	-
FNEG_asimdmiscfp16_R	fneg	43f8f86e	fneg v3.8h, v2.8h	advsimd	1:MRA	ok	VEC2	VEC3	FCSR,VEC2	VEC3	disagree	SRC+trc:FCSR	-	VEC2	VEC3	same	-
FNMADD_D_floatdp3	fnmadd	6408611f	fnmadd d4, d3, d1, d2	float	1:MRA	ok	FCSR,PSTATE.SM,VEC1,VEC2,VEC3	VEC4	FCSR,VEC1,VEC2,VEC3	VEC4	agree	-	PSTATE.SM	FCSR,VEC1,VEC2,VEC3	VEC4	same	-
FNMADD_H_floatdp3	fnmadd	6408e11f	fnmadd h4, h3, h1, h2	float	1:MRA	ok	FCSR,PSTATE.SM,VEC1,VEC2,VEC3	VEC4	FCSR,VEC1,VEC2,VEC3	VEC4	agree	-	PSTATE.SM	FCSR,VEC1,VEC2,VEC3	VEC4	same	-
FNMADD_S_floatdp3	fnmadd	6408211f	fnmadd s4, s3, s1, s2	float	1:MRA	ok	FCSR,PSTATE.SM,VEC1,VEC2,VEC3	VEC4	FCSR,VEC1,VEC2,VEC3	VEC4	agree	-	PSTATE.SM	FCSR,VEC1,VEC2,VEC3	VEC4	same	-
FNMSUB_D_floatdp3	fnmsub	6488611f	fnmsub d4, d3, d1, d2	float	1:MRA	ok	FCSR,PSTATE.SM,VEC1,VEC2,VEC3	VEC4	FCSR,VEC1,VEC2,VEC3	VEC4	agree	-	PSTATE.SM	FCSR,VEC1,VEC2,VEC3	VEC4	same	-
FNMSUB_H_floatdp3	fnmsub	6488e11f	fnmsub h4, h3, h1, h2	float	1:MRA	ok	FCSR,PSTATE.SM,VEC1,VEC2,VEC3	VEC4	FCSR,VEC1,VEC2,VEC3	VEC4	agree	-	PSTATE.SM	FCSR,VEC1,VEC2,VEC3	VEC4	same	-
FNMSUB_S_floatdp3	fnmsub	6488211f	fnmsub s4, s3, s1, s2	float	1:MRA	ok	FCSR,PSTATE.SM,VEC1,VEC2,VEC3	VEC4	FCSR,VEC1,VEC2,VEC3	VEC4	agree	-	PSTATE.SM	FCSR,VEC1,VEC2,VEC3	VEC4	same	-
FNMUL_D_floatdp2	fnmul	4388611e	fnmul d3, d2, d1	float	1:MRA	ok	FCSR,PSTATE.SM,VEC1,VEC2	FCSR,VEC3	FCSR,VEC1,VEC2	VEC3	disagree	DST+ref:FCSR	PSTATE.SM	FCSR,VEC1,VEC2	VEC3	DST+ref:FCSR	-
FNMUL_H_floatdp2	fnmul	4388e11e	fnmul h3, h2, h1	float	1:MRA	ok	FCSR,PSTATE.SM,VEC1,VEC2	FCSR,VEC3	FCSR,VEC1,VEC2	VEC3	disagree	DST+ref:FCSR	PSTATE.SM	FCSR,VEC1,VEC2	VEC3	DST+ref:FCSR	-
FNMUL_S_floatdp2	fnmul	4388211e	fnmul s3, s2, s1	float	1:MRA	ok	FCSR,PSTATE.SM,VEC1,VEC2	FCSR,VEC3	FCSR,VEC1,VEC2	VEC3	disagree	DST+ref:FCSR	PSTATE.SM	FCSR,VEC1,VEC2	VEC3	DST+ref:FCSR	-
FRECPE_asimdmisc_R	frecpe	64d8a14e	frecpe v4.4s, v3.4s	advsimd	1:MRA	ok	FCSR,VEC3	VEC4	FCSR,VEC3	VEC4	agree	-	-	FCSR,VEC3	VEC4	same	-
FRECPE_asimdmiscfp16_R	frecpe	43d8f94e	frecpe v3.8h, v2.8h	advsimd	1:MRA	ok	FCSR,VEC2	VEC3	FCSR,VEC2	VEC3	agree	-	-	FCSR,VEC2	VEC3	same	-
FRECPE_asisdmisc_R	frecpe	43d8e15e	frecpe d3, d2	advsimd	1:MRA	ok	FCSR,PSTATE.SM,VEC2	VEC3	FCSR,VEC2	VEC3	agree	-	PSTATE.SM	FCSR,VEC2	VEC3	same	-
FRECPE_asisdmiscfp16_R	frecpe	22d8f95e	frecpe h2, h1	advsimd	1:MRA	ok	FCSR,PSTATE.SM,VEC1	VEC2	FCSR,VEC1	VEC2	agree	-	PSTATE.SM	FCSR,VEC1	VEC2	same	-
FRECPS_asimdsame_only	frecps	85fc234e	frecps v5.4s, v4.4s, v3.4s	advsimd	1:MRA	ok	FCSR,VEC3,VEC4	VEC5	FCSR,VEC3,VEC4	VEC5	agree	-	-	FCSR,VEC3,VEC4	VEC5	same	-
FRECPS_asimdsamefp16_only	frecps	643c424e	frecps v4.8h, v3.8h, v2.8h	advsimd	1:MRA	ok	FCSR,VEC2,VEC3	VEC4	FCSR,VEC2,VEC3	VEC4	agree	-	-	FCSR,VEC2,VEC3	VEC4	same	-
FRECPS_asisdsame_only	frecps	64fc625e	frecps d4, d3, d2	advsimd	1:MRA	ok	FCSR,PSTATE.SM,VEC2,VEC3	VEC4	FCSR,VEC2,VEC3	VEC4	agree	-	PSTATE.SM	FCSR,VEC2,VEC3	VEC4	same	-
FRECPS_asisdsamefp16_only	frecps	433c415e	frecps h3, h2, h1	advsimd	1:MRA	ok	FCSR,PSTATE.SM,VEC1,VEC2	VEC3	FCSR,VEC1,VEC2	VEC3	agree	-	PSTATE.SM	FCSR,VEC1,VEC2	VEC3	same	-
FRECPX_asisdmisc_R	frecpx	43f8e15e	frecpx d3, d2	advsimd	1:MRA	ok	FCSR,PSTATE.SM,VEC2	FCSR,VEC3	FCSR,VEC2	VEC3	disagree	DST+ref:FCSR	PSTATE.SM	FCSR,VEC2	VEC3	DST+ref:FCSR	-
FRECPX_asisdmiscfp16_R	frecpx	22f8f95e	frecpx h2, h1	advsimd	1:MRA	ok	FCSR,PSTATE.SM,VEC1	FCSR,VEC2	FCSR,VEC1	VEC2	disagree	DST+ref:FCSR	PSTATE.SM	FCSR,VEC1	VEC2	DST+ref:FCSR	-
FRINT32X_D_floatdp1	frint32x	22c0681e	frint32x d2, d1	float	1:MRA	ok	FCSR,PSTATE.SM,VEC1	FCSR,VEC2	FCSR,VEC1	VEC2	disagree	DST+ref:FCSR	PSTATE.SM	FCSR,VEC1	VEC2	DST+ref:FCSR	-
FRINT32X_S_floatdp1	frint32x	22c0281e	frint32x s2, s1	float	1:MRA	ok	FCSR,PSTATE.SM,VEC1	FCSR,VEC2	FCSR,VEC1	VEC2	disagree	DST+ref:FCSR	PSTATE.SM	FCSR,VEC1	VEC2	DST+ref:FCSR	-
FRINT32X_asimdmisc_R	frint32x	64e8216e	frint32x v4.4s, v3.4s	advsimd	1:MRA	ok	FCSR,PSTATE.SM,VEC3	FCSR,VEC4	FCSR,VEC3	VEC4	disagree	DST+ref:FCSR	PSTATE.SM	FCSR,VEC3	VEC4	DST+ref:FCSR	-
FRINT32Z_D_floatdp1	frint32z	2240681e	frint32z d2, d1	float	1:MRA	ok	FCSR,PSTATE.SM,VEC1	FCSR,VEC2	FCSR,VEC1	VEC2	disagree	DST+ref:FCSR	PSTATE.SM	FCSR,VEC1	VEC2	DST+ref:FCSR	-
FRINT32Z_S_floatdp1	frint32z	2240281e	frint32z s2, s1	float	1:MRA	ok	FCSR,PSTATE.SM,VEC1	FCSR,VEC2	FCSR,VEC1	VEC2	disagree	DST+ref:FCSR	PSTATE.SM	FCSR,VEC1	VEC2	DST+ref:FCSR	-
FRINT32Z_asimdmisc_R	frint32z	64e8214e	frint32z v4.4s, v3.4s	advsimd	1:MRA	ok	FCSR,PSTATE.SM,VEC3	FCSR,VEC4	FCSR,VEC3	VEC4	disagree	DST+ref:FCSR	PSTATE.SM	FCSR,VEC3	VEC4	DST+ref:FCSR	-
FRINT64X_D_floatdp1	frint64x	22c0691e	frint64x d2, d1	float	1:MRA	ok	FCSR,PSTATE.SM,VEC1	FCSR,VEC2	FCSR,VEC1	VEC2	disagree	DST+ref:FCSR	PSTATE.SM	FCSR,VEC1	VEC2	DST+ref:FCSR	-
FRINT64X_S_floatdp1	frint64x	22c0291e	frint64x s2, s1	float	1:MRA	ok	FCSR,PSTATE.SM,VEC1	FCSR,VEC2	FCSR,VEC1	VEC2	disagree	DST+ref:FCSR	PSTATE.SM	FCSR,VEC1	VEC2	DST+ref:FCSR	-
FRINT64X_asimdmisc_R	frint64x	64f8216e	frint64x v4.4s, v3.4s	advsimd	1:MRA	ok	FCSR,PSTATE.SM,VEC3	FCSR,VEC4	FCSR,VEC3	VEC4	disagree	DST+ref:FCSR	PSTATE.SM	FCSR,VEC3	VEC4	DST+ref:FCSR	-
FRINT64Z_D_floatdp1	frint64z	2240691e	frint64z d2, d1	float	1:MRA	ok	FCSR,PSTATE.SM,VEC1	FCSR,VEC2	FCSR,VEC1	VEC2	disagree	DST+ref:FCSR	PSTATE.SM	FCSR,VEC1	VEC2	DST+ref:FCSR	-
FRINT64Z_S_floatdp1	frint64z	2240291e	frint64z s2, s1	float	1:MRA	ok	FCSR,PSTATE.SM,VEC1	FCSR,VEC2	FCSR,VEC1	VEC2	disagree	DST+ref:FCSR	PSTATE.SM	FCSR,VEC1	VEC2	DST+ref:FCSR	-
FRINT64Z_asimdmisc_R	frint64z	64f8214e	frint64z v4.4s, v3.4s	advsimd	1:MRA	ok	FCSR,PSTATE.SM,VEC3	FCSR,VEC4	FCSR,VEC3	VEC4	disagree	DST+ref:FCSR	PSTATE.SM	FCSR,VEC3	VEC4	DST+ref:FCSR	-
FRINTA_D_floatdp1	frinta	2240661e	frinta d2, d1	float	1:MRA	ok	FCSR,PSTATE.SM,VEC1	FCSR,VEC2	FCSR,VEC1	VEC2	disagree	DST+ref:FCSR	PSTATE.SM	FCSR,VEC1	VEC2	DST+ref:FCSR	-
FRINTA_H_floatdp1	frinta	2240e61e	frinta h2, h1	float	1:MRA	ok	FCSR,PSTATE.SM,VEC1	FCSR,VEC2	FCSR,VEC1	VEC2	disagree	DST+ref:FCSR	PSTATE.SM	FCSR,VEC1	VEC2	DST+ref:FCSR	-
FRINTA_S_floatdp1	frinta	2240261e	frinta s2, s1	float	1:MRA	ok	FCSR,PSTATE.SM,VEC1	FCSR,VEC2	FCSR,VEC1	VEC2	disagree	DST+ref:FCSR	PSTATE.SM	FCSR,VEC1	VEC2	DST+ref:FCSR	-
FRINTA_asimdmisc_R	frinta	6488216e	frinta v4.4s, v3.4s	advsimd	1:MRA	ok	FCSR,PSTATE.SM,VEC3	FCSR,VEC4	FCSR,VEC3	VEC4	disagree	DST+ref:FCSR	PSTATE.SM	FCSR,VEC3	VEC4	DST+ref:FCSR	-
FRINTA_asimdmiscfp16_R	frinta	4388796e	frinta v3.8h, v2.8h	advsimd	1:MRA	ok	FCSR,PSTATE.SM,VEC2	FCSR,VEC3	FCSR,VEC2	VEC3	disagree	DST+ref:FCSR	PSTATE.SM	FCSR,VEC2	VEC3	DST+ref:FCSR	-
FRINTI_D_floatdp1	frinti	22c0671e	frinti d2, d1	float	1:MRA	ok	FCSR,PSTATE.SM,VEC1	FCSR,VEC2	FCSR,VEC1	VEC2	disagree	DST+ref:FCSR	PSTATE.SM	FCSR,VEC1	VEC2	DST+ref:FCSR	-
FRINTI_H_floatdp1	frinti	22c0e71e	frinti h2, h1	float	1:MRA	ok	FCSR,PSTATE.SM,VEC1	FCSR,VEC2	FCSR,VEC1	VEC2	disagree	DST+ref:FCSR	PSTATE.SM	FCSR,VEC1	VEC2	DST+ref:FCSR	-
FRINTI_S_floatdp1	frinti	22c0271e	frinti s2, s1	float	1:MRA	ok	FCSR,PSTATE.SM,VEC1	FCSR,VEC2	FCSR,VEC1	VEC2	disagree	DST+ref:FCSR	PSTATE.SM	FCSR,VEC1	VEC2	DST+ref:FCSR	-
FRINTI_asimdmisc_R	frinti	6498a16e	frinti v4.4s, v3.4s	advsimd	1:MRA	ok	FCSR,PSTATE.SM,VEC3	FCSR,VEC4	FCSR,VEC3	VEC4	disagree	DST+ref:FCSR	PSTATE.SM	FCSR,VEC3	VEC4	DST+ref:FCSR	-
FRINTI_asimdmiscfp16_R	frinti	4398f96e	frinti v3.8h, v2.8h	advsimd	1:MRA	ok	FCSR,PSTATE.SM,VEC2	FCSR,VEC3	FCSR,VEC2	VEC3	disagree	DST+ref:FCSR	PSTATE.SM	FCSR,VEC2	VEC3	DST+ref:FCSR	-
FRINTM_D_floatdp1	frintm	2240651e	frintm d2, d1	float	1:MRA	ok	FCSR,PSTATE.SM,VEC1	FCSR,VEC2	FCSR,VEC1	VEC2	disagree	DST+ref:FCSR	PSTATE.SM	FCSR,VEC1	VEC2	DST+ref:FCSR	-
FRINTM_H_floatdp1	frintm	2240e51e	frintm h2, h1	float	1:MRA	ok	FCSR,PSTATE.SM,VEC1	FCSR,VEC2	FCSR,VEC1	VEC2	disagree	DST+ref:FCSR	PSTATE.SM	FCSR,VEC1	VEC2	DST+ref:FCSR	-
FRINTM_S_floatdp1	frintm	2240251e	frintm s2, s1	float	1:MRA	ok	FCSR,PSTATE.SM,VEC1	FCSR,VEC2	FCSR,VEC1	VEC2	disagree	DST+ref:FCSR	PSTATE.SM	FCSR,VEC1	VEC2	DST+ref:FCSR	-
FRINTM_asimdmisc_R	frintm	6498214e	frintm v4.4s, v3.4s	advsimd	1:MRA	ok	FCSR,PSTATE.SM,VEC3	FCSR,VEC4	FCSR,VEC3	VEC4	disagree	DST+ref:FCSR	PSTATE.SM	FCSR,VEC3	VEC4	DST+ref:FCSR	-
FRINTM_asimdmiscfp16_R	frintm	4398794e	frintm v3.8h, v2.8h	advsimd	1:MRA	ok	FCSR,PSTATE.SM,VEC2	FCSR,VEC3	FCSR,VEC2	VEC3	disagree	DST+ref:FCSR	PSTATE.SM	FCSR,VEC2	VEC3	DST+ref:FCSR	-
FRINTN_D_floatdp1	frintn	2240641e	frintn d2, d1	float	1:MRA	ok	FCSR,PSTATE.SM,VEC1	FCSR,VEC2	FCSR,VEC1	VEC2	disagree	DST+ref:FCSR	PSTATE.SM	FCSR,VEC1	VEC2	DST+ref:FCSR	-
FRINTN_H_floatdp1	frintn	2240e41e	frintn h2, h1	float	1:MRA	ok	FCSR,PSTATE.SM,VEC1	FCSR,VEC2	FCSR,VEC1	VEC2	disagree	DST+ref:FCSR	PSTATE.SM	FCSR,VEC1	VEC2	DST+ref:FCSR	-
FRINTN_S_floatdp1	frintn	2240241e	frintn s2, s1	float	1:MRA	ok	FCSR,PSTATE.SM,VEC1	FCSR,VEC2	FCSR,VEC1	VEC2	disagree	DST+ref:FCSR	PSTATE.SM	FCSR,VEC1	VEC2	DST+ref:FCSR	-
FRINTN_asimdmisc_R	frintn	6488214e	frintn v4.4s, v3.4s	advsimd	1:MRA	ok	FCSR,PSTATE.SM,VEC3	FCSR,VEC4	FCSR,VEC3	VEC4	disagree	DST+ref:FCSR	PSTATE.SM	FCSR,VEC3	VEC4	DST+ref:FCSR	-
FRINTN_asimdmiscfp16_R	frintn	4388794e	frintn v3.8h, v2.8h	advsimd	1:MRA	ok	FCSR,PSTATE.SM,VEC2	FCSR,VEC3	FCSR,VEC2	VEC3	disagree	DST+ref:FCSR	PSTATE.SM	FCSR,VEC2	VEC3	DST+ref:FCSR	-
FRINTP_D_floatdp1	frintp	22c0641e	frintp d2, d1	float	1:MRA	ok	FCSR,PSTATE.SM,VEC1	FCSR,VEC2	FCSR,VEC1	VEC2	disagree	DST+ref:FCSR	PSTATE.SM	FCSR,VEC1	VEC2	DST+ref:FCSR	-
FRINTP_H_floatdp1	frintp	22c0e41e	frintp h2, h1	float	1:MRA	ok	FCSR,PSTATE.SM,VEC1	FCSR,VEC2	FCSR,VEC1	VEC2	disagree	DST+ref:FCSR	PSTATE.SM	FCSR,VEC1	VEC2	DST+ref:FCSR	-
FRINTP_S_floatdp1	frintp	22c0241e	frintp s2, s1	float	1:MRA	ok	FCSR,PSTATE.SM,VEC1	FCSR,VEC2	FCSR,VEC1	VEC2	disagree	DST+ref:FCSR	PSTATE.SM	FCSR,VEC1	VEC2	DST+ref:FCSR	-
FRINTP_asimdmisc_R	frintp	6488a14e	frintp v4.4s, v3.4s	advsimd	1:MRA	ok	FCSR,PSTATE.SM,VEC3	FCSR,VEC4	FCSR,VEC3	VEC4	disagree	DST+ref:FCSR	PSTATE.SM	FCSR,VEC3	VEC4	DST+ref:FCSR	-
FRINTP_asimdmiscfp16_R	frintp	4388f94e	frintp v3.8h, v2.8h	advsimd	1:MRA	ok	FCSR,PSTATE.SM,VEC2	FCSR,VEC3	FCSR,VEC2	VEC3	disagree	DST+ref:FCSR	PSTATE.SM	FCSR,VEC2	VEC3	DST+ref:FCSR	-
FRINTX_D_floatdp1	frintx	2240671e	frintx d2, d1	float	1:MRA	ok	FCSR,PSTATE.SM,VEC1	FCSR,VEC2	FCSR,VEC1	VEC2	disagree	DST+ref:FCSR	PSTATE.SM	FCSR,VEC1	VEC2	DST+ref:FCSR	-
FRINTX_H_floatdp1	frintx	2240e71e	frintx h2, h1	float	1:MRA	ok	FCSR,PSTATE.SM,VEC1	FCSR,VEC2	FCSR,VEC1	VEC2	disagree	DST+ref:FCSR	PSTATE.SM	FCSR,VEC1	VEC2	DST+ref:FCSR	-
FRINTX_S_floatdp1	frintx	2240271e	frintx s2, s1	float	1:MRA	ok	FCSR,PSTATE.SM,VEC1	FCSR,VEC2	FCSR,VEC1	VEC2	disagree	DST+ref:FCSR	PSTATE.SM	FCSR,VEC1	VEC2	DST+ref:FCSR	-
FRINTX_asimdmisc_R	frintx	6498216e	frintx v4.4s, v3.4s	advsimd	1:MRA	ok	FCSR,PSTATE.SM,VEC3	FCSR,VEC4	FCSR,VEC3	VEC4	disagree	DST+ref:FCSR	PSTATE.SM	FCSR,VEC3	VEC4	DST+ref:FCSR	-
FRINTX_asimdmiscfp16_R	frintx	4398796e	frintx v3.8h, v2.8h	advsimd	1:MRA	ok	FCSR,PSTATE.SM,VEC2	FCSR,VEC3	FCSR,VEC2	VEC3	disagree	DST+ref:FCSR	PSTATE.SM	FCSR,VEC2	VEC3	DST+ref:FCSR	-
FRINTZ_D_floatdp1	frintz	22c0651e	frintz d2, d1	float	1:MRA	ok	FCSR,PSTATE.SM,VEC1	FCSR,VEC2	FCSR,VEC1	VEC2	disagree	DST+ref:FCSR	PSTATE.SM	FCSR,VEC1	VEC2	DST+ref:FCSR	-
FRINTZ_H_floatdp1	frintz	22c0e51e	frintz h2, h1	float	1:MRA	ok	FCSR,PSTATE.SM,VEC1	FCSR,VEC2	FCSR,VEC1	VEC2	disagree	DST+ref:FCSR	PSTATE.SM	FCSR,VEC1	VEC2	DST+ref:FCSR	-
FRINTZ_S_floatdp1	frintz	22c0251e	frintz s2, s1	float	1:MRA	ok	FCSR,PSTATE.SM,VEC1	FCSR,VEC2	FCSR,VEC1	VEC2	disagree	DST+ref:FCSR	PSTATE.SM	FCSR,VEC1	VEC2	DST+ref:FCSR	-
FRINTZ_asimdmisc_R	frintz	6498a14e	frintz v4.4s, v3.4s	advsimd	1:MRA	ok	FCSR,PSTATE.SM,VEC3	FCSR,VEC4	FCSR,VEC3	VEC4	disagree	DST+ref:FCSR	PSTATE.SM	FCSR,VEC3	VEC4	DST+ref:FCSR	-
FRINTZ_asimdmiscfp16_R	frintz	4398f94e	frintz v3.8h, v2.8h	advsimd	1:MRA	ok	FCSR,PSTATE.SM,VEC2	FCSR,VEC3	FCSR,VEC2	VEC3	disagree	DST+ref:FCSR	PSTATE.SM	FCSR,VEC2	VEC3	DST+ref:FCSR	-
FRSQRTE_asimdmisc_R	frsqrte	64d8a16e	frsqrte v4.4s, v3.4s	advsimd	1:MRA	ok	FCSR,PSTATE.SM,VEC3	FCSR,VEC4	FCSR,VEC3	VEC4	disagree	DST+ref:FCSR	PSTATE.SM	FCSR,VEC3	VEC4	DST+ref:FCSR	-
FRSQRTE_asimdmiscfp16_R	frsqrte	43d8f96e	frsqrte v3.8h, v2.8h	advsimd	1:MRA	ok	FCSR,PSTATE.SM,VEC2	FCSR,VEC3	FCSR,VEC2	VEC3	disagree	DST+ref:FCSR	PSTATE.SM	FCSR,VEC2	VEC3	DST+ref:FCSR	-
FRSQRTE_asisdmisc_R	frsqrte	43d8e17e	frsqrte d3, d2	advsimd	1:MRA	ok	FCSR,PSTATE.SM,VEC2	FCSR,VEC3	FCSR,VEC2	VEC3	disagree	DST+ref:FCSR	PSTATE.SM	FCSR,VEC2	VEC3	DST+ref:FCSR	-
FRSQRTE_asisdmiscfp16_R	frsqrte	22d8f97e	frsqrte h2, h1	advsimd	1:MRA	ok	FCSR,PSTATE.SM,VEC1	FCSR,VEC2	FCSR,VEC1	VEC2	disagree	DST+ref:FCSR	PSTATE.SM	FCSR,VEC1	VEC2	DST+ref:FCSR	-
FRSQRTS_asimdsame_only	frsqrts	85fca34e	frsqrts v5.4s, v4.4s, v3.4s	advsimd	1:MRA	ok	FCSR,VEC3,VEC4	VEC5	FCSR,VEC3,VEC4	VEC5	agree	-	-	FCSR,VEC3,VEC4	VEC5	same	-
FRSQRTS_asimdsamefp16_only	frsqrts	643cc24e	frsqrts v4.8h, v3.8h, v2.8h	advsimd	1:MRA	ok	FCSR,VEC2,VEC3	VEC4	FCSR,VEC2,VEC3	VEC4	agree	-	-	FCSR,VEC2,VEC3	VEC4	same	-
FRSQRTS_asisdsame_only	frsqrts	64fce25e	frsqrts d4, d3, d2	advsimd	1:MRA	ok	FCSR,PSTATE.SM,VEC2,VEC3	VEC4	FCSR,VEC2,VEC3	VEC4	agree	-	PSTATE.SM	FCSR,VEC2,VEC3	VEC4	same	-
FRSQRTS_asisdsamefp16_only	frsqrts	433cc15e	frsqrts h3, h2, h1	advsimd	1:MRA	ok	FCSR,PSTATE.SM,VEC1,VEC2	VEC3	FCSR,VEC1,VEC2	VEC3	agree	-	PSTATE.SM	FCSR,VEC1,VEC2	VEC3	same	-
FSQRT_D_floatdp1	fsqrt	22c0611e	fsqrt d2, d1	float	1:MRA	ok	FCSR,PSTATE.SM,VEC1	FCSR,VEC2	FCSR,VEC1	VEC2	disagree	DST+ref:FCSR	PSTATE.SM	FCSR,VEC1	VEC2	DST+ref:FCSR	-
FSQRT_H_floatdp1	fsqrt	22c0e11e	fsqrt h2, h1	float	1:MRA	ok	FCSR,PSTATE.SM,VEC1	FCSR,VEC2	FCSR,VEC1	VEC2	disagree	DST+ref:FCSR	PSTATE.SM	FCSR,VEC1	VEC2	DST+ref:FCSR	-
FSQRT_S_floatdp1	fsqrt	22c0211e	fsqrt s2, s1	float	1:MRA	ok	FCSR,PSTATE.SM,VEC1	FCSR,VEC2	FCSR,VEC1	VEC2	disagree	DST+ref:FCSR	PSTATE.SM	FCSR,VEC1	VEC2	DST+ref:FCSR	-
FSQRT_asimdmisc_R	fsqrt	64f8a16e	fsqrt v4.4s, v3.4s	advsimd	1:MRA	ok	FCSR,PSTATE.SM,VEC3	FCSR,VEC4	FCSR,VEC3	VEC4	disagree	DST+ref:FCSR	PSTATE.SM	FCSR,VEC3	VEC4	DST+ref:FCSR	-
FSQRT_asimdmiscfp16_R	fsqrt	43f8f96e	fsqrt v3.8h, v2.8h	advsimd	1:MRA	ok	FCSR,PSTATE.SM,VEC2	FCSR,VEC3	FCSR,VEC2	VEC3	disagree	DST+ref:FCSR	PSTATE.SM	FCSR,VEC2	VEC3	DST+ref:FCSR	-
FSUB_D_floatdp2	fsub	4338611e	fsub d3, d2, d1	float	1:MRA	ok	FCSR,PSTATE.SM,VEC1,VEC2	FCSR,VEC3	FCSR,VEC1,VEC2	VEC3	disagree	DST+ref:FCSR	PSTATE.SM	FCSR,VEC1,VEC2	VEC3	DST+ref:FCSR	-
FSUB_H_floatdp2	fsub	4338e11e	fsub h3, h2, h1	float	1:MRA	ok	FCSR,PSTATE.SM,VEC1,VEC2	FCSR,VEC3	FCSR,VEC1,VEC2	VEC3	disagree	DST+ref:FCSR	PSTATE.SM	FCSR,VEC1,VEC2	VEC3	DST+ref:FCSR	-
FSUB_S_floatdp2	fsub	4338211e	fsub s3, s2, s1	float	1:MRA	ok	FCSR,PSTATE.SM,VEC1,VEC2	FCSR,VEC3	FCSR,VEC1,VEC2	VEC3	disagree	DST+ref:FCSR	PSTATE.SM	FCSR,VEC1,VEC2	VEC3	DST+ref:FCSR	-
FSUB_asimdsame_only	fsub	85d4a34e	fsub v5.4s, v4.4s, v3.4s	advsimd	1:MRA	ok	FCSR,PSTATE.SM,VEC3,VEC4	FCSR,VEC5	FCSR,VEC3,VEC4	VEC5	disagree	DST+ref:FCSR	PSTATE.SM	FCSR,VEC3,VEC4	VEC5	DST+ref:FCSR	-
FSUB_asimdsamefp16_only	fsub	6414c24e	fsub v4.8h, v3.8h, v2.8h	advsimd	1:MRA	ok	FCSR,PSTATE.SM,VEC2,VEC3	FCSR,VEC4	FCSR,VEC2,VEC3	VEC4	disagree	DST+ref:FCSR	PSTATE.SM	FCSR,VEC2,VEC3	VEC4	DST+ref:FCSR	-
GCSB_HD_hints	gcsb	7f2203d5	gcsb dsync	system	1:MRA	ok	-	-	-	-	agree	-	-	-	-	same	-
GCSPOPCX_SYS_CR_systeminstrs	gcspopcx	bf7708d5	gcspopcx	system	1:MRA	ok	ZERO	SYS	-	-	disagree	DST+ref:SYS SRC+ref:ZERO	-	-	-	DST+ref:SYS SRC+ref:ZERO	-
GCSPOPM_SYSL_RC_systeminstrs	gcspopm	21772bd5	gcspopm x1	system	1:MRA	ok	SYS	GPR1	-	GPR1	disagree	SRC+ref:SYS	-	-	GPR1	SRC+ref:SYS	-
GCSPOPX_SYS_CR_systeminstrs	gcspopx	df7708d5	gcspopx	system	1:MRA	ok	ZERO	SYS	-	-	disagree	DST+ref:SYS SRC+ref:ZERO	-	-	-	DST+ref:SYS SRC+ref:ZERO	-
GCSPUSHM_SYS_CR_systeminstrs	gcspushm	01770bd5	gcspushm x1	system	1:MRA	ok	GPR1	SYS	GPR1	-	disagree	DST+ref:SYS	-	GPR1	-	DST+ref:SYS	-
GCSPUSHX_SYS_CR_systeminstrs	gcspushx	9f7708d5	gcspushx	system	1:MRA	ok	ZERO	SYS	-	-	disagree	DST+ref:SYS SRC+ref:ZERO	-	-	-	DST+ref:SYS SRC+ref:ZERO	-
GCSSS1_SYS_CR_systeminstrs	gcsss1	41770bd5	gcsss1 x1	system	1:MRA	ok	GPR1	SYS	GPR1	-	disagree	DST+ref:SYS	-	GPR1	-	DST+ref:SYS	-
GCSSS2_SYSL_RC_systeminstrs	gcsss2	61772bd5	gcsss2 x1	system	1:MRA	ok	SYS	GPR1	-	GPR1	disagree	SRC+ref:SYS	-	-	GPR1	SRC+ref:SYS	-
GCSSTR_64_ldst_gcs	gcsstr	220c1fd9	gcsstr x2, x1	general	1:MRA	ok	GPR1,GPR2,PSTATE.EL	-	GPR1,GPR2	-	agree	-	PSTATE.EL	GPR1,GPR2	-	same	-
GCSSTTR_64_ldst_gcs	gcssttr	221c1fd9	gcssttr x2, x1	general	1:MRA	ok	GPR1,GPR2,PSTATE.EL,PSTATE.UAO	-	GPR1,GPR2	-	agree	-	PSTATE.EL,PSTATE.UAO	GPR1,GPR2	-	same	-
GMI_64G_dp_2src	gmi	4314c19a	gmi x3, x2, x1	general	1:MRA	ok	GPR1,GPR2	GPR3	GPR1,GPR2	GPR3	agree	-	-	GPR1,GPR2	GPR3	same	-
HINT_HM_hints	hint	7f2403d5	hint #35	system	1:MRA	ok	GPR16,PSTATE.A,PSTATE.EL,SYS	GPR16,SYS	-	-	disagree	DST+ref:GPR# DST+ref:SYS SRC+ref:GPR# SRC+ref:SYS	PSTATE.A,PSTATE.EL	-	-	DST+ref:GPR# DST+ref:SYS SRC+ref:GPR# SRC+ref:SYS	-
HLT_EX_exception	hlt	200040d4	hlt #0x1	system	1:MRA	ok	-	-	-	-	agree	-	-	-	-	same	-
HVC_EX_exception	hvc	220000d4	hvc #0x1	system	1:MRA	ok	PSTATE.EL,SYS	-	-	-	disagree	SRC+ref:SYS	PSTATE.EL	-	-	SRC+ref:SYS	-
IC_SYS_CR_systeminstrs	ic	647209d5	sys #1, c7, c2, #3, x4	system	1:MRA	ok	GPR4	SYS	GPR4	-	disagree	DST+ref:SYS	-	GPR4	-	DST+ref:SYS	-
INS_asimdins_IR_r	ins	431c014e	mov v3.b[0], w2	advsimd	1:MRA	ok	GPR2,VEC3	VEC3	GPR2,VEC3	VEC3	agree	-	-	GPR2,VEC3	VEC3	same	unbounded-loop
INS_asimdins_IV_v	ins	6414016e	mov v4.b[0], v3.b[2]	advsimd	1:MRA	ok	VEC3,VEC4	VEC4	VEC3,VEC4	VEC4	agree	-	-	VEC3,VEC4	VEC4	same	unbounded-loop
IRG_64I_dp_2src	irg	4310c19a	irg x3, x2, x1	general	1:MRA	ok	GPR1,GPR2,PSTATE.EL,SYS	GPR3,SYS	GPR1,GPR2	GPR3	disagree	DST+ref:SYS SRC+ref:SYS	PSTATE.EL	GPR1,GPR2	GPR3	DST+ref:SYS SRC+ref:SYS	-
ISB_BI_barriers	isb	df3103d5	isb #1	system	1:MRA	ok	-	-	-	-	agree	-	-	-	-	same	-
LD1R_asisdlso_R1	ld1r	64c8404d	ld1r { v4.4s }, [x3]	advsimd	1:MRA	ok	GPR3,PSTATE.SM	VEC4	GPR3	VEC4	agree	-	PSTATE.SM	GPR3	VEC4	same	-
LD1R_asisdlsop_R1_i	ld1r	64c8df4d	ld1r { v4.4s }, [x3], #4	advsimd	1:MRA	ok	GPR3,PSTATE.SM	GPR3,VEC4	GPR3	GPR3,VEC4	agree	-	PSTATE.SM	GPR3,ZERO	GPR3,VEC4	SRC+trc:ZERO	-
LD1R_asisdlsop_RX1_r	ld1r	85ccc24d	ld1r { v5.2d }, [x4], x2	advsimd	1:MRA	ok	GPR2,GPR4,PSTATE.SM	GPR4,VEC5	GPR2,GPR4	GPR4,VEC5	agree	-	PSTATE.SM	GPR2,GPR4	GPR4,VEC5	same	-
LD1_asisdlse_R1_1v	ld1	6478404c	ld1 { v4.4s }, [x3]	advsimd	1:MRA	ok	GPR3,PSTATE.SM	VEC4	GPR3	VEC4	agree	-	PSTATE.SM	GPR3	VEC4	same	dead-reads:4
LD1_asisdlse_R2_2v	ld1	64a8404c	ld1 { v4.4s, v5.4s }, [x3]	advsimd	1:MRA	ok	GPR3,PSTATE.SM	VEC4,VEC5	GPR3	VEC4,VEC5	agree	-	PSTATE.SM	GPR3	VEC4,VEC5	same	dead-reads:8
LD1_asisdlse_R3_3v	ld1	6468404c	ld1 { v4.4s, v5.4s, v6.4s }, [x3]	advsimd	1:MRA	ok	GPR3,PSTATE.SM	VEC4,VEC5,VEC6	GPR3	VEC4,VEC5,VEC6	agree	-	PSTATE.SM	GPR3	VEC4,VEC5,VEC6	same	dead-reads:12
LD1_asisdlse_R4_4v	ld1	6428404c	ld1 { v4.4s, v5.4s, v6.4s, v7.4s }, [x3]	advsimd	1:MRA	ok	GPR3,PSTATE.SM	VEC4,VEC5,VEC6,VEC7	GPR3	VEC4,VEC5,VEC6,VEC7	agree	-	PSTATE.SM	GPR3	VEC4,VEC5,VEC6,VEC7	same	dead-reads:16
LD1_asisdlsep_I1_i1	ld1	6478df4c	ld1 { v4.4s }, [x3], #16	advsimd	1:MRA	ok	GPR3,PSTATE.SM	GPR3,VEC4	GPR3	GPR3,VEC4	agree	-	PSTATE.SM	GPR3,ZERO	GPR3,VEC4	SRC+trc:ZERO	dead-reads:4
LD1_asisdlsep_I2_i2	ld1	64a8df4c	ld1 { v4.4s, v5.4s }, [x3], #32	advsimd	1:MRA	ok	GPR3,PSTATE.SM	GPR3,VEC4,VEC5	GPR3	GPR3,VEC4,VEC5	agree	-	PSTATE.SM	GPR3,ZERO	GPR3,VEC4,VEC5	SRC+trc:ZERO	dead-reads:8
LD1_asisdlsep_I3_i3	ld1	6468df4c	ld1 { v4.4s, v5.4s, v6.4s }, [x3], #48	advsimd	1:MRA	ok	GPR3,PSTATE.SM	GPR3,VEC4,VEC5,VEC6	GPR3	GPR3,VEC4,VEC5,VEC6	agree	-	PSTATE.SM	GPR3,ZERO	GPR3,VEC4,VEC5,VEC6	SRC+trc:ZERO	dead-reads:12
LD1_asisdlsep_I4_i4	ld1	6428df4c	ld1 { v4.4s, v5.4s, v6.4s, v7.4s }, [x3], #64	advsimd	1:MRA	ok	GPR3,PSTATE.SM	GPR3,VEC4,VEC5,VEC6,VEC7	GPR3	GPR3,VEC4,VEC5,VEC6,VEC7	agree	-	PSTATE.SM	GPR3,ZERO	GPR3,VEC4,VEC5,VEC6,VEC7	SRC+trc:ZERO	dead-reads:16
LD1_asisdlsep_R1_r1	ld1	857cc24c	ld1 { v5.2d }, [x4], x2	advsimd	1:MRA	ok	GPR2,GPR4,PSTATE.SM	GPR4,VEC5	GPR2,GPR4	GPR4,VEC5	agree	-	PSTATE.SM	GPR2,GPR4	GPR4,VEC5	same	dead-reads:2
LD1_asisdlsep_R2_r2	ld1	85acc24c	ld1 { v5.2d, v6.2d }, [x4], x2	advsimd	1:MRA	ok	GPR2,GPR4,PSTATE.SM	GPR4,VEC5,VEC6	GPR2,GPR4	GPR4,VEC5,VEC6	agree	-	PSTATE.SM	GPR2,GPR4	GPR4,VEC5,VEC6	same	dead-reads:4
LD1_asisdlsep_R3_r3	ld1	856cc24c	ld1 { v5.2d, v6.2d, v7.2d }, [x4], x2	advsimd	1:MRA	ok	GPR2,GPR4,PSTATE.SM	GPR4,VEC5,VEC6,VEC7	GPR2,GPR4	GPR4,VEC5,VEC6,VEC7	agree	-	PSTATE.SM	GPR2,GPR4	GPR4,VEC5,VEC6,VEC7	same	dead-reads:6
LD1_asisdlsep_R4_r4	ld1	852cc24c	ld1 { v5.2d, v6.2d, v7.2d, v8.2d }, [x4], x2	advsimd	1:MRA	ok	GPR2,GPR4,PSTATE.SM	GPR4,VEC5,VEC6,VEC7,VEC8	GPR2,GPR4	GPR4,VEC5,VEC6,VEC7,VEC8	agree	-	PSTATE.SM	GPR2,GPR4	GPR4,VEC5,VEC6,VEC7,VEC8	same	dead-reads:8
LD1_asisdlso_B1_1b	ld1	850c404d	ld1 { v5.b }[11], [x4]	advsimd	1:MRA	ok	GPR4,PSTATE.SM,VEC5	VEC5	GPR4,VEC5	VEC5	agree	-	PSTATE.SM	GPR4,VEC5	VEC5	same	-
LD1_asisdlso_D1_1d	ld1	4384404d	ld1 { v3.d }[1], [x2]	advsimd	1:MRA	ok	GPR2,PSTATE.SM,VEC3	VEC3	GPR2,VEC3	VEC3	agree	-	PSTATE.SM	GPR2,VEC3	VEC3	same	-
LD1_asisdlso_H1_1h	ld1	8548404d	ld1 { v5.h }[5], [x4]	advsimd	1:MRA	ok	GPR4,PSTATE.SM,VEC5	VEC5	GPR4,VEC5	VEC5	agree	-	PSTATE.SM	GPR4,VEC5	VEC5	same	-
LD1_asisdlso_S1_1s	ld1	6480404d	ld1 { v4.s }[2], [x3]	advsimd	1:MRA	ok	GPR3,PSTATE.SM,VEC4	VEC4	GPR3,VEC4	VEC4	agree	-	PSTATE.SM	GPR3,VEC4	VEC4	same	-
LD1_asisdlsop_B1_i1b	ld1	850cdf4d	ld1 { v5.b }[11], [x4], #1	advsimd	1:MRA	ok	GPR4,PSTATE.SM,VEC5	GPR4,VEC5	GPR4,VEC5	GPR4,VEC5	agree	-	PSTATE.SM	GPR4,VEC5,ZERO	GPR4,VEC5	SRC+trc:ZERO	-
LD1_asisdlsop_BX1_r1b	ld1	a610c24d	ld1 { v6.b }[12], [x5], x2	advsimd	1:MRA	ok	GPR2,GPR5,PSTATE.SM,VEC6	GPR5,VEC6	GPR2,GPR5,VEC6	GPR5,VEC6	agree	-	PSTATE.SM	GPR2,GPR5,VEC6	GPR5,VEC6	same	-
LD1_asisdlsop_D1_i1d	ld1	4384df4d	ld1 { v3.d }[1], [x2], #8	advsimd	1:MRA	ok	GPR2,PSTATE.SM,VEC3	GPR2,VEC3	GPR2,VEC3	GPR2,VEC3	agree	-	PSTATE.SM	GPR2,VEC3,ZERO	GPR2,VEC3	SRC+trc:ZERO	-
LD1_asisdlsop_DX1_r1d	ld1	6484c24d	ld1 { v4.d }[1], [x3], x2	advsimd	1:MRA	ok	GPR2,GPR3,PSTATE.SM,VEC4	GPR3,VEC4	GPR2,GPR3,VEC4	GPR3,VEC4	agree	-	PSTATE.SM	GPR2,GPR3,VEC4	GPR3,VEC4	same	-
LD1_asisdlsop_H1_i1h	ld1	8548df4d	ld1 { v5.h }[5], [x4], #2	advsimd	1:MRA	ok	GPR4,PSTATE.SM,VEC5	GPR4,VEC5	GPR4,VEC5	GPR4,VEC5	agree	-	PSTATE.SM	GPR4,VEC5,ZERO	GPR4,VEC5	SRC+trc:ZERO	-
LD1_asisdlsop_HX1_r1h	ld1	a650c24d	ld1 { v6.h }[6], [x5], x2	advsimd	1:MRA	ok	GPR2,GPR5,PSTATE.SM,VEC6	GPR5,VEC6	GPR2,GPR5,VEC6	GPR5,VEC6	agree	-	PSTATE.SM	GPR2,GPR5,VEC6	GPR5,VEC6	same	-
LD1_asisdlsop_S1_i1s	ld1	6480df4d	ld1 { v4.s }[2], [x3], #4	advsimd	1:MRA	ok	GPR3,PSTATE.SM,VEC4	GPR3,VEC4	GPR3,VEC4	GPR3,VEC4	agree	-	PSTATE.SM	GPR3,VEC4,ZERO	GPR3,VEC4	SRC+trc:ZERO	-
LD1_asisdlsop_SX1_r1s	ld1	8590c24d	ld1 { v5.s }[3], [x4], x2	advsimd	1:MRA	ok	GPR2,GPR4,PSTATE.SM,VEC5	GPR4,VEC5	GPR2,GPR4,VEC5	GPR4,VEC5	agree	-	PSTATE.SM	GPR2,GPR4,VEC5	GPR4,VEC5	same	-
LD2R_asisdlso_R2	ld2r	64c8604d	ld2r { v4.4s, v5.4s }, [x3]	advsimd	1:MRA	ok	GPR3,PSTATE.SM	VEC4,VEC5	GPR3	VEC4,VEC5	agree	-	PSTATE.SM	GPR3	VEC4,VEC5	same	-
LD2R_asisdlsop_R2_i	ld2r	64c8ff4d	ld2r { v4.4s, v5.4s }, [x3], #8	advsimd	1:MRA	ok	GPR3,PSTATE.SM	GPR3,VEC4,VEC5	GPR3	GPR3,VEC4,VEC5	agree	-	PSTATE.SM	GPR3,ZERO	GPR3,VEC4,VEC5	SRC+trc:ZERO	-
LD2R_asisdlsop_RX2_r	ld2r	85cce24d	ld2r { v5.2d, v6.2d }, [x4], x2	advsimd	1:MRA	ok	GPR2,GPR4,PSTATE.SM	GPR4,VEC5,VEC6	GPR2,GPR4	GPR4,VEC5,VEC6	agree	-	PSTATE.SM	GPR2,GPR4	GPR4,VEC5,VEC6	same	-
LD2_asisdlse_R2	ld2	6488404c	ld2 { v4.4s, v5.4s }, [x3]	advsimd	1:MRA	ok	GPR3,PSTATE.SM	VEC4,VEC5	GPR3	VEC4,VEC5	agree	-	PSTATE.SM	GPR3	VEC4,VEC5	same	dead-reads:8
LD2_asisdlsep_I2_i	ld2	6488df4c	ld2 { v4.4s, v5.4s }, [x3], #32	advsimd	1:MRA	ok	GPR3,PSTATE.SM	GPR3,VEC4,VEC5	GPR3	GPR3,VEC4,VEC5	agree	-	PSTATE.SM	GPR3,ZERO	GPR3,VEC4,VEC5	SRC+trc:ZERO	dead-reads:8
LD2_asisdlsep_R2_r	ld2	858cc24c	ld2 { v5.2d, v6.2d }, [x4], x2	advsimd	1:MRA	ok	GPR2,GPR4,PSTATE.SM	GPR4,VEC5,VEC6	GPR2,GPR4	GPR4,VEC5,VEC6	agree	-	PSTATE.SM	GPR2,GPR4	GPR4,VEC5,VEC6	same	dead-reads:4
LD2_asisdlso_B2_2b	ld2	850c604d	ld2 { v5.b, v6.b }[11], [x4]	advsimd	1:MRA	ok	GPR4,PSTATE.SM,VEC5,VEC6	VEC5,VEC6	GPR4,VEC5,VEC6	VEC5,VEC6	agree	-	PSTATE.SM	GPR4,VEC5,VEC6	VEC5,VEC6	same	-
LD2_asisdlso_D2_2d	ld2	4384604d	ld2 { v3.d, v4.d }[1], [x2]	advsimd	1:MRA	ok	GPR2,PSTATE.SM,VEC3,VEC4	VEC3,VEC4	GPR2,VEC3,VEC4	VEC3,VEC4	agree	-	PSTATE.SM	GPR2,VEC3,VEC4	VEC3,VEC4	same	-
LD2_asisdlso_H2_2h	ld2	8548604d	ld2 { v5.h, v6.h }[5], [x4]	advsimd	1:MRA	ok	GPR4,PSTATE.SM,VEC5,VEC6	VEC5,VEC6	GPR4,VEC5,VEC6	VEC5,VEC6	agree	-	PSTATE.SM	GPR4,VEC5,VEC6	VEC5,VEC6	same	-
LD2_asisdlso_S2_2s	ld2	6480604d	ld2 { v4.s, v5.s }[2], [x3]	advsimd	1:MRA	ok	GPR3,PSTATE.SM,VEC4,VEC5	VEC4,VEC5	GPR3,VEC4,VEC5	VEC4,VEC5	agree	-	PSTATE.SM	GPR3,VEC4,VEC5	VEC4,VEC5	same	-
LD2_asisdlsop_B2_i2b	ld2	850cff4d	ld2 { v5.b, v6.b }[11], [x4], #2	advsimd	1:MRA	ok	GPR4,PSTATE.SM,VEC5,VEC6	GPR4,VEC5,VEC6	GPR4,VEC5,VEC6	GPR4,VEC5,VEC6	agree	-	PSTATE.SM	GPR4,VEC5,VEC6,ZERO	GPR4,VEC5,VEC6	SRC+trc:ZERO	-
LD2_asisdlsop_BX2_r2b	ld2	a610e24d	ld2 { v6.b, v7.b }[12], [x5], x2	advsimd	1:MRA	ok	GPR2,GPR5,PSTATE.SM,VEC6,VEC7	GPR5,VEC6,VEC7	GPR2,GPR5,VEC6,VEC7	GPR5,VEC6,VEC7	agree	-	PSTATE.SM	GPR2,GPR5,VEC6,VEC7	GPR5,VEC6,VEC7	same	-
LD2_asisdlsop_D2_i2d	ld2	4384ff4d	ld2 { v3.d, v4.d }[1], [x2], #16	advsimd	1:MRA	ok	GPR2,PSTATE.SM,VEC3,VEC4	GPR2,VEC3,VEC4	GPR2,VEC3,VEC4	GPR2,VEC3,VEC4	agree	-	PSTATE.SM	GPR2,VEC3,VEC4,ZERO	GPR2,VEC3,VEC4	SRC+trc:ZERO	-
LD2_asisdlsop_DX2_r2d	ld2	6484e24d	ld2 { v4.d, v5.d }[1], [x3], x2	advsimd	1:MRA	ok	GPR2,GPR3,PSTATE.SM,VEC4,VEC5	GPR3,VEC4,VEC5	GPR2,GPR3,VEC4,VEC5	GPR3,VEC4,VEC5	agree	-	PSTATE.SM	GPR2,GPR3,VEC4,VEC5	GPR3,VEC4,VEC5	same	-
LD2_asisdlsop_H2_i2h	ld2	8548ff4d	ld2 { v5.h, v6.h }[5], [x4], #4	advsimd	1:MRA	ok	GPR4,PSTATE.SM,VEC5,VEC6	GPR4,VEC5,VEC6	GPR4,VEC5,VEC6	GPR4,VEC5,VEC6	agree	-	PSTATE.SM	GPR4,VEC5,VEC6,ZERO	GPR4,VEC5,VEC6	SRC+trc:ZERO	-
LD2_asisdlsop_HX2_r2h	ld2	a650e24d	ld2 { v6.h, v7.h }[6], [x5], x2	advsimd	1:MRA	ok	GPR2,GPR5,PSTATE.SM,VEC6,VEC7	GPR5,VEC6,VEC7	GPR2,GPR5,VEC6,VEC7	GPR5,VEC6,VEC7	agree	-	PSTATE.SM	GPR2,GPR5,VEC6,VEC7	GPR5,VEC6,VEC7	same	-
LD2_asisdlsop_S2_i2s	ld2	6480ff4d	ld2 { v4.s, v5.s }[2], [x3], #8	advsimd	1:MRA	ok	GPR3,PSTATE.SM,VEC4,VEC5	GPR3,VEC4,VEC5	GPR3,VEC4,VEC5	GPR3,VEC4,VEC5	agree	-	PSTATE.SM	GPR3,VEC4,VEC5,ZERO	GPR3,VEC4,VEC5	SRC+trc:ZERO	-
LD2_asisdlsop_SX2_r2s	ld2	8590e24d	ld2 { v5.s, v6.s }[3], [x4], x2	advsimd	1:MRA	ok	GPR2,GPR4,PSTATE.SM,VEC5,VEC6	GPR4,VEC5,VEC6	GPR2,GPR4,VEC5,VEC6	GPR4,VEC5,VEC6	agree	-	PSTATE.SM	GPR2,GPR4,VEC5,VEC6	GPR4,VEC5,VEC6	same	-
LD3R_asisdlso_R3	ld3r	64e8404d	ld3r { v4.4s, v5.4s, v6.4s }, [x3]	advsimd	1:MRA	ok	GPR3,PSTATE.SM	VEC4,VEC5,VEC6	GPR3	VEC4,VEC5,VEC6	agree	-	PSTATE.SM	GPR3	VEC4,VEC5,VEC6	same	-
LD3R_asisdlsop_R3_i	ld3r	64e8df4d	ld3r { v4.4s, v5.4s, v6.4s }, [x3], #12	advsimd	1:MRA	ok	GPR3,PSTATE.SM	GPR3,VEC4,VEC5,VEC6	GPR3	GPR3,VEC4,VEC5,VEC6	agree	-	PSTATE.SM	GPR3,ZERO	GPR3,VEC4,VEC5,VEC6	SRC+trc:ZERO	-
LD3R_asisdlsop_RX3_r	ld3r	85ecc24d	ld3r { v5.2d, v6.2d, v7.2d }, [x4], x2	advsimd	1:MRA	ok	GPR2,GPR4,PSTATE.SM	GPR4,VEC5,VEC6,VEC7	GPR2,GPR4	GPR4,VEC5,VEC6,VEC7	agree	-	PSTATE.SM	GPR2,GPR4	GPR4,VEC5,VEC6,VEC7	same	-
LD3_asisdlse_R3	ld3	6448404c	ld3 { v4.4s, v5.4s, v6.4s }, [x3]	advsimd	1:MRA	ok	GPR3,PSTATE.SM	VEC4,VEC5,VEC6	GPR3	VEC4,VEC5,VEC6	agree	-	PSTATE.SM	GPR3	VEC4,VEC5,VEC6	same	dead-reads:12
LD3_asisdlsep_I3_i	ld3	6448df4c	ld3 { v4.4s, v5.4s, v6.4s }, [x3], #48	advsimd	1:MRA	ok	GPR3,PSTATE.SM	GPR3,VEC4,VEC5,VEC6	GPR3	GPR3,VEC4,VEC5,VEC6	agree	-	PSTATE.SM	GPR3,ZERO	GPR3,VEC4,VEC5,VEC6	SRC+trc:ZERO	dead-reads:12
LD3_asisdlsep_R3_r	ld3	854cc24c	ld3 { v5.2d, v6.2d, v7.2d }, [x4], x2	advsimd	1:MRA	ok	GPR2,GPR4,PSTATE.SM	GPR4,VEC5,VEC6,VEC7	GPR2,GPR4	GPR4,VEC5,VEC6,VEC7	agree	-	PSTATE.SM	GPR2,GPR4	GPR4,VEC5,VEC6,VEC7	same	dead-reads:6
LD3_asisdlso_B3_3b	ld3	852c404d	ld3 { v5.b, v6.b, v7.b }[11], [x4]	advsimd	1:MRA	ok	GPR4,PSTATE.SM,VEC5,VEC6,VEC7	VEC5,VEC6,VEC7	GPR4,VEC5,VEC6,VEC7	VEC5,VEC6,VEC7	agree	-	PSTATE.SM	GPR4,VEC5,VEC6,VEC7	VEC5,VEC6,VEC7	same	-
LD3_asisdlso_D3_3d	ld3	43a4404d	ld3 { v3.d, v4.d, v5.d }[1], [x2]	advsimd	1:MRA	ok	GPR2,PSTATE.SM,VEC3,VEC4,VEC5	VEC3,VEC4,VEC5	GPR2,VEC3,VEC4,VEC5	VEC3,VEC4,VEC5	agree	-	PSTATE.SM	GPR2,VEC3,VEC4,VEC5	VEC3,VEC4,VEC5	same	-
LD3_asisdlso_H3_3h	ld3	8568404d	ld3 { v5.h, v6.h, v7.h }[5], [x4]	advsimd	1:MRA	ok	GPR4,PSTATE.SM,VEC5,VEC6,VEC7	VEC5,VEC6,VEC7	GPR4,VEC5,VEC6,VEC7	VEC5,VEC6,VEC7	agree	-	PSTATE.SM	GPR4,VEC5,VEC6,VEC7	VEC5,VEC6,VEC7	same	-
LD3_asisdlso_S3_3s	ld3	64a0404d	ld3 { v4.s, v5.s, v6.s }[2], [x3]	advsimd	1:MRA	ok	GPR3,PSTATE.SM,VEC4,VEC5,VEC6	VEC4,VEC5,VEC6	GPR3,VEC4,VEC5,VEC6	VEC4,VEC5,VEC6	agree	-	PSTATE.SM	GPR3,VEC4,VEC5,VEC6	VEC4,VEC5,VEC6	same	-
LD3_asisdlsop_B3_i3b	ld3	852cdf4d	ld3 { v5.b, v6.b, v7.b }[11], [x4], #3	advsimd	1:MRA	ok	GPR4,PSTATE.SM,VEC5,VEC6,VEC7	GPR4,VEC5,VEC6,VEC7	GPR4,VEC5,VEC6,VEC7	GPR4,VEC5,VEC6,VEC7	agree	-	PSTATE.SM	GPR4,VEC5,VEC6,VEC7,ZERO	GPR4,VEC5,VEC6,VEC7	SRC+trc:ZERO	-
LD3_asisdlsop_BX3_r3b	ld3	a630c24d	ld3 { v6.b, v7.b, v8.b }[12], [x5], x2	advsimd	1:MRA	ok	GPR2,GPR5,PSTATE.SM,VEC6,VEC7,VEC8	GPR5,VEC6,VEC7,VEC8	GPR2,GPR5,VEC6,VEC7,VEC8	GPR5,VEC6,VEC7,VEC8	agree	-	PSTATE.SM	GPR2,GPR5,VEC6,VEC7,VEC8	GPR5,VEC6,VEC7,VEC8	same	-
LD3_asisdlsop_D3_i3d	ld3	43a4df4d	ld3 { v3.d, v4.d, v5.d }[1], [x2], #24	advsimd	1:MRA	ok	GPR2,PSTATE.SM,VEC3,VEC4,VEC5	GPR2,VEC3,VEC4,VEC5	GPR2,VEC3,VEC4,VEC5	GPR2,VEC3,VEC4,VEC5	agree	-	PSTATE.SM	GPR2,VEC3,VEC4,VEC5,ZERO	GPR2,VEC3,VEC4,VEC5	SRC+trc:ZERO	-
LD3_asisdlsop_DX3_r3d	ld3	64a4c24d	ld3 { v4.d, v5.d, v6.d }[1], [x3], x2	advsimd	1:MRA	ok	GPR2,GPR3,PSTATE.SM,VEC4,VEC5,VEC6	GPR3,VEC4,VEC5,VEC6	GPR2,GPR3,VEC4,VEC5,VEC6	GPR3,VEC4,VEC5,VEC6	agree	-	PSTATE.SM	GPR2,GPR3,VEC4,VEC5,VEC6	GPR3,VEC4,VEC5,VEC6	same	-
LD3_asisdlsop_H3_i3h	ld3	8568df4d	ld3 { v5.h, v6.h, v7.h }[5], [x4], #6	advsimd	1:MRA	ok	GPR4,PSTATE.SM,VEC5,VEC6,VEC7	GPR4,VEC5,VEC6,VEC7	GPR4,VEC5,VEC6,VEC7	GPR4,VEC5,VEC6,VEC7	agree	-	PSTATE.SM	GPR4,VEC5,VEC6,VEC7,ZERO	GPR4,VEC5,VEC6,VEC7	SRC+trc:ZERO	-
LD3_asisdlsop_HX3_r3h	ld3	a670c24d	ld3 { v6.h, v7.h, v8.h }[6], [x5], x2	advsimd	1:MRA	ok	GPR2,GPR5,PSTATE.SM,VEC6,VEC7,VEC8	GPR5,VEC6,VEC7,VEC8	GPR2,GPR5,VEC6,VEC7,VEC8	GPR5,VEC6,VEC7,VEC8	agree	-	PSTATE.SM	GPR2,GPR5,VEC6,VEC7,VEC8	GPR5,VEC6,VEC7,VEC8	same	-
LD3_asisdlsop_S3_i3s	ld3	64a0df4d	ld3 { v4.s, v5.s, v6.s }[2], [x3], #12	advsimd	1:MRA	ok	GPR3,PSTATE.SM,VEC4,VEC5,VEC6	GPR3,VEC4,VEC5,VEC6	GPR3,VEC4,VEC5,VEC6	GPR3,VEC4,VEC5,VEC6	agree	-	PSTATE.SM	GPR3,VEC4,VEC5,VEC6,ZERO	GPR3,VEC4,VEC5,VEC6	SRC+trc:ZERO	-
LD3_asisdlsop_SX3_r3s	ld3	85b0c24d	ld3 { v5.s, v6.s, v7.s }[3], [x4], x2	advsimd	1:MRA	ok	GPR2,GPR4,PSTATE.SM,VEC5,VEC6,VEC7	GPR4,VEC5,VEC6,VEC7	GPR2,GPR4,VEC5,VEC6,VEC7	GPR4,VEC5,VEC6,VEC7	agree	-	PSTATE.SM	GPR2,GPR4,VEC5,VEC6,VEC7	GPR4,VEC5,VEC6,VEC7	same	-
LD4R_asisdlso_R4	ld4r	64e8604d	ld4r { v4.4s, v5.4s, v6.4s, v7.4s }, [x3]	advsimd	1:MRA	ok	GPR3,PSTATE.SM	VEC4,VEC5,VEC6,VEC7	GPR3	VEC4,VEC5,VEC6,VEC7	agree	-	PSTATE.SM	GPR3	VEC4,VEC5,VEC6,VEC7	same	-
LD4R_asisdlsop_R4_i	ld4r	64e8ff4d	ld4r { v4.4s, v5.4s, v6.4s, v7.4s }, [x3], #16	advsimd	1:MRA	ok	GPR3,PSTATE.SM	GPR3,VEC4,VEC5,VEC6,VEC7	GPR3	GPR3,VEC4,VEC5,VEC6,VEC7	agree	-	PSTATE.SM	GPR3,ZERO	GPR3,VEC4,VEC5,VEC6,VEC7	SRC+trc:ZERO	-
LD4R_asisdlsop_RX4_r	ld4r	85ece24d	ld4r { v5.2d, v6.2d, v7.2d, v8.2d }, [x4], x2	advsimd	1:MRA	ok	GPR2,GPR4,PSTATE.SM	GPR4,VEC5,VEC6,VEC7,VEC8	GPR2,GPR4	GPR4,VEC5,VEC6,VEC7,VEC8	agree	-	PSTATE.SM	GPR2,GPR4	GPR4,VEC5,VEC6,VEC7,VEC8	same	-
LD4_asisdlse_R4	ld4	6408404c	ld4 { v4.4s, v5.4s, v6.4s, v7.4s }, [x3]	advsimd	1:MRA	ok	GPR3,PSTATE.SM	VEC4,VEC5,VEC6,VEC7	GPR3	VEC4,VEC5,VEC6,VEC7	agree	-	PSTATE.SM	GPR3	VEC4,VEC5,VEC6,VEC7	same	dead-reads:16
LD4_asisdlsep_I4_i	ld4	6408df4c	ld4 { v4.4s, v5.4s, v6.4s, v7.4s }, [x3], #64	advsimd	1:MRA	ok	GPR3,PSTATE.SM	GPR3,VEC4,VEC5,VEC6,VEC7	GPR3	GPR3,VEC4,VEC5,VEC6,VEC7	agree	-	PSTATE.SM	GPR3,ZERO	GPR3,VEC4,VEC5,VEC6,VEC7	SRC+trc:ZERO	dead-reads:16
LD4_asisdlsep_R4_r	ld4	850cc24c	ld4 { v5.2d, v6.2d, v7.2d, v8.2d }, [x4], x2	advsimd	1:MRA	ok	GPR2,GPR4,PSTATE.SM	GPR4,VEC5,VEC6,VEC7,VEC8	GPR2,GPR4	GPR4,VEC5,VEC6,VEC7,VEC8	agree	-	PSTATE.SM	GPR2,GPR4	GPR4,VEC5,VEC6,VEC7,VEC8	same	dead-reads:8
LD4_asisdlso_B4_4b	ld4	852c604d	ld4 { v5.b, v6.b, v7.b, v8.b }[11], [x4]	advsimd	1:MRA	ok	GPR4,PSTATE.SM,VEC5,VEC6,VEC7,VEC8	VEC5,VEC6,VEC7,VEC8	GPR4,VEC5,VEC6,VEC7,VEC8	VEC5,VEC6,VEC7,VEC8	agree	-	PSTATE.SM	GPR4,VEC5,VEC6,VEC7,VEC8	VEC5,VEC6,VEC7,VEC8	same	-
LD4_asisdlso_D4_4d	ld4	43a4604d	ld4 { v3.d, v4.d, v5.d, v6.d }[1], [x2]	advsimd	1:MRA	ok	GPR2,PSTATE.SM,VEC3,VEC4,VEC5,VEC6	VEC3,VEC4,VEC5,VEC6	GPR2,VEC3,VEC4,VEC5,VEC6	VEC3,VEC4,VEC5,VEC6	agree	-	PSTATE.SM	GPR2,VEC3,VEC4,VEC5,VEC6	VEC3,VEC4,VEC5,VEC6	same	-
LD4_asisdlso_H4_4h	ld4	8568604d	ld4 { v5.h, v6.h, v7.h, v8.h }[5], [x4]	advsimd	1:MRA	ok	GPR4,PSTATE.SM,VEC5,VEC6,VEC7,VEC8	VEC5,VEC6,VEC7,VEC8	GPR4,VEC5,VEC6,VEC7,VEC8	VEC5,VEC6,VEC7,VEC8	agree	-	PSTATE.SM	GPR4,VEC5,VEC6,VEC7,VEC8	VEC5,VEC6,VEC7,VEC8	same	-
LD4_asisdlso_S4_4s	ld4	64a0604d	ld4 { v4.s, v5.s, v6.s, v7.s }[2], [x3]	advsimd	1:MRA	ok	GPR3,PSTATE.SM,VEC4,VEC5,VEC6,VEC7	VEC4,VEC5,VEC6,VEC7	GPR3,VEC4,VEC5,VEC6,VEC7	VEC4,VEC5,VEC6,VEC7	agree	-	PSTATE.SM	GPR3,VEC4,VEC5,VEC6,VEC7	VEC4,VEC5,VEC6,VEC7	same	-
LD4_asisdlsop_B4_i4b	ld4	852cff4d	ld4 { v5.b, v6.b, v7.b, v8.b }[11], [x4], #4	advsimd	1:MRA	ok	GPR4,PSTATE.SM,VEC5,VEC6,VEC7,VEC8	GPR4,VEC5,VEC6,VEC7,VEC8	GPR4,VEC5,VEC6,VEC7,VEC8	GPR4,VEC5,VEC6,VEC7,VEC8	agree	-	PSTATE.SM	GPR4,VEC5,VEC6,VEC7,VEC8,ZERO	GPR4,VEC5,VEC6,VEC7,VEC8	SRC+trc:ZERO	-
LD4_asisdlsop_BX4_r4b	ld4	a630e24d	ld4 { v6.b, v7.b, v8.b, v9.b }[12], [x5], x2	advsimd	1:MRA	ok	GPR2,GPR5,PSTATE.SM,VEC6,VEC7,VEC8,VEC9	GPR5,VEC6,VEC7,VEC8,VEC9	GPR2,GPR5,VEC6,VEC7,VEC8,VEC9	GPR5,VEC6,VEC7,VEC8,VEC9	agree	-	PSTATE.SM	GPR2,GPR5,VEC6,VEC7,VEC8,VEC9	GPR5,VEC6,VEC7,VEC8,VEC9	same	-
LD4_asisdlsop_D4_i4d	ld4	43a4ff4d	ld4 { v3.d, v4.d, v5.d, v6.d }[1], [x2], #32	advsimd	1:MRA	ok	GPR2,PSTATE.SM,VEC3,VEC4,VEC5,VEC6	GPR2,VEC3,VEC4,VEC5,VEC6	GPR2,VEC3,VEC4,VEC5,VEC6	GPR2,VEC3,VEC4,VEC5,VEC6	agree	-	PSTATE.SM	GPR2,VEC3,VEC4,VEC5,VEC6,ZERO	GPR2,VEC3,VEC4,VEC5,VEC6	SRC+trc:ZERO	-
LD4_asisdlsop_DX4_r4d	ld4	64a4e24d	ld4 { v4.d, v5.d, v6.d, v7.d }[1], [x3], x2	advsimd	1:MRA	ok	GPR2,GPR3,PSTATE.SM,VEC4,VEC5,VEC6,VEC7	GPR3,VEC4,VEC5,VEC6,VEC7	GPR2,GPR3,VEC4,VEC5,VEC6,VEC7	GPR3,VEC4,VEC5,VEC6,VEC7	agree	-	PSTATE.SM	GPR2,GPR3,VEC4,VEC5,VEC6,VEC7	GPR3,VEC4,VEC5,VEC6,VEC7	same	-
LD4_asisdlsop_H4_i4h	ld4	8568ff4d	ld4 { v5.h, v6.h, v7.h, v8.h }[5], [x4], #8	advsimd	1:MRA	ok	GPR4,PSTATE.SM,VEC5,VEC6,VEC7,VEC8	GPR4,VEC5,VEC6,VEC7,VEC8	GPR4,VEC5,VEC6,VEC7,VEC8	GPR4,VEC5,VEC6,VEC7,VEC8	agree	-	PSTATE.SM	GPR4,VEC5,VEC6,VEC7,VEC8,ZERO	GPR4,VEC5,VEC6,VEC7,VEC8	SRC+trc:ZERO	-
LD4_asisdlsop_HX4_r4h	ld4	a670e24d	ld4 { v6.h, v7.h, v8.h, v9.h }[6], [x5], x2	advsimd	1:MRA	ok	GPR2,GPR5,PSTATE.SM,VEC6,VEC7,VEC8,VEC9	GPR5,VEC6,VEC7,VEC8,VEC9	GPR2,GPR5,VEC6,VEC7,VEC8,VEC9	GPR5,VEC6,VEC7,VEC8,VEC9	agree	-	PSTATE.SM	GPR2,GPR5,VEC6,VEC7,VEC8,VEC9	GPR5,VEC6,VEC7,VEC8,VEC9	same	-
LD4_asisdlsop_S4_i4s	ld4	64a0ff4d	ld4 { v4.s, v5.s, v6.s, v7.s }[2], [x3], #16	advsimd	1:MRA	ok	GPR3,PSTATE.SM,VEC4,VEC5,VEC6,VEC7	GPR3,VEC4,VEC5,VEC6,VEC7	GPR3,VEC4,VEC5,VEC6,VEC7	GPR3,VEC4,VEC5,VEC6,VEC7	agree	-	PSTATE.SM	GPR3,VEC4,VEC5,VEC6,VEC7,ZERO	GPR3,VEC4,VEC5,VEC6,VEC7	SRC+trc:ZERO	-
LD4_asisdlsop_SX4_r4s	ld4	85b0e24d	ld4 { v5.s, v6.s, v7.s, v8.s }[3], [x4], x2	advsimd	1:MRA	ok	GPR2,GPR4,PSTATE.SM,VEC5,VEC6,VEC7,VEC8	GPR4,VEC5,VEC6,VEC7,VEC8	GPR2,GPR4,VEC5,VEC6,VEC7,VEC8	GPR4,VEC5,VEC6,VEC7,VEC8	agree	-	PSTATE.SM	GPR2,GPR4,VEC5,VEC6,VEC7,VEC8	GPR4,VEC5,VEC6,VEC7,VEC8	same	-
LD64B_64L_memop	ld64b	22d03ff8	ld64b x2, [x1]	general	1:MRA	ok	GPR1,PSTATE.EL,SYS	GPR2,GPR3,GPR4,GPR5,GPR6,GPR7,GPR8,GPR9	GPR1	GPR2	disagree	DST+ref:GPR# DST+ref:GPR# DST+ref:GPR# DST+ref:GPR# DST+ref:GPR# DST+ref:GPR# DST+ref:GPR# SRC+ref:SYS	PSTATE.EL	GPR1	GPR2,GPR3,GPR4,GPR5,GPR6,GPR7,GPR8,GPR9	SRC+ref:SYS	-
LDADDAB_32_memop	ldaddab	4300a138	ldaddab w1, w3, [x2]	general	1:MRA	ok	GPR1,GPR2	GPR3	GPR1,GPR2	GPR3	agree	-	-	GPR1,GPR2	GPR3	same	-
LDADDAH_32_memop	ldaddah	4300a178	ldaddah w1, w3, [x2]	general	1:MRA	ok	GPR1,GPR2	GPR3	GPR1,GPR2	GPR3	agree	-	-	GPR1,GPR2	GPR3	same	-
LDADDALB_32_memop	ldaddalb	4300e138	ldaddalb w1, w3, [x2]	general	1:MRA	ok	GPR1,GPR2	GPR3	GPR1,GPR2	GPR3	agree	-	-	GPR1,GPR2	GPR3	same	-
LDADDALH_32_memop	ldaddalh	4300e178	ldaddalh w1, w3, [x2]	general	1:MRA	ok	GPR1,GPR2	GPR3	GPR1,GPR2	GPR3	agree	-	-	GPR1,GPR2	GPR3	same	-
LDADDAL_32_memop	ldaddal	4300e1b8	ldaddal w1, w3, [x2]	general	1:MRA	ok	GPR1,GPR2	GPR3	GPR1,GPR2	GPR3	agree	-	-	GPR1,GPR2	GPR3	same	-
LDADDAL_64_memop	ldaddal	4300e1f8	ldaddal x1, x3, [x2]	general	1:MRA	ok	GPR1,GPR2	GPR3	GPR1,GPR2	GPR3	agree	-	-	GPR1,GPR2	GPR3	same	-
LDADDA_32_memop	ldadda	4300a1b8	ldadda w1, w3, [x2]	general	1:MRA	ok	GPR1,GPR2	GPR3	GPR1,GPR2	GPR3	agree	-	-	GPR1,GPR2	GPR3	same	-
LDADDA_64_memop	ldadda	4300a1f8	ldadda x1, x3, [x2]	general	1:MRA	ok	GPR1,GPR2	GPR3	GPR1,GPR2	GPR3	agree	-	-	GPR1,GPR2	GPR3	same	-
LDADDB_32_memop	ldaddb	43002138	ldaddb w1, w3, [x2]	general	1:MRA	ok	GPR1,GPR2	GPR3	GPR1,GPR2	GPR3	agree	-	-	GPR1,GPR2	GPR3	same	-
LDADDH_32_memop	ldaddh	43002178	ldaddh w1, w3, [x2]	general	1:MRA	ok	GPR1,GPR2	GPR3	GPR1,GPR2	GPR3	agree	-	-	GPR1,GPR2	GPR3	same	-
LDADDLB_32_memop	ldaddlb	43006138	ldaddlb w1, w3, [x2]	general	1:MRA	ok	GPR1,GPR2	GPR3	GPR1,GPR2	GPR3	agree	-	-	GPR1,GPR2	GPR3	same	-
LDADDLH_32_memop	ldaddlh	43006178	ldaddlh w1, w3, [x2]	general	1:MRA	ok	GPR1,GPR2	GPR3	GPR1,GPR2	GPR3	agree	-	-	GPR1,GPR2	GPR3	same	-
LDADDL_32_memop	ldaddl	430061b8	ldaddl w1, w3, [x2]	general	1:MRA	ok	GPR1,GPR2	GPR3	GPR1,GPR2	GPR3	agree	-	-	GPR1,GPR2	GPR3	same	-
LDADDL_64_memop	ldaddl	430061f8	ldaddl x1, x3, [x2]	general	1:MRA	ok	GPR1,GPR2	GPR3	GPR1,GPR2	GPR3	agree	-	-	GPR1,GPR2	GPR3	same	-
LDADD_32_memop	ldadd	430021b8	ldadd w1, w3, [x2]	general	1:MRA	ok	GPR1,GPR2	GPR3	GPR1,GPR2	GPR3	agree	-	-	GPR1,GPR2	GPR3	same	-
LDADD_64_memop	ldadd	430021f8	ldadd x1, x3, [x2]	general	1:MRA	ok	GPR1,GPR2	GPR3	GPR1,GPR2	GPR3	agree	-	-	GPR1,GPR2	GPR3	same	-
LDAP1_asisdlso_D1	ldap1	4384414d	ldap1 { v3.d }[1], [x2]	advsimd	1:MRA	ok	GPR2,PSTATE.SM,VEC3	VEC3	GPR2,VEC3	VEC3	agree	-	PSTATE.SM	GPR2,VEC3	VEC3	same	-
LDAPRB_32L_memop	ldaprb	22c0bf38	ldaprb w2, [x1]	general	1:MRA	ok	GPR1	GPR2	GPR1	GPR2	agree	-	-	GPR1	GPR2	same	-
LDAPRH_32L_memop	ldaprh	22c0bf78	ldaprh w2, [x1]	general	1:MRA	ok	GPR1	GPR2	GPR1	GPR2	agree	-	-	GPR1	GPR2	same	-
LDAPR_32L_ldapstl_writeback	ldapr	2208c099	ldapr w2, [x1], #4	general	1:MRA	ok	GPR1	GPR1,GPR2	GPR1	GPR1,GPR2	agree	-	-	GPR1	GPR1,GPR2	same	-
LDAPR_32L_memop	ldapr	22c0bfb8	ldapr w2, [x1]	general	1:MRA	ok	GPR1	GPR2	GPR1	GPR2	agree	-	-	GPR1	GPR2	same	-
LDAPR_64L_ldapstl_writeback	ldapr	2208c0d9	ldapr x2, [x1], #8	general	1:MRA	ok	GPR1	GPR1,GPR2	GPR1	GPR1,GPR2	agree	-	-	GPR1	GPR1,GPR2	same	-
LDAPR_64L_memop	ldapr	22c0bff8	ldapr x2, [x1]	general	1:MRA	ok	GPR1	GPR2	GPR1	GPR2	agree	-	-	GPR1	GPR2	same	-
LDAPURB_32_ldapstl_unscaled	ldapurb	43104019	ldapurb w3, [x2, #1]	general	1:MRA	ok	GPR2	GPR3	GPR2	GPR3	agree	-	-	GPR2	GPR3	same	-
LDAPURH_32_ldapstl_unscaled	ldapurh	43104059	ldapurh w3, [x2, #1]	general	1:MRA	ok	GPR2	GPR3	GPR2	GPR3	agree	-	-	GPR2	GPR3	same	-
LDAPURSB_32_ldapstl_unscaled	ldapursb	4310c019	ldapursb w3, [x2, #1]	general	1:MRA	ok	GPR2	GPR3	GPR2	GPR3	agree	-	-	GPR2	GPR3	same	-
LDAPURSB_64_ldapstl_unscaled	ldapursb	43108019	ldapursb x3, [x2, #1]	general	1:MRA	ok	GPR2	GPR3	GPR2	GPR3	agree	-	-	GPR2	GPR3	same	-
LDAPURSH_32_ldapstl_unscaled	ldapursh	4310c059	ldapursh w3, [x2, #1]	general	1:MRA	ok	GPR2	GPR3	GPR2	GPR3	agree	-	-	GPR2	GPR3	same	-
LDAPURSH_64_ldapstl_unscaled	ldapursh	43108059	ldapursh x3, [x2, #1]	general	1:MRA	ok	GPR2	GPR3	GPR2	GPR3	agree	-	-	GPR2	GPR3	same	-
LDAPURSW_64_ldapstl_unscaled	ldapursw	43108099	ldapursw x3, [x2, #1]	general	1:MRA	ok	GPR2	GPR3	GPR2	GPR3	agree	-	-	GPR2	GPR3	same	-
LDAPUR_32_ldapstl_unscaled	ldapur	43104099	ldapur w3, [x2, #1]	general	1:MRA	ok	GPR2	GPR3	GPR2	GPR3	agree	-	-	GPR2	GPR3	same	-
LDAPUR_64_ldapstl_unscaled	ldapur	431040d9	ldapur x3, [x2, #1]	general	1:MRA	ok	GPR2	GPR3	GPR2	GPR3	agree	-	-	GPR2	GPR3	same	-
LDAPUR_B_ldapstl_simd	ldapur	4318401d	ldapur b3, [x2, #1]	fpsimd	1:MRA	ok	GPR2,PSTATE.SM	VEC3	GPR2	VEC3	agree	-	PSTATE.SM	GPR2	VEC3	same	-
LDAPUR_D_ldapstl_simd	ldapur	431840dd	ldapur d3, [x2, #1]	fpsimd	1:MRA	ok	GPR2,PSTATE.SM	VEC3	GPR2	VEC3	agree	-	PSTATE.SM	GPR2	VEC3	same	-
LDAPUR_H_ldapstl_simd	ldapur	4318405d	ldapur h3, [x2, #1]	fpsimd	1:MRA	ok	GPR2,PSTATE.SM	VEC3	GPR2	VEC3	agree	-	PSTATE.SM	GPR2	VEC3	same	-
LDAPUR_Q_ldapstl_simd	ldapur	4318c01d	ldapur q3, [x2, #1]	fpsimd	1:MRA	ok	GPR2,PSTATE.SM	VEC3	GPR2	VEC3	agree	-	PSTATE.SM	GPR2	VEC3	same	-
LDAPUR_S_ldapstl_simd	ldapur	4318409d	ldapur s3, [x2, #1]	fpsimd	1:MRA	ok	GPR2,PSTATE.SM	VEC3	GPR2	VEC3	agree	-	PSTATE.SM	GPR2	VEC3	same	-
LDARB_LR32_ldstord	ldarb	22fcdf08	ldarb w2, [x1]	general	1:MRA	ok	GPR1	GPR2	GPR1	GPR2	agree	-	-	GPR1	GPR2	same	-
LDARH_LR32_ldstord	ldarh	22fcdf48	ldarh w2, [x1]	general	1:MRA	ok	GPR1	GPR2	GPR1	GPR2	agree	-	-	GPR1	GPR2	same	-
LDAR_LR32_ldstord	ldar	22fcdf88	ldar w2, [x1]	general	1:MRA	ok	GPR1	GPR2	GPR1	GPR2	agree	-	-	GPR1	GPR2	same	-
LDAR_LR64_ldstord	ldar	22fcdfc8	ldar x2, [x1]	general	1:MRA	ok	GPR1	GPR2	GPR1	GPR2	agree	-	-	GPR1	GPR2	same	-
LDAXP_LP32_ldstexclp	ldaxp	43847f88	ldaxp w3, w1, [x2]	general	1:MRA	ok	GPR2	GPR1,GPR3	GPR2	GPR1,GPR3	agree	-	-	GPR2	GPR1,GPR3	same	-
LDAXP_LP64_ldstexclp	ldaxp	43847fc8	ldaxp x3, x1, [x2]	general	1:MRA	ok	GPR2	GPR1,GPR3	GPR2	GPR1,GPR3	agree	-	-	GPR2	GPR1,GPR3	same	-
LDAXRB_LR32_ldstexclr	ldaxrb	22fc5f08	ldaxrb w2, [x1]	general	1:MRA	ok	GPR1	GPR2	GPR1	GPR2	agree	-	-	GPR1	GPR2	same	-
LDAXRH_LR32_ldstexclr	ldaxrh	22fc5f48	ldaxrh w2, [x1]	general	1:MRA	ok	GPR1	GPR2	GPR1	GPR2	agree	-	-	GPR1	GPR2	same	-
LDAXR_LR32_ldstexclr	ldaxr	22fc5f88	ldaxr w2, [x1]	general	1:MRA	ok	GPR1	GPR2	GPR1	GPR2	agree	-	-	GPR1	GPR2	same	-
LDAXR_LR64_ldstexclr	ldaxr	22fc5fc8	ldaxr x2, [x1]	general	1:MRA	ok	GPR1	GPR2	GPR1	GPR2	agree	-	-	GPR1	GPR2	same	-
LDCLRAB_32_memop	ldclrab	4310a138	ldclrab w1, w3, [x2]	general	1:MRA	ok	GPR1,GPR2	GPR3	GPR1,GPR2	GPR3	agree	-	-	GPR1,GPR2	GPR3	same	-
LDCLRAH_32_memop	ldclrah	4310a178	ldclrah w1, w3, [x2]	general	1:MRA	ok	GPR1,GPR2	GPR3	GPR1,GPR2	GPR3	agree	-	-	GPR1,GPR2	GPR3	same	-
LDCLRALB_32_memop	ldclralb	4310e138	ldclralb w1, w3, [x2]	general	1:MRA	ok	GPR1,GPR2	GPR3	GPR1,GPR2	GPR3	agree	-	-	GPR1,GPR2	GPR3	same	-
LDCLRALH_32_memop	ldclralh	4310e178	ldclralh w1, w3, [x2]	general	1:MRA	ok	GPR1,GPR2	GPR3	GPR1,GPR2	GPR3	agree	-	-	GPR1,GPR2	GPR3	same	-
LDCLRAL_32_memop	ldclral	4310e1b8	ldclral w1, w3, [x2]	general	1:MRA	ok	GPR1,GPR2	GPR3	GPR1,GPR2	GPR3	agree	-	-	GPR1,GPR2	GPR3	same	-
LDCLRAL_64_memop	ldclral	4310e1f8	ldclral x1, x3, [x2]	general	1:MRA	ok	GPR1,GPR2	GPR3	GPR1,GPR2	GPR3	agree	-	-	GPR1,GPR2	GPR3	same	-
LDCLRA_32_memop	ldclra	4310a1b8	ldclra w1, w3, [x2]	general	1:MRA	ok	GPR1,GPR2	GPR3	GPR1,GPR2	GPR3	agree	-	-	GPR1,GPR2	GPR3	same	-
LDCLRA_64_memop	ldclra	4310a1f8	ldclra x1, x3, [x2]	general	1:MRA	ok	GPR1,GPR2	GPR3	GPR1,GPR2	GPR3	agree	-	-	GPR1,GPR2	GPR3	same	-
LDCLRB_32_memop	ldclrb	43102138	ldclrb w1, w3, [x2]	general	1:MRA	ok	GPR1,GPR2	GPR3	GPR1,GPR2	GPR3	agree	-	-	GPR1,GPR2	GPR3	same	-
LDCLRH_32_memop	ldclrh	43102178	ldclrh w1, w3, [x2]	general	1:MRA	ok	GPR1,GPR2	GPR3	GPR1,GPR2	GPR3	agree	-	-	GPR1,GPR2	GPR3	same	-
LDCLRLB_32_memop	ldclrlb	43106138	ldclrlb w1, w3, [x2]	general	1:MRA	ok	GPR1,GPR2	GPR3	GPR1,GPR2	GPR3	agree	-	-	GPR1,GPR2	GPR3	same	-
LDCLRLH_32_memop	ldclrlh	43106178	ldclrlh w1, w3, [x2]	general	1:MRA	ok	GPR1,GPR2	GPR3	GPR1,GPR2	GPR3	agree	-	-	GPR1,GPR2	GPR3	same	-
LDCLRL_32_memop	ldclrl	431061b8	ldclrl w1, w3, [x2]	general	1:MRA	ok	GPR1,GPR2	GPR3	GPR1,GPR2	GPR3	agree	-	-	GPR1,GPR2	GPR3	same	-
LDCLRL_64_memop	ldclrl	431061f8	ldclrl x1, x3, [x2]	general	1:MRA	ok	GPR1,GPR2	GPR3	GPR1,GPR2	GPR3	agree	-	-	GPR1,GPR2	GPR3	same	-
LDCLRPAL_128_memop_128	ldclrpal	4310e119	ldclrpal x3, x1, [x2]	general	1:MRA	ok	GPR1,GPR2,GPR3	GPR1,GPR3	GPR1,GPR2,GPR3	GPR1,GPR3	agree	-	-	GPR1,GPR2,GPR3	GPR1,GPR3	same	-
LDCLRPA_128_memop_128	ldclrpa	4310a119	ldclrpa x3, x1, [x2]	general	1:MRA	ok	GPR1,GPR2,GPR3	GPR1,GPR3	GPR1,GPR2,GPR3	GPR1,GPR3	agree	-	-	GPR1,GPR2,GPR3	GPR1,GPR3	same	-
LDCLRPL_128_memop_128	ldclrpl	43106119	ldclrpl x3, x1, [x2]	general	1:MRA	ok	GPR1,GPR2,GPR3	GPR1,GPR3	GPR1,GPR2,GPR3	GPR1,GPR3	agree	-	-	GPR1,GPR2,GPR3	GPR1,GPR3	same	-
LDCLRP_128_memop_128	ldclrp	43102119	ldclrp x3, x1, [x2]	general	1:MRA	ok	GPR1,GPR2,GPR3	GPR1,GPR3	GPR1,GPR2,GPR3	GPR1,GPR3	agree	-	-	GPR1,GPR2,GPR3	GPR1,GPR3	same	-
LDCLR_32_memop	ldclr	431021b8	ldclr w1, w3, [x2]	general	1:MRA	ok	GPR1,GPR2	GPR3	GPR1,GPR2	GPR3	agree	-	-	GPR1,GPR2	GPR3	same	-
LDCLR_64_memop	ldclr	431021f8	ldclr x1, x3, [x2]	general	1:MRA	ok	GPR1,GPR2	GPR3	GPR1,GPR2	GPR3	agree	-	-	GPR1,GPR2	GPR3	same	-
LDEORAB_32_memop	ldeorab	4320a138	ldeorab w1, w3, [x2]	general	1:MRA	ok	GPR1,GPR2	GPR3	GPR1,GPR2	GPR3	agree	-	-	GPR1,GPR2	GPR3	same	-
LDEORAH_32_memop	ldeorah	4320a178	ldeorah w1, w3, [x2]	general	1:MRA	ok	GPR1,GPR2	GPR3	GPR1,GPR2	GPR3	agree	-	-	GPR1,GPR2	GPR3	same	-
LDEORALB_32_memop	ldeoralb	4320e138	ldeoralb w1, w3, [x2]	general	1:MRA	ok	GPR1,GPR2	GPR3	GPR1,GPR2	GPR3	agree	-	-	GPR1,GPR2	GPR3	same	-
LDEORALH_32_memop	ldeoralh	4320e178	ldeoralh w1, w3, [x2]	general	1:MRA	ok	GPR1,GPR2	GPR3	GPR1,GPR2	GPR3	agree	-	-	GPR1,GPR2	GPR3	same	-
LDEORAL_32_memop	ldeoral	4320e1b8	ldeoral w1, w3, [x2]	general	1:MRA	ok	GPR1,GPR2	GPR3	GPR1,GPR2	GPR3	agree	-	-	GPR1,GPR2	GPR3	same	-
LDEORAL_64_memop	ldeoral	4320e1f8	ldeoral x1, x3, [x2]	general	1:MRA	ok	GPR1,GPR2	GPR3	GPR1,GPR2	GPR3	agree	-	-	GPR1,GPR2	GPR3	same	-
LDEORA_32_memop	ldeora	4320a1b8	ldeora w1, w3, [x2]	general	1:MRA	ok	GPR1,GPR2	GPR3	GPR1,GPR2	GPR3	agree	-	-	GPR1,GPR2	GPR3	same	-
LDEORA_64_memop	ldeora	4320a1f8	ldeora x1, x3, [x2]	general	1:MRA	ok	GPR1,GPR2	GPR3	GPR1,GPR2	GPR3	agree	-	-	GPR1,GPR2	GPR3	same	-
LDEORB_32_memop	ldeorb	43202138	ldeorb w1, w3, [x2]	general	1:MRA	ok	GPR1,GPR2	GPR3	GPR1,GPR2	GPR3	agree	-	-	GPR1,GPR2	GPR3	same	-
LDEORH_32_memop	ldeorh	43202178	ldeorh w1, w3, [x2]	general	1:MRA	ok	GPR1,GPR2	GPR3	GPR1,GPR2	GPR3	agree	-	-	GPR1,GPR2	GPR3	same	-
LDEORLB_32_memop	ldeorlb	43206138	ldeorlb w1, w3, [x2]	general	1:MRA	ok	GPR1,GPR2	GPR3	GPR1,GPR2	GPR3	agree	-	-	GPR1,GPR2	GPR3	same	-
LDEORLH_32_memop	ldeorlh	43206178	ldeorlh w1, w3, [x2]	general	1:MRA	ok	GPR1,GPR2	GPR3	GPR1,GPR2	GPR3	agree	-	-	GPR1,GPR2	GPR3	same	-
LDEORL_32_memop	ldeorl	432061b8	ldeorl w1, w3, [x2]	general	1:MRA	ok	GPR1,GPR2	GPR3	GPR1,GPR2	GPR3	agree	-	-	GPR1,GPR2	GPR3	same	-
LDEORL_64_memop	ldeorl	432061f8	ldeorl x1, x3, [x2]	general	1:MRA	ok	GPR1,GPR2	GPR3	GPR1,GPR2	GPR3	agree	-	-	GPR1,GPR2	GPR3	same	-
LDEOR_32_memop	ldeor	432021b8	ldeor w1, w3, [x2]	general	1:MRA	ok	GPR1,GPR2	GPR3	GPR1,GPR2	GPR3	agree	-	-	GPR1,GPR2	GPR3	same	-
LDEOR_64_memop	ldeor	432021f8	ldeor x1, x3, [x2]	general	1:MRA	ok	GPR1,GPR2	GPR3	GPR1,GPR2	GPR3	agree	-	-	GPR1,GPR2	GPR3	same	-
LDGM_64bulk_ldsttags	ldgm	2200e0d9	ldgm x2, [x1]	general	1:MRA	ok	GPR1,PSTATE.EL,SYS	GPR2	GPR1	GPR2	disagree	SRC+ref:SYS	PSTATE.EL	GPR1	GPR2	SRC+ref:SYS	unbounded-loop
LDG_64Loffset_ldsttags	ldg	431060d9	ldg x3, [x2, #16]	general	1:MRA	ok	GPR2,GPR3,PSTATE.EL,SYS	GPR3	GPR2,GPR3	GPR2,GPR3	disagree	DST+trc:GPR# SRC+ref:SYS	PSTATE.EL	GPR2,GPR3	GPR3	SRC+ref:SYS	-
LDIAPP_32LE_ldiappstilp	ldiapp	43084199	ldiapp w3, w1, [x2], #8	general	1:MRA	ok	GPR2	GPR1,GPR2,GPR3	GPR2	GPR1,GPR2,GPR3	agree	-	-	GPR2	GPR1,GPR2,GPR3	same	-
LDIAPP_32L_ldiappstilp	ldiapp	43184199	ldiapp w3, w1, [x2]	general	1:MRA	ok	GPR2	GPR1,GPR3	GPR2	GPR1,GPR3	agree	-	-	GPR2	GPR1,GPR3	same	-
LDIAPP_64LS_ldiappstilp	ldiapp	430841d9	ldiapp x3, x1, [x2], #16	general	1:MRA	ok	GPR2	GPR1,GPR2,GPR3	GPR2	GPR1,GPR2,GPR3	agree	-	-	GPR2	GPR1,GPR2,GPR3	same	-
LDIAPP_64L_ldiappstilp	ldiapp	431841d9	ldiapp x3, x1, [x2]	general	1:MRA	ok	GPR2	GPR1,GPR3	GPR2	GPR1,GPR3	agree	-	-	GPR2	GPR1,GPR3	same	-
LDLARB_LR32_ldstord	ldlarb	227cdf08	ldlarb w2, [x1]	general	1:MRA	ok	GPR1	GPR2	GPR1	GPR2	agree	-	-	GPR1	GPR2	same	-
LDLARH_LR32_ldstord	ldlarh	227cdf48	ldlarh w2, [x1]	general	1:MRA	ok	GPR1	GPR2	GPR1	GPR2	agree	-	-	GPR1	GPR2	same	-
LDLAR_LR32_ldstord	ldlar	227cdf88	ldlar w2, [x1]	general	1:MRA	ok	GPR1	GPR2	GPR1	GPR2	agree	-	-	GPR1	GPR2	same	-
LDLAR_LR64_ldstord	ldlar	227cdfc8	ldlar x2, [x1]	general	1:MRA	ok	GPR1	GPR2	GPR1	GPR2	agree	-	-	GPR1	GPR2	same	-
LDNP_32_ldstnapair_offs	ldnp	64884028	ldnp w4, w2, [x3, #4]	general	1:MRA	ok	GPR3,PSTATE.EL	GPR2,GPR4	GPR3	GPR2,GPR4	agree	-	PSTATE.EL	GPR3	GPR2,GPR4	same	-
LDNP_64_ldstnapair_offs	ldnp	648840a8	ldnp x4, x2, [x3, #8]	general	1:MRA	ok	GPR3,PSTATE.EL	GPR2,GPR4	GPR3	GPR2,GPR4	agree	-	PSTATE.EL	GPR3	GPR2,GPR4	same	-
LDNP_D_ldstnapair_offs	ldnp	6488406c	ldnp d4, d2, [x3, #8]	fpsimd	1:MRA	ok	GPR3,PSTATE.SM	VEC2,VEC4	GPR3	VEC2,VEC4	agree	-	PSTATE.SM	GPR3	VEC2,VEC4	same	-
LDNP_Q_ldstnapair_offs	ldnp	648840ac	ldnp q4, q2, [x3, #16]	fpsimd	1:MRA	ok	GPR3,PSTATE.SM	VEC2,VEC4	GPR3	VEC2,VEC4	agree	-	PSTATE.SM	GPR3	VEC2,VEC4	same	-
LDNP_S_ldstnapair_offs	ldnp	6488402c	ldnp s4, s2, [x3, #4]	fpsimd	1:MRA	ok	GPR3,PSTATE.SM	VEC2,VEC4	GPR3	VEC2,VEC4	agree	-	PSTATE.SM	GPR3	VEC2,VEC4	same	-
LDPSW_64_ldstpair_off	ldpsw	64884069	ldpsw x4, x2, [x3, #4]	general	1:MRA	ok	GPR3,PSTATE.EL	GPR2,GPR4	GPR3	GPR2,GPR4	agree	-	PSTATE.EL	GPR3	GPR2,GPR4	same	-
LDPSW_64_ldstpair_post	ldpsw	6488c068	ldpsw x4, x2, [x3], #4	general	1:MRA	ok	GPR3,PSTATE.EL	GPR2,GPR3,GPR4	GPR3	GPR2,GPR3,GPR4	agree	-	PSTATE.EL	GPR3	GPR2,GPR3,GPR4	same	-
LDPSW_64_ldstpair_pre	ldpsw	6488c069	ldpsw x4, x2, [x3, #4]!	general	1:MRA	ok	GPR3,PSTATE.EL	GPR2,GPR3,GPR4	GPR3	GPR2,GPR3,GPR4	agree	-	PSTATE.EL	GPR3	GPR2,GPR3,GPR4	same	-
LDP_32_ldstpair_off	ldp	64884029	ldp w4, w2, [x3, #4]	general	1:MRA	ok	GPR3,PSTATE.EL	GPR2,GPR4	GPR3	GPR2,GPR4	agree	-	PSTATE.EL	GPR3	GPR2,GPR4	same	-
LDP_32_ldstpair_post	ldp	6488c028	ldp w4, w2, [x3], #4	general	1:MRA	ok	GPR3,PSTATE.EL	GPR2,GPR3,GPR4	GPR3	GPR2,GPR3,GPR4	agree	-	PSTATE.EL	GPR3	GPR2,GPR3,GPR4	same	-
LDP_32_ldstpair_pre	ldp	6488c029	ldp w4, w2, [x3, #4]!	general	1:MRA	ok	GPR3,PSTATE.EL	GPR2,GPR3,GPR4	GPR3	GPR2,GPR3,GPR4	agree	-	PSTATE.EL	GPR3	GPR2,GPR3,GPR4	same	-
LDP_64_ldstpair_off	ldp	648840a9	ldp x4, x2, [x3, #8]	general	1:MRA	ok	GPR3,PSTATE.EL	GPR2,GPR4	GPR3	GPR2,GPR4	agree	-	PSTATE.EL	GPR3	GPR2,GPR4	same	-
LDP_64_ldstpair_post	ldp	6488c0a8	ldp x4, x2, [x3], #8	general	1:MRA	ok	GPR3,PSTATE.EL	GPR2,GPR3,GPR4	GPR3	GPR2,GPR3,GPR4	agree	-	PSTATE.EL	GPR3	GPR2,GPR3,GPR4	same	-
LDP_64_ldstpair_pre	ldp	6488c0a9	ldp x4, x2, [x3, #8]!	general	1:MRA	ok	GPR3,PSTATE.EL	GPR2,GPR3,GPR4	GPR3	GPR2,GPR3,GPR4	agree	-	PSTATE.EL	GPR3	GPR2,GPR3,GPR4	same	-
LDP_D_ldstpair_off	ldp	6488406d	ldp d4, d2, [x3, #8]	fpsimd	1:MRA	ok	GPR3,PSTATE.SM	VEC2,VEC4	GPR3	VEC2,VEC4	agree	-	PSTATE.SM	GPR3	VEC2,VEC4	same	-
LDP_D_ldstpair_post	ldp	6488c06c	ldp d4, d2, [x3], #8	fpsimd	1:MRA	ok	GPR3,PSTATE.SM	GPR3,VEC2,VEC4	GPR3	GPR3,VEC2,VEC4	agree	-	PSTATE.SM	GPR3	GPR3,VEC2,VEC4	same	-
LDP_D_ldstpair_pre	ldp	6488c06d	ldp d4, d2, [x3, #8]!	fpsimd	1:MRA	ok	GPR3,PSTATE.SM	GPR3,VEC2,VEC4	GPR3	GPR3,VEC2,VEC4	agree	-	PSTATE.SM	GPR3	GPR3,VEC2,VEC4	same	-
LDP_Q_ldstpair_off	ldp	648840ad	ldp q4, q2, [x3, #16]	fpsimd	1:MRA	ok	GPR3,PSTATE.SM	VEC2,VEC4	GPR3	VEC2,VEC4	agree	-	PSTATE.SM	GPR3	VEC2,VEC4	same	-
LDP_Q_ldstpair_post	ldp	6488c0ac	ldp q4, q2, [x3], #16	fpsimd	1:MRA	ok	GPR3,PSTATE.SM	GPR3,VEC2,VEC4	GPR3	GPR3,VEC2,VEC4	agree	-	PSTATE.SM	GPR3	GPR3,VEC2,VEC4	same	-
LDP_Q_ldstpair_pre	ldp	6488c0ad	ldp q4, q2, [x3, #16]!	fpsimd	1:MRA	ok	GPR3,PSTATE.SM	GPR3,VEC2,VEC4	GPR3	GPR3,VEC2,VEC4	agree	-	PSTATE.SM	GPR3	GPR3,VEC2,VEC4	same	-
LDP_S_ldstpair_off	ldp	6488402d	ldp s4, s2, [x3, #4]	fpsimd	1:MRA	ok	GPR3,PSTATE.SM	VEC2,VEC4	GPR3	VEC2,VEC4	agree	-	PSTATE.SM	GPR3	VEC2,VEC4	same	-
LDP_S_ldstpair_post	ldp	6488c02c	ldp s4, s2, [x3], #4	fpsimd	1:MRA	ok	GPR3,PSTATE.SM	GPR3,VEC2,VEC4	GPR3	GPR3,VEC2,VEC4	agree	-	PSTATE.SM	GPR3	GPR3,VEC2,VEC4	same	-
LDP_S_ldstpair_pre	ldp	6488c02d	ldp s4, s2, [x3, #4]!	fpsimd	1:MRA	ok	GPR3,PSTATE.SM	GPR3,VEC2,VEC4	GPR3	GPR3,VEC2,VEC4	agree	-	PSTATE.SM	GPR3	GPR3,VEC2,VEC4	same	-
LDRAA_64W_ldst_pac	ldraa	642c60f8	ldraa x4, [x3, #-4080]!		1:MRA	ok	GPR3,IP,PSTATE.EL,SYS,ZERO	GPR3,GPR4	GPR3	GPR3,GPR4	disagree	SRC+ref:SYS SRC+ref:ZERO	IP,PSTATE.EL	GPR3	GPR3,GPR4	SRC+ref:SYS SRC+ref:ZERO	-
LDRAA_64_ldst_pac	ldraa	642460f8	ldraa x4, [x3, #-4080]		1:MRA	ok	GPR3,IP,PSTATE.EL,SYS,ZERO	GPR4	GPR3	GPR4	disagree	SRC+ref:SYS SRC+ref:ZERO	IP,PSTATE.EL	GPR3	GPR4	SRC+ref:SYS SRC+ref:ZERO	-
LDRAB_64W_ldst_pac	ldrab	642ce0f8	ldrab x4, [x3, #-4080]!		1:MRA	ok	GPR3,IP,PSTATE.EL,SYS,ZERO	GPR3,GPR4	GPR3	GPR3,GPR4	disagree	SRC+ref:SYS SRC+ref:ZERO	IP,PSTATE.EL	GPR3	GPR3,GPR4	SRC+ref:SYS SRC+ref:ZERO	-
LDRAB_64_ldst_pac	ldrab	6424e0f8	ldrab x4, [x3, #-4080]		1:MRA	ok	GPR3,IP,PSTATE.EL,SYS,ZERO	GPR4	GPR3	GPR4	disagree	SRC+ref:SYS SRC+ref:ZERO	IP,PSTATE.EL	GPR3	GPR4	SRC+ref:SYS SRC+ref:ZERO	-
LDRB_32BL_ldst_regoff	ldrb	64686138	ldrb w4, [x3, x1]	general	1:MRA	ok	GPR1,GPR3,PSTATE.EL	GPR4	GPR1,GPR3	GPR4	agree	-	PSTATE.EL	GPR1,GPR3	GPR4	same	-
LDRB_32B_ldst_regoff	ldrb	85586138	ldrb w5, [x4, w1, uxtw #0]	general	1:MRA	ok	GPR1,GPR4,PSTATE.EL	GPR5	GPR1,GPR4	GPR5	agree	-	PSTATE.EL	GPR1,GPR4	GPR5	same	-
LDRB_32_ldst_immpost	ldrb	43144038	ldrb w3, [x2], #1	general	1:MRA	ok	GPR2,PSTATE.EL	GPR2,GPR3	GPR2	GPR2,GPR3	agree	-	PSTATE.EL	GPR2	GPR2,GPR3	same	-
LDRB_32_ldst_immpre	ldrb	431c4038	ldrb w3, [x2, #1]!	general	1:MRA	ok	GPR2,PSTATE.EL	GPR2,GPR3	GPR2	GPR2,GPR3	agree	-	PSTATE.EL	GPR2	GPR2,GPR3	same	-
LDRB_32_ldst_pos	ldrb	43044039	ldrb w3, [x2, #1]	general	1:MRA	ok	GPR2,PSTATE.EL	GPR3	GPR2	GPR3	agree	-	PSTATE.EL	GPR2	GPR3	same	-
LDRH_32_ldst_immpost	ldrh	43144078	ldrh w3, [x2], #1	general	1:MRA	ok	GPR2,PSTATE.EL	GPR2,GPR3	GPR2	GPR2,GPR3	agree	-	PSTATE.EL	GPR2	GPR2,GPR3	same	-
LDRH_32_ldst_immpre	ldrh	431c4078	ldrh w3, [x2, #1]!	general	1:MRA	ok	GPR2,PSTATE.EL	GPR2,GPR3	GPR2	GPR2,GPR3	agree	-	PSTATE.EL	GPR2	GPR2,GPR3	same	-
LDRH_32_ldst_pos	ldrh	43044079	ldrh w3, [x2, #2]	general	1:MRA	ok	GPR2,PSTATE.EL	GPR3	GPR2	GPR3	agree	-	PSTATE.EL	GPR2	GPR3	same	-
LDRH_32_ldst_regoff	ldrh	85586178	ldrh w5, [x4, w1, uxtw #1]	general	1:MRA	ok	GPR1,GPR4,PSTATE.EL	GPR5	GPR1,GPR4	GPR5	agree	-	PSTATE.EL	GPR1,GPR4	GPR5	same	-
LDRSB_32BL_ldst_regoff	ldrsb	6468e138	ldrsb w4, [x3, x1]	general	1:MRA	ok	GPR1,GPR3,PSTATE.EL	GPR4	GPR1,GPR3	GPR4	agree	-	PSTATE.EL	GPR1,GPR3	GPR4	same	-
LDRSB_32B_ldst_regoff	ldrsb	8558e138	ldrsb w5, [x4, w1, uxtw #0]	general	1:MRA	ok	GPR1,GPR4,PSTATE.EL	GPR5	GPR1,GPR4	GPR5	agree	-	PSTATE.EL	GPR1,GPR4	GPR5	same	-
LDRSB_32_ldst_immpost	ldrsb	4314c038	ldrsb w3, [x2], #1	general	1:MRA	ok	GPR2,PSTATE.EL	GPR2,GPR3	GPR2	GPR2,GPR3	agree	-	PSTATE.EL	GPR2	GPR2,GPR3	same	-
LDRSB_32_ldst_immpre	ldrsb	431cc038	ldrsb w3, [x2, #1]!	general	1:MRA	ok	GPR2,PSTATE.EL	GPR2,GPR3	GPR2	GPR2,GPR3	agree	-	PSTATE.EL	GPR2	GPR2,GPR3	same	-
LDRSB_32_ldst_pos	ldrsb	4304c039	ldrsb w3, [x2, #1]	general	1:MRA	ok	GPR2,PSTATE.EL	GPR3	GPR2	GPR3	agree	-	PSTATE.EL	GPR2	GPR3	same	-
LDRSB_64BL_ldst_regoff	ldrsb	6468a138	ldrsb x4, [x3, x1]	general	1:MRA	ok	GPR1,GPR3,PSTATE.EL	GPR4	GPR1,GPR3	GPR4	agree	-	PSTATE.EL	GPR1,GPR3	GPR4	same	-
LDRSB_64B_ldst_regoff	ldrsb	8558a138	ldrsb x5, [x4, w1, uxtw #0]	general	1:MRA	ok	GPR1,GPR4,PSTATE.EL	GPR5	GPR1,GPR4	GPR5	agree	-	PSTATE.EL	GPR1,GPR4	GPR5	same	-
LDRSB_64_ldst_immpost	ldrsb	43148038	ldrsb x3, [x2], #1	general	1:MRA	ok	GPR2,PSTATE.EL	GPR2,GPR3	GPR2	GPR2,GPR3	agree	-	PSTATE.EL	GPR2	GPR2,GPR3	same	-
LDRSB_64_ldst_immpre	ldrsb	431c8038	ldrsb x3, [x2, #1]!	general	1:MRA	ok	GPR2,PSTATE.EL	GPR2,GPR3	GPR2	GPR2,GPR3	agree	-	PSTATE.EL	GPR2	GPR2,GPR3	same	-
LDRSB_64_ldst_pos	ldrsb	43048039	ldrsb x3, [x2, #1]	general	1:MRA	ok	GPR2,PSTATE.EL	GPR3	GPR2	GPR3	agree	-	PSTATE.EL	GPR2	GPR3	same	-
LDRSH_32_ldst_immpost	ldrsh	4314c078	ldrsh w3, [x2], #1	general	1:MRA	ok	GPR2,PSTATE.EL	GPR2,GPR3	GPR2	GPR2,GPR3	agree	-	PSTATE.EL	GPR2	GPR2,GPR3	same	-
LDRSH_32_ldst_immpre	ldrsh	431cc078	ldrsh w3, [x2, #1]!	general	1:MRA	ok	GPR2,PSTATE.EL	GPR2,GPR3	GPR2	GPR2,GPR3	agree	-	PSTATE.EL	GPR2	GPR2,GPR3	same	-
LDRSH_32_ldst_pos	ldrsh	4304c079	ldrsh w3, [x2, #2]	general	1:MRA	ok	GPR2,PSTATE.EL	GPR3	GPR2	GPR3	agree	-	PSTATE.EL	GPR2	GPR3	same	-
LDRSH_32_ldst_regoff	ldrsh	8558e178	ldrsh w5, [x4, w1, uxtw #1]	general	1:MRA	ok	GPR1,GPR4,PSTATE.EL	GPR5	GPR1,GPR4	GPR5	agree	-	PSTATE.EL	GPR1,GPR4	GPR5	same	-
LDRSH_64_ldst_immpost	ldrsh	43148078	ldrsh x3, [x2], #1	general	1:MRA	ok	GPR2,PSTATE.EL	GPR2,GPR3	GPR2	GPR2,GPR3	agree	-	PSTATE.EL	GPR2	GPR2,GPR3	same	-
LDRSH_64_ldst_immpre	ldrsh	431c8078	ldrsh x3, [x2, #1]!	general	1:MRA	ok	GPR2,PSTATE.EL	GPR2,GPR3	GPR2	GPR2,GPR3	agree	-	PSTATE.EL	GPR2	GPR2,GPR3	same	-
LDRSH_64_ldst_pos	ldrsh	43048079	ldrsh x3, [x2, #2]	general	1:MRA	ok	GPR2,PSTATE.EL	GPR3	GPR2	GPR3	agree	-	PSTATE.EL	GPR2	GPR3	same	-
LDRSH_64_ldst_regoff	ldrsh	8558a178	ldrsh x5, [x4, w1, uxtw #1]	general	1:MRA	ok	GPR1,GPR4,PSTATE.EL	GPR5	GPR1,GPR4	GPR5	agree	-	PSTATE.EL	GPR1,GPR4	GPR5	same	-
LDRSW_64_ldst_immpost	ldrsw	431480b8	ldrsw x3, [x2], #1	general	1:MRA	ok	GPR2,PSTATE.EL	GPR2,GPR3	GPR2	GPR2,GPR3	agree	-	PSTATE.EL	GPR2	GPR2,GPR3	same	-
LDRSW_64_ldst_immpre	ldrsw	431c80b8	ldrsw x3, [x2, #1]!	general	1:MRA	ok	GPR2,PSTATE.EL	GPR2,GPR3	GPR2	GPR2,GPR3	agree	-	PSTATE.EL	GPR2	GPR2,GPR3	same	-
LDRSW_64_ldst_pos	ldrsw	430480b9	ldrsw x3, [x2, #4]	general	1:MRA	ok	GPR2,PSTATE.EL	GPR3	GPR2	GPR3	agree	-	PSTATE.EL	GPR2	GPR3	same	-
LDRSW_64_ldst_regoff	ldrsw	8558a1b8	ldrsw x5, [x4, w1, uxtw #2]	general	1:MRA	ok	GPR1,GPR4,PSTATE.EL	GPR5	GPR1,GPR4	GPR5	agree	-	PSTATE.EL	GPR1,GPR4	GPR5	same	-
LDRSW_64_loadlit	ldrsw	22000098	ldrsw x2, #4	general	1:MRA	ok	IP,PSTATE.EL	GPR2	-	GPR2	agree	-	IP,PSTATE.EL	-	GPR2	same	-
LDR_32_ldst_immpost	ldr	431440b8	ldr w3, [x2], #1	general	1:MRA	ok	GPR2,PSTATE.EL	GPR2,GPR3	GPR2	GPR2,GPR3	agree	-	PSTATE.EL	GPR2	GPR2,GPR3	same	-
LDR_32_ldst_immpre	ldr	431c40b8	ldr w3, [x2, #1]!	general	1:MRA	ok	GPR2,PSTATE.EL	GPR2,GPR3	GPR2	GPR2,GPR3	agree	-	PSTATE.EL	GPR2	GPR2,GPR3	same	-
LDR_32_ldst_pos	ldr	430440b9	ldr w3, [x2, #4]	general	1:MRA	ok	GPR2,PSTATE.EL	GPR3	GPR2	GPR3	agree	-	PSTATE.EL	GPR2	GPR3	same	-
LDR_32_ldst_regoff	ldr	855861b8	ldr w5, [x4, w1, uxtw #2]	general	1:MRA	ok	GPR1,GPR4,PSTATE.EL	GPR5	GPR1,GPR4	GPR5	agree	-	PSTATE.EL	GPR1,GPR4	GPR5	same	-
LDR_32_loadlit	ldr	22000018	ldr w2, #4	general	1:MRA	ok	IP,PSTATE.EL	GPR2	-	GPR2	agree	-	IP,PSTATE.EL	-	GPR2	same	-
LDR_64_ldst_immpost	ldr	431440f8	ldr x3, [x2], #1	general	1:MRA	ok	GPR2,PSTATE.EL	GPR2,GPR3	GPR2	GPR2,GPR3	agree	-	PSTATE.EL	GPR2	GPR2,GPR3	same	-
LDR_64_ldst_immpre	ldr	431c40f8	ldr x3, [x2, #1]!	general	1:MRA	ok	GPR2,PSTATE.EL	GPR2,GPR3	GPR2	GPR2,GPR3	agree	-	PSTATE.EL	GPR2	GPR2,GPR3	same	-
LDR_64_ldst_pos	ldr	430440f9	ldr x3, [x2, #8]	general	1:MRA	ok	GPR2,PSTATE.EL	GPR3	GPR2	GPR3	agree	-	PSTATE.EL	GPR2	GPR3	same	-
LDR_64_ldst_regoff	ldr	855861f8	ldr x5, [x4, w1, uxtw #3]	general	1:MRA	ok	GPR1,GPR4,PSTATE.EL	GPR5	GPR1,GPR4	GPR5	agree	-	PSTATE.EL	GPR1,GPR4	GPR5	same	-
LDR_64_loadlit	ldr	22000058	ldr x2, #4	general	1:MRA	ok	IP,PSTATE.EL	GPR2	-	GPR2	agree	-	IP,PSTATE.EL	-	GPR2	same	-
LDR_BL_ldst_regoff	ldr	6468613c	ldr b4, [x3, x1]	fpsimd	1:MRA	ok	GPR1,GPR3,PSTATE.SM	VEC4	GPR1,GPR3	VEC4	agree	-	PSTATE.SM	GPR1,GPR3	VEC4	same	-
LDR_B_ldst_immpost	ldr	4314403c	ldr b3, [x2], #1	fpsimd	1:MRA	ok	GPR2,PSTATE.SM	GPR2,VEC3	GPR2	GPR2,VEC3	agree	-	PSTATE.SM	GPR2	GPR2,VEC3	same	-
LDR_B_ldst_immpre	ldr	431c403c	ldr b3, [x2, #1]!	fpsimd	1:MRA	ok	GPR2,PSTATE.SM	GPR2,VEC3	GPR2	GPR2,VEC3	agree	-	PSTATE.SM	GPR2	GPR2,VEC3	same	-
LDR_B_ldst_pos	ldr	4304403d	ldr b3, [x2, #1]	fpsimd	1:MRA	ok	GPR2,PSTATE.SM	VEC3	GPR2	VEC3	agree	-	PSTATE.SM	GPR2	VEC3	same	-
LDR_B_ldst_regoff	ldr	8558613c	ldr b5, [x4, w1, uxtw #0]	fpsimd	1:MRA	ok	GPR1,GPR4,PSTATE.SM	VEC5	GPR1,GPR4	VEC5	agree	-	PSTATE.SM	GPR1,GPR4	VEC5	same	-
LDR_D_ldst_immpost	ldr	431440fc	ldr d3, [x2], #1	fpsimd	1:MRA	ok	GPR2,PSTATE.SM	GPR2,VEC3	GPR2	GPR2,VEC3	agree	-	PSTATE.SM	GPR2	GPR2,VEC3	same	-
LDR_D_ldst_immpre	ldr	431c40fc	ldr d3, [x2, #1]!	fpsimd	1:MRA	ok	GPR2,PSTATE.SM	GPR2,VEC3	GPR2	GPR2,VEC3	agree	-	PSTATE.SM	GPR2	GPR2,VEC3	same	-
LDR_D_ldst_pos	ldr	430440fd	ldr d3, [x2, #8]	fpsimd	1:MRA	ok	GPR2,PSTATE.SM	VEC3	GPR2	VEC3	agree	-	PSTATE.SM	GPR2	VEC3	same	-
LDR_D_ldst_regoff	ldr	855861fc	ldr d5, [x4, w1, uxtw #3]	fpsimd	1:MRA	ok	GPR1,GPR4,PSTATE.SM	VEC5	GPR1,GPR4	VEC5	agree	-	PSTATE.SM	GPR1,GPR4	VEC5	same	-
LDR_D_loadlit	ldr	2200005c	ldr d2, #4	fpsimd	1:MRA	ok	IP,PSTATE.EL,PSTATE.SM	VEC2	-	VEC2	agree	-	IP,PSTATE.EL,PSTATE.SM	-	VEC2	same	-
LDR_H_ldst_immpost	ldr	4314407c	ldr h3, [x2], #1	fpsimd	1:MRA	ok	GPR2,PSTATE.SM	GPR2,VEC3	GPR2	GPR2,VEC3	agree	-	PSTATE.SM	GPR2	GPR2,VEC3	same	-
LDR_H_ldst_immpre	ldr	431c407c	ldr h3, [x2, #1]!	fpsimd	1:MRA	ok	GPR2,PSTATE.SM	GPR2,VEC3	GPR2	GPR2,VEC3	agree	-	PSTATE.SM	GPR2	GPR2,VEC3	same	-
LDR_H_ldst_pos	ldr	4304407d	ldr h3, [x2, #2]	fpsimd	1:MRA	ok	GPR2,PSTATE.SM	VEC3	GPR2	VEC3	agree	-	PSTATE.SM	GPR2	VEC3	same	-
LDR_H_ldst_regoff	ldr	8558617c	ldr h5, [x4, w1, uxtw #1]	fpsimd	1:MRA	ok	GPR1,GPR4,PSTATE.SM	VEC5	GPR1,GPR4	VEC5	agree	-	PSTATE.SM	GPR1,GPR4	VEC5	same	-
LDR_Q_ldst_immpost	ldr	4314c03c	ldr q3, [x2], #1	fpsimd	1:MRA	ok	GPR2,PSTATE.SM	GPR2,VEC3	GPR2	GPR2,VEC3	agree	-	PSTATE.SM	GPR2	GPR2,VEC3	same	-
LDR_Q_ldst_immpre	ldr	431cc03c	ldr q3, [x2, #1]!	fpsimd	1:MRA	ok	GPR2,PSTATE.SM	GPR2,VEC3	GPR2	GPR2,VEC3	agree	-	PSTATE.SM	GPR2	GPR2,VEC3	same	-
LDR_Q_ldst_pos	ldr	4304c03d	ldr q3, [x2, #16]	fpsimd	1:MRA	ok	GPR2,PSTATE.SM	VEC3	GPR2	VEC3	agree	-	PSTATE.SM	GPR2	VEC3	same	-
LDR_Q_ldst_regoff	ldr	8558e13c	ldr q5, [x4, w1, uxtw #4]	fpsimd	1:MRA	ok	GPR1,GPR4,PSTATE.SM	VEC5	GPR1,GPR4	VEC5	agree	-	PSTATE.SM	GPR1,GPR4	VEC5	same	-
LDR_Q_loadlit	ldr	2200009c	ldr q2, #4	fpsimd	1:MRA	ok	IP,PSTATE.EL,PSTATE.SM	VEC2	-	VEC2	agree	-	IP,PSTATE.EL,PSTATE.SM	-	VEC2	same	-
LDR_S_ldst_immpost	ldr	431440bc	ldr s3, [x2], #1	fpsimd	1:MRA	ok	GPR2,PSTATE.SM	GPR2,VEC3	GPR2	GPR2,VEC3	agree	-	PSTATE.SM	GPR2	GPR2,VEC3	same	-
LDR_S_ldst_immpre	ldr	431c40bc	ldr s3, [x2, #1]!	fpsimd	1:MRA	ok	GPR2,PSTATE.SM	GPR2,VEC3	GPR2	GPR2,VEC3	agree	-	PSTATE.SM	GPR2	GPR2,VEC3	same	-
LDR_S_ldst_pos	ldr	430440bd	ldr s3, [x2, #4]	fpsimd	1:MRA	ok	GPR2,PSTATE.SM	VEC3	GPR2	VEC3	agree	-	PSTATE.SM	GPR2	VEC3	same	-
LDR_S_ldst_regoff	ldr	855861bc	ldr s5, [x4, w1, uxtw #2]	fpsimd	1:MRA	ok	GPR1,GPR4,PSTATE.SM	VEC5	GPR1,GPR4	VEC5	agree	-	PSTATE.SM	GPR1,GPR4	VEC5	same	-
LDR_S_loadlit	ldr	2200001c	ldr s2, #4	fpsimd	1:MRA	ok	IP,PSTATE.EL,PSTATE.SM	VEC2	-	VEC2	agree	-	IP,PSTATE.EL,PSTATE.SM	-	VEC2	same	-
LDSETAB_32_memop	ldsetab	4330a138	ldsetab w1, w3, [x2]	general	1:MRA	ok	GPR1,GPR2	GPR3	GPR1,GPR2	GPR3	agree	-	-	GPR1,GPR2	GPR3	same	-
LDSETAH_32_memop	ldsetah	4330a178	ldsetah w1, w3, [x2]	general	1:MRA	ok	GPR1,GPR2	GPR3	GPR1,GPR2	GPR3	agree	-	-	GPR1,GPR2	GPR3	same	-
LDSETALB_32_memop	ldsetalb	4330e138	ldsetalb w1, w3, [x2]	general	1:MRA	ok	GPR1,GPR2	GPR3	GPR1,GPR2	GPR3	agree	-	-	GPR1,GPR2	GPR3	same	-
LDSETALH_32_memop	ldsetalh	4330e178	ldsetalh w1, w3, [x2]	general	1:MRA	ok	GPR1,GPR2	GPR3	GPR1,GPR2	GPR3	agree	-	-	GPR1,GPR2	GPR3	same	-
LDSETAL_32_memop	ldsetal	4330e1b8	ldsetal w1, w3, [x2]	general	1:MRA	ok	GPR1,GPR2	GPR3	GPR1,GPR2	GPR3	agree	-	-	GPR1,GPR2	GPR3	same	-
LDSETAL_64_memop	ldsetal	4330e1f8	ldsetal x1, x3, [x2]	general	1:MRA	ok	GPR1,GPR2	GPR3	GPR1,GPR2	GPR3	agree	-	-	GPR1,GPR2	GPR3	same	-
LDSETA_32_memop	ldseta	4330a1b8	ldseta w1, w3, [x2]	general	1:MRA	ok	GPR1,GPR2	GPR3	GPR1,GPR2	GPR3	agree	-	-	GPR1,GPR2	GPR3	same	-
LDSETA_64_memop	ldseta	4330a1f8	ldseta x1, x3, [x2]	general	1:MRA	ok	GPR1,GPR2	GPR3	GPR1,GPR2	GPR3	agree	-	-	GPR1,GPR2	GPR3	same	-
LDSETB_32_memop	ldsetb	43302138	ldsetb w1, w3, [x2]	general	1:MRA	ok	GPR1,GPR2	GPR3	GPR1,GPR2	GPR3	agree	-	-	GPR1,GPR2	GPR3	same	-
LDSETH_32_memop	ldseth	43302178	ldseth w1, w3, [x2]	general	1:MRA	ok	GPR1,GPR2	GPR3	GPR1,GPR2	GPR3	agree	-	-	GPR1,GPR2	GPR3	same	-
LDSETLB_32_memop	ldsetlb	43306138	ldsetlb w1, w3, [x2]	general	1:MRA	ok	GPR1,GPR2	GPR3	GPR1,GPR2	GPR3	agree	-	-	GPR1,GPR2	GPR3	same	-
LDSETLH_32_memop	ldsetlh	43306178	ldsetlh w1, w3, [x2]	general	1:MRA	ok	GPR1,GPR2	GPR3	GPR1,GPR2	GPR3	agree	-	-	GPR1,GPR2	GPR3	same	-
LDSETL_32_memop	ldsetl	433061b8	ldsetl w1, w3, [x2]	general	1:MRA	ok	GPR1,GPR2	GPR3	GPR1,GPR2	GPR3	agree	-	-	GPR1,GPR2	GPR3	same	-
LDSETL_64_memop	ldsetl	433061f8	ldsetl x1, x3, [x2]	general	1:MRA	ok	GPR1,GPR2	GPR3	GPR1,GPR2	GPR3	agree	-	-	GPR1,GPR2	GPR3	same	-
LDSETPAL_128_memop_128	ldsetpal	4330e119	ldsetpal x3, x1, [x2]	general	1:MRA	ok	GPR1,GPR2,GPR3	GPR1,GPR3	GPR1,GPR2,GPR3	GPR1,GPR3	agree	-	-	GPR1,GPR2,GPR3	GPR1,GPR3	same	-
LDSETPA_128_memop_128	ldsetpa	4330a119	ldsetpa x3, x1, [x2]	general	1:MRA	ok	GPR1,GPR2,GPR3	GPR1,GPR3	GPR1,GPR2,GPR3	GPR1,GPR3	agree	-	-	GPR1,GPR2,GPR3	GPR1,GPR3	same	-
LDSETPL_128_memop_128	ldsetpl	43306119	ldsetpl x3, x1, [x2]	general	1:MRA	ok	GPR1,GPR2,GPR3	GPR1,GPR3	GPR1,GPR2,GPR3	GPR1,GPR3	agree	-	-	GPR1,GPR2,GPR3	GPR1,GPR3	same	-
LDSETP_128_memop_128	ldsetp	43302119	ldsetp x3, x1, [x2]	general	1:MRA	ok	GPR1,GPR2,GPR3	GPR1,GPR3	GPR1,GPR2,GPR3	GPR1,GPR3	agree	-	-	GPR1,GPR2,GPR3	GPR1,GPR3	same	-
LDSET_32_memop	ldset	433021b8	ldset w1, w3, [x2]	general	1:MRA	ok	GPR1,GPR2	GPR3	GPR1,GPR2	GPR3	agree	-	-	GPR1,GPR2	GPR3	same	-
LDSET_64_memop	ldset	433021f8	ldset x1, x3, [x2]	general	1:MRA	ok	GPR1,GPR2	GPR3	GPR1,GPR2	GPR3	agree	-	-	GPR1,GPR2	GPR3	same	-
LDSMAXAB_32_memop	ldsmaxab	4340a138	ldsmaxab w1, w3, [x2]	general	1:MRA	ok	GPR1,GPR2	GPR3	GPR1,GPR2	GPR3	agree	-	-	GPR1,GPR2	GPR3	same	-
LDSMAXAH_32_memop	ldsmaxah	4340a178	ldsmaxah w1, w3, [x2]	general	1:MRA	ok	GPR1,GPR2	GPR3	GPR1,GPR2	GPR3	agree	-	-	GPR1,GPR2	GPR3	same	-
LDSMAXALB_32_memop	ldsmaxalb	4340e138	ldsmaxalb w1, w3, [x2]	general	1:MRA	ok	GPR1,GPR2	GPR3	GPR1,GPR2	GPR3	agree	-	-	GPR1,GPR2	GPR3	same	-
LDSMAXALH_32_memop	ldsmaxalh	4340e178	ldsmaxalh w1, w3, [x2]	general	1:MRA	ok	GPR1,GPR2	GPR3	GPR1,GPR2	GPR3	agree	-	-	GPR1,GPR2	GPR3	same	-
LDSMAXAL_32_memop	ldsmaxal	4340e1b8	ldsmaxal w1, w3, [x2]	general	1:MRA	ok	GPR1,GPR2	GPR3	GPR1,GPR2	GPR3	agree	-	-	GPR1,GPR2	GPR3	same	-
LDSMAXAL_64_memop	ldsmaxal	4340e1f8	ldsmaxal x1, x3, [x2]	general	1:MRA	ok	GPR1,GPR2	GPR3	GPR1,GPR2	GPR3	agree	-	-	GPR1,GPR2	GPR3	same	-
LDSMAXA_32_memop	ldsmaxa	4340a1b8	ldsmaxa w1, w3, [x2]	general	1:MRA	ok	GPR1,GPR2	GPR3	GPR1,GPR2	GPR3	agree	-	-	GPR1,GPR2	GPR3	same	-
LDSMAXA_64_memop	ldsmaxa	4340a1f8	ldsmaxa x1, x3, [x2]	general	1:MRA	ok	GPR1,GPR2	GPR3	GPR1,GPR2	GPR3	agree	-	-	GPR1,GPR2	GPR3	same	-
LDSMAXB_32_memop	ldsmaxb	43402138	ldsmaxb w1, w3, [x2]	general	1:MRA	ok	GPR1,GPR2	GPR3	GPR1,GPR2	GPR3	agree	-	-	GPR1,GPR2	GPR3	same	-
LDSMAXH_32_memop	ldsmaxh	43402178	ldsmaxh w1, w3, [x2]	general	1:MRA	ok	GPR1,GPR2	GPR3	GPR1,GPR2	GPR3	agree	-	-	GPR1,GPR2	GPR3	same	-
LDSMAXLB_32_memop	ldsmaxlb	43406138	ldsmaxlb w1, w3, [x2]	general	1:MRA	ok	GPR1,GPR2	GPR3	GPR1,GPR2	GPR3	agree	-	-	GPR1,GPR2	GPR3	same	-
LDSMAXLH_32_memop	ldsmaxlh	43406178	ldsmaxlh w1, w3, [x2]	general	1:MRA	ok	GPR1,GPR2	GPR3	GPR1,GPR2	GPR3	agree	-	-	GPR1,GPR2	GPR3	same	-
LDSMAXL_32_memop	ldsmaxl	434061b8	ldsmaxl w1, w3, [x2]	general	1:MRA	ok	GPR1,GPR2	GPR3	GPR1,GPR2	GPR3	agree	-	-	GPR1,GPR2	GPR3	same	-
LDSMAXL_64_memop	ldsmaxl	434061f8	ldsmaxl x1, x3, [x2]	general	1:MRA	ok	GPR1,GPR2	GPR3	GPR1,GPR2	GPR3	agree	-	-	GPR1,GPR2	GPR3	same	-
LDSMAX_32_memop	ldsmax	434021b8	ldsmax w1, w3, [x2]	general	1:MRA	ok	GPR1,GPR2	GPR3	GPR1,GPR2	GPR3	agree	-	-	GPR1,GPR2	GPR3	same	-
LDSMAX_64_memop	ldsmax	434021f8	ldsmax x1, x3, [x2]	general	1:MRA	ok	GPR1,GPR2	GPR3	GPR1,GPR2	GPR3	agree	-	-	GPR1,GPR2	GPR3	same	-
LDSMINAB_32_memop	ldsminab	4350a138	ldsminab w1, w3, [x2]	general	1:MRA	ok	GPR1,GPR2	GPR3	GPR1,GPR2	GPR3	agree	-	-	GPR1,GPR2	GPR3	same	-
LDSMINAH_32_memop	ldsminah	4350a178	ldsminah w1, w3, [x2]	general	1:MRA	ok	GPR1,GPR2	GPR3	GPR1,GPR2	GPR3	agree	-	-	GPR1,GPR2	GPR3	same	-
LDSMINALB_32_memop	ldsminalb	4350e138	ldsminalb w1, w3, [x2]	general	1:MRA	ok	GPR1,GPR2	GPR3	GPR1,GPR2	GPR3	agree	-	-	GPR1,GPR2	GPR3	same	-
LDSMINALH_32_memop	ldsminalh	4350e178	ldsminalh w1, w3, [x2]	general	1:MRA	ok	GPR1,GPR2	GPR3	GPR1,GPR2	GPR3	agree	-	-	GPR1,GPR2	GPR3	same	-
LDSMINAL_32_memop	ldsminal	4350e1b8	ldsminal w1, w3, [x2]	general	1:MRA	ok	GPR1,GPR2	GPR3	GPR1,GPR2	GPR3	agree	-	-	GPR1,GPR2	GPR3	same	-
LDSMINAL_64_memop	ldsminal	4350e1f8	ldsminal x1, x3, [x2]	general	1:MRA	ok	GPR1,GPR2	GPR3	GPR1,GPR2	GPR3	agree	-	-	GPR1,GPR2	GPR3	same	-
LDSMINA_32_memop	ldsmina	4350a1b8	ldsmina w1, w3, [x2]	general	1:MRA	ok	GPR1,GPR2	GPR3	GPR1,GPR2	GPR3	agree	-	-	GPR1,GPR2	GPR3	same	-
LDSMINA_64_memop	ldsmina	4350a1f8	ldsmina x1, x3, [x2]	general	1:MRA	ok	GPR1,GPR2	GPR3	GPR1,GPR2	GPR3	agree	-	-	GPR1,GPR2	GPR3	same	-
LDSMINB_32_memop	ldsminb	43502138	ldsminb w1, w3, [x2]	general	1:MRA	ok	GPR1,GPR2	GPR3	GPR1,GPR2	GPR3	agree	-	-	GPR1,GPR2	GPR3	same	-
LDSMINH_32_memop	ldsminh	43502178	ldsminh w1, w3, [x2]	general	1:MRA	ok	GPR1,GPR2	GPR3	GPR1,GPR2	GPR3	agree	-	-	GPR1,GPR2	GPR3	same	-
LDSMINLB_32_memop	ldsminlb	43506138	ldsminlb w1, w3, [x2]	general	1:MRA	ok	GPR1,GPR2	GPR3	GPR1,GPR2	GPR3	agree	-	-	GPR1,GPR2	GPR3	same	-
LDSMINLH_32_memop	ldsminlh	43506178	ldsminlh w1, w3, [x2]	general	1:MRA	ok	GPR1,GPR2	GPR3	GPR1,GPR2	GPR3	agree	-	-	GPR1,GPR2	GPR3	same	-
LDSMINL_32_memop	ldsminl	435061b8	ldsminl w1, w3, [x2]	general	1:MRA	ok	GPR1,GPR2	GPR3	GPR1,GPR2	GPR3	agree	-	-	GPR1,GPR2	GPR3	same	-
LDSMINL_64_memop	ldsminl	435061f8	ldsminl x1, x3, [x2]	general	1:MRA	ok	GPR1,GPR2	GPR3	GPR1,GPR2	GPR3	agree	-	-	GPR1,GPR2	GPR3	same	-
LDSMIN_32_memop	ldsmin	435021b8	ldsmin w1, w3, [x2]	general	1:MRA	ok	GPR1,GPR2	GPR3	GPR1,GPR2	GPR3	agree	-	-	GPR1,GPR2	GPR3	same	-
LDSMIN_64_memop	ldsmin	435021f8	ldsmin x1, x3, [x2]	general	1:MRA	ok	GPR1,GPR2	GPR3	GPR1,GPR2	GPR3	agree	-	-	GPR1,GPR2	GPR3	same	-
LDTRB_32_ldst_unpriv	ldtrb	43184038	ldtrb w3, [x2, #1]	general	1:MRA	ok	GPR2,PSTATE.EL,PSTATE.UAO	GPR3	GPR2	GPR3	agree	-	PSTATE.EL,PSTATE.UAO	GPR2	GPR3	same	-
LDTRH_32_ldst_unpriv	ldtrh	43184078	ldtrh w3, [x2, #1]	general	1:MRA	ok	GPR2,PSTATE.EL,PSTATE.UAO	GPR3	GPR2	GPR3	agree	-	PSTATE.EL,PSTATE.UAO	GPR2	GPR3	same	-
LDTRSB_32_ldst_unpriv	ldtrsb	4318c038	ldtrsb w3, [x2, #1]	general	1:MRA	ok	GPR2,PSTATE.EL,PSTATE.UAO	GPR3	GPR2	GPR3	agree	-	PSTATE.EL,PSTATE.UAO	GPR2	GPR3	same	-
LDTRSB_64_ldst_unpriv	ldtrsb	43188038	ldtrsb x3, [x2, #1]	general	1:MRA	ok	GPR2,PSTATE.EL,PSTATE.UAO	GPR3	GPR2	GPR3	agree	-	PSTATE.EL,PSTATE.UAO	GPR2	GPR3	same	-
LDTRSH_32_ldst_unpriv	ldtrsh	4318c078	ldtrsh w3, [x2, #1]	general	1:MRA	ok	GPR2,PSTATE.EL,PSTATE.UAO	GPR3	GPR2	GPR3	agree	-	PSTATE.EL,PSTATE.UAO	GPR2	GPR3	same	-
LDTRSH_64_ldst_unpriv	ldtrsh	43188078	ldtrsh x3, [x2, #1]	general	1:MRA	ok	GPR2,PSTATE.EL,PSTATE.UAO	GPR3	GPR2	GPR3	agree	-	PSTATE.EL,PSTATE.UAO	GPR2	GPR3	same	-
LDTRSW_64_ldst_unpriv	ldtrsw	431880b8	ldtrsw x3, [x2, #1]	general	1:MRA	ok	GPR2,PSTATE.EL,PSTATE.UAO	GPR3	GPR2	GPR3	agree	-	PSTATE.EL,PSTATE.UAO	GPR2	GPR3	same	-
LDTR_32_ldst_unpriv	ldtr	431840b8	ldtr w3, [x2, #1]	general	1:MRA	ok	GPR2,PSTATE.EL,PSTATE.UAO	GPR3	GPR2	GPR3	agree	-	PSTATE.EL,PSTATE.UAO	GPR2	GPR3	same	-
LDTR_64_ldst_unpriv	ldtr	431840f8	ldtr x3, [x2, #1]	general	1:MRA	ok	GPR2,PSTATE.EL,PSTATE.UAO	GPR3	GPR2	GPR3	agree	-	PSTATE.EL,PSTATE.UAO	GPR2	GPR3	same	-
LDUMAXAB_32_memop	ldumaxab	4360a138	ldumaxab w1, w3, [x2]	general	1:MRA	ok	GPR1,GPR2	GPR3	GPR1,GPR2	GPR3	agree	-	-	GPR1,GPR2	GPR3	same	-
LDUMAXAH_32_memop	ldumaxah	4360a178	ldumaxah w1, w3, [x2]	general	1:MRA	ok	GPR1,GPR2	GPR3	GPR1,GPR2	GPR3	agree	-	-	GPR1,GPR2	GPR3	same	-
LDUMAXALB_32_memop	ldumaxalb	4360e138	ldumaxalb w1, w3, [x2]	general	1:MRA	ok	GPR1,GPR2	GPR3	GPR1,GPR2	GPR3	agree	-	-	GPR1,GPR2	GPR3	same	-
LDUMAXALH_32_memop	ldumaxalh	4360e178	ldumaxalh w1, w3, [x2]	general	1:MRA	ok	GPR1,GPR2	GPR3	GPR1,GPR2	GPR3	agree	-	-	GPR1,GPR2	GPR3	same	-
LDUMAXAL_32_memop	ldumaxal	4360e1b8	ldumaxal w1, w3, [x2]	general	1:MRA	ok	GPR1,GPR2	GPR3	GPR1,GPR2	GPR3	agree	-	-	GPR1,GPR2	GPR3	same	-
LDUMAXAL_64_memop	ldumaxal	4360e1f8	ldumaxal x1, x3, [x2]	general	1:MRA	ok	GPR1,GPR2	GPR3	GPR1,GPR2	GPR3	agree	-	-	GPR1,GPR2	GPR3	same	-
LDUMAXA_32_memop	ldumaxa	4360a1b8	ldumaxa w1, w3, [x2]	general	1:MRA	ok	GPR1,GPR2	GPR3	GPR1,GPR2	GPR3	agree	-	-	GPR1,GPR2	GPR3	same	-
LDUMAXA_64_memop	ldumaxa	4360a1f8	ldumaxa x1, x3, [x2]	general	1:MRA	ok	GPR1,GPR2	GPR3	GPR1,GPR2	GPR3	agree	-	-	GPR1,GPR2	GPR3	same	-
LDUMAXB_32_memop	ldumaxb	43602138	ldumaxb w1, w3, [x2]	general	1:MRA	ok	GPR1,GPR2	GPR3	GPR1,GPR2	GPR3	agree	-	-	GPR1,GPR2	GPR3	same	-
LDUMAXH_32_memop	ldumaxh	43602178	ldumaxh w1, w3, [x2]	general	1:MRA	ok	GPR1,GPR2	GPR3	GPR1,GPR2	GPR3	agree	-	-	GPR1,GPR2	GPR3	same	-
LDUMAXLB_32_memop	ldumaxlb	43606138	ldumaxlb w1, w3, [x2]	general	1:MRA	ok	GPR1,GPR2	GPR3	GPR1,GPR2	GPR3	agree	-	-	GPR1,GPR2	GPR3	same	-
LDUMAXLH_32_memop	ldumaxlh	43606178	ldumaxlh w1, w3, [x2]	general	1:MRA	ok	GPR1,GPR2	GPR3	GPR1,GPR2	GPR3	agree	-	-	GPR1,GPR2	GPR3	same	-
LDUMAXL_32_memop	ldumaxl	436061b8	ldumaxl w1, w3, [x2]	general	1:MRA	ok	GPR1,GPR2	GPR3	GPR1,GPR2	GPR3	agree	-	-	GPR1,GPR2	GPR3	same	-
LDUMAXL_64_memop	ldumaxl	436061f8	ldumaxl x1, x3, [x2]	general	1:MRA	ok	GPR1,GPR2	GPR3	GPR1,GPR2	GPR3	agree	-	-	GPR1,GPR2	GPR3	same	-
LDUMAX_32_memop	ldumax	436021b8	ldumax w1, w3, [x2]	general	1:MRA	ok	GPR1,GPR2	GPR3	GPR1,GPR2	GPR3	agree	-	-	GPR1,GPR2	GPR3	same	-
LDUMAX_64_memop	ldumax	436021f8	ldumax x1, x3, [x2]	general	1:MRA	ok	GPR1,GPR2	GPR3	GPR1,GPR2	GPR3	agree	-	-	GPR1,GPR2	GPR3	same	-
LDUMINAB_32_memop	lduminab	4370a138	lduminab w1, w3, [x2]	general	1:MRA	ok	GPR1,GPR2	GPR3	GPR1,GPR2	GPR3	agree	-	-	GPR1,GPR2	GPR3	same	-
LDUMINAH_32_memop	lduminah	4370a178	lduminah w1, w3, [x2]	general	1:MRA	ok	GPR1,GPR2	GPR3	GPR1,GPR2	GPR3	agree	-	-	GPR1,GPR2	GPR3	same	-
LDUMINALB_32_memop	lduminalb	4370e138	lduminalb w1, w3, [x2]	general	1:MRA	ok	GPR1,GPR2	GPR3	GPR1,GPR2	GPR3	agree	-	-	GPR1,GPR2	GPR3	same	-
LDUMINALH_32_memop	lduminalh	4370e178	lduminalh w1, w3, [x2]	general	1:MRA	ok	GPR1,GPR2	GPR3	GPR1,GPR2	GPR3	agree	-	-	GPR1,GPR2	GPR3	same	-
LDUMINAL_32_memop	lduminal	4370e1b8	lduminal w1, w3, [x2]	general	1:MRA	ok	GPR1,GPR2	GPR3	GPR1,GPR2	GPR3	agree	-	-	GPR1,GPR2	GPR3	same	-
LDUMINAL_64_memop	lduminal	4370e1f8	lduminal x1, x3, [x2]	general	1:MRA	ok	GPR1,GPR2	GPR3	GPR1,GPR2	GPR3	agree	-	-	GPR1,GPR2	GPR3	same	-
LDUMINA_32_memop	ldumina	4370a1b8	ldumina w1, w3, [x2]	general	1:MRA	ok	GPR1,GPR2	GPR3	GPR1,GPR2	GPR3	agree	-	-	GPR1,GPR2	GPR3	same	-
LDUMINA_64_memop	ldumina	4370a1f8	ldumina x1, x3, [x2]	general	1:MRA	ok	GPR1,GPR2	GPR3	GPR1,GPR2	GPR3	agree	-	-	GPR1,GPR2	GPR3	same	-
LDUMINB_32_memop	lduminb	43702138	lduminb w1, w3, [x2]	general	1:MRA	ok	GPR1,GPR2	GPR3	GPR1,GPR2	GPR3	agree	-	-	GPR1,GPR2	GPR3	same	-
LDUMINH_32_memop	lduminh	43702178	lduminh w1, w3, [x2]	general	1:MRA	ok	GPR1,GPR2	GPR3	GPR1,GPR2	GPR3	agree	-	-	GPR1,GPR2	GPR3	same	-
LDUMINLB_32_memop	lduminlb	43706138	lduminlb w1, w3, [x2]	general	1:MRA	ok	GPR1,GPR2	GPR3	GPR1,GPR2	GPR3	agree	-	-	GPR1,GPR2	GPR3	same	-
LDUMINLH_32_memop	lduminlh	43706178	lduminlh w1, w3, [x2]	general	1:MRA	ok	GPR1,GPR2	GPR3	GPR1,GPR2	GPR3	agree	-	-	GPR1,GPR2	GPR3	same	-
LDUMINL_32_memop	lduminl	437061b8	lduminl w1, w3, [x2]	general	1:MRA	ok	GPR1,GPR2	GPR3	GPR1,GPR2	GPR3	agree	-	-	GPR1,GPR2	GPR3	same	-
LDUMINL_64_memop	lduminl	437061f8	lduminl x1, x3, [x2]	general	1:MRA	ok	GPR1,GPR2	GPR3	GPR1,GPR2	GPR3	agree	-	-	GPR1,GPR2	GPR3	same	-
LDUMIN_32_memop	ldumin	437021b8	ldumin w1, w3, [x2]	general	1:MRA	ok	GPR1,GPR2	GPR3	GPR1,GPR2	GPR3	agree	-	-	GPR1,GPR2	GPR3	same	-
LDUMIN_64_memop	ldumin	437021f8	ldumin x1, x3, [x2]	general	1:MRA	ok	GPR1,GPR2	GPR3	GPR1,GPR2	GPR3	agree	-	-	GPR1,GPR2	GPR3	same	-
LDURB_32_ldst_unscaled	ldurb	43104038	ldurb w3, [x2, #1]	general	1:MRA	ok	GPR2,PSTATE.EL	GPR3	GPR2	GPR3	agree	-	PSTATE.EL	GPR2	GPR3	same	-
LDURH_32_ldst_unscaled	ldurh	43104078	ldurh w3, [x2, #1]	general	1:MRA	ok	GPR2,PSTATE.EL	GPR3	GPR2	GPR3	agree	-	PSTATE.EL	GPR2	GPR3	same	-
LDURSB_32_ldst_unscaled	ldursb	4310c038	ldursb w3, [x2, #1]	general	1:MRA	ok	GPR2,PSTATE.EL	GPR3	GPR2	GPR3	agree	-	PSTATE.EL	GPR2	GPR3	same	-
LDURSB_64_ldst_unscaled	ldursb	43108038	ldursb x3, [x2, #1]	general	1:MRA	ok	GPR2,PSTATE.EL	GPR3	GPR2	GPR3	agree	-	PSTATE.EL	GPR2	GPR3	same	-
LDURSH_32_ldst_unscaled	ldursh	4310c078	ldursh w3, [x2, #1]	general	1:MRA	ok	GPR2,PSTATE.EL	GPR3	GPR2	GPR3	agree	-	PSTATE.EL	GPR2	GPR3	same	-
LDURSH_64_ldst_unscaled	ldursh	43108078	ldursh x3, [x2, #1]	general	1:MRA	ok	GPR2,PSTATE.EL	GPR3	GPR2	GPR3	agree	-	PSTATE.EL	GPR2	GPR3	same	-
LDURSW_64_ldst_unscaled	ldursw	431080b8	ldursw x3, [x2, #1]	general	1:MRA	ok	GPR2,PSTATE.EL	GPR3	GPR2	GPR3	agree	-	PSTATE.EL	GPR2	GPR3	same	-
LDUR_32_ldst_unscaled	ldur	431040b8	ldur w3, [x2, #1]	general	1:MRA	ok	GPR2,PSTATE.EL	GPR3	GPR2	GPR3	agree	-	PSTATE.EL	GPR2	GPR3	same	-
LDUR_64_ldst_unscaled	ldur	431040f8	ldur x3, [x2, #1]	general	1:MRA	ok	GPR2,PSTATE.EL	GPR3	GPR2	GPR3	agree	-	PSTATE.EL	GPR2	GPR3	same	-
LDUR_B_ldst_unscaled	ldur	4310403c	ldur b3, [x2, #1]	fpsimd	1:MRA	ok	GPR2,PSTATE.SM	VEC3	GPR2	VEC3	agree	-	PSTATE.SM	GPR2	VEC3	same	-
LDUR_D_ldst_unscaled	ldur	431040fc	ldur d3, [x2, #1]	fpsimd	1:MRA	ok	GPR2,PSTATE.SM	VEC3	GPR2	VEC3	agree	-	PSTATE.SM	GPR2	VEC3	same	-
LDUR_H_ldst_unscaled	ldur	4310407c	ldur h3, [x2, #1]	fpsimd	1:MRA	ok	GPR2,PSTATE.SM	VEC3	GPR2	VEC3	agree	-	PSTATE.SM	GPR2	VEC3	same	-
LDUR_Q_ldst_unscaled	ldur	4310c03c	ldur q3, [x2, #1]	fpsimd	1:MRA	ok	GPR2,PSTATE.SM	VEC3	GPR2	VEC3	agree	-	PSTATE.SM	GPR2	VEC3	same	-
LDUR_S_ldst_unscaled	ldur	431040bc	ldur s3, [x2, #1]	fpsimd	1:MRA	ok	GPR2,PSTATE.SM	VEC3	GPR2	VEC3	agree	-	PSTATE.SM	GPR2	VEC3	same	-
LDXP_LP32_ldstexclp	ldxp	43047f88	ldxp w3, w1, [x2]	general	1:MRA	ok	GPR2	GPR1,GPR3	GPR2	GPR1,GPR3	agree	-	-	GPR2	GPR1,GPR3	same	-
LDXP_LP64_ldstexclp	ldxp	43047fc8	ldxp x3, x1, [x2]	general	1:MRA	ok	GPR2	GPR1,GPR3	GPR2	GPR1,GPR3	agree	-	-	GPR2	GPR1,GPR3	same	-
LDXRB_LR32_ldstexclr	ldxrb	227c5f08	ldxrb w2, [x1]	general	1:MRA	ok	GPR1	GPR2	GPR1	GPR2	agree	-	-	GPR1	GPR2	same	-
LDXRH_LR32_ldstexclr	ldxrh	227c5f48	ldxrh w2, [x1]	general	1:MRA	ok	GPR1	GPR2	GPR1	GPR2	agree	-	-	GPR1	GPR2	same	-
LDXR_LR32_ldstexclr	ldxr	227c5f88	ldxr w2, [x1]	general	1:MRA	ok	GPR1	GPR2	GPR1	GPR2	agree	-	-	GPR1	GPR2	same	-
LDXR_LR64_ldstexclr	ldxr	227c5fc8	ldxr x2, [x1]	general	1:MRA	ok	GPR1	GPR2	GPR1	GPR2	agree	-	-	GPR1	GPR2	same	-
LLVM_MC:ADDPT_1	addpt	e023009a	addpt x0, sp, x0	post-2022-12	2:LLVM-MC	unprobed	GPR0,SP	GPR0	GPR0,SP	GPR0	agree	-	-	GPR0,SP	GPR0	-	driver:IsADirectoryError:[Errno 21] Is a directory: '/mnt/md0/QEMU/cst_runs/_arc3_cov
LLVM_MC:ADDPT_10	addpt	2208e004	addpt z2.d, z1.d, z0.d	post-2022-12	2:LLVM-MC	unprobed	VEC0,VEC1	VEC2	VEC0,VEC1	VEC2	agree	-	-	VEC0,VEC1	VEC2	-	driver:IsADirectoryError:[Errno 21] Is a directory: '/mnt/md0/QEMU/cst_runs/_arc3_cov
LLVM_MC:ADDPT_2	addpt	e027009a	addpt x0, sp, x0, lsl #1	post-2022-12	2:LLVM-MC	unprobed	GPR0,SP	GPR0	GPR0,SP	GPR0	agree	-	-	GPR0,SP	GPR0	-	driver:IsADirectoryError:[Errno 21] Is a directory: '/mnt/md0/QEMU/cst_runs/_arc3_cov
LLVM_MC:ADDPT_3	addpt	e0231f9a	addpt x0, sp, xzr	post-2022-12	2:LLVM-MC	unprobed	SP,ZERO	GPR0	SP,ZERO	GPR0	agree	-	-	SP,ZERO	GPR0	-	driver:IsADirectoryError:[Errno 21] Is a directory: '/mnt/md0/QEMU/cst_runs/_arc3_cov
LLVM_MC:ADDPT_4	addpt	e0271f9a	addpt x0, sp, xzr, lsl #1	post-2022-12	2:LLVM-MC	unprobed	SP,ZERO	GPR0	SP,ZERO	GPR0	agree	-	-	SP,ZERO	GPR0	-	driver:IsADirectoryError:[Errno 21] Is a directory: '/mnt/md0/QEMU/cst_runs/_arc3_cov
LLVM_MC:ADDPT_5	addpt	2220009a	addpt x2, x1, x0	post-2022-12	2:LLVM-MC	unprobed	GPR0,GPR1	GPR2	GPR0,GPR1	GPR2	agree	-	-	GPR0,GPR1	GPR2	-	driver:IsADirectoryError:[Errno 21] Is a directory: '/mnt/md0/QEMU/cst_runs/_arc3_cov
LLVM_MC:ADDPT_6	addpt	2224009a	addpt x2, x1, x0, lsl #1	post-2022-12	2:LLVM-MC	unprobed	GPR0,GPR1	GPR2	GPR0,GPR1	GPR2	agree	-	-	GPR0,GPR1	GPR2	-	driver:IsADirectoryError:[Errno 21] Is a directory: '/mnt/md0/QEMU/cst_runs/_arc3_cov
LLVM_MC:ADDPT_7	addpt	22201f9a	addpt x2, x1, xzr	post-2022-12	2:LLVM-MC	unprobed	GPR1,ZERO	GPR2	GPR1,ZERO	GPR2	agree	-	-	GPR1,ZERO	GPR2	-	driver:IsADirectoryError:[Errno 21] Is a directory: '/mnt/md0/QEMU/cst_runs/_arc3_cov
LLVM_MC:ADDPT_8	addpt	22241f9a	addpt x2, x1, xzr, lsl #1	post-2022-12	2:LLVM-MC	unprobed	GPR1,ZERO	GPR2	GPR1,ZERO	GPR2	agree	-	-	GPR1,ZERO	GPR2	-	driver:IsADirectoryError:[Errno 21] Is a directory: '/mnt/md0/QEMU/cst_runs/_arc3_cov
LLVM_MC:ADDPT_9	addpt	2200c404	addpt z2.d, p0/m, z2.d, z1.d	post-2022-12	2:LLVM-MC	unprobed	PRED0,VEC1,VEC2	VEC2	PRED0,VEC1,VEC2	VEC2	agree	-	-	PRED0,VEC1,VEC2	VEC2	-	driver:IsADirectoryError:[Errno 21] Is a directory: '/mnt/md0/QEMU/cst_runs/_arc3_cov
LLVM_MC:BF1CVTL2_1	bf1cvtl2	2278a16e	bf1cvtl2 v2.8h, v1.16b	post-2022-12	2:LLVM-MC	unprobed	VEC1	VEC2	VEC1	VEC2	agree	-	-	VEC1	VEC2	-	driver:IsADirectoryError:[Errno 21] Is a directory: '/mnt/md0/QEMU/cst_runs/_arc3_cov
LLVM_MC:BF1CVTLT_1	bf1cvtlt	22380965	bf1cvtlt z2.h, z1.b	post-2022-12	2:LLVM-MC	unprobed	VEC1	VEC2	VEC1	VEC2	agree	-	-	VEC1	VEC2	-	driver:IsADirectoryError:[Errno 21] Is a directory: '/mnt/md0/QEMU/cst_runs/_arc3_cov
LLVM_MC:BF1CVTL_1	bf1cvtl	2278a12e	bf1cvtl v2.8h, v1.8b	post-2022-12	2:LLVM-MC	unprobed	VEC1	VEC2	VEC1	VEC2	agree	-	-	VEC1	VEC2	-	driver:IsADirectoryError:[Errno 21] Is a directory: '/mnt/md0/QEMU/cst_runs/_arc3_cov
LLVM_MC:BF1CVTL_2	bf1cvtl	01e066c1	bf1cvtl { z0.h, z1.h }, z0.b	post-2022-12	2:LLVM-MC	unprobed	VEC0	VEC0,VEC1	VEC0	VEC0,VEC1	agree	-	-	VEC0	VEC0,VEC1	-	driver:IsADirectoryError:[Errno 21] Is a directory: '/mnt/md0/QEMU/cst_runs/_arc3_cov
LLVM_MC:BF1CVT_1	bf1cvt	22380865	bf1cvt z2.h, z1.b	post-2022-12	2:LLVM-MC	unprobed	VEC1	VEC2	VEC1	VEC2	agree	-	-	VEC1	VEC2	-	driver:IsADirectoryError:[Errno 21] Is a directory: '/mnt/md0/QEMU/cst_runs/_arc3_cov
LLVM_MC:BF1CVT_2	bf1cvt	22e066c1	bf1cvt { z2.h, z3.h }, z1.b	post-2022-12	2:LLVM-MC	unprobed	VEC1	VEC2,VEC3	VEC1	VEC2,VEC3	agree	-	-	VEC1	VEC2,VEC3	-	driver:IsADirectoryError:[Errno 21] Is a directory: '/mnt/md0/QEMU/cst_runs/_arc3_cov
LLVM_MC:BF2CVTL2_1	bf2cvtl2	2278e16e	bf2cvtl2 v2.8h, v1.16b	post-2022-12	2:LLVM-MC	unprobed	VEC1	VEC2	VEC1	VEC2	agree	-	-	VEC1	VEC2	-	driver:IsADirectoryError:[Errno 21] Is a directory: '/mnt/md0/QEMU/cst_runs/_arc3_cov
LLVM_MC:BF2CVTLT_1	bf2cvtlt	223c0965	bf2cvtlt z2.h, z1.b	post-2022-12	2:LLVM-MC	unprobed	VEC1	VEC2	VEC1	VEC2	agree	-	-	VEC1	VEC2	-	driver:IsADirectoryError:[Errno 21] Is a directory: '/mnt/md0/QEMU/cst_runs/_arc3_cov
LLVM_MC:BF2CVTL_1	bf2cvtl	2278e12e	bf2cvtl v2.8h, v1.8b	post-2022-12	2:LLVM-MC	unprobed	VEC1	VEC2	VEC1	VEC2	agree	-	-	VEC1	VEC2	-	driver:IsADirectoryError:[Errno 21] Is a directory: '/mnt/md0/QEMU/cst_runs/_arc3_cov
LLVM_MC:BF2CVTL_2	bf2cvtl	01e0e6c1	bf2cvtl { z0.h, z1.h }, z0.b	post-2022-12	2:LLVM-MC	unprobed	VEC0	VEC0,VEC1	VEC0	VEC0,VEC1	agree	-	-	VEC0	VEC0,VEC1	-	driver:IsADirectoryError:[Errno 21] Is a directory: '/mnt/md0/QEMU/cst_runs/_arc3_cov
LLVM_MC:BF2CVT_1	bf2cvt	223c0865	bf2cvt z2.h, z1.b	post-2022-12	2:LLVM-MC	unprobed	VEC1	VEC2	VEC1	VEC2	agree	-	-	VEC1	VEC2	-	driver:IsADirectoryError:[Errno 21] Is a directory: '/mnt/md0/QEMU/cst_runs/_arc3_cov
LLVM_MC:BF2CVT_2	bf2cvt	22e0e6c1	bf2cvt { z2.h, z3.h }, z1.b	post-2022-12	2:LLVM-MC	unprobed	VEC1	VEC2,VEC3	VEC1	VEC2,VEC3	agree	-	-	VEC1	VEC2,VEC3	-	driver:IsADirectoryError:[Errno 21] Is a directory: '/mnt/md0/QEMU/cst_runs/_arc3_cov
LLVM_MC:F1CVTL2_1	f1cvtl2	2278216e	f1cvtl2 v2.8h, v1.16b	post-2022-12	2:LLVM-MC	unprobed	VEC1	VEC2	VEC1	VEC2	agree	-	-	VEC1	VEC2	-	driver:IsADirectoryError:[Errno 21] Is a directory: '/mnt/md0/QEMU/cst_runs/_arc3_cov
LLVM_MC:F1CVTLT_1	f1cvtlt	22300965	f1cvtlt z2.h, z1.b	post-2022-12	2:LLVM-MC	unprobed	VEC1	VEC2	VEC1	VEC2	agree	-	-	VEC1	VEC2	-	driver:IsADirectoryError:[Errno 21] Is a directory: '/mnt/md0/QEMU/cst_runs/_arc3_cov
LLVM_MC:F1CVTL_1	f1cvtl	2278212e	f1cvtl v2.8h, v1.8b	post-2022-12	2:LLVM-MC	unprobed	VEC1	VEC2	VEC1	VEC2	agree	-	-	VEC1	VEC2	-	driver:IsADirectoryError:[Errno 21] Is a directory: '/mnt/md0/QEMU/cst_runs/_arc3_cov
LLVM_MC:F1CVTL_2	f1cvtl	01e026c1	f1cvtl { z0.h, z1.h }, z0.b	post-2022-12	2:LLVM-MC	unprobed	VEC0	VEC0,VEC1	VEC0	VEC0,VEC1	agree	-	-	VEC0	VEC0,VEC1	-	driver:IsADirectoryError:[Errno 21] Is a directory: '/mnt/md0/QEMU/cst_runs/_arc3_cov
LLVM_MC:F1CVT_1	f1cvt	22300865	f1cvt z2.h, z1.b	post-2022-12	2:LLVM-MC	unprobed	VEC1	VEC2	VEC1	VEC2	agree	-	-	VEC1	VEC2	-	driver:IsADirectoryError:[Errno 21] Is a directory: '/mnt/md0/QEMU/cst_runs/_arc3_cov
LLVM_MC:F1CVT_2	f1cvt	22e026c1	f1cvt { z2.h, z3.h }, z1.b	post-2022-12	2:LLVM-MC	unprobed	VEC1	VEC2,VEC3	VEC1	VEC2,VEC3	agree	-	-	VEC1	VEC2,VEC3	-	driver:IsADirectoryError:[Errno 21] Is a directory: '/mnt/md0/QEMU/cst_runs/_arc3_cov
LLVM_MC:F2CVTL2_1	f2cvtl2	2278616e	f2cvtl2 v2.8h, v1.16b	post-2022-12	2:LLVM-MC	unprobed	VEC1	VEC2	VEC1	VEC2	agree	-	-	VEC1	VEC2	-	driver:IsADirectoryError:[Errno 21] Is a directory: '/mnt/md0/QEMU/cst_runs/_arc3_cov
LLVM_MC:F2CVTLT_1	f2cvtlt	22340965	f2cvtlt z2.h, z1.b	post-2022-12	2:LLVM-MC	unprobed	VEC1	VEC2	VEC1	VEC2	agree	-	-	VEC1	VEC2	-	driver:IsADirectoryError:[Errno 21] Is a directory: '/mnt/md0/QEMU/cst_runs/_arc3_cov
LLVM_MC:F2CVTL_1	f2cvtl	2278612e	f2cvtl v2.8h, v1.8b	post-2022-12	2:LLVM-MC	unprobed	VEC1	VEC2	VEC1	VEC2	agree	-	-	VEC1	VEC2	-	driver:IsADirectoryError:[Errno 21] Is a directory: '/mnt/md0/QEMU/cst_runs/_arc3_cov
LLVM_MC:F2CVTL_2	f2cvtl	01e0a6c1	f2cvtl { z0.h, z1.h }, z0.b	post-2022-12	2:LLVM-MC	unprobed	VEC0	VEC0,VEC1	VEC0	VEC0,VEC1	agree	-	-	VEC0	VEC0,VEC1	-	driver:IsADirectoryError:[Errno 21] Is a directory: '/mnt/md0/QEMU/cst_runs/_arc3_cov
LLVM_MC:F2CVT_1	f2cvt	22340865	f2cvt z2.h, z1.b	post-2022-12	2:LLVM-MC	unprobed	VEC1	VEC2	VEC1	VEC2	agree	-	-	VEC1	VEC2	-	driver:IsADirectoryError:[Errno 21] Is a directory: '/mnt/md0/QEMU/cst_runs/_arc3_cov
LLVM_MC:F2CVT_2	f2cvt	22e0a6c1	f2cvt { z2.h, z3.h }, z1.b	post-2022-12	2:LLVM-MC	unprobed	VEC1	VEC2,VEC3	VEC1	VEC2,VEC3	agree	-	-	VEC1	VEC2,VEC3	-	driver:IsADirectoryError:[Errno 21] Is a directory: '/mnt/md0/QEMU/cst_runs/_arc3_cov
LLVM_MC:FAMAX_1	famax	22dce04e	famax v2.2d, v1.2d, v0.2d	post-2022-12	2:LLVM-MC	unprobed	FCSR,VEC0,VEC1	VEC2	FCSR,VEC0,VEC1	VEC2	agree	-	-	FCSR,VEC0,VEC1	VEC2	-	driver:IsADirectoryError:[Errno 21] Is a directory: '/mnt/md0/QEMU/cst_runs/_arc3_cov
LLVM_MC:FAMAX_2	famax	22dca00e	famax v2.2s, v1.2s, v0.2s	post-2022-12	2:LLVM-MC	unprobed	FCSR,VEC0,VEC1	VEC2	FCSR,VEC0,VEC1	VEC2	agree	-	-	FCSR,VEC0,VEC1	VEC2	-	driver:IsADirectoryError:[Errno 21] Is a directory: '/mnt/md0/QEMU/cst_runs/_arc3_cov
LLVM_MC:FAMAX_3	famax	221cc00e	famax v2.4h, v1.4h, v0.4h	post-2022-12	2:LLVM-MC	unprobed	FCSR,VEC0,VEC1	VEC2	FCSR,VEC0,VEC1	VEC2	agree	-	-	FCSR,VEC0,VEC1	VEC2	-	driver:IsADirectoryError:[Errno 21] Is a directory: '/mnt/md0/QEMU/cst_runs/_arc3_cov
LLVM_MC:FAMAX_4	famax	22dca04e	famax v2.4s, v1.4s, v0.4s	post-2022-12	2:LLVM-MC	unprobed	FCSR,VEC0,VEC1	VEC2	FCSR,VEC0,VEC1	VEC2	agree	-	-	FCSR,VEC0,VEC1	VEC2	-	driver:IsADirectoryError:[Errno 21] Is a directory: '/mnt/md0/QEMU/cst_runs/_arc3_cov
LLVM_MC:FAMAX_5	famax	221cc04e	famax v2.8h, v1.8h, v0.8h	post-2022-12	2:LLVM-MC	unprobed	FCSR,VEC0,VEC1	VEC2	FCSR,VEC0,VEC1	VEC2	agree	-	-	FCSR,VEC0,VEC1	VEC2	-	driver:IsADirectoryError:[Errno 21] Is a directory: '/mnt/md0/QEMU/cst_runs/_arc3_cov
LLVM_MC:FAMAX_6	famax	2280ce65	famax z2.d, p0/m, z2.d, z1.d	post-2022-12	2:LLVM-MC	unprobed	PRED0,VEC1,VEC2	VEC2	PRED0,VEC1,VEC2	VEC2	agree	-	-	PRED0,VEC1,VEC2	VEC2	-	driver:IsADirectoryError:[Errno 21] Is a directory: '/mnt/md0/QEMU/cst_runs/_arc3_cov
LLVM_MC:FAMAX_7	famax	22804e65	famax z2.h, p0/m, z2.h, z1.h	post-2022-12	2:LLVM-MC	unprobed	PRED0,VEC1,VEC2	VEC2	PRED0,VEC1,VEC2	VEC2	agree	-	-	PRED0,VEC1,VEC2	VEC2	-	driver:IsADirectoryError:[Errno 21] Is a directory: '/mnt/md0/QEMU/cst_runs/_arc3_cov
LLVM_MC:FAMAX_8	famax	22808e65	famax z2.s, p0/m, z2.s, z1.s	post-2022-12	2:LLVM-MC	unprobed	PRED0,VEC1,VEC2	VEC2	PRED0,VEC1,VEC2	VEC2	agree	-	-	PRED0,VEC1,VEC2	VEC2	-	driver:IsADirectoryError:[Errno 21] Is a directory: '/mnt/md0/QEMU/cst_runs/_arc3_cov
LLVM_MC:FAMIN_1	famin	22dce06e	famin v2.2d, v1.2d, v0.2d	post-2022-12	2:LLVM-MC	unprobed	FCSR,VEC0,VEC1	VEC2	FCSR,VEC0,VEC1	VEC2	agree	-	-	FCSR,VEC0,VEC1	VEC2	-	driver:IsADirectoryError:[Errno 21] Is a directory: '/mnt/md0/QEMU/cst_runs/_arc3_cov
LLVM_MC:FAMIN_2	famin	22dca02e	famin v2.2s, v1.2s, v0.2s	post-2022-12	2:LLVM-MC	unprobed	FCSR,VEC0,VEC1	VEC2	FCSR,VEC0,VEC1	VEC2	agree	-	-	FCSR,VEC0,VEC1	VEC2	-	driver:IsADirectoryError:[Errno 21] Is a directory: '/mnt/md0/QEMU/cst_runs/_arc3_cov
LLVM_MC:FAMIN_3	famin	221cc02e	famin v2.4h, v1.4h, v0.4h	post-2022-12	2:LLVM-MC	unprobed	FCSR,VEC0,VEC1	VEC2	FCSR,VEC0,VEC1	VEC2	agree	-	-	FCSR,VEC0,VEC1	VEC2	-	driver:IsADirectoryError:[Errno 21] Is a directory: '/mnt/md0/QEMU/cst_runs/_arc3_cov
LLVM_MC:FAMIN_4	famin	22dca06e	famin v2.4s, v1.4s, v0.4s	post-2022-12	2:LLVM-MC	unprobed	FCSR,VEC0,VEC1	VEC2	FCSR,VEC0,VEC1	VEC2	agree	-	-	FCSR,VEC0,VEC1	VEC2	-	driver:IsADirectoryError:[Errno 21] Is a directory: '/mnt/md0/QEMU/cst_runs/_arc3_cov
LLVM_MC:FAMIN_5	famin	221cc06e	famin v2.8h, v1.8h, v0.8h	post-2022-12	2:LLVM-MC	unprobed	FCSR,VEC0,VEC1	VEC2	FCSR,VEC0,VEC1	VEC2	agree	-	-	FCSR,VEC0,VEC1	VEC2	-	driver:IsADirectoryError:[Errno 21] Is a directory: '/mnt/md0/QEMU/cst_runs/_arc3_cov
LLVM_MC:FAMIN_6	famin	2280cf65	famin z2.d, p0/m, z2.d, z1.d	post-2022-12	2:LLVM-MC	unprobed	PRED0,VEC1,VEC2	VEC2	PRED0,VEC1,VEC2	VEC2	agree	-	-	PRED0,VEC1,VEC2	VEC2	-	driver:IsADirectoryError:[Errno 21] Is a directory: '/mnt/md0/QEMU/cst_runs/_arc3_cov
LLVM_MC:FAMIN_7	famin	22804f65	famin z2.h, p0/m, z2.h, z1.h	post-2022-12	2:LLVM-MC	unprobed	PRED0,VEC1,VEC2	VEC2	PRED0,VEC1,VEC2	VEC2	agree	-	-	PRED0,VEC1,VEC2	VEC2	-	driver:IsADirectoryError:[Errno 21] Is a directory: '/mnt/md0/QEMU/cst_runs/_arc3_cov
LLVM_MC:FAMIN_8	famin	22808f65	famin z2.s, p0/m, z2.s, z1.s	post-2022-12	2:LLVM-MC	unprobed	PRED0,VEC1,VEC2	VEC2	PRED0,VEC1,VEC2	VEC2	agree	-	-	PRED0,VEC1,VEC2	VEC2	-	driver:IsADirectoryError:[Errno 21] Is a directory: '/mnt/md0/QEMU/cst_runs/_arc3_cov
LLVM_MC:FCVTNB_1	fcvtnb	c0370a65	fcvtnb z0.b, { z30.s, z31.s }	post-2022-12	2:LLVM-MC	unprobed	VEC30,VEC31	VEC0	VEC30,VEC31	VEC0	agree	-	-	VEC30,VEC31	VEC0	-	driver:IsADirectoryError:[Errno 21] Is a directory: '/mnt/md0/QEMU/cst_runs/_arc3_cov
LLVM_MC:FMLALLBB_1	fmlallbb	22c4000e	fmlallbb v2.4s, v1.16b, v0.16b	post-2022-12	2:LLVM-MC	unprobed	VEC0,VEC1,VEC2	VEC2	VEC0,VEC1,VEC2	VEC2	agree	-	-	VEC0,VEC1,VEC2	VEC2	-	driver:IsADirectoryError:[Errno 21] Is a directory: '/mnt/md0/QEMU/cst_runs/_arc3_cov
LLVM_MC:FMLALLBB_2	fmlallbb	2280002f	fmlallbb v2.4s, v1.16b, v0.b[0]	post-2022-12	2:LLVM-MC	unprobed	VEC0,VEC1,VEC2	VEC2	VEC0,VEC1,VEC2	VEC2	agree	-	-	VEC0,VEC1,VEC2	VEC2	-	driver:IsADirectoryError:[Errno 21] Is a directory: '/mnt/md0/QEMU/cst_runs/_arc3_cov
LLVM_MC:FMLALLBB_3	fmlallbb	22882064	fmlallbb z2.s, z1.b, z0.b	post-2022-12	2:LLVM-MC	unprobed	VEC0,VEC1,VEC2	VEC2	VEC0,VEC1,VEC2	VEC2	agree	-	-	VEC0,VEC1,VEC2	VEC2	-	driver:IsADirectoryError:[Errno 21] Is a directory: '/mnt/md0/QEMU/cst_runs/_arc3_cov
LLVM_MC:FMLALLBB_4	fmlallbb	22c02064	fmlallbb z2.s, z1.b, z0.b[0]	post-2022-12	2:LLVM-MC	unprobed	VEC0,VEC1,VEC2	VEC2	VEC0,VEC1,VEC2	VEC2	agree	-	-	VEC0,VEC1,VEC2	VEC2	-	driver:IsADirectoryError:[Errno 21] Is a directory: '/mnt/md0/QEMU/cst_runs/_arc3_cov
LLVM_MC:FMLALLBT_1	fmlallbt	22c4400e	fmlallbt v2.4s, v1.16b, v0.16b	post-2022-12	2:LLVM-MC	unprobed	VEC0,VEC1,VEC2	VEC2	VEC0,VEC1,VEC2	VEC2	agree	-	-	VEC0,VEC1,VEC2	VEC2	-	driver:IsADirectoryError:[Errno 21] Is a directory: '/mnt/md0/QEMU/cst_runs/_arc3_cov
LLVM_MC:FMLALLBT_2	fmlallbt	2280402f	fmlallbt v2.4s, v1.16b, v0.b[0]	post-2022-12	2:LLVM-MC	unprobed	VEC0,VEC1,VEC2	VEC2	VEC0,VEC1,VEC2	VEC2	agree	-	-	VEC0,VEC1,VEC2	VEC2	-	driver:IsADirectoryError:[Errno 21] Is a directory: '/mnt/md0/QEMU/cst_runs/_arc3_cov
LLVM_MC:FMLALLBT_3	fmlallbt	22982064	fmlallbt z2.s, z1.b, z0.b	post-2022-12	2:LLVM-MC	unprobed	VEC0,VEC1,VEC2	VEC2	VEC0,VEC1,VEC2	VEC2	agree	-	-	VEC0,VEC1,VEC2	VEC2	-	driver:IsADirectoryError:[Errno 21] Is a directory: '/mnt/md0/QEMU/cst_runs/_arc3_cov
LLVM_MC:FMLALLBT_4	fmlallbt	22c06064	fmlallbt z2.s, z1.b, z0.b[0]	post-2022-12	2:LLVM-MC	unprobed	VEC0,VEC1,VEC2	VEC2	VEC0,VEC1,VEC2	VEC2	agree	-	-	VEC0,VEC1,VEC2	VEC2	-	driver:IsADirectoryError:[Errno 21] Is a directory: '/mnt/md0/QEMU/cst_runs/_arc3_cov
LLVM_MC:FMLALLTB_1	fmlalltb	22c4004e	fmlalltb v2.4s, v1.16b, v0.16b	post-2022-12	2:LLVM-MC	unprobed	VEC0,VEC1,VEC2	VEC2	VEC0,VEC1,VEC2	VEC2	agree	-	-	VEC0,VEC1,VEC2	VEC2	-	driver:IsADirectoryError:[Errno 21] Is a directory: '/mnt/md0/QEMU/cst_runs/_arc3_cov
LLVM_MC:FMLALLTB_2	fmlalltb	2280006f	fmlalltb v2.4s, v1.16b, v0.b[0]	post-2022-12	2:LLVM-MC	unprobed	VEC0,VEC1,VEC2	VEC2	VEC0,VEC1,VEC2	VEC2	agree	-	-	VEC0,VEC1,VEC2	VEC2	-	driver:IsADirectoryError:[Errno 21] Is a directory: '/mnt/md0/QEMU/cst_runs/_arc3_cov
LLVM_MC:FMLALLTB_3	fmlalltb	22a82064	fmlalltb z2.s, z1.b, z0.b	post-2022-12	2:LLVM-MC	unprobed	VEC0,VEC1,VEC2	VEC2	VEC0,VEC1,VEC2	VEC2	agree	-	-	VEC0,VEC1,VEC2	VEC2	-	driver:IsADirectoryError:[Errno 21] Is a directory: '/mnt/md0/QEMU/cst_runs/_arc3_cov
LLVM_MC:FMLALLTB_4	fmlalltb	22c0a064	fmlalltb z2.s, z1.b, z0.b[0]	post-2022-12	2:LLVM-MC	unprobed	VEC0,VEC1,VEC2	VEC2	VEC0,VEC1,VEC2	VEC2	agree	-	-	VEC0,VEC1,VEC2	VEC2	-	driver:IsADirectoryError:[Errno 21] Is a directory: '/mnt/md0/QEMU/cst_runs/_arc3_cov
LLVM_MC:FMLALLTT_1	fmlalltt	22c4404e	fmlalltt v2.4s, v1.16b, v0.16b	post-2022-12	2:LLVM-MC	unprobed	VEC0,VEC1,VEC2	VEC2	VEC0,VEC1,VEC2	VEC2	agree	-	-	VEC0,VEC1,VEC2	VEC2	-	driver:IsADirectoryError:[Errno 21] Is a directory: '/mnt/md0/QEMU/cst_runs/_arc3_cov
LLVM_MC:FMLALLTT_2	fmlalltt	2280406f	fmlalltt v2.4s, v1.16b, v0.b[0]	post-2022-12	2:LLVM-MC	unprobed	VEC0,VEC1,VEC2	VEC2	VEC0,VEC1,VEC2	VEC2	agree	-	-	VEC0,VEC1,VEC2	VEC2	-	driver:IsADirectoryError:[Errno 21] Is a directory: '/mnt/md0/QEMU/cst_runs/_arc3_cov
LLVM_MC:FMLALLTT_3	fmlalltt	22b82064	fmlalltt z2.s, z1.b, z0.b	post-2022-12	2:LLVM-MC	unprobed	VEC0,VEC1,VEC2	VEC2	VEC0,VEC1,VEC2	VEC2	agree	-	-	VEC0,VEC1,VEC2	VEC2	-	driver:IsADirectoryError:[Errno 21] Is a directory: '/mnt/md0/QEMU/cst_runs/_arc3_cov
LLVM_MC:FMLALLTT_4	fmlalltt	22c0e064	fmlalltt z2.s, z1.b, z0.b[0]	post-2022-12	2:LLVM-MC	unprobed	VEC0,VEC1,VEC2	VEC2	VEC0,VEC1,VEC2	VEC2	agree	-	-	VEC0,VEC1,VEC2	VEC2	-	driver:IsADirectoryError:[Errno 21] Is a directory: '/mnt/md0/QEMU/cst_runs/_arc3_cov
LLVM_MC:FMLALL_1	fmlall	220020c1	fmlall za.s[w8, 0:3, vgx2], { z1.b, z2.b }, z0.b	post-2022-12	2:LLVM-MC	unprobed	GPR8,MATRIX,VEC0,VEC1,VEC2	MATRIX	GPR8,MATRIX,VEC0,VEC1,VEC2	MATRIX	agree	-	-	GPR8,MATRIX,VEC0,VEC1,VEC2	MATRIX	-	driver:IsADirectoryError:[Errno 21] Is a directory: '/mnt/md0/QEMU/cst_runs/_arc3_cov
LLVM_MC:FMLALL_2	fmlall	e00390c1	fmlall za.s[w8, 0:3, vgx2], { z30.b, z31.b }, z0.b[0]	post-2022-12	2:LLVM-MC	unprobed	GPR8,MATRIX,VEC0,VEC30,VEC31	MATRIX	GPR8,MATRIX,VEC0,VEC30,VEC31	MATRIX	agree	-	-	GPR8,MATRIX,VEC0,VEC30,VEC31	MATRIX	-	driver:IsADirectoryError:[Errno 21] Is a directory: '/mnt/md0/QEMU/cst_runs/_arc3_cov
LLVM_MC:FMLALL_3	fmlall	e003a0c1	fmlall za.s[w8, 0:3, vgx2], { z30.b, z31.b }, { z0.b, z1.b }	post-2022-12	2:LLVM-MC	unprobed	GPR8,MATRIX,VEC0,VEC1,VEC30,VEC31	MATRIX	GPR8,MATRIX,VEC0,VEC1,VEC30,VEC31	MATRIX	agree	-	-	GPR8,MATRIX,VEC0,VEC1,VEC30,VEC31	MATRIX	-	driver:IsADirectoryError:[Errno 21] Is a directory: '/mnt/md0/QEMU/cst_runs/_arc3_cov
LLVM_MC:FMLALL_4	fmlall	220030c1	fmlall za.s[w8, 0:3, vgx4], { z1.b - z4.b }, z0.b	post-2022-12	2:LLVM-MC	unprobed	GPR8,MATRIX,VEC0,VEC1,VEC2,VEC3,VEC4	MATRIX	GPR8,MATRIX,VEC0,VEC1,VEC2,VEC3,VEC4	MATRIX	agree	-	-	GPR8,MATRIX,VEC0,VEC1,VEC2,VEC3,VEC4	MATRIX	-	driver:IsADirectoryError:[Errno 21] Is a directory: '/mnt/md0/QEMU/cst_runs/_arc3_cov
LLVM_MC:FMLALL_5	fmlall	c08310c1	fmlall za.s[w8, 0:3, vgx4], { z28.b - z31.b }, z0.b[0]	post-2022-12	2:LLVM-MC	unprobed	GPR8,MATRIX,VEC0,VEC28,VEC29,VEC30,VEC31	MATRIX	GPR8,MATRIX,VEC0,VEC28,VEC29,VEC30,VEC31	MATRIX	agree	-	-	GPR8,MATRIX,VEC0,VEC28,VEC29,VEC30,VEC31	MATRIX	-	driver:IsADirectoryError:[Errno 21] Is a directory: '/mnt/md0/QEMU/cst_runs/_arc3_cov
LLVM_MC:FMLALL_6	fmlall	e00730c1	fmlall za.s[w8, 0:3], z31.b, z0.b	post-2022-12	2:LLVM-MC	unprobed	GPR8,MATRIX,VEC0,VEC31	MATRIX	GPR8,MATRIX,VEC0,VEC31	MATRIX	agree	-	-	GPR8,MATRIX,VEC0,VEC31	MATRIX	-	driver:IsADirectoryError:[Errno 21] Is a directory: '/mnt/md0/QEMU/cst_runs/_arc3_cov
LLVM_MC:FMLALL_7	fmlall	e00340c1	fmlall za.s[w8, 0:3], z31.b, z0.b[0]	post-2022-12	2:LLVM-MC	unprobed	GPR8,MATRIX,VEC0,VEC31	MATRIX	GPR8,MATRIX,VEC0,VEC31	MATRIX	agree	-	-	GPR8,MATRIX,VEC0,VEC31	MATRIX	-	driver:IsADirectoryError:[Errno 21] Is a directory: '/mnt/md0/QEMU/cst_runs/_arc3_cov
LLVM_MC:FMLALL_8	fmlall	2100a1c1	fmlall za.s[w8, 4:7, vgx4], { z0.b - z3.b }, { z0.b - z3.b }	post-2022-12	2:LLVM-MC	unprobed	GPR8,MATRIX,VEC0,VEC1,VEC2,VEC3	MATRIX	GPR8,MATRIX,VEC0,VEC1,VEC2,VEC3	MATRIX	agree	-	-	GPR8,MATRIX,VEC0,VEC1,VEC2,VEC3	MATRIX	-	driver:IsADirectoryError:[Errno 21] Is a directory: '/mnt/md0/QEMU/cst_runs/_arc3_cov
LLVM_MC:FVDOTB_1	fvdotb	c00bd0c1	fvdotb za.s[w8, 0, vgx4], { z30.b, z31.b }, z0.b[0]	post-2022-12	2:LLVM-MC	unprobed	GPR8,MATRIX,VEC0,VEC30,VEC31	MATRIX	GPR8,MATRIX,VEC0,VEC30,VEC31	MATRIX	agree	-	-	GPR8,MATRIX,VEC0,VEC30,VEC31	MATRIX	-	driver:IsADirectoryError:[Errno 21] Is a directory: '/mnt/md0/QEMU/cst_runs/_arc3_cov
LLVM_MC:MADDPT_1	maddpt	2200609b	maddpt x2, x1, x0, x0	post-2022-12	2:LLVM-MC	unprobed	GPR0,GPR1	GPR2	GPR0,GPR1	GPR2	agree	-	-	GPR0,GPR1	GPR2	-	driver:IsADirectoryError:[Errno 21] Is a directory: '/mnt/md0/QEMU/cst_runs/_arc3_cov
LLVM_MC:MADDPT_2	maddpt	227c609b	maddpt x2, x1, x0, xzr	post-2022-12	2:LLVM-MC	unprobed	GPR0,GPR1,ZERO	GPR2	GPR0,GPR1,ZERO	GPR2	agree	-	-	GPR0,GPR1,ZERO	GPR2	-	driver:IsADirectoryError:[Errno 21] Is a directory: '/mnt/md0/QEMU/cst_runs/_arc3_cov
LLVM_MC:MADDPT_3	maddpt	22007f9b	maddpt x2, x1, xzr, x0	post-2022-12	2:LLVM-MC	unprobed	GPR0,GPR1,ZERO	GPR2	GPR0,GPR1,ZERO	GPR2	agree	-	-	GPR0,GPR1,ZERO	GPR2	-	driver:IsADirectoryError:[Errno 21] Is a directory: '/mnt/md0/QEMU/cst_runs/_arc3_cov
LLVM_MC:MADDPT_4	maddpt	227c7f9b	maddpt x2, x1, xzr, xzr	post-2022-12	2:LLVM-MC	unprobed	GPR1,ZERO	GPR2	GPR1,ZERO	GPR2	agree	-	-	GPR1,ZERO	GPR2	-	driver:IsADirectoryError:[Errno 21] Is a directory: '/mnt/md0/QEMU/cst_runs/_arc3_cov
LLVM_MC:MADDPT_5	maddpt	e003609b	maddpt x0, xzr, x0, x0	post-2022-12	2:LLVM-MC	unprobed	GPR0,ZERO	GPR0	GPR0,ZERO	GPR0	agree	-	-	GPR0,ZERO	GPR0	-	driver:IsADirectoryError:[Errno 21] Is a directory: '/mnt/md0/QEMU/cst_runs/_arc3_cov
LLVM_MC:MADDPT_6	maddpt	e07f609b	maddpt x0, xzr, x0, xzr	post-2022-12	2:LLVM-MC	unprobed	GPR0,ZERO	GPR0	GPR0,ZERO	GPR0	agree	-	-	GPR0,ZERO	GPR0	-	driver:IsADirectoryError:[Errno 21] Is a directory: '/mnt/md0/QEMU/cst_runs/_arc3_cov
LLVM_MC:MADDPT_7	maddpt	e0037f9b	maddpt x0, xzr, xzr, x0	post-2022-12	2:LLVM-MC	unprobed	GPR0,ZERO	GPR0	GPR0,ZERO	GPR0	agree	-	-	GPR0,ZERO	GPR0	-	driver:IsADirectoryError:[Errno 21] Is a directory: '/mnt/md0/QEMU/cst_runs/_arc3_cov
LLVM_MC:MADDPT_8	maddpt	e07f7f9b	maddpt x0, xzr, xzr, xzr	post-2022-12	2:LLVM-MC	unprobed	ZERO	GPR0	ZERO	GPR0	agree	-	-	ZERO	GPR0	-	driver:IsADirectoryError:[Errno 21] Is a directory: '/mnt/md0/QEMU/cst_runs/_arc3_cov
LLVM_MC:MADPT_1	madpt	22d8c044	madpt z2.d, z0.d, z1.d	post-2022-12	2:LLVM-MC	unprobed	VEC0,VEC1,VEC2	VEC2	VEC0,VEC1,VEC2	VEC2	agree	-	-	VEC0,VEC1,VEC2	VEC2	-	driver:IsADirectoryError:[Errno 21] Is a directory: '/mnt/md0/QEMU/cst_runs/_arc3_cov
LLVM_MC:MLAPT_1	mlapt	22d0c044	mlapt z2.d, z1.d, z0.d	post-2022-12	2:LLVM-MC	unprobed	VEC0,VEC1,VEC2	VEC2	VEC0,VEC1,VEC2	VEC2	agree	-	-	VEC0,VEC1,VEC2	VEC2	-	driver:IsADirectoryError:[Errno 21] Is a directory: '/mnt/md0/QEMU/cst_runs/_arc3_cov
LLVM_MC:MSUBPT_1	msubpt	2280609b	msubpt x2, x1, x0, x0	post-2022-12	2:LLVM-MC	unprobed	GPR0,GPR1	GPR2	GPR0,GPR1	GPR2	agree	-	-	GPR0,GPR1	GPR2	-	driver:IsADirectoryError:[Errno 21] Is a directory: '/mnt/md0/QEMU/cst_runs/_arc3_cov
LLVM_MC:MSUBPT_2	msubpt	22fc609b	msubpt x2, x1, x0, xzr	post-2022-12	2:LLVM-MC	unprobed	GPR0,GPR1,ZERO	GPR2	GPR0,GPR1,ZERO	GPR2	agree	-	-	GPR0,GPR1,ZERO	GPR2	-	driver:IsADirectoryError:[Errno 21] Is a directory: '/mnt/md0/QEMU/cst_runs/_arc3_cov
LLVM_MC:MSUBPT_3	msubpt	22807f9b	msubpt x2, x1, xzr, x0	post-2022-12	2:LLVM-MC	unprobed	GPR0,GPR1,ZERO	GPR2	GPR0,GPR1,ZERO	GPR2	agree	-	-	GPR0,GPR1,ZERO	GPR2	-	driver:IsADirectoryError:[Errno 21] Is a directory: '/mnt/md0/QEMU/cst_runs/_arc3_cov
LLVM_MC:MSUBPT_4	msubpt	22fc7f9b	msubpt x2, x1, xzr, xzr	post-2022-12	2:LLVM-MC	unprobed	GPR1,ZERO	GPR2	GPR1,ZERO	GPR2	agree	-	-	GPR1,ZERO	GPR2	-	driver:IsADirectoryError:[Errno 21] Is a directory: '/mnt/md0/QEMU/cst_runs/_arc3_cov
LLVM_MC:MSUBPT_5	msubpt	e083609b	msubpt x0, xzr, x0, x0	post-2022-12	2:LLVM-MC	unprobed	GPR0,ZERO	GPR0	GPR0,ZERO	GPR0	agree	-	-	GPR0,ZERO	GPR0	-	driver:IsADirectoryError:[Errno 21] Is a directory: '/mnt/md0/QEMU/cst_runs/_arc3_cov
LLVM_MC:MSUBPT_6	msubpt	e0ff609b	msubpt x0, xzr, x0, xzr	post-2022-12	2:LLVM-MC	unprobed	GPR0,ZERO	GPR0	GPR0,ZERO	GPR0	agree	-	-	GPR0,ZERO	GPR0	-	driver:IsADirectoryError:[Errno 21] Is a directory: '/mnt/md0/QEMU/cst_runs/_arc3_cov
LLVM_MC:MSUBPT_7	msubpt	e0837f9b	msubpt x0, xzr, xzr, x0	post-2022-12	2:LLVM-MC	unprobed	GPR0,ZERO	GPR0	GPR0,ZERO	GPR0	agree	-	-	GPR0,ZERO	GPR0	-	driver:IsADirectoryError:[Errno 21] Is a directory: '/mnt/md0/QEMU/cst_runs/_arc3_cov
LLVM_MC:MSUBPT_8	msubpt	e0ff7f9b	msubpt x0, xzr, xzr, xzr	post-2022-12	2:LLVM-MC	unprobed	ZERO	GPR0	ZERO	GPR0	agree	-	-	ZERO	GPR0	-	driver:IsADirectoryError:[Errno 21] Is a directory: '/mnt/md0/QEMU/cst_runs/_arc3_cov
LLVM_MC:RETAASPPC_1	retaasppc	e00b5fd6	retaasppc x0	post-2022-12	2:LLVM-MC	unprobed	GPR0,LR,SP	-	GPR0,LR,SP	-	agree	-	-	GPR0,LR,SP	-	-	driver:IsADirectoryError:[Errno 21] Is a directory: '/mnt/md0/QEMU/cst_runs/_arc3_cov
LLVM_MC:RETABSPPC_1	retabsppc	e00f5fd6	retabsppc x0	post-2022-12	2:LLVM-MC	unprobed	GPR0,LR,SP	-	GPR0,LR,SP	-	agree	-	-	GPR0,LR,SP	-	-	driver:IsADirectoryError:[Errno 21] Is a directory: '/mnt/md0/QEMU/cst_runs/_arc3_cov
LLVM_MC:SUBPT_1	subpt	e02300da	subpt x0, sp, x0	post-2022-12	2:LLVM-MC	unprobed	GPR0,SP	GPR0	GPR0,SP	GPR0	agree	-	-	GPR0,SP	GPR0	-	driver:IsADirectoryError:[Errno 21] Is a directory: '/mnt/md0/QEMU/cst_runs/_arc3_cov
LLVM_MC:SUBPT_10	subpt	220ce004	subpt z2.d, z1.d, z0.d	post-2022-12	2:LLVM-MC	unprobed	VEC0,VEC1	VEC2	VEC0,VEC1	VEC2	agree	-	-	VEC0,VEC1	VEC2	-	driver:IsADirectoryError:[Errno 21] Is a directory: '/mnt/md0/QEMU/cst_runs/_arc3_cov
LLVM_MC:SUBPT_2	subpt	e02700da	subpt x0, sp, x0, lsl #1	post-2022-12	2:LLVM-MC	unprobed	GPR0,SP	GPR0	GPR0,SP	GPR0	agree	-	-	GPR0,SP	GPR0	-	driver:IsADirectoryError:[Errno 21] Is a directory: '/mnt/md0/QEMU/cst_runs/_arc3_cov
LLVM_MC:SUBPT_3	subpt	e0231fda	subpt x0, sp, xzr	post-2022-12	2:LLVM-MC	unprobed	SP,ZERO	GPR0	SP,ZERO	GPR0	agree	-	-	SP,ZERO	GPR0	-	driver:IsADirectoryError:[Errno 21] Is a directory: '/mnt/md0/QEMU/cst_runs/_arc3_cov
LLVM_MC:SUBPT_4	subpt	e0271fda	subpt x0, sp, xzr, lsl #1	post-2022-12	2:LLVM-MC	unprobed	SP,ZERO	GPR0	SP,ZERO	GPR0	agree	-	-	SP,ZERO	GPR0	-	driver:IsADirectoryError:[Errno 21] Is a directory: '/mnt/md0/QEMU/cst_runs/_arc3_cov
LLVM_MC:SUBPT_5	subpt	222000da	subpt x2, x1, x0	post-2022-12	2:LLVM-MC	unprobed	GPR0,GPR1	GPR2	GPR0,GPR1	GPR2	agree	-	-	GPR0,GPR1	GPR2	-	driver:IsADirectoryError:[Errno 21] Is a directory: '/mnt/md0/QEMU/cst_runs/_arc3_cov
LLVM_MC:SUBPT_6	subpt	222400da	subpt x2, x1, x0, lsl #1	post-2022-12	2:LLVM-MC	unprobed	GPR0,GPR1	GPR2	GPR0,GPR1	GPR2	agree	-	-	GPR0,GPR1	GPR2	-	driver:IsADirectoryError:[Errno 21] Is a directory: '/mnt/md0/QEMU/cst_runs/_arc3_cov
LLVM_MC:SUBPT_7	subpt	22201fda	subpt x2, x1, xzr	post-2022-12	2:LLVM-MC	unprobed	GPR1,ZERO	GPR2	GPR1,ZERO	GPR2	agree	-	-	GPR1,ZERO	GPR2	-	driver:IsADirectoryError:[Errno 21] Is a directory: '/mnt/md0/QEMU/cst_runs/_arc3_cov
LLVM_MC:SUBPT_8	subpt	22241fda	subpt x2, x1, xzr, lsl #1	post-2022-12	2:LLVM-MC	unprobed	GPR1,ZERO	GPR2	GPR1,ZERO	GPR2	agree	-	-	GPR1,ZERO	GPR2	-	driver:IsADirectoryError:[Errno 21] Is a directory: '/mnt/md0/QEMU/cst_runs/_arc3_cov
LLVM_MC:SUBPT_9	subpt	2200c504	subpt z2.d, p0/m, z2.d, z1.d	post-2022-12	2:LLVM-MC	unprobed	PRED0,VEC1,VEC2	VEC2	PRED0,VEC1,VEC2	VEC2	agree	-	-	PRED0,VEC1,VEC2	VEC2	-	driver:IsADirectoryError:[Errno 21] Is a directory: '/mnt/md0/QEMU/cst_runs/_arc3_cov
LSLV_32_dp_2src	lslv	4320c11a	lsl w3, w2, w1	general	1:MRA	ok	GPR1,GPR2	GPR3	GPR1,GPR2	GPR3	agree	-	-	GPR1,GPR2	GPR3	same	-
LSLV_64_dp_2src	lslv	4320c19a	lsl x3, x2, x1	general	1:MRA	ok	GPR1,GPR2	GPR3	GPR1,GPR2	GPR3	agree	-	-	GPR1,GPR2	GPR3	same	-
LSL_UBFM_32M_bitfield	lsl	92370e53	lsl w18, w28, #18	general	1:MRA	ok	GPR28	GPR18	GPR28	GPR18	agree	-	-	GPR28	GPR18	same	-
LSL_UBFM_64M_bitfield	lsl	40fa7fd3	lsl x0, x18, #1	general	1:MRA	ok	GPR18	GPR0	GPR18	GPR0	agree	-	-	GPR18	GPR0	same	-
LSRV_32_dp_2src	lsrv	4324c11a	lsr w3, w2, w1	general	1:MRA	ok	GPR1,GPR2	GPR3	GPR1,GPR2	GPR3	agree	-	-	GPR1,GPR2	GPR3	same	-
LSRV_64_dp_2src	lsrv	4324c19a	lsr x3, x2, x1	general	1:MRA	ok	GPR1,GPR2	GPR3	GPR1,GPR2	GPR3	agree	-	-	GPR1,GPR2	GPR3	same	-
LSR_UBFM_32M_bitfield	lsr	437c0153	lsr w3, w2, #1	general	1:MRA	ok	GPR2	GPR3	GPR2	GPR3	agree	-	-	GPR2	GPR3	same	-
LSR_UBFM_64M_bitfield	lsr	43fc41d3	lsr x3, x2, #1	general	1:MRA	ok	GPR2	GPR3	GPR2	GPR3	agree	-	-	GPR2	GPR3	same	-
MADD_32A_dp_3src	madd	6408011b	madd w4, w3, w1, w2	general	1:MRA	ok	GPR1,GPR2,GPR3	GPR4	GPR1,GPR2,GPR3	GPR4	agree	-	-	GPR1,GPR2,GPR3	GPR4	same	-
MADD_64A_dp_3src	madd	6408019b	madd x4, x3, x1, x2	general	1:MRA	ok	GPR1,GPR2,GPR3	GPR4	GPR1,GPR2,GPR3	GPR4	agree	-	-	GPR1,GPR2,GPR3	GPR4	same	-
MLA_asimdelem_R	mla	2200a56f	mla v2.4s, v1.4s, v5.s[1]	advsimd	1:MRA	ok	VEC1,VEC2,VEC5	VEC2	VEC1,VEC2,VEC5	VEC2	agree	-	-	VEC1,VEC2,VEC5	VEC2	same	-
MLA_asimdsame_only	mla	8594a34e	mla v5.4s, v4.4s, v3.4s	advsimd	1:MRA	ok	VEC3,VEC4,VEC5	VEC5	VEC3,VEC4,VEC5	VEC5	agree	-	-	VEC3,VEC4,VEC5	VEC5	same	-
MLS_asimdelem_R	mls	2240a56f	mls v2.4s, v1.4s, v5.s[1]	advsimd	1:MRA	ok	VEC1,VEC2,VEC5	VEC2	VEC1,VEC2,VEC5	VEC2	agree	-	-	VEC1,VEC2,VEC5	VEC2	same	-
MLS_asimdsame_only	mls	8594a36e	mls v5.4s, v4.4s, v3.4s	advsimd	1:MRA	ok	VEC3,VEC4,VEC5	VEC5	VEC3,VEC4,VEC5	VEC5	agree	-	-	VEC3,VEC4,VEC5	VEC5	same	-
MNEG_MSUB_32A_dp_3src	mneg	43fc011b	mneg w3, w2, w1	general	1:MRA	ok	GPR1,GPR2,ZERO	GPR3	GPR1,GPR2	GPR3	disagree	SRC+ref:ZERO	-	GPR1,GPR2,ZERO	GPR3	same	-
MNEG_MSUB_64A_dp_3src	mneg	43fc019b	mneg x3, x2, x1	general	1:MRA	ok	GPR1,GPR2,ZERO	GPR3	GPR1,GPR2	GPR3	disagree	SRC+ref:ZERO	-	GPR1,GPR2,ZERO	GPR3	same	-
MOVI_asimdimm_D2_d	movi	43e5056f	movi v3.2d, #0xff00ff00ff00ff00	advsimd	1:MRA	ok	-	VEC3	-	VEC3	agree	-	-	-	VEC3	same	-
MOVI_asimdimm_D_ds	movi	43e5052f	movi d3, #0xff00ff00ff00ff00	advsimd	1:MRA	ok	-	VEC3	-	VEC3	agree	-	-	-	VEC3	same	-
MOVI_asimdimm_L_hl	movi	4585024f	movi v5.8h, #74	advsimd	1:MRA	ok	-	VEC5	-	VEC5	agree	-	-	-	VEC5	same	-
MOVI_asimdimm_L_sl	movi	4545024f	movi v5.4s, #74, lsl #16	advsimd	1:MRA	ok	-	VEC5	-	VEC5	agree	-	-	-	VEC5	same	-
MOVI_asimdimm_M_sm	movi	45d5024f	movi v5.4s, #74, msl #16	advsimd	1:MRA	ok	-	VEC5	-	VEC5	agree	-	-	-	VEC5	same	-
MOVI_asimdimm_N_b	movi	a4e6024f	movi v4.16b, #85	advsimd	1:MRA	ok	-	VEC4	-	VEC4	agree	-	-	-	VEC4	same	-
MOVK_32_movewide	movk	4300a072	movk w3, #2, lsl #16	general	1:MRA	ok	GPR3	GPR3	GPR3	GPR3	agree	-	-	GPR3	GPR3	same	-
MOVK_64_movewide	movk	4300a0f2	movk x3, #2, lsl #16	general	1:MRA	ok	GPR3	GPR3	GPR3	GPR3	agree	-	-	GPR3	GPR3	same	-
MOVN_32_movewide	movn	4300a012	mov w3, #-131073	general	1:MRA	ok	-	GPR3	-	GPR3	agree	-	-	-	GPR3	same	-
MOVN_64_movewide	movn	4300a092	mov x3, #-131073	general	1:MRA	ok	-	GPR3	-	GPR3	agree	-	-	-	GPR3	same	-
MOVS_ands_p_p_pp_z	movs	00404025	movs p0.b, p0/z, p0.b	sve	1:MRA	ok	PRED0	FLAGS,PRED0	PRED0	FLAGS,PRED0	agree	-	-	PRED0	FLAGS,PRED0	same	unbounded-loop
MOVS_orrs_p_p_pp_z	movs	0040c025	movs p0.b, p0.b	sve	1:MRA	ok	PRED0	FLAGS,PRED0	PRED0	FLAGS,PRED0	agree	-	-	PRED0	FLAGS,PRED0	same	unbounded-loop
MOVZ_32_movewide	movz	4300a052	mov w3, #131072	general	1:MRA	ok	-	GPR3	-	GPR3	agree	-	-	-	GPR3	same	-
MOVZ_64_movewide	movz	4300a0d2	mov x3, #131072	general	1:MRA	ok	-	GPR3	-	GPR3	agree	-	-	-	GPR3	same	-
MOV_ADD_32_addsub_imm	mov	9f010011	mov wsp, w12	general	1:MRA	ok	GPR12	SP	GPR12	SP	agree	-	-	GPR12	SP	same	-
MOV_ADD_64_addsub_imm	mov	5f020091	mov sp, x18	general	1:MRA	ok	GPR18	SP	GPR18	SP	agree	-	-	GPR18	SP	same	-
MOV_MOVN_32_movewide	mov	19008012	mov w25, #-1	general	1:MRA	ok	-	GPR25	-	GPR25	agree	-	-	-	GPR25	same	-
MOV_MOVN_64_movewide	mov	00008092	mov x0, #-1	general	1:MRA	ok	-	GPR0	-	GPR0	agree	-	-	-	GPR0	same	-
MOV_MOVZ_32_movewide	mov	10008052	mov w16, #0	general	1:MRA	ok	-	GPR16	-	GPR16	agree	-	-	-	GPR16	same	-
MOV_MOVZ_64_movewide	mov	060080d2	mov x6, #0	general	1:MRA	ok	-	GPR6	-	GPR6	agree	-	-	-	GPR6	same	-
MOV_ORR_32_log_imm	mov	e30b0132	mov w3, #-2147483645	general	1:MRA	ok	ZERO	GPR3	-	GPR3	disagree	SRC+ref:ZERO	-	ZERO	GPR3	same	-
MOV_ORR_32_log_shift	mov	e203012a	mov w2, w1	general	1:MRA	ok	GPR1,ZERO	GPR2	GPR1	GPR2	disagree	SRC+ref:ZERO	-	GPR1,ZERO	GPR2	same	-
MOV_ORR_64_log_imm	mov	e40f42b2	mov x4, #-4611686018427387901	general	1:MRA	ok	ZERO	GPR4	-	GPR4	disagree	SRC+ref:ZERO	-	ZERO	GPR4	same	-
MOV_ORR_64_log_shift	mov	e20301aa	mov x2, x1	general	1:MRA	ok	GPR1,ZERO	GPR2	GPR1	GPR2	disagree	SRC+ref:ZERO	-	GPR1,ZERO	GPR2	same	-
MOV_ORR_asimdsame_only	mov	311eb10e	mov v17.8b, v17.8b	advsimd	1:MRA	ok	VEC17	VEC17	VEC17	VEC17	agree	-	-	VEC17	VEC17	same	-
MOV_UMOV_asimdins_W_w	mov	433c040e	mov w3, v2.s[0]	advsimd	1:MRA	ok	VEC2	GPR3	VEC2	GPR3	agree	-	-	VEC2	GPR3	same	-
MOV_and_p_p_pp_z	mov	00400025	mov p0.b, p0/z, p0.b	sve	1:MRA	ok	PRED0	PRED0	PRED0	PRED0	agree	-	-	PRED0	PRED0	same	-
MOV_dup_z_zi_	mov	0e202e05	mov z14.h, z0.h[3]	sve	1:MRA	ok	VEC0	VEC14	VEC0	VEC14	agree	-	-	VEC0	VEC14	same	-
MOV_dup_z_zi__iclass_sve_3	dup	83223705	mov z3.b, z20.b[11]	sve	1:MRA	ok	VEC20	VEC3	VEC20	VEC3	agree	-	-	VEC20	VEC3	same	-
MOV_dup_z_zi__iclass_sve_4	dup	32203105	mov z18.b, z1.b[8]	sve	1:MRA	ok	VEC1	VEC18	VEC1	VEC18	agree	-	-	VEC1	VEC18	same	-
MOV_dupm_z_i_	mov	b3c4c205	mov z19.d, #0xffffff0000003fff	sve	1:MRA	ok	-	VEC19	-	VEC19	agree	-	-	-	VEC19	same	-
MOV_orr_p_p_pp_z	mov	00408025	mov p0.b, p0.b	sve	1:MRA	ok	PRED0	PRED0	PRED0	PRED0	agree	-	-	PRED0	PRED0	same	-
MOV_orr_z_zz_	mov	31327104	mov z17.d, z17.d	sve	1:MRA	ok	VEC17	VEC17	VEC17	VEC17	agree	-	-	VEC17	VEC17	same	-
MOV_sel_p_p_pp_	mov	10420025	mov p0.b, p0/m, p0.b	sve	1:MRA	ok	PRED0	PRED0	PRED0	PRED0	agree	-	-	PRED0	PRED0	same	-
MOV_sel_z_p_zz_	mov	31ceb105	mov z17.s, p3/m, z17.s	sve	1:MRA	ok	PRED3,VEC17	VEC17	PRED3,VEC17	VEC17	agree	-	-	PRED3,VEC17	VEC17	same	unbounded-loop
MRRS_RS_systemmovepr	mrrs	a6347ad5	mrrs x6, x7, S3_2_C3_C4_5	system	1:MRA	ok	-	-	SYS	GPR6,GPR7	disagree	DST+trc:GPR# DST+trc:GPR# SRC+trc:SYS	-	-	GPR6,GPR7	DST+trc:GPR# DST+trc:GPR#	-
MRS_RS_systemmove	mrs	a6343ad5	mrs x6, S3_2_C3_C4_5	system	1:MRA	ok	SYS	GPR6	SYS	GPR6	agree	-	-	-	FLAGS,GPR6	DST+trc:FLAGS SRC+ref:SYS	-
MSRR_SR_systemmovepr	msrr	a6345ad5	msrr S3_2_C3_C4_5, x6, x7	system	1:MRA	ok	-	-	GPR6,GPR7	SYS	disagree	DST+trc:SYS SRC+trc:GPR# SRC+trc:GPR#	-	GPR6,GPR7	-	SRC+trc:GPR# SRC+trc:GPR#	-
MSR_SI_pstate	msr	7f4201d5	msr S0_1_C4_C2_3, xzr	system	1:MRA	ok	PSTATE.EL	-	ZERO	SYS	disagree	DST+trc:SYS SRC+trc:ZERO	PSTATE.EL	ZERO	-	SRC+trc:ZERO	undefined-path
MSR_SR_systemmove	msr	a6341ad5	msr S3_2_C3_C4_5, x6	system	1:MRA	ok	GPR6	SYS	GPR6	SYS	agree	-	-	GPR6	-	DST+ref:SYS	-
MSUB_32A_dp_3src	msub	6488011b	msub w4, w3, w1, w2	general	1:MRA	ok	GPR1,GPR2,GPR3	GPR4	GPR1,GPR2,GPR3	GPR4	agree	-	-	GPR1,GPR2,GPR3	GPR4	same	-
MSUB_64A_dp_3src	msub	6488019b	msub x4, x3, x1, x2	general	1:MRA	ok	GPR1,GPR2,GPR3	GPR4	GPR1,GPR2,GPR3	GPR4	agree	-	-	GPR1,GPR2,GPR3	GPR4	same	-
MUL_MADD_32A_dp_3src	mul	437c011b	mul w3, w2, w1	general	1:MRA	ok	GPR1,GPR2,ZERO	GPR3	GPR1,GPR2	GPR3	disagree	SRC+ref:ZERO	-	GPR1,GPR2,ZERO	GPR3	same	-
MUL_MADD_64A_dp_3src	mul	437c019b	mul x3, x2, x1	general	1:MRA	ok	GPR1,GPR2,ZERO	GPR3	GPR1,GPR2	GPR3	disagree	SRC+ref:ZERO	-	GPR1,GPR2,ZERO	GPR3	same	-
MUL_asimdelem_R	mul	2280a54f	mul v2.4s, v1.4s, v5.s[1]	advsimd	1:MRA	ok	VEC1,VEC5	VEC2	VEC1,VEC5	VEC2	agree	-	-	VEC1,VEC5	VEC2	same	-
MUL_asimdsame_only	mul	859ca34e	mul v5.4s, v4.4s, v3.4s	advsimd	1:MRA	ok	VEC3,VEC4	VEC5	VEC3,VEC4	VEC5	agree	-	-	VEC3,VEC4	VEC5	same	-
MVNI_asimdimm_L_hl	mvni	4585026f	mvni v5.8h, #74	advsimd	1:MRA	ok	-	VEC5	-	VEC5	agree	-	-	-	VEC5	same	-
MVNI_asimdimm_L_sl	mvni	4545026f	mvni v5.4s, #74, lsl #16	advsimd	1:MRA	ok	-	VEC5	-	VEC5	agree	-	-	-	VEC5	same	-
MVNI_asimdimm_M_sm	mvni	45d5026f	mvni v5.4s, #74, msl #16	advsimd	1:MRA	ok	-	VEC5	-	VEC5	agree	-	-	-	VEC5	same	-
MVN_ORN_32_log_shift	mvn	e40f622a	mvn w4, w2, lsr #3	general	1:MRA	ok	GPR2,ZERO	GPR4	GPR2	GPR4	disagree	SRC+ref:ZERO	-	GPR2,ZERO	GPR4	same	-
MVN_ORN_64_log_shift	mvn	e40f62aa	mvn x4, x2, lsr #3	general	1:MRA	ok	GPR2,ZERO	GPR4	GPR2	GPR4	disagree	SRC+ref:ZERO	-	GPR2,ZERO	GPR4	same	-
NEGS_SUBS_32_addsub_shift	negs	e40f426b	negs w4, w2, lsr #3	general	1:MRA	ok	GPR2,ZERO	FLAGS,GPR4	GPR2	FLAGS,GPR4	disagree	SRC+ref:ZERO	-	GPR2,ZERO	FLAGS,GPR4	same	-
NEGS_SUBS_64_addsub_shift	negs	e40f42eb	negs x4, x2, lsr #3	general	1:MRA	ok	GPR2,ZERO	FLAGS,GPR4	GPR2	FLAGS,GPR4	disagree	SRC+ref:ZERO	-	GPR2,ZERO	FLAGS,GPR4	same	-
NEG_SUB_32_addsub_shift	neg	e40f424b	neg w4, w2, lsr #3	general	1:MRA	ok	GPR2,ZERO	GPR4	GPR2	GPR4	disagree	SRC+ref:ZERO	-	GPR2,ZERO	GPR4	same	-
NEG_SUB_64_addsub_shift	neg	e40f42cb	neg x4, x2, lsr #3	general	1:MRA	ok	GPR2,ZERO	GPR4	GPR2	GPR4	disagree	SRC+ref:ZERO	-	GPR2,ZERO	GPR4	same	-
NEG_asimdmisc_R	neg	64b8a06e	neg v4.4s, v3.4s	advsimd	1:MRA	ok	VEC3	VEC4	VEC3	VEC4	agree	-	-	VEC3	VEC4	same	-
NEG_asisdmisc_R	neg	31bae07e	neg d17, d17	advsimd	1:MRA	ok	VEC17	VEC17	VEC17	VEC17	agree	-	-	VEC17	VEC17	same	-
NGCS_SBCS_32_addsub_carry	ngcs	e203017a	ngcs w2, w1	general	1:MRA	ok	FLAGS,GPR1,ZERO	FLAGS,GPR2	FLAGS,GPR1	FLAGS,GPR2	disagree	SRC+ref:ZERO	-	FLAGS,GPR1,ZERO	FLAGS,GPR2	same	-
NGCS_SBCS_64_addsub_carry	ngcs	e20301fa	ngcs x2, x1	general	1:MRA	ok	FLAGS,GPR1,ZERO	FLAGS,GPR2	FLAGS,GPR1	FLAGS,GPR2	disagree	SRC+ref:ZERO	-	FLAGS,GPR1,ZERO	FLAGS,GPR2	same	-
NGC_SBC_32_addsub_carry	ngc	e203015a	ngc w2, w1	general	1:MRA	ok	FLAGS,GPR1,ZERO	GPR2	FLAGS,GPR1	GPR2	disagree	SRC+ref:ZERO	-	FLAGS,GPR1,ZERO	GPR2	same	-
NGC_SBC_64_addsub_carry	ngc	e20301da	ngc x2, x1	general	1:MRA	ok	FLAGS,GPR1,ZERO	GPR2	FLAGS,GPR1	GPR2	disagree	SRC+ref:ZERO	-	FLAGS,GPR1,ZERO	GPR2	same	-
NOP_HI_hints	nop	1f2003d5	nop	system	1:MRA	ok	-	-	-	-	agree	-	-	-	-	same	-
NOTS_eors_p_p_pp_z	nots	00424025	nots p0.b, p0/z, p0.b	sve	1:MRA	ok	PRED0	FLAGS,PRED0	PRED0	FLAGS,PRED0	agree	-	-	PRED0	FLAGS,PRED0	same	unbounded-loop
NOT_asimdmisc_R	not	4358206e	mvn v3.16b, v2.16b	advsimd	1:MRA	ok	VEC2	VEC3	VEC2	VEC3	agree	-	-	VEC2	VEC3	same	-
NOT_eor_p_p_pp_z	not	00420025	not p0.b, p0/z, p0.b	sve	1:MRA	ok	PRED0	PRED0	PRED0	PRED0	agree	-	-	PRED0	PRED0	same	-
ORN_32_log_shift	orn	850c622a	orn w5, w4, w2, lsr #3	general	1:MRA	ok	GPR2,GPR4	GPR5	GPR2,GPR4	GPR5	agree	-	-	GPR2,GPR4	GPR5	same	-
ORN_64_log_shift	orn	850c62aa	orn x5, x4, x2, lsr #3	general	1:MRA	ok	GPR2,GPR4	GPR5	GPR2,GPR4	GPR5	agree	-	-	GPR2,GPR4	GPR5	same	-
ORN_asimdsame_only	orn	641ce24e	orn v4.16b, v3.16b, v2.16b	advsimd	1:MRA	ok	VEC2,VEC3	VEC4	VEC2,VEC3	VEC4	agree	-	-	VEC2,VEC3	VEC4	same	-
ORN_orr_z_zi_	orn	11000005	orr z17.s, z17.s, #0x1	sve	1:MRA	ok	VEC17	VEC17	VEC17	VEC17	agree	-	-	VEC17	VEC17	same	-
ORR_32_log_imm	orr	64080132	orr w4, w3, #0x80000003	general	1:MRA	ok	GPR3	GPR4	GPR3	GPR4	agree	-	-	GPR3	GPR4	same	-
ORR_32_log_shift	orr	850c422a	orr w5, w4, w2, lsr #3	general	1:MRA	ok	GPR2,GPR4	GPR5	GPR2,GPR4	GPR5	agree	-	-	GPR2,GPR4	GPR5	same	-
ORR_64_log_imm	orr	850c42b2	orr x5, x4, #0xc000000000000003	general	1:MRA	ok	GPR4	GPR5	GPR4	GPR5	agree	-	-	GPR4	GPR5	same	-
ORR_64_log_shift	orr	850c42aa	orr x5, x4, x2, lsr #3	general	1:MRA	ok	GPR2,GPR4	GPR5	GPR2,GPR4	GPR5	agree	-	-	GPR2,GPR4	GPR5	same	-
ORR_asimdimm_L_hl	orr	4595024f	orr v5.8h, #74	advsimd	1:MRA	ok	VEC5	VEC5	VEC5	VEC5	agree	-	-	VEC5	VEC5	same	-
ORR_asimdimm_L_sl	orr	4555024f	orr v5.4s, #74, lsl #16	advsimd	1:MRA	ok	VEC5	VEC5	VEC5	VEC5	agree	-	-	VEC5	VEC5	same	-
ORR_asimdsame_only	orr	641ca24e	orr v4.16b, v3.16b, v2.16b	advsimd	1:MRA	ok	VEC2,VEC3	VEC4	VEC2,VEC3	VEC4	agree	-	-	VEC2,VEC3	VEC4	same	-
PACDA_64P_dp_1src	pacda	2208c1da	pacda x2, x1	general	1:MRA	ok	GPR1,GPR2,IP,PSTATE.EL,SYS	GPR2	GPR1,GPR2	GPR2	disagree	SRC+ref:SYS	IP,PSTATE.EL	GPR1,GPR2	GPR2	SRC+ref:SYS	-
PACDB_64P_dp_1src	pacdb	220cc1da	pacdb x2, x1	general	1:MRA	ok	GPR1,GPR2,IP,PSTATE.EL,SYS	GPR2	GPR1,GPR2	GPR2	disagree	SRC+ref:SYS	IP,PSTATE.EL	GPR1,GPR2	GPR2	SRC+ref:SYS	-
PACDZA_64Z_dp_1src	pacdza	e12bc1da	pacdza x1	general	1:MRA	ok	GPR1,IP,PSTATE.EL,SYS,ZERO	GPR1	GPR1	GPR1	disagree	SRC+ref:SYS SRC+ref:ZERO	IP,PSTATE.EL	GPR1	GPR1	SRC+ref:SYS SRC+ref:ZERO	-
PACDZB_64Z_dp_1src	pacdzb	e12fc1da	pacdzb x1	general	1:MRA	ok	GPR1,IP,PSTATE.EL,SYS,ZERO	GPR1	GPR1	GPR1	disagree	SRC+ref:SYS SRC+ref:ZERO	IP,PSTATE.EL	GPR1	GPR1	SRC+ref:SYS SRC+ref:ZERO	-
PACGA_64P_dp_2src	pacga	4330c19a	pacga x3, x2, x1	general	1:MRA	ok	GPR1,GPR2,IP,PSTATE.EL,SYS	GPR3	GPR1,GPR2	GPR3	disagree	SRC+ref:SYS	IP,PSTATE.EL	GPR1,GPR2	GPR3	SRC+ref:SYS	-
PACIA1716_HI_hints	pacia1716	1f2103d5	pacia1716	system	1:MRA	ok	GPR16,GPR17,IP,PSTATE.EL,SYS	GPR17	GPR16,GPR17	GPR17	disagree	SRC+ref:SYS	IP,PSTATE.EL	GPR16,GPR17	GPR17	SRC+ref:SYS	-
PACIASP_HI_hints	paciasp	3f2303d5	paciasp	system	1:MRA	ok	IP,LR,PSTATE.EL,SP,SYS	LR	LR,SP	LR	disagree	SRC+ref:SYS	IP,PSTATE.EL	LR,SP	LR	SRC+ref:SYS	-
PACIAZ_HI_hints	paciaz	1f2303d5	paciaz	system	1:MRA	ok	IP,LR,PSTATE.EL,SYS,ZERO	LR	LR	LR	disagree	SRC+ref:SYS SRC+ref:ZERO	IP,PSTATE.EL	LR	LR	SRC+ref:SYS SRC+ref:ZERO	-
PACIA_64P_dp_1src	pacia	2200c1da	pacia x2, x1	general	1:MRA	ok	GPR1,GPR2,IP,PSTATE.EL,SYS	GPR2	GPR1,GPR2	GPR2	disagree	SRC+ref:SYS	IP,PSTATE.EL	GPR1,GPR2	GPR2	SRC+ref:SYS	-
PACIB1716_HI_hints	pacib1716	5f2103d5	pacib1716	system	1:MRA	ok	GPR16,GPR17,IP,PSTATE.EL,SYS	GPR17	GPR16,GPR17	GPR17	disagree	SRC+ref:SYS	IP,PSTATE.EL	GPR16,GPR17	GPR17	SRC+ref:SYS	-
PACIBSP_HI_hints	pacibsp	7f2303d5	pacibsp	system	1:MRA	ok	IP,LR,PSTATE.EL,SP,SYS	LR	LR,SP	LR	disagree	SRC+ref:SYS	IP,PSTATE.EL	LR,SP	LR	SRC+ref:SYS	-
PACIBZ_HI_hints	pacibz	5f2303d5	pacibz	system	1:MRA	ok	IP,LR,PSTATE.EL,SYS,ZERO	LR	LR	LR	disagree	SRC+ref:SYS SRC+ref:ZERO	IP,PSTATE.EL	LR	LR	SRC+ref:SYS SRC+ref:ZERO	-
PACIB_64P_dp_1src	pacib	2204c1da	pacib x2, x1	general	1:MRA	ok	GPR1,GPR2,IP,PSTATE.EL,SYS	GPR2	GPR1,GPR2	GPR2	disagree	SRC+ref:SYS	IP,PSTATE.EL	GPR1,GPR2	GPR2	SRC+ref:SYS	-
PACIZA_64Z_dp_1src	paciza	e123c1da	paciza x1	general	1:MRA	ok	GPR1,IP,PSTATE.EL,SYS,ZERO	GPR1	GPR1	GPR1	disagree	SRC+ref:SYS SRC+ref:ZERO	IP,PSTATE.EL	GPR1	GPR1	SRC+ref:SYS SRC+ref:ZERO	-
PACIZB_64Z_dp_1src	pacizb	e127c1da	pacizb x1	general	1:MRA	ok	GPR1,IP,PSTATE.EL,SYS,ZERO	GPR1	GPR1	GPR1	disagree	SRC+ref:SYS SRC+ref:ZERO	IP,PSTATE.EL	GPR1	GPR1	SRC+ref:SYS SRC+ref:ZERO	-
PMULL_asimddiff_L	pmull	31e2310e	pmull v17.8h, v17.8b, v17.8b	advsimd	1:MRA	ok	VEC17	VEC17	VEC17	VEC17	agree	-	-	VEC17	VEC17	same	unbounded-loop
PMUL_asimdsame_only	pmul	cd9e3b6e	pmul v13.16b, v22.16b, v27.16b	advsimd	1:MRA	ok	VEC22,VEC27	VEC13	VEC22,VEC27	VEC13	agree	-	-	VEC22,VEC27	VEC13	same	unbounded-loop
PRFM_P_ldst_pos	prfm	430480f9	prfm pldl2strm, [x2, #8]	general	1:MRA	ok	GPR2,PSTATE.EL	-	GPR2	-	agree	-	PSTATE.EL	GPR2	-	same	-
PRFM_P_ldst_regoff	prfm	8558a1f8	prfm pldl3strm, [x4, w1, uxtw #3]	general	1:MRA	ok	GPR1,GPR4,PSTATE.EL	-	GPR1,GPR4	-	agree	-	PSTATE.EL	GPR1,GPR4	-	same	-
PRFM_P_loadlit	prfm	220000d8	prfm pldl2keep, #4	general	1:MRA	ok	IP,PSTATE.EL	-	-	-	agree	-	IP,PSTATE.EL	-	-	same	-
PRFUM_P_ldst_unscaled	prfum	431080f8	prfum pldl2strm, [x2, #1]	general	1:MRA	ok	GPR2,PSTATE.EL	-	GPR2	-	agree	-	PSTATE.EL	GPR2	-	same	-
PSB_HC_hints	psb	3f2203d5	psb csync	system	1:MRA	ok	-	-	-	-	agree	-	-	-	-	same	-
PSSBB_DSB_BO_barriers	pssbb	9f3403d5	pssbb	system	1:MRA	ok	-	-	-	-	agree	-	-	-	-	same	-
RADDHN_asimddiff_N	raddhn	d641612e	raddhn v22.4h, v14.4s, v1.4s	advsimd	1:MRA	ok	VEC1,VEC14	VEC22	VEC1,VEC14	VEC22	agree	-	-	VEC1,VEC14	VEC22	same	-
RAX1_VVV2_cryptosha512_3	rax1	438c61ce	rax1 v3.2d, v2.2d, v1.2d	advsimd	1:MRA	ok	VEC1,VEC2	VEC3	VEC1,VEC2	VEC3	agree	-	-	VEC1,VEC2	VEC3	same	-
RBIT_32_dp_1src	rbit	2200c05a	rbit w2, w1	general	1:MRA	ok	GPR1	GPR2	GPR1	GPR2	agree	-	-	GPR1	GPR2	same	-
RBIT_64_dp_1src	rbit	2200c0da	rbit x2, x1	general	1:MRA	ok	GPR1	GPR2	GPR1	GPR2	agree	-	-	GPR1	GPR2	same	-
RBIT_asimdmisc_R	rbit	4358606e	rbit v3.16b, v2.16b	advsimd	1:MRA	ok	VEC2	VEC3	VEC2	VEC3	agree	-	-	VEC2	VEC3	same	-
RCWCASAL_C64_rcwcomswap	rcwcasal	4308e119	rcwcasal x1, x3, [x2]	general	1:MRA	ok	GPR1,GPR2,GPR3,PSTATE.EL,SYS	FLAGS,GPR1	GPR1,GPR2,GPR3	FLAGS,GPR1	disagree	SRC+ref:SYS	PSTATE.EL	GPR1,GPR2,GPR3	FLAGS,GPR1	SRC+ref:SYS	-
RCWCASA_C64_rcwcomswap	rcwcasa	4308a119	rcwcasa x1, x3, [x2]	general	1:MRA	ok	GPR1,GPR2,GPR3,PSTATE.EL,SYS	FLAGS,GPR1	GPR1,GPR2,GPR3	FLAGS,GPR1	disagree	SRC+ref:SYS	PSTATE.EL	GPR1,GPR2,GPR3	FLAGS,GPR1	SRC+ref:SYS	-
RCWCASL_C64_rcwcomswap	rcwcasl	43086119	rcwcasl x1, x3, [x2]	general	1:MRA	ok	GPR1,GPR2,GPR3,PSTATE.EL,SYS	FLAGS,GPR1	GPR1,GPR2,GPR3	FLAGS,GPR1	disagree	SRC+ref:SYS	PSTATE.EL	GPR1,GPR2,GPR3	FLAGS,GPR1	SRC+ref:SYS	-
RCWCASPAL_C64_rcwcomswappr	rcwcaspal	9c0ffc19	rcwcaspal x28, x29, x28, x29, [x28]	general	1:MRA	ok	FP_REG,GPR28,PSTATE.EL,SYS	FLAGS,FP_REG,GPR28	FP_REG,GPR28	FLAGS,FP_REG,GPR28	disagree	SRC+ref:SYS	PSTATE.EL	FP_REG,GPR28	FLAGS,FP_REG,GPR28	SRC+ref:SYS	-
RCWCASPA_C64_rcwcomswappr	rcwcaspa	3a0fa419	rcwcaspa x4, x5, x26, x27, [x25]	general	1:MRA	ok	GPR25,GPR26,GPR27,GPR4,GPR5,PSTATE.EL,SYS	FLAGS,GPR4,GPR5	GPR25,GPR26,GPR27,GPR4,GPR5	FLAGS,GPR4,GPR5	disagree	SRC+ref:SYS	PSTATE.EL	GPR25,GPR26,GPR27,GPR4,GPR5	FLAGS,GPR4,GPR5	SRC+ref:SYS	-
RCWCASPL_C64_rcwcomswappr	rcwcaspl	9c0f7c19	rcwcaspl x28, x29, x28, x29, [x28]	general	1:MRA	ok	FP_REG,GPR28,PSTATE.EL,SYS	FLAGS,FP_REG,GPR28	FP_REG,GPR28	FLAGS,FP_REG,GPR28	disagree	SRC+ref:SYS	PSTATE.EL	FP_REG,GPR28	FLAGS,FP_REG,GPR28	SRC+ref:SYS	-
RCWCASP_C64_rcwcomswappr	rcwcasp	c60c3a19	rcwcasp x26, x27, x6, x7, [x6]	general	1:MRA	ok	GPR26,GPR27,GPR6,GPR7,PSTATE.EL,SYS	FLAGS,GPR26,GPR27	GPR26,GPR27,GPR6,GPR7	FLAGS,GPR26,GPR27	disagree	SRC+ref:SYS	PSTATE.EL	GPR26,GPR27,GPR6,GPR7	FLAGS,GPR26,GPR27	SRC+ref:SYS	-
RCWCAS_C64_rcwcomswap	rcwcas	43082119	rcwcas x1, x3, [x2]	general	1:MRA	ok	GPR1,GPR2,GPR3,PSTATE.EL,SYS	FLAGS,GPR1	GPR1,GPR2,GPR3	FLAGS,GPR1	disagree	SRC+ref:SYS	PSTATE.EL	GPR1,GPR2,GPR3	FLAGS,GPR1	SRC+ref:SYS	-
RCWCLRAL_64_memop	rcwclral	4390e138	rcwclral x1, x3, [x2]	general	1:MRA	ok	GPR1,GPR2,PSTATE.EL,SYS	FLAGS,GPR3	GPR1,GPR2	FLAGS,GPR3	disagree	SRC+ref:SYS	PSTATE.EL	GPR1,GPR2	FLAGS,GPR3	SRC+ref:SYS	-
RCWCLRA_64_memop	rcwclra	4390a138	rcwclra x1, x3, [x2]	general	1:MRA	ok	GPR1,GPR2,PSTATE.EL,SYS	FLAGS,GPR3	GPR1,GPR2	FLAGS,GPR3	disagree	SRC+ref:SYS	PSTATE.EL	GPR1,GPR2	FLAGS,GPR3	SRC+ref:SYS	-
RCWCLRL_64_memop	rcwclrl	43906138	rcwclrl x1, x3, [x2]	general	1:MRA	ok	GPR1,GPR2,PSTATE.EL,SYS	FLAGS,GPR3	GPR1,GPR2	FLAGS,GPR3	disagree	SRC+ref:SYS	PSTATE.EL	GPR1,GPR2	FLAGS,GPR3	SRC+ref:SYS	-
RCWCLRPAL_128_memop_128	rcwclrpal	4390e119	rcwclrpal x3, x1, [x2]	general	1:MRA	ok	GPR1,GPR2,GPR3,PSTATE.EL,SYS	FLAGS,GPR1,GPR3	GPR1,GPR2,GPR3	FLAGS,GPR1,GPR3	disagree	SRC+ref:SYS	PSTATE.EL	GPR1,GPR2,GPR3	FLAGS,GPR1,GPR3	SRC+ref:SYS	-
RCWCLRPA_128_memop_128	rcwclrpa	4390a119	rcwclrpa x3, x1, [x2]	general	1:MRA	ok	GPR1,GPR2,GPR3,PSTATE.EL,SYS	FLAGS,GPR1,GPR3	GPR1,GPR2,GPR3	FLAGS,GPR1,GPR3	disagree	SRC+ref:SYS	PSTATE.EL	GPR1,GPR2,GPR3	FLAGS,GPR1,GPR3	SRC+ref:SYS	-
RCWCLRPL_128_memop_128	rcwclrpl	43906119	rcwclrpl x3, x1, [x2]	general	1:MRA	ok	GPR1,GPR2,GPR3,PSTATE.EL,SYS	FLAGS,GPR1,GPR3	GPR1,GPR2,GPR3	FLAGS,GPR1,GPR3	disagree	SRC+ref:SYS	PSTATE.EL	GPR1,GPR2,GPR3	FLAGS,GPR1,GPR3	SRC+ref:SYS	-
RCWCLRP_128_memop_128	rcwclrp	43902119	rcwclrp x3, x1, [x2]	general	1:MRA	ok	GPR1,GPR2,GPR3,PSTATE.EL,SYS	FLAGS,GPR1,GPR3	GPR1,GPR2,GPR3	FLAGS,GPR1,GPR3	disagree	SRC+ref:SYS	PSTATE.EL	GPR1,GPR2,GPR3	FLAGS,GPR1,GPR3	SRC+ref:SYS	-
RCWCLR_64_memop	rcwclr	43902138	rcwclr x1, x3, [x2]	general	1:MRA	ok	GPR1,GPR2,PSTATE.EL,SYS	FLAGS,GPR3	GPR1,GPR2	FLAGS,GPR3	disagree	SRC+ref:SYS	PSTATE.EL	GPR1,GPR2	FLAGS,GPR3	SRC+ref:SYS	-
RCWSCASAL_C64_rcwcomswap	rcwscasal	4308e159	rcwscasal x1, x3, [x2]	general	1:MRA	ok	GPR1,GPR2,GPR3,PSTATE.EL,SYS	FLAGS,GPR1	GPR1,GPR2,GPR3	FLAGS,GPR1	disagree	SRC+ref:SYS	PSTATE.EL	GPR1,GPR2,GPR3	FLAGS,GPR1	SRC+ref:SYS	-
RCWSCASA_C64_rcwcomswap	rcwscasa	4308a159	rcwscasa x1, x3, [x2]	general	1:MRA	ok	GPR1,GPR2,GPR3,PSTATE.EL,SYS	FLAGS,GPR1	GPR1,GPR2,GPR3	FLAGS,GPR1	disagree	SRC+ref:SYS	PSTATE.EL	GPR1,GPR2,GPR3	FLAGS,GPR1	SRC+ref:SYS	-
RCWSCASL_C64_rcwcomswap	rcwscasl	43086159	rcwscasl x1, x3, [x2]	general	1:MRA	ok	GPR1,GPR2,GPR3,PSTATE.EL,SYS	FLAGS,GPR1	GPR1,GPR2,GPR3	FLAGS,GPR1	disagree	SRC+ref:SYS	PSTATE.EL	GPR1,GPR2,GPR3	FLAGS,GPR1	SRC+ref:SYS	-
RCWSCASPAL_C64_rcwcomswappr	rcwscaspal	ce0eea59	rcwscaspal x10, x11, x14, x15, [x22]	general	1:MRA	ok	GPR10,GPR11,GPR14,GPR15,GPR22,PSTATE.EL,SYS	FLAGS,GPR10,GPR11	GPR10,GPR11,GPR14,GPR15,GPR22	FLAGS,GPR10,GPR11	disagree	SRC+ref:SYS	PSTATE.EL	GPR10,GPR11,GPR14,GPR15,GPR22	FLAGS,GPR10,GPR11	SRC+ref:SYS	-
RCWSCASPA_C64_rcwcomswappr	rcwscaspa	020fa059	rcwscaspa x0, x1, x2, x3, [x24]	general	1:MRA	ok	GPR0,GPR1,GPR2,GPR24,GPR3,PSTATE.EL,SYS	FLAGS,GPR0,GPR1	GPR0,GPR1,GPR2,GPR24,GPR3	FLAGS,GPR0,GPR1	disagree	SRC+ref:SYS	PSTATE.EL	GPR0,GPR1,GPR2,GPR24,GPR3	FLAGS,GPR0,GPR1	SRC+ref:SYS	-
RCWSCASPL_C64_rcwcomswappr	rcwscaspl	9c0f7c59	rcwscaspl x28, x29, x28, x29, [x28]	general	1:MRA	ok	FP_REG,GPR28,PSTATE.EL,SYS	FLAGS,FP_REG,GPR28	FP_REG,GPR28	FLAGS,FP_REG,GPR28	disagree	SRC+ref:SYS	PSTATE.EL	FP_REG,GPR28	FLAGS,FP_REG,GPR28	SRC+ref:SYS	-
RCWSCASP_C64_rcwcomswappr	rcwscasp	000e3859	rcwscasp x24, x25, x0, x1, [x16]	general	1:MRA	ok	GPR0,GPR1,GPR16,GPR24,GPR25,PSTATE.EL,SYS	FLAGS,GPR24,GPR25	GPR0,GPR1,GPR16,GPR24,GPR25	FLAGS,GPR24,GPR25	disagree	SRC+ref:SYS	PSTATE.EL	GPR0,GPR1,GPR16,GPR24,GPR25	FLAGS,GPR24,GPR25	SRC+ref:SYS	-
RCWSCAS_C64_rcwcomswap	rcwscas	43082159	rcwscas x1, x3, [x2]	general	1:MRA	ok	GPR1,GPR2,GPR3,PSTATE.EL,SYS	FLAGS,GPR1	GPR1,GPR2,GPR3	FLAGS,GPR1	disagree	SRC+ref:SYS	PSTATE.EL	GPR1,GPR2,GPR3	FLAGS,GPR1	SRC+ref:SYS	-
RCWSCLRAL_64_memop	rcwsclral	4390e178	rcwsclral x1, x3, [x2]	general	1:MRA	ok	GPR1,GPR2,PSTATE.EL,SYS	FLAGS,GPR3	GPR1,GPR2	FLAGS,GPR3	disagree	SRC+ref:SYS	PSTATE.EL	GPR1,GPR2	FLAGS,GPR3	SRC+ref:SYS	-
RCWSCLRA_64_memop	rcwsclra	4390a178	rcwsclra x1, x3, [x2]	general	1:MRA	ok	GPR1,GPR2,PSTATE.EL,SYS	FLAGS,GPR3	GPR1,GPR2	FLAGS,GPR3	disagree	SRC+ref:SYS	PSTATE.EL	GPR1,GPR2	FLAGS,GPR3	SRC+ref:SYS	-
RCWSCLRL_64_memop	rcwsclrl	43906178	rcwsclrl x1, x3, [x2]	general	1:MRA	ok	GPR1,GPR2,PSTATE.EL,SYS	FLAGS,GPR3	GPR1,GPR2	FLAGS,GPR3	disagree	SRC+ref:SYS	PSTATE.EL	GPR1,GPR2	FLAGS,GPR3	SRC+ref:SYS	-
RCWSCLRPAL_128_memop_128	rcwsclrpal	4390e159	rcwsclrpal x3, x1, [x2]	general	1:MRA	ok	GPR1,GPR2,GPR3,PSTATE.EL,SYS	FLAGS,GPR1,GPR3	GPR1,GPR2,GPR3	FLAGS,GPR1,GPR3	disagree	SRC+ref:SYS	PSTATE.EL	GPR1,GPR2,GPR3	FLAGS,GPR1,GPR3	SRC+ref:SYS	-
RCWSCLRPA_128_memop_128	rcwsclrpa	4390a159	rcwsclrpa x3, x1, [x2]	general	1:MRA	ok	GPR1,GPR2,GPR3,PSTATE.EL,SYS	FLAGS,GPR1,GPR3	GPR1,GPR2,GPR3	FLAGS,GPR1,GPR3	disagree	SRC+ref:SYS	PSTATE.EL	GPR1,GPR2,GPR3	FLAGS,GPR1,GPR3	SRC+ref:SYS	-
RCWSCLRPL_128_memop_128	rcwsclrpl	43906159	rcwsclrpl x3, x1, [x2]	general	1:MRA	ok	GPR1,GPR2,GPR3,PSTATE.EL,SYS	FLAGS,GPR1,GPR3	GPR1,GPR2,GPR3	FLAGS,GPR1,GPR3	disagree	SRC+ref:SYS	PSTATE.EL	GPR1,GPR2,GPR3	FLAGS,GPR1,GPR3	SRC+ref:SYS	-
RCWSCLRP_128_memop_128	rcwsclrp	43902159	rcwsclrp x3, x1, [x2]	general	1:MRA	ok	GPR1,GPR2,GPR3,PSTATE.EL,SYS	FLAGS,GPR1,GPR3	GPR1,GPR2,GPR3	FLAGS,GPR1,GPR3	disagree	SRC+ref:SYS	PSTATE.EL	GPR1,GPR2,GPR3	FLAGS,GPR1,GPR3	SRC+ref:SYS	-
RCWSCLR_64_memop	rcwsclr	43902178	rcwsclr x1, x3, [x2]	general	1:MRA	ok	GPR1,GPR2,PSTATE.EL,SYS	FLAGS,GPR3	GPR1,GPR2	FLAGS,GPR3	disagree	SRC+ref:SYS	PSTATE.EL	GPR1,GPR2	FLAGS,GPR3	SRC+ref:SYS	-
RCWSETAL_64_memop	rcwsetal	43b0e138	rcwsetal x1, x3, [x2]	general	1:MRA	ok	GPR1,GPR2,PSTATE.EL,SYS	FLAGS,GPR3	GPR1,GPR2	FLAGS,GPR3	disagree	SRC+ref:SYS	PSTATE.EL	GPR1,GPR2	FLAGS,GPR3	SRC+ref:SYS	-
RCWSETA_64_memop	rcwseta	43b0a138	rcwseta x1, x3, [x2]	general	1:MRA	ok	GPR1,GPR2,PSTATE.EL,SYS	FLAGS,GPR3	GPR1,GPR2	FLAGS,GPR3	disagree	SRC+ref:SYS	PSTATE.EL	GPR1,GPR2	FLAGS,GPR3	SRC+ref:SYS	-
RCWSETL_64_memop	rcwsetl	43b06138	rcwsetl x1, x3, [x2]	general	1:MRA	ok	GPR1,GPR2,PSTATE.EL,SYS	FLAGS,GPR3	GPR1,GPR2	FLAGS,GPR3	disagree	SRC+ref:SYS	PSTATE.EL	GPR1,GPR2	FLAGS,GPR3	SRC+ref:SYS	-
RCWSETPAL_128_memop_128	rcwsetpal	43b0e119	rcwsetpal x3, x1, [x2]	general	1:MRA	ok	GPR1,GPR2,GPR3,PSTATE.EL,SYS	FLAGS,GPR1,GPR3	GPR1,GPR2,GPR3	FLAGS,GPR1,GPR3	disagree	SRC+ref:SYS	PSTATE.EL	GPR1,GPR2,GPR3	FLAGS,GPR1,GPR3	SRC+ref:SYS	-
RCWSETPA_128_memop_128	rcwsetpa	43b0a119	rcwsetpa x3, x1, [x2]	general	1:MRA	ok	GPR1,GPR2,GPR3,PSTATE.EL,SYS	FLAGS,GPR1,GPR3	GPR1,GPR2,GPR3	FLAGS,GPR1,GPR3	disagree	SRC+ref:SYS	PSTATE.EL	GPR1,GPR2,GPR3	FLAGS,GPR1,GPR3	SRC+ref:SYS	-
RCWSETPL_128_memop_128	rcwsetpl	43b06119	rcwsetpl x3, x1, [x2]	general	1:MRA	ok	GPR1,GPR2,GPR3,PSTATE.EL,SYS	FLAGS,GPR1,GPR3	GPR1,GPR2,GPR3	FLAGS,GPR1,GPR3	disagree	SRC+ref:SYS	PSTATE.EL	GPR1,GPR2,GPR3	FLAGS,GPR1,GPR3	SRC+ref:SYS	-
RCWSETP_128_memop_128	rcwsetp	43b02119	rcwsetp x3, x1, [x2]	general	1:MRA	ok	GPR1,GPR2,GPR3,PSTATE.EL,SYS	FLAGS,GPR1,GPR3	GPR1,GPR2,GPR3	FLAGS,GPR1,GPR3	disagree	SRC+ref:SYS	PSTATE.EL	GPR1,GPR2,GPR3	FLAGS,GPR1,GPR3	SRC+ref:SYS	-
RCWSET_64_memop	rcwset	43b02138	rcwset x1, x3, [x2]	general	1:MRA	ok	GPR1,GPR2,PSTATE.EL,SYS	FLAGS,GPR3	GPR1,GPR2	FLAGS,GPR3	disagree	SRC+ref:SYS	PSTATE.EL	GPR1,GPR2	FLAGS,GPR3	SRC+ref:SYS	-
RCWSSETAL_64_memop	rcwssetal	43b0e178	rcwssetal x1, x3, [x2]	general	1:MRA	ok	GPR1,GPR2,PSTATE.EL,SYS	FLAGS,GPR3	GPR1,GPR2	FLAGS,GPR3	disagree	SRC+ref:SYS	PSTATE.EL	GPR1,GPR2	FLAGS,GPR3	SRC+ref:SYS	-
RCWSSETA_64_memop	rcwsseta	43b0a178	rcwsseta x1, x3, [x2]	general	1:MRA	ok	GPR1,GPR2,PSTATE.EL,SYS	FLAGS,GPR3	GPR1,GPR2	FLAGS,GPR3	disagree	SRC+ref:SYS	PSTATE.EL	GPR1,GPR2	FLAGS,GPR3	SRC+ref:SYS	-
RCWSSETL_64_memop	rcwssetl	43b06178	rcwssetl x1, x3, [x2]	general	1:MRA	ok	GPR1,GPR2,PSTATE.EL,SYS	FLAGS,GPR3	GPR1,GPR2	FLAGS,GPR3	disagree	SRC+ref:SYS	PSTATE.EL	GPR1,GPR2	FLAGS,GPR3	SRC+ref:SYS	-
RCWSSETPAL_128_memop_128	rcwssetpal	43b0e159	rcwssetpal x3, x1, [x2]	general	1:MRA	ok	GPR1,GPR2,GPR3,PSTATE.EL,SYS	FLAGS,GPR1,GPR3	GPR1,GPR2,GPR3	FLAGS,GPR1,GPR3	disagree	SRC+ref:SYS	PSTATE.EL	GPR1,GPR2,GPR3	FLAGS,GPR1,GPR3	SRC+ref:SYS	-
RCWSSETPA_128_memop_128	rcwssetpa	43b0a159	rcwssetpa x3, x1, [x2]	general	1:MRA	ok	GPR1,GPR2,GPR3,PSTATE.EL,SYS	FLAGS,GPR1,GPR3	GPR1,GPR2,GPR3	FLAGS,GPR1,GPR3	disagree	SRC+ref:SYS	PSTATE.EL	GPR1,GPR2,GPR3	FLAGS,GPR1,GPR3	SRC+ref:SYS	-
RCWSSETPL_128_memop_128	rcwssetpl	43b06159	rcwssetpl x3, x1, [x2]	general	1:MRA	ok	GPR1,GPR2,GPR3,PSTATE.EL,SYS	FLAGS,GPR1,GPR3	GPR1,GPR2,GPR3	FLAGS,GPR1,GPR3	disagree	SRC+ref:SYS	PSTATE.EL	GPR1,GPR2,GPR3	FLAGS,GPR1,GPR3	SRC+ref:SYS	-
RCWSSETP_128_memop_128	rcwssetp	43b02159	rcwssetp x3, x1, [x2]	general	1:MRA	ok	GPR1,GPR2,GPR3,PSTATE.EL,SYS	FLAGS,GPR1,GPR3	GPR1,GPR2,GPR3	FLAGS,GPR1,GPR3	disagree	SRC+ref:SYS	PSTATE.EL	GPR1,GPR2,GPR3	FLAGS,GPR1,GPR3	SRC+ref:SYS	-
RCWSSET_64_memop	rcwsset	43b02178	rcwsset x1, x3, [x2]	general	1:MRA	ok	GPR1,GPR2,PSTATE.EL,SYS	FLAGS,GPR3	GPR1,GPR2	FLAGS,GPR3	disagree	SRC+ref:SYS	PSTATE.EL	GPR1,GPR2	FLAGS,GPR3	SRC+ref:SYS	-
RCWSSWPAL_64_memop	rcwsswpal	43a0e178	rcwsswpal x1, x3, [x2]	general	1:MRA	ok	GPR1,GPR2,PSTATE.EL,SYS	FLAGS,GPR3	GPR1,GPR2	FLAGS,GPR3	disagree	SRC+ref:SYS	PSTATE.EL	GPR1,GPR2	FLAGS,GPR3	SRC+ref:SYS	-
RCWSSWPA_64_memop	rcwsswpa	43a0a178	rcwsswpa x1, x3, [x2]	general	1:MRA	ok	GPR1,GPR2,PSTATE.EL,SYS	FLAGS,GPR3	GPR1,GPR2	FLAGS,GPR3	disagree	SRC+ref:SYS	PSTATE.EL	GPR1,GPR2	FLAGS,GPR3	SRC+ref:SYS	-
RCWSSWPL_64_memop	rcwsswpl	43a06178	rcwsswpl x1, x3, [x2]	general	1:MRA	ok	GPR1,GPR2,PSTATE.EL,SYS	FLAGS,GPR3	GPR1,GPR2	FLAGS,GPR3	disagree	SRC+ref:SYS	PSTATE.EL	GPR1,GPR2	FLAGS,GPR3	SRC+ref:SYS	-
RCWSSWPPAL_128_memop_128	rcwsswppal	43a0e159	rcwsswppal x3, x1, [x2]	general	1:MRA	ok	GPR1,GPR2,GPR3,PSTATE.EL,SYS	FLAGS,GPR1,GPR3	GPR1,GPR2,GPR3	FLAGS,GPR1,GPR3	disagree	SRC+ref:SYS	PSTATE.EL	GPR1,GPR2,GPR3	FLAGS,GPR1,GPR3	SRC+ref:SYS	-
RCWSSWPPA_128_memop_128	rcwsswppa	43a0a159	rcwsswppa x3, x1, [x2]	general	1:MRA	ok	GPR1,GPR2,GPR3,PSTATE.EL,SYS	FLAGS,GPR1,GPR3	GPR1,GPR2,GPR3	FLAGS,GPR1,GPR3	disagree	SRC+ref:SYS	PSTATE.EL	GPR1,GPR2,GPR3	FLAGS,GPR1,GPR3	SRC+ref:SYS	-
RCWSSWPPL_128_memop_128	rcwsswppl	43a06159	rcwsswppl x3, x1, [x2]	general	1:MRA	ok	GPR1,GPR2,GPR3,PSTATE.EL,SYS	FLAGS,GPR1,GPR3	GPR1,GPR2,GPR3	FLAGS,GPR1,GPR3	disagree	SRC+ref:SYS	PSTATE.EL	GPR1,GPR2,GPR3	FLAGS,GPR1,GPR3	SRC+ref:SYS	-
RCWSSWPP_128_memop_128	rcwsswpp	43a02159	rcwsswpp x3, x1, [x2]	general	1:MRA	ok	GPR1,GPR2,GPR3,PSTATE.EL,SYS	FLAGS,GPR1,GPR3	GPR1,GPR2,GPR3	FLAGS,GPR1,GPR3	disagree	SRC+ref:SYS	PSTATE.EL	GPR1,GPR2,GPR3	FLAGS,GPR1,GPR3	SRC+ref:SYS	-
RCWSSWP_64_memop	rcwsswp	43a02178	rcwsswp x1, x3, [x2]	general	1:MRA	ok	GPR1,GPR2,PSTATE.EL,SYS	FLAGS,GPR3	GPR1,GPR2	FLAGS,GPR3	disagree	SRC+ref:SYS	PSTATE.EL	GPR1,GPR2	FLAGS,GPR3	SRC+ref:SYS	-
RCWSWPAL_64_memop	rcwswpal	43a0e138	rcwswpal x1, x3, [x2]	general	1:MRA	ok	GPR1,GPR2,PSTATE.EL,SYS	FLAGS,GPR3	GPR1,GPR2	FLAGS,GPR3	disagree	SRC+ref:SYS	PSTATE.EL	GPR1,GPR2	FLAGS,GPR3	SRC+ref:SYS	-
RCWSWPA_64_memop	rcwswpa	43a0a138	rcwswpa x1, x3, [x2]	general	1:MRA	ok	GPR1,GPR2,PSTATE.EL,SYS	FLAGS,GPR3	GPR1,GPR2	FLAGS,GPR3	disagree	SRC+ref:SYS	PSTATE.EL	GPR1,GPR2	FLAGS,GPR3	SRC+ref:SYS	-
RCWSWPL_64_memop	rcwswpl	43a06138	rcwswpl x1, x3, [x2]	general	1:MRA	ok	GPR1,GPR2,PSTATE.EL,SYS	FLAGS,GPR3	GPR1,GPR2	FLAGS,GPR3	disagree	SRC+ref:SYS	PSTATE.EL	GPR1,GPR2	FLAGS,GPR3	SRC+ref:SYS	-
RCWSWPPAL_128_memop_128	rcwswppal	43a0e119	rcwswppal x3, x1, [x2]	general	1:MRA	ok	GPR1,GPR2,GPR3,PSTATE.EL,SYS	FLAGS,GPR1,GPR3	GPR1,GPR2,GPR3	FLAGS,GPR1,GPR3	disagree	SRC+ref:SYS	PSTATE.EL	GPR1,GPR2,GPR3	FLAGS,GPR1,GPR3	SRC+ref:SYS	-
RCWSWPPA_128_memop_128	rcwswppa	43a0a119	rcwswppa x3, x1, [x2]	general	1:MRA	ok	GPR1,GPR2,GPR3,PSTATE.EL,SYS	FLAGS,GPR1,GPR3	GPR1,GPR2,GPR3	FLAGS,GPR1,GPR3	disagree	SRC+ref:SYS	PSTATE.EL	GPR1,GPR2,GPR3	FLAGS,GPR1,GPR3	SRC+ref:SYS	-
RCWSWPPL_128_memop_128	rcwswppl	43a06119	rcwswppl x3, x1, [x2]	general	1:MRA	ok	GPR1,GPR2,GPR3,PSTATE.EL,SYS	FLAGS,GPR1,GPR3	GPR1,GPR2,GPR3	FLAGS,GPR1,GPR3	disagree	SRC+ref:SYS	PSTATE.EL	GPR1,GPR2,GPR3	FLAGS,GPR1,GPR3	SRC+ref:SYS	-
RCWSWPP_128_memop_128	rcwswpp	43a02119	rcwswpp x3, x1, [x2]	general	1:MRA	ok	GPR1,GPR2,GPR3,PSTATE.EL,SYS	FLAGS,GPR1,GPR3	GPR1,GPR2,GPR3	FLAGS,GPR1,GPR3	disagree	SRC+ref:SYS	PSTATE.EL	GPR1,GPR2,GPR3	FLAGS,GPR1,GPR3	SRC+ref:SYS	-
RCWSWP_64_memop	rcwswp	43a02138	rcwswp x1, x3, [x2]	general	1:MRA	ok	GPR1,GPR2,PSTATE.EL,SYS	FLAGS,GPR3	GPR1,GPR2	FLAGS,GPR3	disagree	SRC+ref:SYS	PSTATE.EL	GPR1,GPR2	FLAGS,GPR3	SRC+ref:SYS	-
RETAA_64E_branch_reg	retaa	ff0b5fd6	retaa	general	1:MRA	ok	IP,LR,PSTATE.EL,SP,SYS	IP	LR,SP	-	disagree	SRC+ref:SYS	IP,PSTATE.EL	LR,SP	-	SRC+ref:SYS	-
RETAB_64E_branch_reg	retab	ff0f5fd6	retab	general	1:MRA	ok	IP,LR,PSTATE.EL,SP,SYS	IP	LR,SP	-	disagree	SRC+ref:SYS	IP,PSTATE.EL	LR,SP	-	SRC+ref:SYS	-
RET_64R_branch_reg	ret	20005fd6	ret x1	general	1:MRA	ok	GPR1,PSTATE.EL,SYS	IP	GPR1	-	disagree	SRC+ref:SYS	IP,PSTATE.EL	GPR1	-	SRC+ref:SYS	-
REV16_32_dp_1src	rev16	2204c05a	rev16 w2, w1	general	1:MRA	ok	GPR1	GPR2	GPR1	GPR2	agree	-	-	GPR1	GPR2	same	-
REV16_64_dp_1src	rev16	2204c0da	rev16 x2, x1	general	1:MRA	ok	GPR1	GPR2	GPR1	GPR2	agree	-	-	GPR1	GPR2	same	-
REV16_asimdmisc_R	rev16	5819200e	rev16 v24.8b, v10.8b	advsimd	1:MRA	ok	VEC10	VEC24	VEC10	VEC24	agree	-	-	VEC10	VEC24	same	-
REV32_64_dp_1src	rev32	2208c0da	rev32 x2, x1	general	1:MRA	ok	GPR1	GPR2	GPR1	GPR2	agree	-	-	GPR1	GPR2	same	-
REV32_asimdmisc_R	rev32	310a206e	rev32 v17.16b, v17.16b	advsimd	1:MRA	ok	VEC17	VEC17	VEC17	VEC17	agree	-	-	VEC17	VEC17	same	-
REV64_REV_64_dp_1src	rev64	d40cc0da	rev x20, x6	general	1:MRA	ok	GPR6	GPR20	GPR6	GPR20	agree	-	-	GPR6	GPR20	same	-
REV64_asimdmisc_R	rev64	6408a04e	rev64 v4.4s, v3.4s	advsimd	1:MRA	ok	VEC3	VEC4	VEC3	VEC4	agree	-	-	VEC3	VEC4	same	-
REV_32_dp_1src	rev	2208c05a	rev w2, w1	general	1:MRA	ok	GPR1	GPR2	GPR1	GPR2	agree	-	-	GPR1	GPR2	same	-
REV_64_dp_1src	rev	220cc0da	rev x2, x1	general	1:MRA	ok	GPR1	GPR2	GPR1	GPR2	agree	-	-	GPR1	GPR2	same	-
RMIF_only_rmif	rmif	438400ba	rmif x2, #1, #3	general	1:MRA	ok	FLAGS,GPR2	FLAGS	FLAGS,GPR2	FLAGS	agree	-	-	FLAGS,GPR2	FLAGS	same	partial-flag-write
RORV_32_dp_2src	rorv	432cc11a	ror w3, w2, w1	general	1:MRA	ok	GPR1,GPR2	GPR3	GPR1,GPR2	GPR3	agree	-	-	GPR1,GPR2	GPR3	same	-
RORV_64_dp_2src	rorv	432cc19a	ror x3, x2, x1	general	1:MRA	ok	GPR1,GPR2	GPR3	GPR1,GPR2	GPR3	agree	-	-	GPR1,GPR2	GPR3	same	-
ROR_EXTR_32_extract	ror	31769113	ror w17, w17, #29	general	1:MRA	ok	GPR17	GPR17	GPR17	GPR17	agree	-	-	GPR17	GPR17	same	-
ROR_EXTR_64_extract	ror	31bad193	ror x17, x17, #46	general	1:MRA	ok	GPR17	GPR17	GPR17	GPR17	agree	-	-	GPR17	GPR17	same	-
RPRFM_R_ldst_regoff	rprfm	9d58a1f8	rprfm #13, x1, [x4]	general	1:MRA	ok	GPR1,GPR4	-	GPR1,GPR4	-	agree	-	-	GPR1,GPR4	-	same	-
RSHRN_asimdshf_N	rshrn	d68f110f	rshrn v22.4h, v30.4s, #15	advsimd	1:MRA	ok	VEC30	VEC22	VEC30	VEC22	agree	-	-	VEC30	VEC22	same	unbounded-loop
RSUBHN_asimddiff_N	rsubhn	d661212e	rsubhn v22.8b, v14.8h, v1.8h	advsimd	1:MRA	ok	VEC1,VEC14	VEC22	VEC1,VEC14	VEC22	agree	-	-	VEC1,VEC14	VEC22	same	-
SABAL_asimddiff_L	sabal	7251b30e	sabal v18.2d, v11.2s, v19.2s	advsimd	1:MRA	ok	VEC11,VEC18,VEC19	VEC18	VEC11,VEC18,VEC19	VEC18	agree	-	-	VEC11,VEC18,VEC19	VEC18	same	-
SABA_asimdsame_only	saba	857ca34e	saba v5.4s, v4.4s, v3.4s	advsimd	1:MRA	ok	VEC3,VEC4,VEC5	VEC5	VEC3,VEC4,VEC5	VEC5	agree	-	-	VEC3,VEC4,VEC5	VEC5	same	-
SABDL_asimddiff_L	sabdl	0771290e	sabdl v7.8h, v8.8b, v9.8b	advsimd	1:MRA	ok	VEC8,VEC9	VEC7	VEC8,VEC9	VEC7	agree	-	-	VEC8,VEC9	VEC7	same	-
SABD_asimdsame_only	sabd	8574a34e	sabd v5.4s, v4.4s, v3.4s	advsimd	1:MRA	ok	VEC3,VEC4	VEC5	VEC3,VEC4	VEC5	agree	-	-	VEC3,VEC4	VEC5	same	-
SADALP_asimdmisc_P	sadalp	6468a04e	sadalp v4.2d, v3.4s	advsimd	1:MRA	ok	VEC3,VEC4	VEC4	VEC3,VEC4	VEC4	agree	-	-	VEC3,VEC4	VEC4	same	-
SADDLP_asimdmisc_P	saddlp	6428a04e	saddlp v4.2d, v3.4s	advsimd	1:MRA	ok	VEC3	VEC4	VEC3	VEC4	agree	-	-	VEC3	VEC4	same	-
SADDLV_asimdall_only	saddlv	6438b04e	saddlv d4, v3.4s	advsimd	1:MRA	ok	VEC3	VEC4	VEC3	VEC4	agree	-	-	VEC3	VEC4	same	-
SADDL_asimddiff_L	saddl	2f03aa0e	saddl v15.2d, v25.2s, v10.2s	advsimd	1:MRA	ok	VEC10,VEC25	VEC15	VEC10,VEC25	VEC15	agree	-	-	VEC10,VEC25	VEC15	same	-
SADDW_asimddiff_W	saddw	ce113b0e	saddw v14.8h, v14.8h, v27.8b	advsimd	1:MRA	ok	VEC14,VEC27	VEC14	VEC14,VEC27	VEC14	agree	-	-	VEC14,VEC27	VEC14	same	-
SBCS_32_addsub_carry	sbcs	4300017a	sbcs w3, w2, w1	general	1:MRA	ok	FLAGS,GPR1,GPR2	FLAGS,GPR3	FLAGS,GPR1,GPR2	FLAGS,GPR3	agree	-	-	FLAGS,GPR1,GPR2	FLAGS,GPR3	same	-
SBCS_64_addsub_carry	sbcs	430001fa	sbcs x3, x2, x1	general	1:MRA	ok	FLAGS,GPR1,GPR2	FLAGS,GPR3	FLAGS,GPR1,GPR2	FLAGS,GPR3	agree	-	-	FLAGS,GPR1,GPR2	FLAGS,GPR3	same	-
SBC_32_addsub_carry	sbc	4300015a	sbc w3, w2, w1	general	1:MRA	ok	FLAGS,GPR1,GPR2	GPR3	FLAGS,GPR1,GPR2	GPR3	agree	-	-	FLAGS,GPR1,GPR2	GPR3	same	-
SBC_64_addsub_carry	sbc	430001da	sbc x3, x2, x1	general	1:MRA	ok	FLAGS,GPR1,GPR2	GPR3	FLAGS,GPR1,GPR2	GPR3	agree	-	-	FLAGS,GPR1,GPR2	GPR3	same	-
SBFIZ_SBFM_32M_bitfield	sbfiz	921d0813	sbfiz w18, w12, #24, #8	general	1:MRA	ok	GPR12	GPR18	GPR12	GPR18	agree	-	-	GPR12	GPR18	same	-
SBFIZ_SBFM_64M_bitfield	sbfiz	1f015593	sbfiz xzr, x8, #43, #1	general	1:MRA	ok	GPR8	-	GPR8	ZERO	disagree	DST+trc:ZERO	-	GPR8	ZERO	DST+trc:ZERO	-
SBFM_32M_bitfield	sbfm	64080113	sbfx w4, w3, #1, #2	general	1:MRA	ok	GPR3	GPR4	GPR3	GPR4	agree	-	-	GPR3	GPR4	same	-
SBFM_64M_bitfield	sbfm	64084193	sbfx x4, x3, #1, #2	general	1:MRA	ok	GPR3	GPR4	GPR3	GPR4	agree	-	-	GPR3	GPR4	same	-
SBFX_SBFM_32M_bitfield	sbfx	f8010013	sbfx w24, w15, #0, #1	general	1:MRA	ok	GPR15	GPR24	GPR15	GPR24	agree	-	-	GPR15	GPR24	same	-
SBFX_SBFM_64M_bitfield	sbfx	d5004093	sbfx x21, x6, #0, #1	general	1:MRA	ok	GPR6	GPR21	GPR6	GPR21	agree	-	-	GPR6	GPR21	same	-
SB_only_barriers	sb	ff3003d5	sb	system	1:MRA	ok	-	-	-	-	agree	-	-	-	-	same	-
SCVTF_D32_float2fix	scvtf	74b6421e	scvtf d20, w19, #19	float	1:MRA	ok	FCSR,GPR19,PSTATE.SM	VEC20	FCSR,GPR19	VEC20	agree	-	PSTATE.SM	FCSR,GPR19	VEC20	same	-
SCVTF_D32_float2int	scvtf	2200621e	scvtf d2, w1	float	1:MRA	ok	FCSR,GPR1,PSTATE.SM	VEC2	FCSR,GPR1	VEC2	agree	-	PSTATE.SM	FCSR,GPR1	VEC2	same	-
SCVTF_D64_float2fix	scvtf	4304429e	scvtf d3, x2, #63	float	1:MRA	ok	FCSR,GPR2,PSTATE.SM	VEC3	FCSR,GPR2	VEC3	agree	-	PSTATE.SM	FCSR,GPR2	VEC3	same	-
SCVTF_D64_float2int	scvtf	2200629e	scvtf d2, x1	float	1:MRA	ok	FCSR,GPR1,PSTATE.SM	VEC2	FCSR,GPR1	VEC2	agree	-	PSTATE.SM	FCSR,GPR1	VEC2	same	-
SCVTF_H32_float2fix	scvtf	31c6c21e	scvtf h17, w17, #15	float	1:MRA	ok	FCSR,GPR17,PSTATE.SM	VEC17	FCSR,GPR17	VEC17	agree	-	PSTATE.SM	FCSR,GPR17	VEC17	same	-
SCVTF_H32_float2int	scvtf	2200e21e	scvtf h2, w1	float	1:MRA	ok	FCSR,GPR1,PSTATE.SM	VEC2	FCSR,GPR1	VEC2	agree	-	PSTATE.SM	FCSR,GPR1	VEC2	same	-
SCVTF_H64_float2fix	scvtf	4304c29e	scvtf h3, x2, #63	float	1:MRA	ok	FCSR,GPR2,PSTATE.SM	VEC3	FCSR,GPR2	VEC3	agree	-	PSTATE.SM	FCSR,GPR2	VEC3	same	-
SCVTF_H64_float2int	scvtf	2200e29e	scvtf h2, x1	float	1:MRA	ok	FCSR,GPR1,PSTATE.SM	VEC2	FCSR,GPR1	VEC2	agree	-	PSTATE.SM	FCSR,GPR1	VEC2	same	-
SCVTF_S32_float2fix	scvtf	24ac021e	scvtf s4, w1, #21	float	1:MRA	ok	FCSR,GPR1,PSTATE.SM	VEC4	FCSR,GPR1	VEC4	agree	-	PSTATE.SM	FCSR,GPR1	VEC4	same	-
SCVTF_S32_float2int	scvtf	2200221e	scvtf s2, w1	float	1:MRA	ok	FCSR,GPR1,PSTATE.SM	VEC2	FCSR,GPR1	VEC2	agree	-	PSTATE.SM	FCSR,GPR1	VEC2	same	-
SCVTF_S64_float2fix	scvtf	4304029e	scvtf s3, x2, #63	float	1:MRA	ok	FCSR,GPR2,PSTATE.SM	VEC3	FCSR,GPR2	VEC3	agree	-	PSTATE.SM	FCSR,GPR2	VEC3	same	-
SCVTF_S64_float2int	scvtf	2200229e	scvtf s2, x1	float	1:MRA	ok	FCSR,GPR1,PSTATE.SM	VEC2	FCSR,GPR1	VEC2	agree	-	PSTATE.SM	FCSR,GPR1	VEC2	same	-
SCVTF_asimdmisc_R	scvtf	64d8214e	scvtf v4.4s, v3.4s	advsimd	1:MRA	ok	FCSR,VEC3	VEC4	FCSR,VEC3	VEC4	agree	-	-	FCSR,VEC3	VEC4	same	-
SCVTF_asimdmiscfp16_R	scvtf	43d8794e	scvtf v3.8h, v2.8h	advsimd	1:MRA	ok	FCSR,VEC2	VEC3	FCSR,VEC2	VEC3	agree	-	-	FCSR,VEC2	VEC3	same	-
SCVTF_asimdshf_C	scvtf	85e4134f	scvtf v5.8h, v4.8h, #13	advsimd	1:MRA	ok	FCSR,PSTATE.SM,VEC4	VEC5	VEC4	VEC5	disagree	SRC+ref:FCSR	PSTATE.SM	VEC4	VEC5	SRC+ref:FCSR	unbounded-loop
SCVTF_asisdmisc_R	scvtf	43d8615e	scvtf d3, d2	advsimd	1:MRA	ok	FCSR,PSTATE.SM,VEC2	VEC3	FCSR,VEC2	VEC3	agree	-	PSTATE.SM	FCSR,VEC2	VEC3	same	-
SCVTF_asisdmiscfp16_R	scvtf	22d8795e	scvtf h2, h1	advsimd	1:MRA	ok	FCSR,PSTATE.SM,VEC1	VEC2	FCSR,VEC1	VEC2	agree	-	PSTATE.SM	FCSR,VEC1	VEC2	same	-
SCVTF_asisdshf_C	scvtf	55e7365f	scvtf s21, s26, #10	advsimd	1:MRA	ok	FCSR,PSTATE.SM,VEC26	VEC21	VEC26	VEC21	disagree	SRC+ref:FCSR	PSTATE.SM	VEC26	VEC21	SRC+ref:FCSR	-
SDIV_32_dp_2src	sdiv	430cc11a	sdiv w3, w2, w1	general	1:MRA	ok	GPR1,GPR2	GPR3	GPR1,GPR2	GPR3	agree	-	-	GPR1,GPR2	GPR3	same	-
SDIV_64_dp_2src	sdiv	430cc19a	sdiv x3, x2, x1	general	1:MRA	ok	GPR1,GPR2	GPR3	GPR1,GPR2	GPR3	agree	-	-	GPR1,GPR2	GPR3	same	-
SDOT_asimdelem_D	sdot	22e0a54f	sdot v2.4s, v1.16b, v5.4b[1]	advsimd	1:MRA	ok	VEC1,VEC2,VEC5	VEC2	VEC1,VEC2,VEC5	VEC2	agree	-	-	VEC1,VEC2,VEC5	VEC2	same	-
SDOT_asimdsame2_D	sdot	8594834e	sdot v5.4s, v4.16b, v3.16b	advsimd	1:MRA	ok	VEC3,VEC4,VEC5	VEC5	VEC3,VEC4,VEC5	VEC5	agree	-	-	VEC3,VEC4,VEC5	VEC5	same	-
SETEN_SET_memcms	seten	cda5db19	seten [x13]!, x14!, x27	general	1:MRA	ok	FLAGS,GPR13,GPR14,GPR27,PSTATE.EL,PSTATE.UAO	GPR13,GPR14	FLAGS,GPR13,GPR14,GPR27	GPR13,GPR14	agree	-	PSTATE.EL,PSTATE.UAO	FLAGS,GPR13,GPR14,GPR27	GPR13,GPR14	same	-
SETETN_SET_memcms	setetn	bbb7d619	setetn [x27]!, x29!, x22	general	1:MRA	ok	FLAGS,FP_REG,GPR22,GPR27,PSTATE.EL,PSTATE.UAO	FP_REG,GPR27	FLAGS,FP_REG,GPR22,GPR27	FP_REG,GPR27	agree	-	PSTATE.EL,PSTATE.UAO	FLAGS,FP_REG,GPR22,GPR27	FP_REG,GPR27	same	-
SETET_SET_memcms	setet	3296c319	setet [x18]!, x17!, x3	general	1:MRA	ok	FLAGS,GPR17,GPR18,GPR3,PSTATE.EL,PSTATE.UAO	GPR17,GPR18	FLAGS,GPR17,GPR18,GPR3	GPR17,GPR18	agree	-	PSTATE.EL,PSTATE.UAO	FLAGS,GPR17,GPR18,GPR3	GPR17,GPR18	same	-
SETE_SET_memcms	sete	5285d819	sete [x18]!, x10!, x24	general	1:MRA	ok	FLAGS,GPR10,GPR18,GPR24,PSTATE.EL,PSTATE.UAO	GPR10,GPR18	FLAGS,GPR10,GPR18,GPR24	GPR10,GPR18	agree	-	PSTATE.EL,PSTATE.UAO	FLAGS,GPR10,GPR18,GPR24	GPR10,GPR18	same	-
SETF16_only_setf	setf16	2d48003a	setf16 w1	general	1:MRA	ok	FLAGS,GPR1	FLAGS	FLAGS,GPR1	FLAGS	agree	-	-	FLAGS,GPR1	FLAGS	same	partial-flag-write
SETF8_only_setf	setf8	2d08003a	setf8 w1	general	1:MRA	ok	FLAGS,GPR1	FLAGS	FLAGS,GPR1	FLAGS	agree	-	-	FLAGS,GPR1	FLAGS	same	partial-flag-write
SETGEN_SET_memcms	setgen	98a7d51d	setgen [x24]!, x28!, x21	general	1:MRA	ok	FLAGS,GPR21,GPR24,GPR28,PSTATE.EL,PSTATE.UAO,SYS	GPR24,GPR28	FLAGS,GPR21,GPR24,GPR28	GPR24,GPR28	disagree	SRC+ref:SYS	PSTATE.EL,PSTATE.UAO	FLAGS,GPR21,GPR24,GPR28	GPR24,GPR28	SRC+ref:SYS	-
SETGETN_SET_memcms	setgetn	40b6dd1d	setgetn [x0]!, x18!, x29	general	1:MRA	ok	FLAGS,FP_REG,GPR0,GPR18,PSTATE.EL,PSTATE.UAO,SYS	GPR0,GPR18	FLAGS,FP_REG,GPR0,GPR18	GPR0,GPR18	disagree	SRC+ref:SYS	PSTATE.EL,PSTATE.UAO	FLAGS,FP_REG,GPR0,GPR18	GPR0,GPR18	SRC+ref:SYS	-
SETGET_SET_memcms	setget	4c94ce1d	setget [x12]!, x2!, x14	general	1:MRA	ok	FLAGS,GPR12,GPR14,GPR2,PSTATE.EL,PSTATE.UAO,SYS	GPR12,GPR2	FLAGS,GPR12,GPR14,GPR2	GPR12,GPR2	disagree	SRC+ref:SYS	PSTATE.EL,PSTATE.UAO	FLAGS,GPR12,GPR14,GPR2	GPR12,GPR2	SRC+ref:SYS	-
SETGE_SET_memcms	setge	0b87d21d	setge [x11]!, x24!, x18	general	1:MRA	ok	FLAGS,GPR11,GPR18,GPR24,PSTATE.EL,PSTATE.UAO,SYS	GPR11,GPR24	FLAGS,GPR11,GPR18,GPR24	GPR11,GPR24	disagree	SRC+ref:SYS	PSTATE.EL,PSTATE.UAO	FLAGS,GPR11,GPR18,GPR24	GPR11,GPR24	SRC+ref:SYS	-
SETGMN_SET_memcms	setgmn	6466ca1d	setgmn [x4]!, x19!, x10	general	1:MRA	ok	FLAGS,GPR10,GPR19,GPR4,PSTATE.EL,PSTATE.UAO,SYS	GPR19,GPR4	FLAGS,GPR10,GPR19,GPR4	GPR19,GPR4	disagree	SRC+ref:SYS	PSTATE.EL,PSTATE.UAO	FLAGS,GPR10,GPR19,GPR4	GPR19,GPR4	SRC+ref:SYS	-
SETGMTN_SET_memcms	setgmtn	2374ce1d	setgmtn [x3]!, x1!, x14	general	1:MRA	ok	FLAGS,GPR1,GPR14,GPR3,PSTATE.EL,PSTATE.UAO,SYS	GPR1,GPR3	FLAGS,GPR1,GPR14,GPR3	GPR1,GPR3	disagree	SRC+ref:SYS	PSTATE.EL,PSTATE.UAO	FLAGS,GPR1,GPR14,GPR3	GPR1,GPR3	SRC+ref:SYS	-
SETGMT_SET_memcms	setgmt	9856c61d	setgmt [x24]!, x20!, x6	general	1:MRA	ok	FLAGS,GPR20,GPR24,GPR6,PSTATE.EL,PSTATE.UAO,SYS	GPR20,GPR24	FLAGS,GPR20,GPR24,GPR6	GPR20,GPR24	disagree	SRC+ref:SYS	PSTATE.EL,PSTATE.UAO	FLAGS,GPR20,GPR24,GPR6	GPR20,GPR24	SRC+ref:SYS	-
SETGM_SET_memcms	setgm	ee45c31d	setgm [x14]!, x15!, x3	general	1:MRA	ok	FLAGS,GPR14,GPR15,GPR3,PSTATE.EL,PSTATE.UAO,SYS	GPR14,GPR15	FLAGS,GPR14,GPR15,GPR3	GPR14,GPR15	disagree	SRC+ref:SYS	PSTATE.EL,PSTATE.UAO	FLAGS,GPR14,GPR15,GPR3	GPR14,GPR15	SRC+ref:SYS	-
SETGPN_SET_memcms	setgpn	cc24c01d	setgpn [x12]!, x6!, x0	general	1:MRA	ok	FLAGS,GPR0,GPR12,GPR6,PSTATE.EL,PSTATE.UAO,SYS	FLAGS,GPR12,GPR6	GPR0,GPR12,GPR6	FLAGS,GPR12,GPR6	disagree	SRC+ref:FLAGS SRC+ref:SYS	PSTATE.EL,PSTATE.UAO	GPR0,GPR12,GPR6	FLAGS,GPR12,GPR6	SRC+ref:FLAGS SRC+ref:SYS	-
SETGPTN_SET_memcms	setgptn	5635d51d	setgptn [x22]!, x10!, x21	general	1:MRA	ok	FLAGS,GPR10,GPR21,GPR22,PSTATE.EL,PSTATE.UAO,SYS	FLAGS,GPR10,GPR22	GPR10,GPR21,GPR22	FLAGS,GPR10,GPR22	disagree	SRC+ref:FLAGS SRC+ref:SYS	PSTATE.EL,PSTATE.UAO	GPR10,GPR21,GPR22	FLAGS,GPR10,GPR22	SRC+ref:FLAGS SRC+ref:SYS	-
SETGPT_SET_memcms	setgpt	2717db1d	setgpt [x7]!, x25!, x27	general	1:MRA	ok	FLAGS,GPR25,GPR27,GPR7,PSTATE.EL,PSTATE.UAO,SYS	FLAGS,GPR25,GPR7	GPR25,GPR27,GPR7	FLAGS,GPR25,GPR7	disagree	SRC+ref:FLAGS SRC+ref:SYS	PSTATE.EL,PSTATE.UAO	GPR25,GPR27,GPR7	FLAGS,GPR25,GPR7	SRC+ref:FLAGS SRC+ref:SYS	-
SETGP_SET_memcms	setgp	f004c31d	setgp [x16]!, x7!, x3	general	1:MRA	ok	FLAGS,GPR16,GPR3,GPR7,PSTATE.EL,PSTATE.UAO,SYS	FLAGS,GPR16,GPR7	GPR16,GPR3,GPR7	FLAGS,GPR16,GPR7	disagree	SRC+ref:FLAGS SRC+ref:SYS	PSTATE.EL,PSTATE.UAO	GPR16,GPR3,GPR7	FLAGS,GPR16,GPR7	SRC+ref:FLAGS SRC+ref:SYS	-
SETMN_SET_memcms	setmn	7a67c619	setmn [x26]!, x27!, x6	general	1:MRA	ok	FLAGS,GPR26,GPR27,GPR6,PSTATE.EL,PSTATE.UAO	GPR26,GPR27	FLAGS,GPR26,GPR27,GPR6	GPR26,GPR27	agree	-	PSTATE.EL,PSTATE.UAO	FLAGS,GPR26,GPR27,GPR6	GPR26,GPR27	same	-
SETMTN_SET_memcms	setmtn	da77d319	setmtn [x26]!, x30!, x19	general	1:MRA	ok	FLAGS,GPR19,GPR26,LR,PSTATE.EL,PSTATE.UAO	GPR26,LR	FLAGS,GPR19,GPR26,LR	GPR26,LR	agree	-	PSTATE.EL,PSTATE.UAO	FLAGS,GPR19,GPR26,LR	GPR26,LR	same	-
SETMT_SET_memcms	setmt	1d55de19	setmt [x29]!, x8!, x30	general	1:MRA	ok	FLAGS,FP_REG,GPR8,LR,PSTATE.EL,PSTATE.UAO	FP_REG,GPR8	FLAGS,FP_REG,GPR8,LR	FP_REG,GPR8	agree	-	PSTATE.EL,PSTATE.UAO	FLAGS,FP_REG,GPR8,LR	FP_REG,GPR8	same	-
SETM_SET_memcms	setm	b944d619	setm [x25]!, x5!, x22	general	1:MRA	ok	FLAGS,GPR22,GPR25,GPR5,PSTATE.EL,PSTATE.UAO	GPR25,GPR5	FLAGS,GPR22,GPR25,GPR5	GPR25,GPR5	agree	-	PSTATE.EL,PSTATE.UAO	FLAGS,GPR22,GPR25,GPR5	GPR25,GPR5	same	-
SETPN_SET_memcms	setpn	4425d819	setpn [x4]!, x10!, x24	general	1:MRA	ok	FLAGS,GPR10,GPR24,GPR4,PSTATE.EL,PSTATE.UAO	FLAGS,GPR10,GPR4	GPR10,GPR24,GPR4	FLAGS,GPR10,GPR4	disagree	SRC+ref:FLAGS	PSTATE.EL,PSTATE.UAO	GPR10,GPR24,GPR4	FLAGS,GPR10,GPR4	SRC+ref:FLAGS	-
SETPTN_SET_memcms	setptn	5836cd19	setptn [x24]!, x18!, x13	general	1:MRA	ok	FLAGS,GPR13,GPR18,GPR24,PSTATE.EL,PSTATE.UAO	FLAGS,GPR18,GPR24	GPR13,GPR18,GPR24	FLAGS,GPR18,GPR24	disagree	SRC+ref:FLAGS	PSTATE.EL,PSTATE.UAO	GPR13,GPR18,GPR24	FLAGS,GPR18,GPR24	SRC+ref:FLAGS	-
SETPT_SET_memcms	setpt	d216dc19	setpt [x18]!, x22!, x28	general	1:MRA	ok	FLAGS,GPR18,GPR22,GPR28,PSTATE.EL,PSTATE.UAO	FLAGS,GPR18,GPR22	GPR18,GPR22,GPR28	FLAGS,GPR18,GPR22	disagree	SRC+ref:FLAGS	PSTATE.EL,PSTATE.UAO	GPR18,GPR22,GPR28	FLAGS,GPR18,GPR22	SRC+ref:FLAGS	-
SETP_SET_memcms	setp	1705d419	setp [x23]!, x8!, x20	general	1:MRA	ok	FLAGS,GPR20,GPR23,GPR8,PSTATE.EL,PSTATE.UAO	FLAGS,GPR23,GPR8	GPR20,GPR23,GPR8	FLAGS,GPR23,GPR8	disagree	SRC+ref:FLAGS	PSTATE.EL,PSTATE.UAO	GPR20,GPR23,GPR8	FLAGS,GPR23,GPR8	SRC+ref:FLAGS	-
SEVL_HI_hints	sevl	bf2003d5	sevl	system	1:MRA	ok	-	-	-	-	agree	-	-	-	-	same	-
SEV_HI_hints	sev	9f2003d5	sev	system	1:MRA	ok	-	-	-	-	agree	-	-	-	-	same	-
SHA1C_QSV_cryptosha3	sha1c	4300015e	sha1c q3, s2, v1.4s	advsimd	1:MRA	ok	VEC1,VEC2,VEC3	VEC3	VEC1,VEC2,VEC3	VEC3	agree	-	-	VEC1,VEC2,VEC3	VEC3	same	-
SHA1H_SS_cryptosha2	sha1h	2208285e	sha1h s2, s1	advsimd	1:MRA	ok	VEC1	VEC2	VEC1	VEC2	agree	-	-	VEC1	VEC2	same	-
SHA1M_QSV_cryptosha3	sha1m	4320015e	sha1m q3, s2, v1.4s	advsimd	1:MRA	ok	VEC1,VEC2,VEC3	VEC3	VEC1,VEC2,VEC3	VEC3	agree	-	-	VEC1,VEC2,VEC3	VEC3	same	-
SHA1P_QSV_cryptosha3	sha1p	4310015e	sha1p q3, s2, v1.4s	advsimd	1:MRA	ok	VEC1,VEC2,VEC3	VEC3	VEC1,VEC2,VEC3	VEC3	agree	-	-	VEC1,VEC2,VEC3	VEC3	same	-
SHA1SU0_VVV_cryptosha3	sha1su0	4330015e	sha1su0 v3.4s, v2.4s, v1.4s	advsimd	1:MRA	ok	VEC1,VEC2,VEC3	VEC3	VEC1,VEC2,VEC3	VEC3	agree	-	-	VEC1,VEC2,VEC3	VEC3	same	-
SHA1SU1_VV_cryptosha2	sha1su1	2218285e	sha1su1 v2.4s, v1.4s	advsimd	1:MRA	ok	VEC1,VEC2	VEC2	VEC1,VEC2	VEC2	agree	-	-	VEC1,VEC2	VEC2	same	-
SHA256H2_QQV_cryptosha3	sha256h2	4350015e	sha256h2 q3, q2, v1.4s	advsimd	1:MRA	ok	VEC1,VEC2,VEC3	VEC3	VEC1,VEC2,VEC3	VEC3	agree	-	-	VEC1,VEC2,VEC3	VEC3	same	-
SHA256H_QQV_cryptosha3	sha256h	4340015e	sha256h q3, q2, v1.4s	advsimd	1:MRA	ok	VEC1,VEC2,VEC3	VEC3	VEC1,VEC2,VEC3	VEC3	agree	-	-	VEC1,VEC2,VEC3	VEC3	same	-
SHA256SU0_VV_cryptosha2	sha256su0	2228285e	sha256su0 v2.4s, v1.4s	advsimd	1:MRA	ok	VEC1,VEC2	VEC2	VEC1,VEC2	VEC2	agree	-	-	VEC1,VEC2	VEC2	same	-
SHA256SU1_VVV_cryptosha3	sha256su1	4360015e	sha256su1 v3.4s, v2.4s, v1.4s	advsimd	1:MRA	ok	VEC1,VEC2,VEC3	VEC3	VEC1,VEC2,VEC3	VEC3	agree	-	-	VEC1,VEC2,VEC3	VEC3	same	-
SHA512H2_QQV_cryptosha512_3	sha512h2	438461ce	sha512h2 q3, q2, v1.2d	advsimd	1:MRA	ok	VEC1,VEC2,VEC3	VEC3	VEC1,VEC2,VEC3	VEC3	agree	-	-	VEC1,VEC2,VEC3	VEC3	same	-
SHA512H_QQV_cryptosha512_3	sha512h	438061ce	sha512h q3, q2, v1.2d	advsimd	1:MRA	ok	VEC1,VEC2,VEC3	VEC3	VEC1,VEC2,VEC3	VEC3	agree	-	-	VEC1,VEC2,VEC3	VEC3	same	-
SHA512SU0_VV2_cryptosha512_2	sha512su0	2280c0ce	sha512su0 v2.2d, v1.2d	advsimd	1:MRA	ok	VEC1,VEC2	VEC2	VEC1,VEC2	VEC2	agree	-	-	VEC1,VEC2	VEC2	same	-
SHA512SU1_VVV2_cryptosha512_3	sha512su1	438861ce	sha512su1 v3.2d, v2.2d, v1.2d	advsimd	1:MRA	ok	VEC1,VEC2,VEC3	VEC3	VEC1,VEC2,VEC3	VEC3	agree	-	-	VEC1,VEC2,VEC3	VEC3	same	-
SHADD_asimdsame_only	shadd	8504a34e	shadd v5.4s, v4.4s, v3.4s	advsimd	1:MRA	ok	VEC3,VEC4	VEC5	VEC3,VEC4	VEC5	agree	-	-	VEC3,VEC4	VEC5	same	-
SHLL_asimdmisc_S	shll	f13b212e	shll v17.8h, v31.8b, #8	advsimd	1:MRA	ok	VEC31	VEC17	VEC31	VEC17	agree	-	-	VEC31	VEC17	same	-
SHL_asimdshf_R	shl	8554134f	shl v5.8h, v4.8h, #3	advsimd	1:MRA	ok	VEC4	VEC5	VEC4	VEC5	agree	-	-	VEC4	VEC5	same	unbounded-loop
SHL_asisdshf_R	shl	31565d5f	shl d17, d17, #29	advsimd	1:MRA	ok	VEC17	VEC17	VEC17	VEC17	agree	-	-	VEC17	VEC17	same	-
SHRN_asimdshf_N	shrn	96872e0f	shrn v22.2s, v28.2d, #18	advsimd	1:MRA	ok	VEC28	VEC22	VEC28	VEC22	agree	-	-	VEC28	VEC22	same	unbounded-loop
SHSUB_asimdsame_only	shsub	8524a34e	shsub v5.4s, v4.4s, v3.4s	advsimd	1:MRA	ok	VEC3,VEC4	VEC5	VEC3,VEC4	VEC5	agree	-	-	VEC3,VEC4	VEC5	same	-
SLI_asimdshf_R	sli	8554136f	sli v5.8h, v4.8h, #3	advsimd	1:MRA	ok	VEC4,VEC5	VEC5	VEC4,VEC5	VEC5	agree	-	-	VEC4,VEC5	VEC5	same	unbounded-loop
SLI_asisdshf_R	sli	da56737f	sli d26, d22, #51	advsimd	1:MRA	ok	VEC22,VEC26	VEC26	VEC22,VEC26	VEC26	agree	-	-	VEC22,VEC26	VEC26	same	-
SM3PARTW1_VVV4_cryptosha512_3	sm3partw1	43c061ce	sm3partw1 v3.4s, v2.4s, v1.4s	advsimd	1:MRA	ok	VEC1,VEC2,VEC3	VEC3	VEC1,VEC2,VEC3	VEC3	agree	-	-	VEC1,VEC2,VEC3	VEC3	same	-
SM3PARTW2_VVV4_cryptosha512_3	sm3partw2	43c461ce	sm3partw2 v3.4s, v2.4s, v1.4s	advsimd	1:MRA	ok	VEC1,VEC2,VEC3	VEC3	VEC1,VEC2,VEC3	VEC3	agree	-	-	VEC1,VEC2,VEC3	VEC3	same	-
SM3SS1_VVV4_crypto4	sm3ss1	640841ce	sm3ss1 v4.4s, v3.4s, v1.4s, v2.4s	advsimd	1:MRA	ok	VEC1,VEC2,VEC3	VEC4	VEC1,VEC2,VEC3	VEC4	agree	-	-	VEC1,VEC2,VEC3	VEC4	same	-
SM3TT1A_VVV4_crypto3_imm2	sm3tt1a	64a041ce	sm3tt1a v4.4s, v3.4s, v1.s[2]	advsimd	1:MRA	ok	VEC1,VEC3,VEC4	VEC4	VEC1,VEC3,VEC4	VEC4	agree	-	-	VEC1,VEC3,VEC4	VEC4	same	-
SM3TT1B_VVV4_crypto3_imm2	sm3tt1b	64a441ce	sm3tt1b v4.4s, v3.4s, v1.s[2]	advsimd	1:MRA	ok	VEC1,VEC3,VEC4	VEC4	VEC1,VEC3,VEC4	VEC4	agree	-	-	VEC1,VEC3,VEC4	VEC4	same	-
SM3TT2A_VVV4_crypto3_imm2	sm3tt2a	64a841ce	sm3tt2a v4.4s, v3.4s, v1.s[2]	advsimd	1:MRA	ok	VEC1,VEC3,VEC4	VEC4	VEC1,VEC3,VEC4	VEC4	agree	-	-	VEC1,VEC3,VEC4	VEC4	same	-
SM3TT2B_VVV_crypto3_imm2	sm3tt2b	64ac41ce	sm3tt2b v4.4s, v3.4s, v1.s[2]	advsimd	1:MRA	ok	VEC1,VEC3,VEC4	VEC4	VEC1,VEC3,VEC4	VEC4	agree	-	-	VEC1,VEC3,VEC4	VEC4	same	-
SM4EKEY_VVV4_cryptosha512_3	sm4ekey	43c861ce	sm4ekey v3.4s, v2.4s, v1.4s	advsimd	1:MRA	ok	VEC1,VEC2	VEC3	VEC1,VEC2	VEC3	agree	-	-	VEC1,VEC2	VEC3	same	-
SM4E_VV4_cryptosha512_2	sm4e	2284c0ce	sm4e v2.4s, v1.4s	advsimd	1:MRA	ok	VEC1,VEC2	VEC2	VEC1,VEC2	VEC2	agree	-	-	VEC1,VEC2	VEC2	same	-
SMADDL_64WA_dp_3src	smaddl	6408219b	smaddl x4, w3, w1, x2	general	1:MRA	ok	GPR1,GPR2,GPR3	GPR4	GPR1,GPR2,GPR3	GPR4	agree	-	-	GPR1,GPR2,GPR3	GPR4	same	-
SMAXP_asimdsame_only	smaxp	85a4a34e	smaxp v5.4s, v4.4s, v3.4s	advsimd	1:MRA	ok	VEC3,VEC4	VEC5	VEC3,VEC4	VEC5	agree	-	-	VEC3,VEC4	VEC5	same	-
SMAXV_asimdall_only	smaxv	64a8b04e	smaxv s4, v3.4s	advsimd	1:MRA	ok	VEC3	VEC4	VEC3	VEC4	agree	-	-	VEC3	VEC4	same	-
SMAX_32_dp_2src	smax	4360c11a	smax w3, w2, w1	general	1:MRA	ok	GPR1,GPR2	GPR3	GPR1,GPR2	GPR3	agree	-	-	GPR1,GPR2	GPR3	same	-
SMAX_32_minmax_imm	smax	4304c011	smax w3, w2, #1	general	1:MRA	ok	GPR2	GPR3	GPR2	GPR3	agree	-	-	GPR2	GPR3	same	-
SMAX_64_dp_2src	smax	4360c19a	smax x3, x2, x1	general	1:MRA	ok	GPR1,GPR2	GPR3	GPR1,GPR2	GPR3	agree	-	-	GPR1,GPR2	GPR3	same	-
SMAX_64_minmax_imm	smax	4304c091	smax x3, x2, #1	general	1:MRA	ok	GPR2	GPR3	GPR2	GPR3	agree	-	-	GPR2	GPR3	same	-
SMAX_asimdsame_only	smax	8564a34e	smax v5.4s, v4.4s, v3.4s	advsimd	1:MRA	ok	VEC3,VEC4	VEC5	VEC3,VEC4	VEC5	agree	-	-	VEC3,VEC4	VEC5	same	-
SMC_EX_exception	smc	230000d4	smc #0x1	system	1:MRA	ok	-	-	-	-	agree	-	-	-	-	same	-
SMINP_asimdsame_only	sminp	85aca34e	sminp v5.4s, v4.4s, v3.4s	advsimd	1:MRA	ok	VEC3,VEC4	VEC5	VEC3,VEC4	VEC5	agree	-	-	VEC3,VEC4	VEC5	same	-
SMINV_asimdall_only	sminv	64a8b14e	sminv s4, v3.4s	advsimd	1:MRA	ok	VEC3	VEC4	VEC3	VEC4	agree	-	-	VEC3	VEC4	same	-
SMIN_32_dp_2src	smin	4368c11a	smin w3, w2, w1	general	1:MRA	ok	GPR1,GPR2	GPR3	GPR1,GPR2	GPR3	agree	-	-	GPR1,GPR2	GPR3	same	-
SMIN_32_minmax_imm	smin	4304c811	smin w3, w2, #1	general	1:MRA	ok	GPR2	GPR3	GPR2	GPR3	agree	-	-	GPR2	GPR3	same	-
SMIN_64_dp_2src	smin	4368c19a	smin x3, x2, x1	general	1:MRA	ok	GPR1,GPR2	GPR3	GPR1,GPR2	GPR3	agree	-	-	GPR1,GPR2	GPR3	same	-
SMIN_64_minmax_imm	smin	4304c891	smin x3, x2, #1	general	1:MRA	ok	GPR2	GPR3	GPR2	GPR3	agree	-	-	GPR2	GPR3	same	-
SMIN_asimdsame_only	smin	856ca34e	smin v5.4s, v4.4s, v3.4s	advsimd	1:MRA	ok	VEC3,VEC4	VEC5	VEC3,VEC4	VEC5	agree	-	-	VEC3,VEC4	VEC5	same	-
SMLAL_asimddiff_L	smlal	2781650e	smlal v7.4s, v9.4h, v5.4h	advsimd	1:MRA	ok	VEC5,VEC7,VEC9	VEC7	VEC5,VEC7,VEC9	VEC7	agree	-	-	VEC5,VEC7,VEC9	VEC7	same	-
SMLAL_asimdelem_L	smlal	b523790f	smlal v21.4s, v29.4h, v9.h[3]	advsimd	1:MRA	ok	VEC21,VEC29,VEC9	VEC21	VEC21,VEC29,VEC9	VEC21	agree	-	-	VEC21,VEC29,VEC9	VEC21	same	-
SMLSL_asimddiff_L	smlsl	31a2b10e	smlsl v17.2d, v17.2s, v17.2s	advsimd	1:MRA	ok	VEC17	VEC17	VEC17	VEC17	agree	-	-	VEC17	VEC17	same	-
SMLSL_asimdelem_L	smlsl	3162be0f	smlsl v17.2d, v17.2s, v30.s[1]	advsimd	1:MRA	ok	VEC17,VEC30	VEC17	VEC17,VEC30	VEC17	agree	-	-	VEC17,VEC30	VEC17	same	-
SMMLA_asimdsame2_G	smmla	43a4814e	smmla v3.4s, v2.16b, v1.16b	advsimd	1:MRA	ok	VEC1,VEC2,VEC3	VEC3	VEC1,VEC2,VEC3	VEC3	agree	-	-	VEC1,VEC2,VEC3	VEC3	same	-
SMNEGL_SMSUBL_64WA_dp_3src	smnegl	43fc219b	smnegl x3, w2, w1	general	1:MRA	ok	GPR1,GPR2,ZERO	GPR3	GPR1,GPR2	GPR3	disagree	SRC+ref:ZERO	-	GPR1,GPR2,ZERO	GPR3	same	-
SMOV_asimdins_W_w	smov	432c010e	smov w3, v2.b[0]	advsimd	1:MRA	ok	VEC2	GPR3	VEC2	GPR3	agree	-	-	VEC2	GPR3	same	-
SMOV_asimdins_X_x	smov	432c014e	smov x3, v2.b[0]	advsimd	1:MRA	ok	VEC2	GPR3	VEC2	GPR3	agree	-	-	VEC2	GPR3	same	-
SMSTART_MSR_SI_pstate	smstart	7f4303d5	smstart sm	system	1:MRA	ok	PSTATE.EL,PSTATE.SM	PSTATE.SM	-	-	agree	-	PSTATE.EL,PSTATE.SM	-	FLAGS	DST+trc:FLAGS	-
SMSTOP_MSR_SI_pstate	smstop	7f4203d5	smstop sm	system	1:MRA	ok	PSTATE.EL,PSTATE.SM	PSTATE.SM	-	-	agree	-	PSTATE.EL,PSTATE.SM	-	FLAGS	DST+trc:FLAGS	-
SMSUBL_64WA_dp_3src	smsubl	6488219b	smsubl x4, w3, w1, x2	general	1:MRA	ok	GPR1,GPR2,GPR3	GPR4	GPR1,GPR2,GPR3	GPR4	agree	-	-	GPR1,GPR2,GPR3	GPR4	same	-
SMULH_64_dp_3src	smulh	437c419b	smulh x3, x2, x1	general	1:MRA	ok	GPR1,GPR2	GPR3	GPR1,GPR2	GPR3	agree	-	-	GPR1,GPR2	GPR3	same	-
SMULL_SMADDL_64WA_dp_3src	smull	437c219b	smull x3, w2, w1	general	1:MRA	ok	GPR1,GPR2,ZERO	GPR3	GPR1,GPR2	GPR3	disagree	SRC+ref:ZERO	-	GPR1,GPR2,ZERO	GPR3	same	-
SMULL_asimddiff_L	smull	31c2310e	smull v17.8h, v17.8b, v17.8b	advsimd	1:MRA	ok	VEC17	VEC17	VEC17	VEC17	agree	-	-	VEC17	VEC17	same	-
SMULL_asimdelem_L	smull	7ca87a0f	smull v28.4s, v3.4h, v10.h[7]	advsimd	1:MRA	ok	VEC10,VEC3	VEC28	VEC10,VEC3	VEC28	agree	-	-	VEC10,VEC3	VEC28	same	-
SQABS_asimdmisc_R	sqabs	6478a04e	sqabs v4.4s, v3.4s	advsimd	1:MRA	ok	VEC3	FCSR,VEC4	FCSR,VEC3	VEC4	disagree	DST+ref:FCSR SRC+trc:FCSR	-	VEC3	VEC4	DST+ref:FCSR	-
SQABS_asisdmisc_R	sqabs	4378605e	sqabs h3, h2	advsimd	1:MRA	ok	VEC2	FCSR,VEC3	FCSR,VEC2	VEC3	disagree	DST+ref:FCSR SRC+trc:FCSR	-	VEC2	VEC3	DST+ref:FCSR	-
SQADD_asimdsame_only	sqadd	850ca34e	sqadd v5.4s, v4.4s, v3.4s	advsimd	1:MRA	ok	VEC3,VEC4	FCSR,VEC5	FCSR,VEC3,VEC4	VEC5	disagree	DST+ref:FCSR SRC+trc:FCSR	-	VEC3,VEC4	VEC5	DST+ref:FCSR	-
SQADD_asisdsame_only	sqadd	640c625e	sqadd h4, h3, h2	advsimd	1:MRA	ok	VEC2,VEC3	FCSR,VEC4	FCSR,VEC2,VEC3	VEC4	disagree	DST+ref:FCSR SRC+trc:FCSR	-	VEC2,VEC3	VEC4	DST+ref:FCSR	-
SQDMLAL_asimddiff_L	sqdmlal	8192670e	sqdmlal v1.4s, v20.4h, v7.4h	advsimd	1:MRA	ok	VEC1,VEC20,VEC7	FCSR,VEC1	FCSR,VEC1,VEC20,VEC7	VEC1	disagree	DST+ref:FCSR SRC+trc:FCSR	-	VEC1,VEC20,VEC7	VEC1	DST+ref:FCSR	-
SQDMLAL_asimdelem_L	sqdmlal	6132840f	sqdmlal v1.2d, v19.2s, v4.s[0]	advsimd	1:MRA	ok	VEC1,VEC19,VEC4	FCSR,VEC1	FCSR,VEC1,VEC19,VEC4	VEC1	disagree	DST+ref:FCSR SRC+trc:FCSR	-	VEC1,VEC19,VEC4	VEC1	DST+ref:FCSR	-
SQDMLAL_asisddiff_only	sqdmlal	6490625e	sqdmlal s4, h3, h2	advsimd	1:MRA	ok	VEC2,VEC3,VEC4	FCSR,VEC4	FCSR,VEC2,VEC3,VEC4	VEC4	disagree	DST+ref:FCSR SRC+trc:FCSR	-	VEC2,VEC3,VEC4	VEC4	DST+ref:FCSR	-
SQDMLAL_asisdelem_L	sqdmlal	c138545f	sqdmlal s1, h6, v4.h[5]	advsimd	1:MRA	ok	VEC1,VEC4,VEC6	FCSR,VEC1	FCSR,VEC1,VEC4,VEC6	VEC1	disagree	DST+ref:FCSR SRC+trc:FCSR	-	VEC1,VEC4,VEC6	VEC1	DST+ref:FCSR	-
SQDMLSL_asimddiff_L	sqdmlsl	31b2b10e	sqdmlsl v17.2d, v17.2s, v17.2s	advsimd	1:MRA	ok	VEC17	FCSR,VEC17	FCSR,VEC17	VEC17	disagree	DST+ref:FCSR SRC+trc:FCSR	-	VEC17	VEC17	DST+ref:FCSR	-
SQDMLSL_asimdelem_L	sqdmlsl	b570ac0f	sqdmlsl v21.2d, v5.2s, v12.s[1]	advsimd	1:MRA	ok	VEC12,VEC21,VEC5	FCSR,VEC21	FCSR,VEC12,VEC21,VEC5	VEC21	disagree	DST+ref:FCSR SRC+trc:FCSR	-	VEC12,VEC21,VEC5	VEC21	DST+ref:FCSR	-
SQDMLSL_asisddiff_only	sqdmlsl	64b0625e	sqdmlsl s4, h3, h2	advsimd	1:MRA	ok	VEC2,VEC3,VEC4	FCSR,VEC4	FCSR,VEC2,VEC3,VEC4	VEC4	disagree	DST+ref:FCSR SRC+trc:FCSR	-	VEC2,VEC3,VEC4	VEC4	DST+ref:FCSR	-
SQDMLSL_asisdelem_L	sqdmlsl	c178545f	sqdmlsl s1, h6, v4.h[5]	advsimd	1:MRA	ok	VEC1,VEC4,VEC6	FCSR,VEC1	FCSR,VEC1,VEC4,VEC6	VEC1	disagree	DST+ref:FCSR SRC+trc:FCSR	-	VEC1,VEC4,VEC6	VEC1	DST+ref:FCSR	-
SQDMULH_asimdelem_R	sqdmulh	22c0a54f	sqdmulh v2.4s, v1.4s, v5.s[1]	advsimd	1:MRA	ok	VEC1,VEC5	FCSR,VEC2	FCSR,VEC1,VEC5	VEC2	disagree	DST+ref:FCSR SRC+trc:FCSR	-	VEC1,VEC5	VEC2	DST+ref:FCSR	-
SQDMULH_asimdsame_only	sqdmulh	85b4a34e	sqdmulh v5.4s, v4.4s, v3.4s	advsimd	1:MRA	ok	VEC3,VEC4	FCSR,VEC5	FCSR,VEC3,VEC4	VEC5	disagree	DST+ref:FCSR SRC+trc:FCSR	-	FCSR,VEC3,VEC4	VEC5	DST+ref:FCSR SRC+trc:FCSR	-
SQDMULH_asisdelem_R	sqdmulh	c1c8545f	sqdmulh h1, h6, v4.h[5]	advsimd	1:MRA	ok	VEC4,VEC6	FCSR,VEC1	FCSR,VEC4,VEC6	VEC1	disagree	DST+ref:FCSR SRC+trc:FCSR	-	VEC4,VEC6	VEC1	DST+ref:FCSR	-
SQDMULH_asisdsame_only	sqdmulh	64b4625e	sqdmulh h4, h3, h2	advsimd	1:MRA	ok	VEC2,VEC3	FCSR,VEC4	FCSR,VEC2,VEC3	VEC4	disagree	DST+ref:FCSR SRC+trc:FCSR	-	VEC2,VEC3	VEC4	DST+ref:FCSR	-
SQDMULL_asimddiff_L	sqdmull	dad3710e	sqdmull v26.4s, v30.4h, v17.4h	advsimd	1:MRA	ok	VEC17,VEC30	FCSR,VEC26	FCSR,VEC17,VEC30	VEC26	disagree	DST+ref:FCSR SRC+trc:FCSR	-	VEC17,VEC30	VEC26	DST+ref:FCSR	-
SQDMULL_asimdelem_L	sqdmull	31ba5c0f	sqdmull v17.4s, v17.4h, v12.h[5]	advsimd	1:MRA	ok	VEC12,VEC17	FCSR,VEC17	FCSR,VEC12,VEC17	VEC17	disagree	DST+ref:FCSR SRC+trc:FCSR	-	VEC12,VEC17	VEC17	DST+ref:FCSR	-
SQDMULL_asisddiff_only	sqdmull	64d0625e	sqdmull s4, h3, h2	advsimd	1:MRA	ok	VEC2,VEC3	FCSR,VEC4	FCSR,VEC2,VEC3	VEC4	disagree	DST+ref:FCSR SRC+trc:FCSR	-	VEC2,VEC3	VEC4	DST+ref:FCSR	-
SQDMULL_asisdelem_L	sqdmull	c1b8545f	sqdmull s1, h6, v4.h[5]	advsimd	1:MRA	ok	VEC4,VEC6	FCSR,VEC1	FCSR,VEC4,VEC6	VEC1	disagree	DST+ref:FCSR SRC+trc:FCSR	-	VEC4,VEC6	VEC1	DST+ref:FCSR	-
SQNEG_asimdmisc_R	sqneg	6478a06e	sqneg v4.4s, v3.4s	advsimd	1:MRA	ok	VEC3	FCSR,VEC4	FCSR,VEC3	VEC4	disagree	DST+ref:FCSR SRC+trc:FCSR	-	VEC3	VEC4	DST+ref:FCSR	-
SQNEG_asisdmisc_R	sqneg	4378607e	sqneg h3, h2	advsimd	1:MRA	ok	VEC2	FCSR,VEC3	FCSR,VEC2	VEC3	disagree	DST+ref:FCSR SRC+trc:FCSR	-	VEC2	VEC3	DST+ref:FCSR	-
SQRDMLAH_asimdelem_R	sqrdmlah	22d0a56f	sqrdmlah v2.4s, v1.4s, v5.s[1]	advsimd	1:MRA	ok	VEC1,VEC2,VEC5	FCSR,VEC2	FCSR,VEC1,VEC2,VEC5	VEC2	disagree	DST+ref:FCSR SRC+trc:FCSR	-	VEC1,VEC2,VEC5	VEC2	DST+ref:FCSR	-
SQRDMLAH_asimdsame2_only	sqrdmlah	8584836e	sqrdmlah v5.4s, v4.4s, v3.4s	advsimd	1:MRA	ok	VEC3,VEC4,VEC5	FCSR,VEC5	FCSR,VEC3,VEC4,VEC5	VEC5	disagree	DST+ref:FCSR SRC+trc:FCSR	-	VEC3,VEC4,VEC5	VEC5	DST+ref:FCSR	-
SQRDMLAH_asisdelem_R	sqrdmlah	c1d8547f	sqrdmlah h1, h6, v4.h[5]	advsimd	1:MRA	ok	VEC1,VEC4,VEC6	FCSR,VEC1	FCSR,VEC1,VEC4,VEC6	VEC1	disagree	DST+ref:FCSR SRC+trc:FCSR	-	VEC1,VEC4,VEC6	VEC1	DST+ref:FCSR	-
SQRDMLAH_asisdsame2_only	sqrdmlah	6484427e	sqrdmlah h4, h3, h2	advsimd	1:MRA	ok	VEC2,VEC3,VEC4	FCSR,VEC4	FCSR,VEC2,VEC3,VEC4	VEC4	disagree	DST+ref:FCSR SRC+trc:FCSR	-	VEC2,VEC3,VEC4	VEC4	DST+ref:FCSR	-
SQRDMLSH_asimdelem_R	sqrdmlsh	22f0a56f	sqrdmlsh v2.4s, v1.4s, v5.s[1]	advsimd	1:MRA	ok	VEC1,VEC2,VEC5	FCSR,VEC2	FCSR,VEC1,VEC2,VEC5	VEC2	disagree	DST+ref:FCSR SRC+trc:FCSR	-	VEC1,VEC2,VEC5	VEC2	DST+ref:FCSR	-
SQRDMLSH_asimdsame2_only	sqrdmlsh	858c836e	sqrdmlsh v5.4s, v4.4s, v3.4s	advsimd	1:MRA	ok	VEC3,VEC4,VEC5	FCSR,VEC5	FCSR,VEC3,VEC4,VEC5	VEC5	disagree	DST+ref:FCSR SRC+trc:FCSR	-	VEC3,VEC4,VEC5	VEC5	DST+ref:FCSR	-
SQRDMLSH_asisdelem_R	sqrdmlsh	c1f8547f	sqrdmlsh h1, h6, v4.h[5]	advsimd	1:MRA	ok	VEC1,VEC4,VEC6	FCSR,VEC1	FCSR,VEC1,VEC4,VEC6	VEC1	disagree	DST+ref:FCSR SRC+trc:FCSR	-	VEC1,VEC4,VEC6	VEC1	DST+ref:FCSR	-
SQRDMLSH_asisdsame2_only	sqrdmlsh	648c427e	sqrdmlsh h4, h3, h2	advsimd	1:MRA	ok	VEC2,VEC3,VEC4	FCSR,VEC4	FCSR,VEC2,VEC3,VEC4	VEC4	disagree	DST+ref:FCSR SRC+trc:FCSR	-	VEC2,VEC3,VEC4	VEC4	DST+ref:FCSR	-
SQRDMULH_asimdelem_R	sqrdmulh	22d0a54f	sqrdmulh v2.4s, v1.4s, v5.s[1]	advsimd	1:MRA	ok	VEC1,VEC5	FCSR,VEC2	FCSR,VEC1,VEC5	VEC2	disagree	DST+ref:FCSR SRC+trc:FCSR	-	VEC1,VEC5	VEC2	DST+ref:FCSR	-
SQRDMULH_asimdsame_only	sqrdmulh	85b4a36e	sqrdmulh v5.4s, v4.4s, v3.4s	advsimd	1:MRA	ok	VEC3,VEC4	FCSR,VEC5	FCSR,VEC3,VEC4	VEC5	disagree	DST+ref:FCSR SRC+trc:FCSR	-	FCSR,VEC3,VEC4	VEC5	DST+ref:FCSR SRC+trc:FCSR	-
SQRDMULH_asisdelem_R	sqrdmulh	c1d8545f	sqrdmulh h1, h6, v4.h[5]	advsimd	1:MRA	ok	VEC4,VEC6	FCSR,VEC1	FCSR,VEC4,VEC6	VEC1	disagree	DST+ref:FCSR SRC+trc:FCSR	-	VEC4,VEC6	VEC1	DST+ref:FCSR	-
SQRDMULH_asisdsame_only	sqrdmulh	64b4627e	sqrdmulh h4, h3, h2	advsimd	1:MRA	ok	VEC2,VEC3	FCSR,VEC4	FCSR,VEC2,VEC3	VEC4	disagree	DST+ref:FCSR SRC+trc:FCSR	-	VEC2,VEC3	VEC4	DST+ref:FCSR	-
SQRSHL_asimdsame_only	sqrshl	855ca34e	sqrshl v5.4s, v4.4s, v3.4s	advsimd	1:MRA	ok	VEC3,VEC4	FCSR,VEC5	FCSR,VEC3,VEC4	VEC5	disagree	DST+ref:FCSR SRC+trc:FCSR	-	VEC3,VEC4	VEC5	DST+ref:FCSR	-
SQRSHL_asisdsame_only	sqrshl	645c625e	sqrshl h4, h3, h2	advsimd	1:MRA	ok	VEC2,VEC3	FCSR,VEC4	FCSR,VEC2,VEC3	VEC4	disagree	DST+ref:FCSR SRC+trc:FCSR	-	VEC2,VEC3	VEC4	DST+ref:FCSR	-
SQRSHRN_asimdshf_N	sqrshrn	219e100f	sqrshrn v1.4h, v17.4s, #16	advsimd	1:MRA	ok	VEC17	FCSR,VEC1	FCSR,VEC17	VEC1	disagree	DST+ref:FCSR SRC+trc:FCSR	-	VEC17	VEC1	DST+ref:FCSR	unbounded-loop
SQRSHRN_asisdshf_N	sqrshrn	649c0a5f	sqrshrn b4, h3, #6	advsimd	1:MRA	ok	VEC3	FCSR,VEC4	FCSR,VEC3	VEC4	disagree	DST+ref:FCSR SRC+trc:FCSR	-	VEC3	VEC4	DST+ref:FCSR	unbounded-loop
SQRSHRUN_asimdshf_N	sqrshrun	628f102f	sqrshrun v2.4h, v27.4s, #16	advsimd	1:MRA	ok	VEC27	FCSR,VEC2	FCSR,VEC27	VEC2	disagree	DST+ref:FCSR SRC+trc:FCSR	-	VEC27	VEC2	DST+ref:FCSR	unbounded-loop
SQRSHRUN_asisdshf_N	sqrshrun	648c0a7f	sqrshrun b4, h3, #6	advsimd	1:MRA	ok	VEC3	FCSR,VEC4	FCSR,VEC3	VEC4	disagree	DST+ref:FCSR SRC+trc:FCSR	-	VEC3	VEC4	DST+ref:FCSR	unbounded-loop
SQSHLU_asimdshf_R	sqshlu	8564136f	sqshlu v5.8h, v4.8h, #3	advsimd	1:MRA	ok	VEC4	FCSR,VEC5	FCSR,VEC4	VEC5	disagree	DST+ref:FCSR SRC+trc:FCSR	-	VEC4	VEC5	DST+ref:FCSR	unbounded-loop
SQSHLU_asisdshf_R	sqshlu	64640a7f	sqshlu b4, b3, #2	advsimd	1:MRA	ok	VEC3	FCSR,VEC4	FCSR,VEC3	VEC4	disagree	DST+ref:FCSR SRC+trc:FCSR	-	VEC3	VEC4	DST+ref:FCSR	unbounded-loop
SQSHL_asimdsame_only	sqshl	854ca34e	sqshl v5.4s, v4.4s, v3.4s	advsimd	1:MRA	ok	VEC3,VEC4	FCSR,VEC5	FCSR,VEC3,VEC4	VEC5	disagree	DST+ref:FCSR SRC+trc:FCSR	-	VEC3,VEC4	VEC5	DST+ref:FCSR	-
SQSHL_asimdshf_R	sqshl	8574134f	sqshl v5.8h, v4.8h, #3	advsimd	1:MRA	ok	VEC4	FCSR,VEC5	FCSR,VEC4	VEC5	disagree	DST+ref:FCSR SRC+trc:FCSR	-	VEC4	VEC5	DST+ref:FCSR	unbounded-loop
SQSHL_asisdsame_only	sqshl	644c625e	sqshl h4, h3, h2	advsimd	1:MRA	ok	VEC2,VEC3	FCSR,VEC4	FCSR,VEC2,VEC3	VEC4	disagree	DST+ref:FCSR SRC+trc:FCSR	-	VEC2,VEC3	VEC4	DST+ref:FCSR	-
SQSHL_asisdshf_R	sqshl	64740a5f	sqshl b4, b3, #2	advsimd	1:MRA	ok	VEC3	FCSR,VEC4	FCSR,VEC3	VEC4	disagree	DST+ref:FCSR SRC+trc:FCSR	-	VEC3	VEC4	DST+ref:FCSR	unbounded-loop
SQSHRN_asimdshf_N	sqshrn	a9970d0f	sqshrn v9.8b, v29.8h, #3	advsimd	1:MRA	ok	VEC29	FCSR,VEC9	FCSR,VEC29	VEC9	disagree	DST+ref:FCSR SRC+trc:FCSR	-	VEC29	VEC9	DST+ref:FCSR	unbounded-loop
SQSHRN_asisdshf_N	sqshrn	64940a5f	sqshrn b4, h3, #6	advsimd	1:MRA	ok	VEC3	FCSR,VEC4	FCSR,VEC3	VEC4	disagree	DST+ref:FCSR SRC+trc:FCSR	-	VEC3	VEC4	DST+ref:FCSR	unbounded-loop
SQSHRUN_asimdshf_N	sqshrun	83840a2f	sqshrun v3.8b, v4.8h, #6	advsimd	1:MRA	ok	VEC4	FCSR,VEC3	FCSR,VEC4	VEC3	disagree	DST+ref:FCSR SRC+trc:FCSR	-	VEC4	VEC3	DST+ref:FCSR	unbounded-loop
SQSHRUN_asisdshf_N	sqshrun	64840a7f	sqshrun b4, h3, #6	advsimd	1:MRA	ok	VEC3	FCSR,VEC4	FCSR,VEC3	VEC4	disagree	DST+ref:FCSR SRC+trc:FCSR	-	VEC3	VEC4	DST+ref:FCSR	unbounded-loop
SQSUB_asimdsame_only	sqsub	852ca34e	sqsub v5.4s, v4.4s, v3.4s	advsimd	1:MRA	ok	VEC3,VEC4	FCSR,VEC5	FCSR,VEC3,VEC4	VEC5	disagree	DST+ref:FCSR SRC+trc:FCSR	-	VEC3,VEC4	VEC5	DST+ref:FCSR	-
SQSUB_asisdsame_only	sqsub	642c625e	sqsub h4, h3, h2	advsimd	1:MRA	ok	VEC2,VEC3	FCSR,VEC4	FCSR,VEC2,VEC3	VEC4	disagree	DST+ref:FCSR SRC+trc:FCSR	-	VEC2,VEC3	VEC4	DST+ref:FCSR	-
SQXTN_asimdmisc_N	sqxtn	5148610e	sqxtn v17.4h, v2.4s	advsimd	1:MRA	ok	VEC2	FCSR,VEC17	FCSR,VEC2	VEC17	disagree	DST+ref:FCSR SRC+trc:FCSR	-	VEC2	VEC17	DST+ref:FCSR	-
SQXTN_asisdmisc_N	sqxtn	4348615e	sqxtn h3, s2	advsimd	1:MRA	ok	VEC2	FCSR,VEC3	FCSR,VEC2	VEC3	disagree	DST+ref:FCSR SRC+trc:FCSR	-	VEC2	VEC3	DST+ref:FCSR	-
SQXTUN_asimdmisc_N	sqxtun	fc2a212e	sqxtun v28.8b, v23.8h	advsimd	1:MRA	ok	VEC23	FCSR,VEC28	FCSR,VEC23	VEC28	disagree	DST+ref:FCSR SRC+trc:FCSR	-	VEC23	VEC28	DST+ref:FCSR	-
SQXTUN_asisdmisc_N	sqxtun	4328617e	sqxtun h3, s2	advsimd	1:MRA	ok	VEC2	FCSR,VEC3	FCSR,VEC2	VEC3	disagree	DST+ref:FCSR SRC+trc:FCSR	-	VEC2	VEC3	DST+ref:FCSR	-
SRHADD_asimdsame_only	srhadd	8514a34e	srhadd v5.4s, v4.4s, v3.4s	advsimd	1:MRA	ok	VEC3,VEC4	VEC5	VEC3,VEC4	VEC5	agree	-	-	VEC3,VEC4	VEC5	same	-
SRI_asimdshf_R	sri	8544136f	sri v5.8h, v4.8h, #13	advsimd	1:MRA	ok	VEC4,VEC5	VEC5	VEC4,VEC5	VEC5	agree	-	-	VEC4,VEC5	VEC5	same	unbounded-loop
SRI_asisdshf_R	sri	32455d7f	sri d18, d9, #35	advsimd	1:MRA	ok	VEC18,VEC9	VEC18	VEC18,VEC9	VEC18	agree	-	-	VEC18,VEC9	VEC18	same	-
SRSHL_asimdsame_only	srshl	8554a34e	srshl v5.4s, v4.4s, v3.4s	advsimd	1:MRA	ok	VEC3,VEC4	VEC5	VEC3,VEC4	VEC5	agree	-	-	VEC3,VEC4	VEC5	same	-
SRSHL_asisdsame_only	srshl	ff55ec5e	srshl d31, d15, d12	advsimd	1:MRA	ok	VEC12,VEC15	VEC31	VEC12,VEC15	VEC31	agree	-	-	VEC12,VEC15	VEC31	same	-
SRSHR_asimdshf_R	srshr	8524134f	srshr v5.8h, v4.8h, #13	advsimd	1:MRA	ok	VEC4	VEC5	VEC4	VEC5	agree	-	-	VEC4	VEC5	same	unbounded-loop
SRSHR_asisdshf_R	srshr	d9266a5f	srshr d25, d22, #22	advsimd	1:MRA	ok	VEC22	VEC25	VEC22	VEC25	agree	-	-	VEC22	VEC25	same	-
SRSRA_asimdshf_R	srsra	8534134f	srsra v5.8h, v4.8h, #13	advsimd	1:MRA	ok	VEC4,VEC5	VEC5	VEC4,VEC5	VEC5	agree	-	-	VEC4,VEC5	VEC5	same	unbounded-loop
SRSRA_asisdshf_R	srsra	31367a5f	srsra d17, d17, #6	advsimd	1:MRA	ok	VEC17	VEC17	VEC17	VEC17	agree	-	-	VEC17	VEC17	same	-
SSBB_DSB_BO_barriers	ssbb	9f3003d5	ssbb	system	1:MRA	ok	-	-	-	-	agree	-	-	-	-	same	-
SSHLL_asimdshf_L	sshll	9ca73f0f	sshll v28.2d, v28.2s, #31	advsimd	1:MRA	ok	VEC28	VEC28	VEC28	VEC28	agree	-	-	VEC28	VEC28	same	unbounded-loop
SSHL_asimdsame_only	sshl	8544a34e	sshl v5.4s, v4.4s, v3.4s	advsimd	1:MRA	ok	VEC3,VEC4	VEC5	VEC3,VEC4	VEC5	agree	-	-	VEC3,VEC4	VEC5	same	-
SSHL_asisdsame_only	sshl	3146f15e	sshl d17, d17, d17	advsimd	1:MRA	ok	VEC17	VEC17	VEC17	VEC17	agree	-	-	VEC17	VEC17	same	-
SSHR_asimdshf_R	sshr	8504134f	sshr v5.8h, v4.8h, #13	advsimd	1:MRA	ok	VEC4	VEC5	VEC4	VEC5	agree	-	-	VEC4	VEC5	same	unbounded-loop
SSHR_asisdshf_R	sshr	31067a5f	sshr d17, d17, #6	advsimd	1:MRA	ok	VEC17	VEC17	VEC17	VEC17	agree	-	-	VEC17	VEC17	same	-
SSRA_asimdshf_R	ssra	8514134f	ssra v5.8h, v4.8h, #13	advsimd	1:MRA	ok	VEC4,VEC5	VEC5	VEC4,VEC5	VEC5	agree	-	-	VEC4,VEC5	VEC5	same	unbounded-loop
SSRA_asisdshf_R	ssra	be17585f	ssra d30, d29, #40	advsimd	1:MRA	ok	VEC29,VEC30	VEC30	VEC29,VEC30	VEC30	agree	-	-	VEC29,VEC30	VEC30	same	-
SSUBL_asimddiff_L	ssubl	b421650e	ssubl v20.4s, v13.4h, v5.4h	advsimd	1:MRA	ok	VEC13,VEC5	VEC20	VEC13,VEC5	VEC20	agree	-	-	VEC13,VEC5	VEC20	same	-
SSUBW_asimddiff_W	ssubw	4c31380e	ssubw v12.8h, v10.8h, v24.8b	advsimd	1:MRA	ok	VEC10,VEC24	VEC12	VEC10,VEC24	VEC12	agree	-	-	VEC10,VEC24	VEC12	same	-
ST1_asisdlse_R1_1v	st1	6478004c	st1 { v4.4s }, [x3]	advsimd	1:MRA	ok	GPR3,PSTATE.SM,VEC4	-	GPR3,VEC4	-	agree	-	PSTATE.SM	GPR3,VEC4	-	same	-
ST1_asisdlse_R2_2v	st1	64a8004c	st1 { v4.4s, v5.4s }, [x3]	advsimd	1:MRA	ok	GPR3,PSTATE.SM,VEC4,VEC5	-	GPR3,VEC4,VEC5	-	agree	-	PSTATE.SM	GPR3,VEC4,VEC5	-	same	-
ST1_asisdlse_R3_3v	st1	6468004c	st1 { v4.4s, v5.4s, v6.4s }, [x3]	advsimd	1:MRA	ok	GPR3,PSTATE.SM,VEC4,VEC5,VEC6	-	GPR3,VEC4,VEC5,VEC6	-	agree	-	PSTATE.SM	GPR3,VEC4,VEC5,VEC6	-	same	-
ST1_asisdlse_R4_4v	st1	6428004c	st1 { v4.4s, v5.4s, v6.4s, v7.4s }, [x3]	advsimd	1:MRA	ok	GPR3,PSTATE.SM,VEC4,VEC5,VEC6,VEC7	-	GPR3,VEC4,VEC5,VEC6,VEC7	-	agree	-	PSTATE.SM	GPR3,VEC4,VEC5,VEC6,VEC7	-	same	-
ST1_asisdlsep_I1_i1	st1	64789f4c	st1 { v4.4s }, [x3], #16	advsimd	1:MRA	ok	GPR3,PSTATE.SM,VEC4	GPR3	GPR3,VEC4	GPR3	agree	-	PSTATE.SM	GPR3,VEC4,ZERO	GPR3	SRC+trc:ZERO	-
ST1_asisdlsep_I2_i2	st1	64a89f4c	st1 { v4.4s, v5.4s }, [x3], #32	advsimd	1:MRA	ok	GPR3,PSTATE.SM,VEC4,VEC5	GPR3	GPR3,VEC4,VEC5	GPR3	agree	-	PSTATE.SM	GPR3,VEC4,VEC5,ZERO	GPR3	SRC+trc:ZERO	-
ST1_asisdlsep_I3_i3	st1	64689f4c	st1 { v4.4s, v5.4s, v6.4s }, [x3], #48	advsimd	1:MRA	ok	GPR3,PSTATE.SM,VEC4,VEC5,VEC6	GPR3	GPR3,VEC4,VEC5,VEC6	GPR3	agree	-	PSTATE.SM	GPR3,VEC4,VEC5,VEC6,ZERO	GPR3	SRC+trc:ZERO	-
ST1_asisdlsep_I4_i4	st1	64289f4c	st1 { v4.4s, v5.4s, v6.4s, v7.4s }, [x3], #64	advsimd	1:MRA	ok	GPR3,PSTATE.SM,VEC4,VEC5,VEC6,VEC7	GPR3	GPR3,VEC4,VEC5,VEC6,VEC7	GPR3	agree	-	PSTATE.SM	GPR3,VEC4,VEC5,VEC6,VEC7,ZERO	GPR3	SRC+trc:ZERO	-
ST1_asisdlsep_R1_r1	st1	857c824c	st1 { v5.2d }, [x4], x2	advsimd	1:MRA	ok	GPR2,GPR4,PSTATE.SM,VEC5	GPR4	GPR2,GPR4,VEC5	GPR4	agree	-	PSTATE.SM	GPR2,GPR4,VEC5	GPR4	same	-
ST1_asisdlsep_R2_r2	st1	85ac824c	st1 { v5.2d, v6.2d }, [x4], x2	advsimd	1:MRA	ok	GPR2,GPR4,PSTATE.SM,VEC5,VEC6	GPR4	GPR2,GPR4,VEC5,VEC6	GPR4	agree	-	PSTATE.SM	GPR2,GPR4,VEC5,VEC6	GPR4	same	-
ST1_asisdlsep_R3_r3	st1	856c824c	st1 { v5.2d, v6.2d, v7.2d }, [x4], x2	advsimd	1:MRA	ok	GPR2,GPR4,PSTATE.SM,VEC5,VEC6,VEC7	GPR4	GPR2,GPR4,VEC5,VEC6,VEC7	GPR4	agree	-	PSTATE.SM	GPR2,GPR4,VEC5,VEC6,VEC7	GPR4	same	-
ST1_asisdlsep_R4_r4	st1	852c824c	st1 { v5.2d, v6.2d, v7.2d, v8.2d }, [x4], x2	advsimd	1:MRA	ok	GPR2,GPR4,PSTATE.SM,VEC5,VEC6,VEC7,VEC8	GPR4	GPR2,GPR4,VEC5,VEC6,VEC7,VEC8	GPR4	agree	-	PSTATE.SM	GPR2,GPR4,VEC5,VEC6,VEC7,VEC8	GPR4	same	-
ST1_asisdlso_B1_1b	st1	850c004d	st1 { v5.b }[11], [x4]	advsimd	1:MRA	ok	GPR4,PSTATE.SM,VEC5	-	GPR4,VEC5	-	agree	-	PSTATE.SM	GPR4,VEC5	-	same	-
ST1_asisdlso_D1_1d	st1	4384004d	st1 { v3.d }[1], [x2]	advsimd	1:MRA	ok	GPR2,PSTATE.SM,VEC3	-	GPR2,VEC3	-	agree	-	PSTATE.SM	GPR2,VEC3	-	same	-
ST1_asisdlso_H1_1h	st1	8548004d	st1 { v5.h }[5], [x4]	advsimd	1:MRA	ok	GPR4,PSTATE.SM,VEC5	-	GPR4,VEC5	-	agree	-	PSTATE.SM	GPR4,VEC5	-	same	-
ST1_asisdlso_S1_1s	st1	6480004d	st1 { v4.s }[2], [x3]	advsimd	1:MRA	ok	GPR3,PSTATE.SM,VEC4	-	GPR3,VEC4	-	agree	-	PSTATE.SM	GPR3,VEC4	-	same	-
ST1_asisdlsop_B1_i1b	st1	850c9f4d	st1 { v5.b }[11], [x4], #1	advsimd	1:MRA	ok	GPR4,PSTATE.SM,VEC5	GPR4	GPR4,VEC5	GPR4	agree	-	PSTATE.SM	GPR4,VEC5,ZERO	GPR4	SRC+trc:ZERO	-
ST1_asisdlsop_BX1_r1b	st1	a610824d	st1 { v6.b }[12], [x5], x2	advsimd	1:MRA	ok	GPR2,GPR5,PSTATE.SM,VEC6	GPR5	GPR2,GPR5,VEC6	GPR5	agree	-	PSTATE.SM	GPR2,GPR5,VEC6	GPR5	same	-
ST1_asisdlsop_D1_i1d	st1	43849f4d	st1 { v3.d }[1], [x2], #8	advsimd	1:MRA	ok	GPR2,PSTATE.SM,VEC3	GPR2	GPR2,VEC3	GPR2	agree	-	PSTATE.SM	GPR2,VEC3,ZERO	GPR2	SRC+trc:ZERO	-
ST1_asisdlsop_DX1_r1d	st1	6484824d	st1 { v4.d }[1], [x3], x2	advsimd	1:MRA	ok	GPR2,GPR3,PSTATE.SM,VEC4	GPR3	GPR2,GPR3,VEC4	GPR3	agree	-	PSTATE.SM	GPR2,GPR3,VEC4	GPR3	same	-
ST1_asisdlsop_H1_i1h	st1	85489f4d	st1 { v5.h }[5], [x4], #2	advsimd	1:MRA	ok	GPR4,PSTATE.SM,VEC5	GPR4	GPR4,VEC5	GPR4	agree	-	PSTATE.SM	GPR4,VEC5,ZERO	GPR4	SRC+trc:ZERO	-
ST1_asisdlsop_HX1_r1h	st1	a650824d	st1 { v6.h }[6], [x5], x2	advsimd	1:MRA	ok	GPR2,GPR5,PSTATE.SM,VEC6	GPR5	GPR2,GPR5,VEC6	GPR5	agree	-	PSTATE.SM	GPR2,GPR5,VEC6	GPR5	same	-
ST1_asisdlsop_S1_i1s	st1	64809f4d	st1 { v4.s }[2], [x3], #4	advsimd	1:MRA	ok	GPR3,PSTATE.SM,VEC4	GPR3	GPR3,VEC4	GPR3	agree	-	PSTATE.SM	GPR3,VEC4,ZERO	GPR3	SRC+trc:ZERO	-
ST1_asisdlsop_SX1_r1s	st1	8590824d	st1 { v5.s }[3], [x4], x2	advsimd	1:MRA	ok	GPR2,GPR4,PSTATE.SM,VEC5	GPR4	GPR2,GPR4,VEC5	GPR4	agree	-	PSTATE.SM	GPR2,GPR4,VEC5	GPR4	same	-
ST2G_64Soffset_ldsttags	st2g	4318a0d9	st2g x3, [x2, #16]	general	1:MRA	ok	GPR2,GPR3,SYS	-	GPR2,GPR3	-	disagree	SRC+ref:SYS	-	GPR2,GPR3	-	SRC+ref:SYS	-
ST2G_64Spost_ldsttags	st2g	4314a0d9	st2g x3, [x2], #16	general	1:MRA	ok	GPR2,GPR3,SYS	GPR2	GPR2,GPR3	GPR2	disagree	SRC+ref:SYS	-	GPR2,GPR3	GPR2	SRC+ref:SYS	-
ST2G_64Spre_ldsttags	st2g	431ca0d9	st2g x3, [x2, #16]!	general	1:MRA	ok	GPR2,GPR3,SYS	GPR2	GPR2,GPR3	GPR2	disagree	SRC+ref:SYS	-	GPR2,GPR3	GPR2	SRC+ref:SYS	-
ST2_asisdlse_R2	st2	6488004c	st2 { v4.4s, v5.4s }, [x3]	advsimd	1:MRA	ok	GPR3,PSTATE.SM,VEC4,VEC5	-	GPR3,VEC4,VEC5	-	agree	-	PSTATE.SM	GPR3,VEC4,VEC5	-	same	-
ST2_asisdlsep_I2_i	st2	64889f4c	st2 { v4.4s, v5.4s }, [x3], #32	advsimd	1:MRA	ok	GPR3,PSTATE.SM,VEC4,VEC5	GPR3	GPR3,VEC4,VEC5	GPR3	agree	-	PSTATE.SM	GPR3,VEC4,VEC5,ZERO	GPR3	SRC+trc:ZERO	-
ST2_asisdlsep_R2_r	st2	858c824c	st2 { v5.2d, v6.2d }, [x4], x2	advsimd	1:MRA	ok	GPR2,GPR4,PSTATE.SM,VEC5,VEC6	GPR4	GPR2,GPR4,VEC5,VEC6	GPR4	agree	-	PSTATE.SM	GPR2,GPR4,VEC5,VEC6	GPR4	same	-
ST2_asisdlso_B2_2b	st2	850c204d	st2 { v5.b, v6.b }[11], [x4]	advsimd	1:MRA	ok	GPR4,PSTATE.SM,VEC5,VEC6	-	GPR4,VEC5,VEC6	-	agree	-	PSTATE.SM	GPR4,VEC5,VEC6	-	same	-
ST2_asisdlso_D2_2d	st2	4384204d	st2 { v3.d, v4.d }[1], [x2]	advsimd	1:MRA	ok	GPR2,PSTATE.SM,VEC3,VEC4	-	GPR2,VEC3,VEC4	-	agree	-	PSTATE.SM	GPR2,VEC3,VEC4	-	same	-
ST2_asisdlso_H2_2h	st2	8548204d	st2 { v5.h, v6.h }[5], [x4]	advsimd	1:MRA	ok	GPR4,PSTATE.SM,VEC5,VEC6	-	GPR4,VEC5,VEC6	-	agree	-	PSTATE.SM	GPR4,VEC5,VEC6	-	same	-
ST2_asisdlso_S2_2s	st2	6480204d	st2 { v4.s, v5.s }[2], [x3]	advsimd	1:MRA	ok	GPR3,PSTATE.SM,VEC4,VEC5	-	GPR3,VEC4,VEC5	-	agree	-	PSTATE.SM	GPR3,VEC4,VEC5	-	same	-
ST2_asisdlsop_B2_i2b	st2	850cbf4d	st2 { v5.b, v6.b }[11], [x4], #2	advsimd	1:MRA	ok	GPR4,PSTATE.SM,VEC5,VEC6	GPR4	GPR4,VEC5,VEC6	GPR4	agree	-	PSTATE.SM	GPR4,VEC5,VEC6,ZERO	GPR4	SRC+trc:ZERO	-
ST2_asisdlsop_BX2_r2b	st2	a610a24d	st2 { v6.b, v7.b }[12], [x5], x2	advsimd	1:MRA	ok	GPR2,GPR5,PSTATE.SM,VEC6,VEC7	GPR5	GPR2,GPR5,VEC6,VEC7	GPR5	agree	-	PSTATE.SM	GPR2,GPR5,VEC6,VEC7	GPR5	same	-
ST2_asisdlsop_D2_i2d	st2	4384bf4d	st2 { v3.d, v4.d }[1], [x2], #16	advsimd	1:MRA	ok	GPR2,PSTATE.SM,VEC3,VEC4	GPR2	GPR2,VEC3,VEC4	GPR2	agree	-	PSTATE.SM	GPR2,VEC3,VEC4,ZERO	GPR2	SRC+trc:ZERO	-
ST2_asisdlsop_DX2_r2d	st2	6484a24d	st2 { v4.d, v5.d }[1], [x3], x2	advsimd	1:MRA	ok	GPR2,GPR3,PSTATE.SM,VEC4,VEC5	GPR3	GPR2,GPR3,VEC4,VEC5	GPR3	agree	-	PSTATE.SM	GPR2,GPR3,VEC4,VEC5	GPR3	same	-
ST2_asisdlsop_H2_i2h	st2	8548bf4d	st2 { v5.h, v6.h }[5], [x4], #4	advsimd	1:MRA	ok	GPR4,PSTATE.SM,VEC5,VEC6	GPR4	GPR4,VEC5,VEC6	GPR4	agree	-	PSTATE.SM	GPR4,VEC5,VEC6,ZERO	GPR4	SRC+trc:ZERO	-
ST2_asisdlsop_HX2_r2h	st2	a650a24d	st2 { v6.h, v7.h }[6], [x5], x2	advsimd	1:MRA	ok	GPR2,GPR5,PSTATE.SM,VEC6,VEC7	GPR5	GPR2,GPR5,VEC6,VEC7	GPR5	agree	-	PSTATE.SM	GPR2,GPR5,VEC6,VEC7	GPR5	same	-
ST2_asisdlsop_S2_i2s	st2	6480bf4d	st2 { v4.s, v5.s }[2], [x3], #8	advsimd	1:MRA	ok	GPR3,PSTATE.SM,VEC4,VEC5	GPR3	GPR3,VEC4,VEC5	GPR3	agree	-	PSTATE.SM	GPR3,VEC4,VEC5,ZERO	GPR3	SRC+trc:ZERO	-
ST2_asisdlsop_SX2_r2s	st2	8590a24d	st2 { v5.s, v6.s }[3], [x4], x2	advsimd	1:MRA	ok	GPR2,GPR4,PSTATE.SM,VEC5,VEC6	GPR4	GPR2,GPR4,VEC5,VEC6	GPR4	agree	-	PSTATE.SM	GPR2,GPR4,VEC5,VEC6	GPR4	same	-
ST3_asisdlse_R3	st3	6448004c	st3 { v4.4s, v5.4s, v6.4s }, [x3]	advsimd	1:MRA	ok	GPR3,PSTATE.SM,VEC4,VEC5,VEC6	-	GPR3,VEC4,VEC5,VEC6	-	agree	-	PSTATE.SM	GPR3,VEC4,VEC5,VEC6	-	same	-
ST3_asisdlsep_I3_i	st3	64489f4c	st3 { v4.4s, v5.4s, v6.4s }, [x3], #48	advsimd	1:MRA	ok	GPR3,PSTATE.SM,VEC4,VEC5,VEC6	GPR3	GPR3,VEC4,VEC5,VEC6	GPR3	agree	-	PSTATE.SM	GPR3,VEC4,VEC5,VEC6,ZERO	GPR3	SRC+trc:ZERO	-
ST3_asisdlsep_R3_r	st3	854c824c	st3 { v5.2d, v6.2d, v7.2d }, [x4], x2	advsimd	1:MRA	ok	GPR2,GPR4,PSTATE.SM,VEC5,VEC6,VEC7	GPR4	GPR2,GPR4,VEC5,VEC6,VEC7	GPR4	agree	-	PSTATE.SM	GPR2,GPR4,VEC5,VEC6,VEC7	GPR4	same	-
ST3_asisdlso_B3_3b	st3	852c004d	st3 { v5.b, v6.b, v7.b }[11], [x4]	advsimd	1:MRA	ok	GPR4,PSTATE.SM,VEC5,VEC6,VEC7	-	GPR4,VEC5,VEC6,VEC7	-	agree	-	PSTATE.SM	GPR4,VEC5,VEC6,VEC7	-	same	-
ST3_asisdlso_D3_3d	st3	43a4004d	st3 { v3.d, v4.d, v5.d }[1], [x2]	advsimd	1:MRA	ok	GPR2,PSTATE.SM,VEC3,VEC4,VEC5	-	GPR2,VEC3,VEC4,VEC5	-	agree	-	PSTATE.SM	GPR2,VEC3,VEC4,VEC5	-	same	-
ST3_asisdlso_H3_3h	st3	8568004d	st3 { v5.h, v6.h, v7.h }[5], [x4]	advsimd	1:MRA	ok	GPR4,PSTATE.SM,VEC5,VEC6,VEC7	-	GPR4,VEC5,VEC6,VEC7	-	agree	-	PSTATE.SM	GPR4,VEC5,VEC6,VEC7	-	same	-
ST3_asisdlso_S3_3s	st3	64a0004d	st3 { v4.s, v5.s, v6.s }[2], [x3]	advsimd	1:MRA	ok	GPR3,PSTATE.SM,VEC4,VEC5,VEC6	-	GPR3,VEC4,VEC5,VEC6	-	agree	-	PSTATE.SM	GPR3,VEC4,VEC5,VEC6	-	same	-
ST3_asisdlsop_B3_i3b	st3	852c9f4d	st3 { v5.b, v6.b, v7.b }[11], [x4], #3	advsimd	1:MRA	ok	GPR4,PSTATE.SM,VEC5,VEC6,VEC7	GPR4	GPR4,VEC5,VEC6,VEC7	GPR4	agree	-	PSTATE.SM	GPR4,VEC5,VEC6,VEC7,ZERO	GPR4	SRC+trc:ZERO	-
ST3_asisdlsop_BX3_r3b	st3	a630824d	st3 { v6.b, v7.b, v8.b }[12], [x5], x2	advsimd	1:MRA	ok	GPR2,GPR5,PSTATE.SM,VEC6,VEC7,VEC8	GPR5	GPR2,GPR5,VEC6,VEC7,VEC8	GPR5	agree	-	PSTATE.SM	GPR2,GPR5,VEC6,VEC7,VEC8	GPR5	same	-
ST3_asisdlsop_D3_i3d	st3	43a49f4d	st3 { v3.d, v4.d, v5.d }[1], [x2], #24	advsimd	1:MRA	ok	GPR2,PSTATE.SM,VEC3,VEC4,VEC5	GPR2	GPR2,VEC3,VEC4,VEC5	GPR2	agree	-	PSTATE.SM	GPR2,VEC3,VEC4,VEC5,ZERO	GPR2	SRC+trc:ZERO	-
ST3_asisdlsop_DX3_r3d	st3	64a4824d	st3 { v4.d, v5.d, v6.d }[1], [x3], x2	advsimd	1:MRA	ok	GPR2,GPR3,PSTATE.SM,VEC4,VEC5,VEC6	GPR3	GPR2,GPR3,VEC4,VEC5,VEC6	GPR3	agree	-	PSTATE.SM	GPR2,GPR3,VEC4,VEC5,VEC6	GPR3	same	-
ST3_asisdlsop_H3_i3h	st3	85689f4d	st3 { v5.h, v6.h, v7.h }[5], [x4], #6	advsimd	1:MRA	ok	GPR4,PSTATE.SM,VEC5,VEC6,VEC7	GPR4	GPR4,VEC5,VEC6,VEC7	GPR4	agree	-	PSTATE.SM	GPR4,VEC5,VEC6,VEC7,ZERO	GPR4	SRC+trc:ZERO	-
ST3_asisdlsop_HX3_r3h	st3	a670824d	st3 { v6.h, v7.h, v8.h }[6], [x5], x2	advsimd	1:MRA	ok	GPR2,GPR5,PSTATE.SM,VEC6,VEC7,VEC8	GPR5	GPR2,GPR5,VEC6,VEC7,VEC8	GPR5	agree	-	PSTATE.SM	GPR2,GPR5,VEC6,VEC7,VEC8	GPR5	same	-
ST3_asisdlsop_S3_i3s	st3	64a09f4d	st3 { v4.s, v5.s, v6.s }[2], [x3], #12	advsimd	1:MRA	ok	GPR3,PSTATE.SM,VEC4,VEC5,VEC6	GPR3	GPR3,VEC4,VEC5,VEC6	GPR3	agree	-	PSTATE.SM	GPR3,VEC4,VEC5,VEC6,ZERO	GPR3	SRC+trc:ZERO	-
ST3_asisdlsop_SX3_r3s	st3	85b0824d	st3 { v5.s, v6.s, v7.s }[3], [x4], x2	advsimd	1:MRA	ok	GPR2,GPR4,PSTATE.SM,VEC5,VEC6,VEC7	GPR4	GPR2,GPR4,VEC5,VEC6,VEC7	GPR4	agree	-	PSTATE.SM	GPR2,GPR4,VEC5,VEC6,VEC7	GPR4	same	-
ST4_asisdlse_R4	st4	6408004c	st4 { v4.4s, v5.4s, v6.4s, v7.4s }, [x3]	advsimd	1:MRA	ok	GPR3,PSTATE.SM,VEC4,VEC5,VEC6,VEC7	-	GPR3,VEC4,VEC5,VEC6,VEC7	-	agree	-	PSTATE.SM	GPR3,VEC4,VEC5,VEC6,VEC7	-	same	-
ST4_asisdlsep_I4_i	st4	64089f4c	st4 { v4.4s, v5.4s, v6.4s, v7.4s }, [x3], #64	advsimd	1:MRA	ok	GPR3,PSTATE.SM,VEC4,VEC5,VEC6,VEC7	GPR3	GPR3,VEC4,VEC5,VEC6,VEC7	GPR3	agree	-	PSTATE.SM	GPR3,VEC4,VEC5,VEC6,VEC7,ZERO	GPR3	SRC+trc:ZERO	-
ST4_asisdlsep_R4_r	st4	850c824c	st4 { v5.2d, v6.2d, v7.2d, v8.2d }, [x4], x2	advsimd	1:MRA	ok	GPR2,GPR4,PSTATE.SM,VEC5,VEC6,VEC7,VEC8	GPR4	GPR2,GPR4,VEC5,VEC6,VEC7,VEC8	GPR4	agree	-	PSTATE.SM	GPR2,GPR4,VEC5,VEC6,VEC7,VEC8	GPR4	same	-
ST4_asisdlso_B4_4b	st4	852c204d	st4 { v5.b, v6.b, v7.b, v8.b }[11], [x4]	advsimd	1:MRA	ok	GPR4,PSTATE.SM,VEC5,VEC6,VEC7,VEC8	-	GPR4,VEC5,VEC6,VEC7,VEC8	-	agree	-	PSTATE.SM	GPR4,VEC5,VEC6,VEC7,VEC8	-	same	-
ST4_asisdlso_D4_4d	st4	43a4204d	st4 { v3.d, v4.d, v5.d, v6.d }[1], [x2]	advsimd	1:MRA	ok	GPR2,PSTATE.SM,VEC3,VEC4,VEC5,VEC6	-	GPR2,VEC3,VEC4,VEC5,VEC6	-	agree	-	PSTATE.SM	GPR2,VEC3,VEC4,VEC5,VEC6	-	same	-
ST4_asisdlso_H4_4h	st4	8568204d	st4 { v5.h, v6.h, v7.h, v8.h }[5], [x4]	advsimd	1:MRA	ok	GPR4,PSTATE.SM,VEC5,VEC6,VEC7,VEC8	-	GPR4,VEC5,VEC6,VEC7,VEC8	-	agree	-	PSTATE.SM	GPR4,VEC5,VEC6,VEC7,VEC8	-	same	-
ST4_asisdlso_S4_4s	st4	64a0204d	st4 { v4.s, v5.s, v6.s, v7.s }[2], [x3]	advsimd	1:MRA	ok	GPR3,PSTATE.SM,VEC4,VEC5,VEC6,VEC7	-	GPR3,VEC4,VEC5,VEC6,VEC7	-	agree	-	PSTATE.SM	GPR3,VEC4,VEC5,VEC6,VEC7	-	same	-
ST4_asisdlsop_B4_i4b	st4	852cbf4d	st4 { v5.b, v6.b, v7.b, v8.b }[11], [x4], #4	advsimd	1:MRA	ok	GPR4,PSTATE.SM,VEC5,VEC6,VEC7,VEC8	GPR4	GPR4,VEC5,VEC6,VEC7,VEC8	GPR4	agree	-	PSTATE.SM	GPR4,VEC5,VEC6,VEC7,VEC8,ZERO	GPR4	SRC+trc:ZERO	-
ST4_asisdlsop_BX4_r4b	st4	a630a24d	st4 { v6.b, v7.b, v8.b, v9.b }[12], [x5], x2	advsimd	1:MRA	ok	GPR2,GPR5,PSTATE.SM,VEC6,VEC7,VEC8,VEC9	GPR5	GPR2,GPR5,VEC6,VEC7,VEC8,VEC9	GPR5	agree	-	PSTATE.SM	GPR2,GPR5,VEC6,VEC7,VEC8,VEC9	GPR5	same	-
ST4_asisdlsop_D4_i4d	st4	43a4bf4d	st4 { v3.d, v4.d, v5.d, v6.d }[1], [x2], #32	advsimd	1:MRA	ok	GPR2,PSTATE.SM,VEC3,VEC4,VEC5,VEC6	GPR2	GPR2,VEC3,VEC4,VEC5,VEC6	GPR2	agree	-	PSTATE.SM	GPR2,VEC3,VEC4,VEC5,VEC6,ZERO	GPR2	SRC+trc:ZERO	-
ST4_asisdlsop_DX4_r4d	st4	64a4a24d	st4 { v4.d, v5.d, v6.d, v7.d }[1], [x3], x2	advsimd	1:MRA	ok	GPR2,GPR3,PSTATE.SM,VEC4,VEC5,VEC6,VEC7	GPR3	GPR2,GPR3,VEC4,VEC5,VEC6,VEC7	GPR3	agree	-	PSTATE.SM	GPR2,GPR3,VEC4,VEC5,VEC6,VEC7	GPR3	same	-
ST4_asisdlsop_H4_i4h	st4	8568bf4d	st4 { v5.h, v6.h, v7.h, v8.h }[5], [x4], #8	advsimd	1:MRA	ok	GPR4,PSTATE.SM,VEC5,VEC6,VEC7,VEC8	GPR4	GPR4,VEC5,VEC6,VEC7,VEC8	GPR4	agree	-	PSTATE.SM	GPR4,VEC5,VEC6,VEC7,VEC8,ZERO	GPR4	SRC+trc:ZERO	-
ST4_asisdlsop_HX4_r4h	st4	a670a24d	st4 { v6.h, v7.h, v8.h, v9.h }[6], [x5], x2	advsimd	1:MRA	ok	GPR2,GPR5,PSTATE.SM,VEC6,VEC7,VEC8,VEC9	GPR5	GPR2,GPR5,VEC6,VEC7,VEC8,VEC9	GPR5	agree	-	PSTATE.SM	GPR2,GPR5,VEC6,VEC7,VEC8,VEC9	GPR5	same	-
ST4_asisdlsop_S4_i4s	st4	64a0bf4d	st4 { v4.s, v5.s, v6.s, v7.s }[2], [x3], #16	advsimd	1:MRA	ok	GPR3,PSTATE.SM,VEC4,VEC5,VEC6,VEC7	GPR3	GPR3,VEC4,VEC5,VEC6,VEC7	GPR3	agree	-	PSTATE.SM	GPR3,VEC4,VEC5,VEC6,VEC7,ZERO	GPR3	SRC+trc:ZERO	-
ST4_asisdlsop_SX4_r4s	st4	85b0a24d	st4 { v5.s, v6.s, v7.s, v8.s }[3], [x4], x2	advsimd	1:MRA	ok	GPR2,GPR4,PSTATE.SM,VEC5,VEC6,VEC7,VEC8	GPR4	GPR2,GPR4,VEC5,VEC6,VEC7,VEC8	GPR4	agree	-	PSTATE.SM	GPR2,GPR4,VEC5,VEC6,VEC7,VEC8	GPR4	same	-
ST64BV0_64_memop	st64bv0	e2a123f8	st64bv0 x3, x2, [x15]	general	1:MRA	ok	GPR15,GPR2,GPR3,GPR4,GPR5,GPR6,GPR7,GPR8,GPR9,PSTATE.EL,SYS	GPR3	GPR15,GPR2	GPR3	disagree	SRC+ref:GPR# SRC+ref:GPR# SRC+ref:GPR# SRC+ref:GPR# SRC+ref:GPR# SRC+ref:GPR# SRC+ref:GPR# SRC+ref:SYS	PSTATE.EL	GPR15,GPR2,GPR3,GPR4,GPR5,GPR6,GPR7,GPR8,GPR9	GPR3	SRC+ref:SYS	-
ST64BV_64_memop	st64bv	eab129f8	st64bv x9, x10, [x15]	general	1:MRA	ok	GPR10,GPR11,GPR12,GPR13,GPR14,GPR15,GPR16,GPR17,PSTATE.EL,SYS	GPR9	GPR10,GPR15	GPR9	disagree	SRC+ref:GPR# SRC+ref:GPR# SRC+ref:GPR# SRC+ref:GPR# SRC+ref:GPR# SRC+ref:GPR# SRC+ref:SYS	PSTATE.EL	GPR10,GPR11,GPR12,GPR13,GPR14,GPR15,GPR16,GPR17	GPR9	SRC+ref:SYS	-
ST64B_64L_memop	st64b	22903ff8	st64b x2, [x1]	general	1:MRA	ok	GPR1,GPR2,GPR3,GPR4,GPR5,GPR6,GPR7,GPR8,GPR9,PSTATE.EL,SYS	-	GPR1,GPR2	-	disagree	SRC+ref:GPR# SRC+ref:GPR# SRC+ref:GPR# SRC+ref:GPR# SRC+ref:GPR# SRC+ref:GPR# SRC+ref:GPR# SRC+ref:SYS	PSTATE.EL	GPR1,GPR2,GPR3,GPR4,GPR5,GPR6,GPR7,GPR8,GPR9	-	SRC+ref:SYS	-
STADDB_LDADDB_32_memop	staddb	5f002138	staddb w1, [x2]	general	1:MRA	ok	GPR1,GPR2	-	GPR1,GPR2	-	agree	-	-	GPR1,GPR2	ZERO	DST+trc:ZERO	-
STADDH_LDADDH_32_memop	staddh	5f002178	staddh w1, [x2]	general	1:MRA	ok	GPR1,GPR2	-	GPR1,GPR2	-	agree	-	-	GPR1,GPR2	ZERO	DST+trc:ZERO	-
STADDLB_LDADDLB_32_memop	staddlb	5f006138	staddlb w1, [x2]	general	1:MRA	ok	GPR1,GPR2	-	GPR1,GPR2	-	agree	-	-	GPR1,GPR2	ZERO	DST+trc:ZERO	-
STADDLH_LDADDLH_32_memop	staddlh	5f006178	staddlh w1, [x2]	general	1:MRA	ok	GPR1,GPR2	-	GPR1,GPR2	-	agree	-	-	GPR1,GPR2	ZERO	DST+trc:ZERO	-
STADDL_LDADDL_32_memop	staddl	5f0061b8	staddl w1, [x2]	general	1:MRA	ok	GPR1,GPR2	-	GPR1,GPR2	-	agree	-	-	GPR1,GPR2	ZERO	DST+trc:ZERO	-
STADDL_LDADDL_64_memop	staddl	5f0061f8	staddl x1, [x2]	general	1:MRA	ok	GPR1,GPR2	-	GPR1,GPR2	-	agree	-	-	GPR1,GPR2	ZERO	DST+trc:ZERO	-
STADD_LDADD_32_memop	stadd	5f0021b8	stadd w1, [x2]	general	1:MRA	ok	GPR1,GPR2	-	GPR1,GPR2	-	agree	-	-	GPR1,GPR2	ZERO	DST+trc:ZERO	-
STADD_LDADD_64_memop	stadd	5f0021f8	stadd x1, [x2]	general	1:MRA	ok	GPR1,GPR2	-	GPR1,GPR2	-	agree	-	-	GPR1,GPR2	ZERO	DST+trc:ZERO	-
STCLRB_LDCLRB_32_memop	stclrb	5f102138	stclrb w1, [x2]	general	1:MRA	ok	GPR1,GPR2	-	GPR1,GPR2	-	agree	-	-	GPR1,GPR2	ZERO	DST+trc:ZERO	-
STCLRH_LDCLRH_32_memop	stclrh	5f102178	stclrh w1, [x2]	general	1:MRA	ok	GPR1,GPR2	-	GPR1,GPR2	-	agree	-	-	GPR1,GPR2	ZERO	DST+trc:ZERO	-
STCLRLB_LDCLRLB_32_memop	stclrlb	5f106138	stclrlb w1, [x2]	general	1:MRA	ok	GPR1,GPR2	-	GPR1,GPR2	-	agree	-	-	GPR1,GPR2	ZERO	DST+trc:ZERO	-
STCLRLH_LDCLRLH_32_memop	stclrlh	5f106178	stclrlh w1, [x2]	general	1:MRA	ok	GPR1,GPR2	-	GPR1,GPR2	-	agree	-	-	GPR1,GPR2	ZERO	DST+trc:ZERO	-
STCLRL_LDCLRL_32_memop	stclrl	5f1061b8	stclrl w1, [x2]	general	1:MRA	ok	GPR1,GPR2	-	GPR1,GPR2	-	agree	-	-	GPR1,GPR2	ZERO	DST+trc:ZERO	-
STCLRL_LDCLRL_64_memop	stclrl	5f1061f8	stclrl x1, [x2]	general	1:MRA	ok	GPR1,GPR2	-	GPR1,GPR2	-	agree	-	-	GPR1,GPR2	ZERO	DST+trc:ZERO	-
STCLR_LDCLR_32_memop	stclr	5f1021b8	stclr w1, [x2]	general	1:MRA	ok	GPR1,GPR2	-	GPR1,GPR2	-	agree	-	-	GPR1,GPR2	ZERO	DST+trc:ZERO	-
STCLR_LDCLR_64_memop	stclr	5f1021f8	stclr x1, [x2]	general	1:MRA	ok	GPR1,GPR2	-	GPR1,GPR2	-	agree	-	-	GPR1,GPR2	ZERO	DST+trc:ZERO	-
STEORB_LDEORB_32_memop	steorb	5f202138	steorb w1, [x2]	general	1:MRA	ok	GPR1,GPR2	-	GPR1,GPR2	-	agree	-	-	GPR1,GPR2	ZERO	DST+trc:ZERO	-
STEORH_LDEORH_32_memop	steorh	5f202178	steorh w1, [x2]	general	1:MRA	ok	GPR1,GPR2	-	GPR1,GPR2	-	agree	-	-	GPR1,GPR2	ZERO	DST+trc:ZERO	-
STEORLB_LDEORLB_32_memop	steorlb	5f206138	steorlb w1, [x2]	general	1:MRA	ok	GPR1,GPR2	-	GPR1,GPR2	-	agree	-	-	GPR1,GPR2	ZERO	DST+trc:ZERO	-
STEORLH_LDEORLH_32_memop	steorlh	5f206178	steorlh w1, [x2]	general	1:MRA	ok	GPR1,GPR2	-	GPR1,GPR2	-	agree	-	-	GPR1,GPR2	ZERO	DST+trc:ZERO	-
STEORL_LDEORL_32_memop	steorl	5f2061b8	steorl w1, [x2]	general	1:MRA	ok	GPR1,GPR2	-	GPR1,GPR2	-	agree	-	-	GPR1,GPR2	ZERO	DST+trc:ZERO	-
STEORL_LDEORL_64_memop	steorl	5f2061f8	steorl x1, [x2]	general	1:MRA	ok	GPR1,GPR2	-	GPR1,GPR2	-	agree	-	-	GPR1,GPR2	ZERO	DST+trc:ZERO	-
STEOR_LDEOR_32_memop	steor	5f2021b8	steor w1, [x2]	general	1:MRA	ok	GPR1,GPR2	-	GPR1,GPR2	-	agree	-	-	GPR1,GPR2	ZERO	DST+trc:ZERO	-
STEOR_LDEOR_64_memop	steor	5f2021f8	steor x1, [x2]	general	1:MRA	ok	GPR1,GPR2	-	GPR1,GPR2	-	agree	-	-	GPR1,GPR2	ZERO	DST+trc:ZERO	-
STGM_64bulk_ldsttags	stgm	2200a0d9	stgm x2, [x1]	general	1:MRA	ok	GPR1,GPR2,PSTATE.EL,SYS	-	GPR1,GPR2	-	disagree	SRC+ref:SYS	PSTATE.EL	GPR1,GPR2	-	SRC+ref:SYS	unbounded-loop
STGP_64_ldstpair_off	stgp	64880069	stgp x4, x2, [x3, #16]	general	1:MRA	ok	GPR2,GPR3,GPR4,SYS	-	GPR2,GPR3,GPR4	-	disagree	SRC+ref:SYS	-	GPR2,GPR3,GPR4	-	SRC+ref:SYS	-
STGP_64_ldstpair_post	stgp	64888068	stgp x4, x2, [x3], #16	general	1:MRA	ok	GPR2,GPR3,GPR4,SYS	GPR3	GPR2,GPR3,GPR4	GPR3	disagree	SRC+ref:SYS	-	GPR2,GPR3,GPR4	GPR3	SRC+ref:SYS	-
STGP_64_ldstpair_pre	stgp	64888069	stgp x4, x2, [x3, #16]!	general	1:MRA	ok	GPR2,GPR3,GPR4,SYS	GPR3	GPR2,GPR3,GPR4	GPR3	disagree	SRC+ref:SYS	-	GPR2,GPR3,GPR4	GPR3	SRC+ref:SYS	-
STG_64Soffset_ldsttags	stg	431820d9	stg x3, [x2, #16]	general	1:MRA	ok	GPR2,GPR3,SYS	-	GPR2,GPR3	-	disagree	SRC+ref:SYS	-	GPR2,GPR3	-	SRC+ref:SYS	-
STG_64Spost_ldsttags	stg	431420d9	stg x3, [x2], #16	general	1:MRA	ok	GPR2,GPR3,SYS	GPR2	GPR2,GPR3	GPR2	disagree	SRC+ref:SYS	-	GPR2,GPR3	GPR2	SRC+ref:SYS	-
STG_64Spre_ldsttags	stg	431c20d9	stg x3, [x2, #16]!	general	1:MRA	ok	GPR2,GPR3,SYS	GPR2	GPR2,GPR3	GPR2	disagree	SRC+ref:SYS	-	GPR2,GPR3	GPR2	SRC+ref:SYS	-
STILP_32SE_ldiappstilp	stilp	43080199	stilp w3, w1, [x2, #-8]!	general	1:MRA	ok	GPR1,GPR2,GPR3	GPR2	GPR1,GPR2,GPR3	GPR2	agree	-	-	GPR1,GPR2,GPR3	GPR2	same	-
STILP_32S_ldiappstilp	stilp	43180199	stilp w3, w1, [x2]	general	1:MRA	ok	GPR1,GPR2,GPR3	-	GPR1,GPR2,GPR3	-	agree	-	-	GPR1,GPR2,GPR3	-	same	-
STILP_64SS_ldiappstilp	stilp	430801d9	stilp x3, x1, [x2, #-16]!	general	1:MRA	ok	GPR1,GPR2,GPR3	GPR2	GPR1,GPR2,GPR3	GPR2	agree	-	-	GPR1,GPR2,GPR3	GPR2	same	-
STILP_64S_ldiappstilp	stilp	431801d9	stilp x3, x1, [x2]	general	1:MRA	ok	GPR1,GPR2,GPR3	-	GPR1,GPR2,GPR3	-	agree	-	-	GPR1,GPR2,GPR3	-	same	-
STL1_asisdlso_D1	stl1	4384014d	stl1 { v3.d }[1], [x2]	advsimd	1:MRA	ok	GPR2,PSTATE.SM,VEC3	-	GPR2,VEC3	-	agree	-	PSTATE.SM	GPR2,VEC3	-	same	-
STLLRB_SL32_ldstord	stllrb	227c9f08	stllrb w2, [x1]	general	1:MRA	ok	GPR1,GPR2	-	GPR1,GPR2	-	agree	-	-	GPR1,GPR2	-	same	-
STLLRH_SL32_ldstord	stllrh	227c9f48	stllrh w2, [x1]	general	1:MRA	ok	GPR1,GPR2	-	GPR1,GPR2	-	agree	-	-	GPR1,GPR2	-	same	-
STLLR_SL32_ldstord	stllr	227c9f88	stllr w2, [x1]	general	1:MRA	ok	GPR1,GPR2	-	GPR1,GPR2	-	agree	-	-	GPR1,GPR2	-	same	-
STLLR_SL64_ldstord	stllr	227c9fc8	stllr x2, [x1]	general	1:MRA	ok	GPR1,GPR2	-	GPR1,GPR2	-	agree	-	-	GPR1,GPR2	-	same	-
STLRB_SL32_ldstord	stlrb	22fc9f08	stlrb w2, [x1]	general	1:MRA	ok	GPR1,GPR2	-	GPR1,GPR2	-	agree	-	-	GPR1,GPR2	-	same	-
STLRH_SL32_ldstord	stlrh	22fc9f48	stlrh w2, [x1]	general	1:MRA	ok	GPR1,GPR2	-	GPR1,GPR2	-	agree	-	-	GPR1,GPR2	-	same	-
STLR_32S_ldapstl_writeback	stlr	22088099	stlr w2, [x1, #-4]!	general	1:MRA	ok	GPR1,GPR2	GPR1	GPR1,GPR2	GPR1	agree	-	-	GPR1,GPR2	GPR1	same	-
STLR_64S_ldapstl_writeback	stlr	220880d9	stlr x2, [x1, #-8]!	general	1:MRA	ok	GPR1,GPR2	GPR1	GPR1,GPR2	GPR1	agree	-	-	GPR1,GPR2	GPR1	same	-
STLR_SL32_ldstord	stlr	22fc9f88	stlr w2, [x1]	general	1:MRA	ok	GPR1,GPR2	-	GPR1,GPR2	-	agree	-	-	GPR1,GPR2	-	same	-
STLR_SL64_ldstord	stlr	22fc9fc8	stlr x2, [x1]	general	1:MRA	ok	GPR1,GPR2	-	GPR1,GPR2	-	agree	-	-	GPR1,GPR2	-	same	-
STLURB_32_ldapstl_unscaled	stlurb	43100019	stlurb w3, [x2, #1]	general	1:MRA	ok	GPR2,GPR3	-	GPR2,GPR3	-	agree	-	-	GPR2,GPR3	-	same	-
STLURH_32_ldapstl_unscaled	stlurh	43100059	stlurh w3, [x2, #1]	general	1:MRA	ok	GPR2,GPR3	-	GPR2,GPR3	-	agree	-	-	GPR2,GPR3	-	same	-
STLUR_32_ldapstl_unscaled	stlur	43100099	stlur w3, [x2, #1]	general	1:MRA	ok	GPR2,GPR3	-	GPR2,GPR3	-	agree	-	-	GPR2,GPR3	-	same	-
STLUR_64_ldapstl_unscaled	stlur	431000d9	stlur x3, [x2, #1]	general	1:MRA	ok	GPR2,GPR3	-	GPR2,GPR3	-	agree	-	-	GPR2,GPR3	-	same	-
STLUR_B_ldapstl_simd	stlur	4318001d	stlur b3, [x2, #1]	fpsimd	1:MRA	ok	GPR2,PSTATE.SM,VEC3	-	GPR2,VEC3	-	agree	-	PSTATE.SM	GPR2,VEC3	-	same	-
STLUR_D_ldapstl_simd	stlur	431800dd	stlur d3, [x2, #1]	fpsimd	1:MRA	ok	GPR2,PSTATE.SM,VEC3	-	GPR2,VEC3	-	agree	-	PSTATE.SM	GPR2,VEC3	-	same	-
STLUR_H_ldapstl_simd	stlur	4318005d	stlur h3, [x2, #1]	fpsimd	1:MRA	ok	GPR2,PSTATE.SM,VEC3	-	GPR2,VEC3	-	agree	-	PSTATE.SM	GPR2,VEC3	-	same	-
STLUR_Q_ldapstl_simd	stlur	4318801d	stlur q3, [x2, #1]	fpsimd	1:MRA	ok	GPR2,PSTATE.SM,VEC3	-	GPR2,VEC3	-	agree	-	PSTATE.SM	GPR2,VEC3	-	same	-
STLUR_S_ldapstl_simd	stlur	4318009d	stlur s3, [x2, #1]	fpsimd	1:MRA	ok	GPR2,PSTATE.SM,VEC3	-	GPR2,VEC3	-	agree	-	PSTATE.SM	GPR2,VEC3	-	same	-
STLXP_SP32_ldstexclp	stlxp	64882188	stlxp w1, w4, w2, [x3]	general	1:MRA	ok	GPR2,GPR3,GPR4	GPR1	GPR2,GPR3,GPR4	GPR1	agree	-	-	GPR2,GPR3,GPR4	GPR1	same	-
STLXP_SP64_ldstexclp	stlxp	648821c8	stlxp w1, x4, x2, [x3]	general	1:MRA	ok	GPR2,GPR3,GPR4	GPR1	GPR2,GPR3,GPR4	GPR1	agree	-	-	GPR2,GPR3,GPR4	GPR1	same	-
STLXRB_SR32_ldstexclr	stlxrb	43fc0108	stlxrb w1, w3, [x2]	general	1:MRA	ok	GPR2,GPR3	GPR1	GPR2,GPR3	GPR1	agree	-	-	GPR2,GPR3	GPR1	same	-
STLXRH_SR32_ldstexclr	stlxrh	43fc0148	stlxrh w1, w3, [x2]	general	1:MRA	ok	GPR2,GPR3	GPR1	GPR2,GPR3	GPR1	agree	-	-	GPR2,GPR3	GPR1	same	-
STLXR_SR32_ldstexclr	stlxr	43fc0188	stlxr w1, w3, [x2]	general	1:MRA	ok	GPR2,GPR3	GPR1	GPR2,GPR3	GPR1	agree	-	-	GPR2,GPR3	GPR1	same	-
STLXR_SR64_ldstexclr	stlxr	43fc01c8	stlxr w1, x3, [x2]	general	1:MRA	ok	GPR2,GPR3	GPR1	GPR2,GPR3	GPR1	agree	-	-	GPR2,GPR3	GPR1	same	-
STNP_32_ldstnapair_offs	stnp	64880028	stnp w4, w2, [x3, #4]	general	1:MRA	ok	GPR2,GPR3,GPR4,PSTATE.EL	-	GPR2,GPR3,GPR4	-	agree	-	PSTATE.EL	GPR2,GPR3,GPR4	-	same	-
STNP_64_ldstnapair_offs	stnp	648800a8	stnp x4, x2, [x3, #8]	general	1:MRA	ok	GPR2,GPR3,GPR4,PSTATE.EL	-	GPR2,GPR3,GPR4	-	agree	-	PSTATE.EL	GPR2,GPR3,GPR4	-	same	-
STNP_D_ldstnapair_offs	stnp	6488006c	stnp d4, d2, [x3, #8]	fpsimd	1:MRA	ok	GPR3,PSTATE.SM,VEC2,VEC4	-	GPR3,VEC2,VEC4	-	agree	-	PSTATE.SM	GPR3,VEC2,VEC4	-	same	-
STNP_Q_ldstnapair_offs	stnp	648800ac	stnp q4, q2, [x3, #16]	fpsimd	1:MRA	ok	GPR3,PSTATE.SM,VEC2,VEC4	-	GPR3,VEC2,VEC4	-	agree	-	PSTATE.SM	GPR3,VEC2,VEC4	-	same	-
STNP_S_ldstnapair_offs	stnp	6488002c	stnp s4, s2, [x3, #4]	fpsimd	1:MRA	ok	GPR3,PSTATE.SM,VEC2,VEC4	-	GPR3,VEC2,VEC4	-	agree	-	PSTATE.SM	GPR3,VEC2,VEC4	-	same	-
STP_32_ldstpair_off	stp	64880029	stp w4, w2, [x3, #4]	general	1:MRA	ok	GPR2,GPR3,GPR4,PSTATE.EL	-	GPR2,GPR3,GPR4	-	agree	-	PSTATE.EL	GPR2,GPR3,GPR4	-	same	-
STP_32_ldstpair_post	stp	64888028	stp w4, w2, [x3], #4	general	1:MRA	ok	GPR2,GPR3,GPR4,PSTATE.EL	GPR3	GPR2,GPR3,GPR4	GPR3	agree	-	PSTATE.EL	GPR2,GPR3,GPR4	GPR3	same	-
STP_32_ldstpair_pre	stp	64888029	stp w4, w2, [x3, #4]!	general	1:MRA	ok	GPR2,GPR3,GPR4,PSTATE.EL	GPR3	GPR2,GPR3,GPR4	GPR3	agree	-	PSTATE.EL	GPR2,GPR3,GPR4	GPR3	same	-
STP_64_ldstpair_off	stp	648800a9	stp x4, x2, [x3, #8]	general	1:MRA	ok	GPR2,GPR3,GPR4,PSTATE.EL	-	GPR2,GPR3,GPR4	-	agree	-	PSTATE.EL	GPR2,GPR3,GPR4	-	same	-
STP_64_ldstpair_post	stp	648880a8	stp x4, x2, [x3], #8	general	1:MRA	ok	GPR2,GPR3,GPR4,PSTATE.EL	GPR3	GPR2,GPR3,GPR4	GPR3	agree	-	PSTATE.EL	GPR2,GPR3,GPR4	GPR3	same	-
STP_64_ldstpair_pre	stp	648880a9	stp x4, x2, [x3, #8]!	general	1:MRA	ok	GPR2,GPR3,GPR4,PSTATE.EL	GPR3	GPR2,GPR3,GPR4	GPR3	agree	-	PSTATE.EL	GPR2,GPR3,GPR4	GPR3	same	-
STP_D_ldstpair_off	stp	6488006d	stp d4, d2, [x3, #8]	fpsimd	1:MRA	ok	GPR3,PSTATE.SM,VEC2,VEC4	-	GPR3,VEC2,VEC4	-	agree	-	PSTATE.SM	GPR3,VEC2,VEC4	-	same	-
STP_D_ldstpair_post	stp	6488806c	stp d4, d2, [x3], #8	fpsimd	1:MRA	ok	GPR3,PSTATE.SM,VEC2,VEC4	GPR3	GPR3,VEC2,VEC4	GPR3	agree	-	PSTATE.SM	GPR3,VEC2,VEC4	GPR3	same	-
STP_D_ldstpair_pre	stp	6488806d	stp d4, d2, [x3, #8]!	fpsimd	1:MRA	ok	GPR3,PSTATE.SM,VEC2,VEC4	GPR3	GPR3,VEC2,VEC4	GPR3	agree	-	PSTATE.SM	GPR3,VEC2,VEC4	GPR3	same	-
STP_Q_ldstpair_off	stp	648800ad	stp q4, q2, [x3, #16]	fpsimd	1:MRA	ok	GPR3,PSTATE.SM,VEC2,VEC4	-	GPR3,VEC2,VEC4	-	agree	-	PSTATE.SM	GPR3,VEC2,VEC4	-	same	-
STP_Q_ldstpair_post	stp	648880ac	stp q4, q2, [x3], #16	fpsimd	1:MRA	ok	GPR3,PSTATE.SM,VEC2,VEC4	GPR3	GPR3,VEC2,VEC4	GPR3	agree	-	PSTATE.SM	GPR3,VEC2,VEC4	GPR3	same	-
STP_Q_ldstpair_pre	stp	648880ad	stp q4, q2, [x3, #16]!	fpsimd	1:MRA	ok	GPR3,PSTATE.SM,VEC2,VEC4	GPR3	GPR3,VEC2,VEC4	GPR3	agree	-	PSTATE.SM	GPR3,VEC2,VEC4	GPR3	same	-
STP_S_ldstpair_off	stp	6488002d	stp s4, s2, [x3, #4]	fpsimd	1:MRA	ok	GPR3,PSTATE.SM,VEC2,VEC4	-	GPR3,VEC2,VEC4	-	agree	-	PSTATE.SM	GPR3,VEC2,VEC4	-	same	-
STP_S_ldstpair_post	stp	6488802c	stp s4, s2, [x3], #4	fpsimd	1:MRA	ok	GPR3,PSTATE.SM,VEC2,VEC4	GPR3	GPR3,VEC2,VEC4	GPR3	agree	-	PSTATE.SM	GPR3,VEC2,VEC4	GPR3	same	-
STP_S_ldstpair_pre	stp	6488802d	stp s4, s2, [x3, #4]!	fpsimd	1:MRA	ok	GPR3,PSTATE.SM,VEC2,VEC4	GPR3	GPR3,VEC2,VEC4	GPR3	agree	-	PSTATE.SM	GPR3,VEC2,VEC4	GPR3	same	-
STRB_32BL_ldst_regoff	strb	64682138	strb w4, [x3, x1]	general	1:MRA	ok	GPR1,GPR3,GPR4,PSTATE.EL	-	GPR1,GPR3,GPR4	-	agree	-	PSTATE.EL	GPR1,GPR3,GPR4	-	same	-
STRB_32B_ldst_regoff	strb	85582138	strb w5, [x4, w1, uxtw #0]	general	1:MRA	ok	GPR1,GPR4,GPR5,PSTATE.EL	-	GPR1,GPR4,GPR5	-	agree	-	PSTATE.EL	GPR1,GPR4,GPR5	-	same	-
STRB_32_ldst_immpost	strb	43140038	strb w3, [x2], #1	general	1:MRA	ok	GPR2,GPR3,PSTATE.EL	GPR2	GPR2,GPR3	GPR2	agree	-	PSTATE.EL	GPR2,GPR3	GPR2	same	-
STRB_32_ldst_immpre	strb	431c0038	strb w3, [x2, #1]!	general	1:MRA	ok	GPR2,GPR3,PSTATE.EL	GPR2	GPR2,GPR3	GPR2	agree	-	PSTATE.EL	GPR2,GPR3	GPR2	same	-
STRB_32_ldst_pos	strb	43040039	strb w3, [x2, #1]	general	1:MRA	ok	GPR2,GPR3,PSTATE.EL	-	GPR2,GPR3	-	agree	-	PSTATE.EL	GPR2,GPR3	-	same	-
STRH_32_ldst_immpost	strh	43140078	strh w3, [x2], #1	general	1:MRA	ok	GPR2,GPR3,PSTATE.EL	GPR2	GPR2,GPR3	GPR2	agree	-	PSTATE.EL	GPR2,GPR3	GPR2	same	-
STRH_32_ldst_immpre	strh	431c0078	strh w3, [x2, #1]!	general	1:MRA	ok	GPR2,GPR3,PSTATE.EL	GPR2	GPR2,GPR3	GPR2	agree	-	PSTATE.EL	GPR2,GPR3	GPR2	same	-
STRH_32_ldst_pos	strh	43040079	strh w3, [x2, #2]	general	1:MRA	ok	GPR2,GPR3,PSTATE.EL	-	GPR2,GPR3	-	agree	-	PSTATE.EL	GPR2,GPR3	-	same	-
STRH_32_ldst_regoff	strh	85582178	strh w5, [x4, w1, uxtw #1]	general	1:MRA	ok	GPR1,GPR4,GPR5,PSTATE.EL	-	GPR1,GPR4,GPR5	-	agree	-	PSTATE.EL	GPR1,GPR4,GPR5	-	same	-
STR_32_ldst_immpost	str	431400b8	str w3, [x2], #1	general	1:MRA	ok	GPR2,GPR3,PSTATE.EL	GPR2	GPR2,GPR3	GPR2	agree	-	PSTATE.EL	GPR2,GPR3	GPR2	same	-
STR_32_ldst_immpre	str	431c00b8	str w3, [x2, #1]!	general	1:MRA	ok	GPR2,GPR3,PSTATE.EL	GPR2	GPR2,GPR3	GPR2	agree	-	PSTATE.EL	GPR2,GPR3	GPR2	same	-
STR_32_ldst_pos	str	430400b9	str w3, [x2, #4]	general	1:MRA	ok	GPR2,GPR3,PSTATE.EL	-	GPR2,GPR3	-	agree	-	PSTATE.EL	GPR2,GPR3	-	same	-
STR_32_ldst_regoff	str	855821b8	str w5, [x4, w1, uxtw #2]	general	1:MRA	ok	GPR1,GPR4,GPR5,PSTATE.EL	-	GPR1,GPR4,GPR5	-	agree	-	PSTATE.EL	GPR1,GPR4,GPR5	-	same	-
STR_64_ldst_immpost	str	431400f8	str x3, [x2], #1	general	1:MRA	ok	GPR2,GPR3,PSTATE.EL	GPR2	GPR2,GPR3	GPR2	agree	-	PSTATE.EL	GPR2,GPR3	GPR2	same	-
STR_64_ldst_immpre	str	431c00f8	str x3, [x2, #1]!	general	1:MRA	ok	GPR2,GPR3,PSTATE.EL	GPR2	GPR2,GPR3	GPR2	agree	-	PSTATE.EL	GPR2,GPR3	GPR2	same	-
STR_64_ldst_pos	str	430400f9	str x3, [x2, #8]	general	1:MRA	ok	GPR2,GPR3,PSTATE.EL	-	GPR2,GPR3	-	agree	-	PSTATE.EL	GPR2,GPR3	-	same	-
STR_64_ldst_regoff	str	855821f8	str x5, [x4, w1, uxtw #3]	general	1:MRA	ok	GPR1,GPR4,GPR5,PSTATE.EL	-	GPR1,GPR4,GPR5	-	agree	-	PSTATE.EL	GPR1,GPR4,GPR5	-	same	-
STR_BL_ldst_regoff	str	6468213c	str b4, [x3, x1]	fpsimd	1:MRA	ok	GPR1,GPR3,PSTATE.SM,VEC4	-	GPR1,GPR3,VEC4	-	agree	-	PSTATE.SM	GPR1,GPR3,VEC4	-	same	-
STR_B_ldst_immpost	str	4314003c	str b3, [x2], #1	fpsimd	1:MRA	ok	GPR2,PSTATE.SM,VEC3	GPR2	GPR2,VEC3	GPR2	agree	-	PSTATE.SM	GPR2,VEC3	GPR2	same	-
STR_B_ldst_immpre	str	431c003c	str b3, [x2, #1]!	fpsimd	1:MRA	ok	GPR2,PSTATE.SM,VEC3	GPR2	GPR2,VEC3	GPR2	agree	-	PSTATE.SM	GPR2,VEC3	GPR2	same	-
STR_B_ldst_pos	str	4304003d	str b3, [x2, #1]	fpsimd	1:MRA	ok	GPR2,PSTATE.SM,VEC3	-	GPR2,VEC3	-	agree	-	PSTATE.SM	GPR2,VEC3	-	same	-
STR_B_ldst_regoff	str	8558213c	str b5, [x4, w1, uxtw #0]	fpsimd	1:MRA	ok	GPR1,GPR4,PSTATE.SM,VEC5	-	GPR1,GPR4,VEC5	-	agree	-	PSTATE.SM	GPR1,GPR4,VEC5	-	same	-
STR_D_ldst_immpost	str	431400fc	str d3, [x2], #1	fpsimd	1:MRA	ok	GPR2,PSTATE.SM,VEC3	GPR2	GPR2,VEC3	GPR2	agree	-	PSTATE.SM	GPR2,VEC3	GPR2	same	-
STR_D_ldst_immpre	str	431c00fc	str d3, [x2, #1]!	fpsimd	1:MRA	ok	GPR2,PSTATE.SM,VEC3	GPR2	GPR2,VEC3	GPR2	agree	-	PSTATE.SM	GPR2,VEC3	GPR2	same	-
STR_D_ldst_pos	str	430400fd	str d3, [x2, #8]	fpsimd	1:MRA	ok	GPR2,PSTATE.SM,VEC3	-	GPR2,VEC3	-	agree	-	PSTATE.SM	GPR2,VEC3	-	same	-
STR_D_ldst_regoff	str	855821fc	str d5, [x4, w1, uxtw #3]	fpsimd	1:MRA	ok	GPR1,GPR4,PSTATE.SM,VEC5	-	GPR1,GPR4,VEC5	-	agree	-	PSTATE.SM	GPR1,GPR4,VEC5	-	same	-
STR_H_ldst_immpost	str	4314007c	str h3, [x2], #1	fpsimd	1:MRA	ok	GPR2,PSTATE.SM,VEC3	GPR2	GPR2,VEC3	GPR2	agree	-	PSTATE.SM	GPR2,VEC3	GPR2	same	-
STR_H_ldst_immpre	str	431c007c	str h3, [x2, #1]!	fpsimd	1:MRA	ok	GPR2,PSTATE.SM,VEC3	GPR2	GPR2,VEC3	GPR2	agree	-	PSTATE.SM	GPR2,VEC3	GPR2	same	-
STR_H_ldst_pos	str	4304007d	str h3, [x2, #2]	fpsimd	1:MRA	ok	GPR2,PSTATE.SM,VEC3	-	GPR2,VEC3	-	agree	-	PSTATE.SM	GPR2,VEC3	-	same	-
STR_H_ldst_regoff	str	8558217c	str h5, [x4, w1, uxtw #1]	fpsimd	1:MRA	ok	GPR1,GPR4,PSTATE.SM,VEC5	-	GPR1,GPR4,VEC5	-	agree	-	PSTATE.SM	GPR1,GPR4,VEC5	-	same	-
STR_Q_ldst_immpost	str	4314803c	str q3, [x2], #1	fpsimd	1:MRA	ok	GPR2,PSTATE.SM,VEC3	GPR2	GPR2,VEC3	GPR2	agree	-	PSTATE.SM	GPR2,VEC3	GPR2	same	-
STR_Q_ldst_immpre	str	431c803c	str q3, [x2, #1]!	fpsimd	1:MRA	ok	GPR2,PSTATE.SM,VEC3	GPR2	GPR2,VEC3	GPR2	agree	-	PSTATE.SM	GPR2,VEC3	GPR2	same	-
STR_Q_ldst_pos	str	4304803d	str q3, [x2, #16]	fpsimd	1:MRA	ok	GPR2,PSTATE.SM,VEC3	-	GPR2,VEC3	-	agree	-	PSTATE.SM	GPR2,VEC3	-	same	-
STR_Q_ldst_regoff	str	8558a13c	str q5, [x4, w1, uxtw #4]	fpsimd	1:MRA	ok	GPR1,GPR4,PSTATE.SM,VEC5	-	GPR1,GPR4,VEC5	-	agree	-	PSTATE.SM	GPR1,GPR4,VEC5	-	same	-
STR_S_ldst_immpost	str	431400bc	str s3, [x2], #1	fpsimd	1:MRA	ok	GPR2,PSTATE.SM,VEC3	GPR2	GPR2,VEC3	GPR2	agree	-	PSTATE.SM	GPR2,VEC3	GPR2	same	-
STR_S_ldst_immpre	str	431c00bc	str s3, [x2, #1]!	fpsimd	1:MRA	ok	GPR2,PSTATE.SM,VEC3	GPR2	GPR2,VEC3	GPR2	agree	-	PSTATE.SM	GPR2,VEC3	GPR2	same	-
STR_S_ldst_pos	str	430400bd	str s3, [x2, #4]	fpsimd	1:MRA	ok	GPR2,PSTATE.SM,VEC3	-	GPR2,VEC3	-	agree	-	PSTATE.SM	GPR2,VEC3	-	same	-
STR_S_ldst_regoff	str	855821bc	str s5, [x4, w1, uxtw #2]	fpsimd	1:MRA	ok	GPR1,GPR4,PSTATE.SM,VEC5	-	GPR1,GPR4,VEC5	-	agree	-	PSTATE.SM	GPR1,GPR4,VEC5	-	same	-
STSETB_LDSETB_32_memop	stsetb	5f302138	stsetb w1, [x2]	general	1:MRA	ok	GPR1,GPR2	-	GPR1,GPR2	-	agree	-	-	GPR1,GPR2	ZERO	DST+trc:ZERO	-
STSETH_LDSETH_32_memop	stseth	5f302178	stseth w1, [x2]	general	1:MRA	ok	GPR1,GPR2	-	GPR1,GPR2	-	agree	-	-	GPR1,GPR2	ZERO	DST+trc:ZERO	-
STSETLB_LDSETLB_32_memop	stsetlb	5f306138	stsetlb w1, [x2]	general	1:MRA	ok	GPR1,GPR2	-	GPR1,GPR2	-	agree	-	-	GPR1,GPR2	ZERO	DST+trc:ZERO	-
STSETLH_LDSETLH_32_memop	stsetlh	5f306178	stsetlh w1, [x2]	general	1:MRA	ok	GPR1,GPR2	-	GPR1,GPR2	-	agree	-	-	GPR1,GPR2	ZERO	DST+trc:ZERO	-
STSETL_LDSETL_32_memop	stsetl	5f3061b8	stsetl w1, [x2]	general	1:MRA	ok	GPR1,GPR2	-	GPR1,GPR2	-	agree	-	-	GPR1,GPR2	ZERO	DST+trc:ZERO	-
STSETL_LDSETL_64_memop	stsetl	5f3061f8	stsetl x1, [x2]	general	1:MRA	ok	GPR1,GPR2	-	GPR1,GPR2	-	agree	-	-	GPR1,GPR2	ZERO	DST+trc:ZERO	-
STSET_LDSET_32_memop	stset	5f3021b8	stset w1, [x2]	general	1:MRA	ok	GPR1,GPR2	-	GPR1,GPR2	-	agree	-	-	GPR1,GPR2	ZERO	DST+trc:ZERO	-
STSET_LDSET_64_memop	stset	5f3021f8	stset x1, [x2]	general	1:MRA	ok	GPR1,GPR2	-	GPR1,GPR2	-	agree	-	-	GPR1,GPR2	ZERO	DST+trc:ZERO	-
STSMAXB_LDSMAXB_32_memop	stsmaxb	5f402138	stsmaxb w1, [x2]	general	1:MRA	ok	GPR1,GPR2	-	GPR1,GPR2	-	agree	-	-	GPR1,GPR2	ZERO	DST+trc:ZERO	-
STSMAXH_LDSMAXH_32_memop	stsmaxh	5f402178	stsmaxh w1, [x2]	general	1:MRA	ok	GPR1,GPR2	-	GPR1,GPR2	-	agree	-	-	GPR1,GPR2	ZERO	DST+trc:ZERO	-
STSMAXLB_LDSMAXLB_32_memop	stsmaxlb	5f406138	stsmaxlb w1, [x2]	general	1:MRA	ok	GPR1,GPR2	-	GPR1,GPR2	-	agree	-	-	GPR1,GPR2	ZERO	DST+trc:ZERO	-
STSMAXLH_LDSMAXLH_32_memop	stsmaxlh	5f406178	stsmaxlh w1, [x2]	general	1:MRA	ok	GPR1,GPR2	-	GPR1,GPR2	-	agree	-	-	GPR1,GPR2	ZERO	DST+trc:ZERO	-
STSMAXL_LDSMAXL_32_memop	stsmaxl	5f4061b8	stsmaxl w1, [x2]	general	1:MRA	ok	GPR1,GPR2	-	GPR1,GPR2	-	agree	-	-	GPR1,GPR2	ZERO	DST+trc:ZERO	-
STSMAXL_LDSMAXL_64_memop	stsmaxl	5f4061f8	stsmaxl x1, [x2]	general	1:MRA	ok	GPR1,GPR2	-	GPR1,GPR2	-	agree	-	-	GPR1,GPR2	ZERO	DST+trc:ZERO	-
STSMAX_LDSMAX_32_memop	stsmax	5f4021b8	stsmax w1, [x2]	general	1:MRA	ok	GPR1,GPR2	-	GPR1,GPR2	-	agree	-	-	GPR1,GPR2	ZERO	DST+trc:ZERO	-
STSMAX_LDSMAX_64_memop	stsmax	5f4021f8	stsmax x1, [x2]	general	1:MRA	ok	GPR1,GPR2	-	GPR1,GPR2	-	agree	-	-	GPR1,GPR2	ZERO	DST+trc:ZERO	-
STSMINB_LDSMINB_32_memop	stsminb	5f502138	stsminb w1, [x2]	general	1:MRA	ok	GPR1,GPR2	-	GPR1,GPR2	-	agree	-	-	GPR1,GPR2	ZERO	DST+trc:ZERO	-
STSMINH_LDSMINH_32_memop	stsminh	5f502178	stsminh w1, [x2]	general	1:MRA	ok	GPR1,GPR2	-	GPR1,GPR2	-	agree	-	-	GPR1,GPR2	ZERO	DST+trc:ZERO	-
STSMINLB_LDSMINLB_32_memop	stsminlb	5f506138	stsminlb w1, [x2]	general	1:MRA	ok	GPR1,GPR2	-	GPR1,GPR2	-	agree	-	-	GPR1,GPR2	ZERO	DST+trc:ZERO	-
STSMINLH_LDSMINLH_32_memop	stsminlh	5f506178	stsminlh w1, [x2]	general	1:MRA	ok	GPR1,GPR2	-	GPR1,GPR2	-	agree	-	-	GPR1,GPR2	ZERO	DST+trc:ZERO	-
STSMINL_LDSMINL_32_memop	stsminl	5f5061b8	stsminl w1, [x2]	general	1:MRA	ok	GPR1,GPR2	-	GPR1,GPR2	-	agree	-	-	GPR1,GPR2	ZERO	DST+trc:ZERO	-
STSMINL_LDSMINL_64_memop	stsminl	5f5061f8	stsminl x1, [x2]	general	1:MRA	ok	GPR1,GPR2	-	GPR1,GPR2	-	agree	-	-	GPR1,GPR2	ZERO	DST+trc:ZERO	-
STSMIN_LDSMIN_32_memop	stsmin	5f5021b8	stsmin w1, [x2]	general	1:MRA	ok	GPR1,GPR2	-	GPR1,GPR2	-	agree	-	-	GPR1,GPR2	ZERO	DST+trc:ZERO	-
STSMIN_LDSMIN_64_memop	stsmin	5f5021f8	stsmin x1, [x2]	general	1:MRA	ok	GPR1,GPR2	-	GPR1,GPR2	-	agree	-	-	GPR1,GPR2	ZERO	DST+trc:ZERO	-
STTRB_32_ldst_unpriv	sttrb	43180038	sttrb w3, [x2, #1]	general	1:MRA	ok	GPR2,GPR3,PSTATE.EL,PSTATE.UAO	-	GPR2,GPR3	-	agree	-	PSTATE.EL,PSTATE.UAO	GPR2,GPR3	-	same	-
STTRH_32_ldst_unpriv	sttrh	43180078	sttrh w3, [x2, #1]	general	1:MRA	ok	GPR2,GPR3,PSTATE.EL,PSTATE.UAO	-	GPR2,GPR3	-	agree	-	PSTATE.EL,PSTATE.UAO	GPR2,GPR3	-	same	-
STTR_32_ldst_unpriv	sttr	431800b8	sttr w3, [x2, #1]	general	1:MRA	ok	GPR2,GPR3,PSTATE.EL,PSTATE.UAO	-	GPR2,GPR3	-	agree	-	PSTATE.EL,PSTATE.UAO	GPR2,GPR3	-	same	-
STTR_64_ldst_unpriv	sttr	431800f8	sttr x3, [x2, #1]	general	1:MRA	ok	GPR2,GPR3,PSTATE.EL,PSTATE.UAO	-	GPR2,GPR3	-	agree	-	PSTATE.EL,PSTATE.UAO	GPR2,GPR3	-	same	-
STUMAXB_LDUMAXB_32_memop	stumaxb	5f602138	stumaxb w1, [x2]	general	1:MRA	ok	GPR1,GPR2	-	GPR1,GPR2	-	agree	-	-	GPR1,GPR2	ZERO	DST+trc:ZERO	-
STUMAXH_LDUMAXH_32_memop	stumaxh	5f602178	stumaxh w1, [x2]	general	1:MRA	ok	GPR1,GPR2	-	GPR1,GPR2	-	agree	-	-	GPR1,GPR2	ZERO	DST+trc:ZERO	-
STUMAXLB_LDUMAXLB_32_memop	stumaxlb	5f606138	stumaxlb w1, [x2]	general	1:MRA	ok	GPR1,GPR2	-	GPR1,GPR2	-	agree	-	-	GPR1,GPR2	ZERO	DST+trc:ZERO	-
STUMAXLH_LDUMAXLH_32_memop	stumaxlh	5f606178	stumaxlh w1, [x2]	general	1:MRA	ok	GPR1,GPR2	-	GPR1,GPR2	-	agree	-	-	GPR1,GPR2	ZERO	DST+trc:ZERO	-
STUMAXL_LDUMAXL_32_memop	stumaxl	5f6061b8	stumaxl w1, [x2]	general	1:MRA	ok	GPR1,GPR2	-	GPR1,GPR2	-	agree	-	-	GPR1,GPR2	ZERO	DST+trc:ZERO	-
STUMAXL_LDUMAXL_64_memop	stumaxl	5f6061f8	stumaxl x1, [x2]	general	1:MRA	ok	GPR1,GPR2	-	GPR1,GPR2	-	agree	-	-	GPR1,GPR2	ZERO	DST+trc:ZERO	-
STUMAX_LDUMAX_32_memop	stumax	5f6021b8	stumax w1, [x2]	general	1:MRA	ok	GPR1,GPR2	-	GPR1,GPR2	-	agree	-	-	GPR1,GPR2	ZERO	DST+trc:ZERO	-
STUMAX_LDUMAX_64_memop	stumax	5f6021f8	stumax x1, [x2]	general	1:MRA	ok	GPR1,GPR2	-	GPR1,GPR2	-	agree	-	-	GPR1,GPR2	ZERO	DST+trc:ZERO	-
STUMINB_LDUMINB_32_memop	stuminb	5f702138	stuminb w1, [x2]	general	1:MRA	ok	GPR1,GPR2	-	GPR1,GPR2	-	agree	-	-	GPR1,GPR2	ZERO	DST+trc:ZERO	-
STUMINH_LDUMINH_32_memop	stuminh	5f702178	stuminh w1, [x2]	general	1:MRA	ok	GPR1,GPR2	-	GPR1,GPR2	-	agree	-	-	GPR1,GPR2	ZERO	DST+trc:ZERO	-
STUMINLB_LDUMINLB_32_memop	stuminlb	5f706138	stuminlb w1, [x2]	general	1:MRA	ok	GPR1,GPR2	-	GPR1,GPR2	-	agree	-	-	GPR1,GPR2	ZERO	DST+trc:ZERO	-
STUMINLH_LDUMINLH_32_memop	stuminlh	5f706178	stuminlh w1, [x2]	general	1:MRA	ok	GPR1,GPR2	-	GPR1,GPR2	-	agree	-	-	GPR1,GPR2	ZERO	DST+trc:ZERO	-
STUMINL_LDUMINL_32_memop	stuminl	5f7061b8	stuminl w1, [x2]	general	1:MRA	ok	GPR1,GPR2	-	GPR1,GPR2	-	agree	-	-	GPR1,GPR2	ZERO	DST+trc:ZERO	-
STUMINL_LDUMINL_64_memop	stuminl	5f7061f8	stuminl x1, [x2]	general	1:MRA	ok	GPR1,GPR2	-	GPR1,GPR2	-	agree	-	-	GPR1,GPR2	ZERO	DST+trc:ZERO	-
STUMIN_LDUMIN_32_memop	stumin	5f7021b8	stumin w1, [x2]	general	1:MRA	ok	GPR1,GPR2	-	GPR1,GPR2	-	agree	-	-	GPR1,GPR2	ZERO	DST+trc:ZERO	-
STUMIN_LDUMIN_64_memop	stumin	5f7021f8	stumin x1, [x2]	general	1:MRA	ok	GPR1,GPR2	-	GPR1,GPR2	-	agree	-	-	GPR1,GPR2	ZERO	DST+trc:ZERO	-
STURB_32_ldst_unscaled	sturb	43100038	sturb w3, [x2, #1]	general	1:MRA	ok	GPR2,GPR3,PSTATE.EL	-	GPR2,GPR3	-	agree	-	PSTATE.EL	GPR2,GPR3	-	same	-
STURH_32_ldst_unscaled	sturh	43100078	sturh w3, [x2, #1]	general	1:MRA	ok	GPR2,GPR3,PSTATE.EL	-	GPR2,GPR3	-	agree	-	PSTATE.EL	GPR2,GPR3	-	same	-
STUR_32_ldst_unscaled	stur	431000b8	stur w3, [x2, #1]	general	1:MRA	ok	GPR2,GPR3,PSTATE.EL	-	GPR2,GPR3	-	agree	-	PSTATE.EL	GPR2,GPR3	-	same	-
STUR_64_ldst_unscaled	stur	431000f8	stur x3, [x2, #1]	general	1:MRA	ok	GPR2,GPR3,PSTATE.EL	-	GPR2,GPR3	-	agree	-	PSTATE.EL	GPR2,GPR3	-	same	-
STUR_B_ldst_unscaled	stur	4310003c	stur b3, [x2, #1]	fpsimd	1:MRA	ok	GPR2,PSTATE.SM,VEC3	-	GPR2,VEC3	-	agree	-	PSTATE.SM	GPR2,VEC3	-	same	-
STUR_D_ldst_unscaled	stur	431000fc	stur d3, [x2, #1]	fpsimd	1:MRA	ok	GPR2,PSTATE.SM,VEC3	-	GPR2,VEC3	-	agree	-	PSTATE.SM	GPR2,VEC3	-	same	-
STUR_H_ldst_unscaled	stur	4310007c	stur h3, [x2, #1]	fpsimd	1:MRA	ok	GPR2,PSTATE.SM,VEC3	-	GPR2,VEC3	-	agree	-	PSTATE.SM	GPR2,VEC3	-	same	-
STUR_Q_ldst_unscaled	stur	4310803c	stur q3, [x2, #1]	fpsimd	1:MRA	ok	GPR2,PSTATE.SM,VEC3	-	GPR2,VEC3	-	agree	-	PSTATE.SM	GPR2,VEC3	-	same	-
STUR_S_ldst_unscaled	stur	431000bc	stur s3, [x2, #1]	fpsimd	1:MRA	ok	GPR2,PSTATE.SM,VEC3	-	GPR2,VEC3	-	agree	-	PSTATE.SM	GPR2,VEC3	-	same	-
STXP_SP32_ldstexclp	stxp	64082188	stxp w1, w4, w2, [x3]	general	1:MRA	ok	GPR2,GPR3,GPR4	GPR1	GPR2,GPR3,GPR4	GPR1	agree	-	-	GPR2,GPR3,GPR4	GPR1	same	-
STXP_SP64_ldstexclp	stxp	640821c8	stxp w1, x4, x2, [x3]	general	1:MRA	ok	GPR2,GPR3,GPR4	GPR1	GPR2,GPR3,GPR4	GPR1	agree	-	-	GPR2,GPR3,GPR4	GPR1	same	-
STXRB_SR32_ldstexclr	stxrb	437c0108	stxrb w1, w3, [x2]	general	1:MRA	ok	GPR2,GPR3	GPR1	GPR2,GPR3	GPR1	agree	-	-	GPR2,GPR3	GPR1	same	-
STXRH_SR32_ldstexclr	stxrh	437c0148	stxrh w1, w3, [x2]	general	1:MRA	ok	GPR2,GPR3	GPR1	GPR2,GPR3	GPR1	agree	-	-	GPR2,GPR3	GPR1	same	-
STXR_SR32_ldstexclr	stxr	437c0188	stxr w1, w3, [x2]	general	1:MRA	ok	GPR2,GPR3	GPR1	GPR2,GPR3	GPR1	agree	-	-	GPR2,GPR3	GPR1	same	-
STXR_SR64_ldstexclr	stxr	437c01c8	stxr w1, x3, [x2]	general	1:MRA	ok	GPR2,GPR3	GPR1	GPR2,GPR3	GPR1	agree	-	-	GPR2,GPR3	GPR1	same	-
STZ2G_64Soffset_ldsttags	stz2g	4318e0d9	stz2g x3, [x2, #16]	general	1:MRA	ok	GPR2,GPR3,SYS	-	GPR2,GPR3	-	disagree	SRC+ref:SYS	-	GPR2,GPR3	-	SRC+ref:SYS	-
STZ2G_64Spost_ldsttags	stz2g	4314e0d9	stz2g x3, [x2], #16	general	1:MRA	ok	GPR2,GPR3,SYS	GPR2	GPR2,GPR3	GPR2	disagree	SRC+ref:SYS	-	GPR2,GPR3	GPR2	SRC+ref:SYS	-
STZ2G_64Spre_ldsttags	stz2g	431ce0d9	stz2g x3, [x2, #16]!	general	1:MRA	ok	GPR2,GPR3,SYS	GPR2	GPR2,GPR3	GPR2	disagree	SRC+ref:SYS	-	GPR2,GPR3	GPR2	SRC+ref:SYS	-
STZGM_64bulk_ldsttags	stzgm	220020d9	stzgm x2, [x1]	general	1:MRA	ok	GPR1,GPR2,PSTATE.EL,SYS	-	GPR1,GPR2	-	disagree	SRC+ref:SYS	PSTATE.EL	GPR1,GPR2	-	SRC+ref:SYS	unbounded-loop
STZG_64Soffset_ldsttags	stzg	431860d9	stzg x3, [x2, #16]	general	1:MRA	ok	GPR2,GPR3,SYS	-	GPR2,GPR3	-	disagree	SRC+ref:SYS	-	GPR2,GPR3	-	SRC+ref:SYS	-
STZG_64Spost_ldsttags	stzg	431460d9	stzg x3, [x2], #16	general	1:MRA	ok	GPR2,GPR3,SYS	GPR2	GPR2,GPR3	GPR2	disagree	SRC+ref:SYS	-	GPR2,GPR3	GPR2	SRC+ref:SYS	-
STZG_64Spre_ldsttags	stzg	431c60d9	stzg x3, [x2, #16]!	general	1:MRA	ok	GPR2,GPR3,SYS	GPR2	GPR2,GPR3	GPR2	disagree	SRC+ref:SYS	-	GPR2,GPR3	GPR2	SRC+ref:SYS	-
SUBG_64_addsub_immtags	subg	640881d1	subg x4, x3, #16, #2	general	1:MRA	ok	GPR3,PSTATE.EL,SYS	GPR4	GPR3	GPR4	disagree	SRC+ref:SYS	PSTATE.EL	GPR3	GPR4	SRC+ref:SYS	-
SUBHN_asimddiff_N	subhn	8a62a20e	subhn v10.2s, v20.2d, v2.2d	advsimd	1:MRA	ok	VEC2,VEC20	VEC10	VEC2,VEC20	VEC10	agree	-	-	VEC2,VEC20	VEC10	same	-
SUBPS_64S_dp_2src	subps	4300c1ba	subps x3, x2, x1	general	1:MRA	ok	GPR1,GPR2	FLAGS,GPR3	GPR1,GPR2	FLAGS,GPR3	agree	-	-	GPR1,GPR2	FLAGS,GPR3	same	-
SUBP_64S_dp_2src	subp	4300c19a	subp x3, x2, x1	general	1:MRA	ok	GPR1,GPR2	GPR3	GPR1,GPR2	GPR3	agree	-	-	GPR1,GPR2	GPR3	same	-
SUBS_32S_addsub_ext	subs	854c216b	subs w5, w4, w1, uxtw #3	general	1:MRA	ok	GPR1,GPR4	FLAGS,GPR5	GPR1,GPR4	FLAGS,GPR5	agree	-	-	GPR1,GPR4	FLAGS,GPR5	same	-
SUBS_32S_addsub_imm	subs	64084071	subs w4, w3, #2, lsl #12	general	1:MRA	ok	GPR3	FLAGS,GPR4	GPR3	FLAGS,GPR4	agree	-	-	GPR3	FLAGS,GPR4	same	-
SUBS_32_addsub_shift	subs	850c426b	subs w5, w4, w2, lsr #3	general	1:MRA	ok	GPR2,GPR4	FLAGS,GPR5	GPR2,GPR4	FLAGS,GPR5	agree	-	-	GPR2,GPR4	FLAGS,GPR5	same	-
SUBS_64S_addsub_ext	subs	854c21eb	subs x5, x4, w1, uxtw #3	general	1:MRA	ok	GPR1,GPR4	FLAGS,GPR5	GPR1,GPR4	FLAGS,GPR5	agree	-	-	GPR1,GPR4	FLAGS,GPR5	same	-
SUBS_64S_addsub_imm	subs	640840f1	subs x4, x3, #2, lsl #12	general	1:MRA	ok	GPR3	FLAGS,GPR4	GPR3	FLAGS,GPR4	agree	-	-	GPR3	FLAGS,GPR4	same	-
SUBS_64_addsub_shift	subs	850c42eb	subs x5, x4, x2, lsr #3	general	1:MRA	ok	GPR2,GPR4	FLAGS,GPR5	GPR2,GPR4	FLAGS,GPR5	agree	-	-	GPR2,GPR4	FLAGS,GPR5	same	-
SUB_32_addsub_ext	sub	854c214b	sub w5, w4, w1, uxtw #3	general	1:MRA	ok	GPR1,GPR4	GPR5	GPR1,GPR4	GPR5	agree	-	-	GPR1,GPR4	GPR5	same	-
SUB_32_addsub_imm	sub	64084051	sub w4, w3, #2, lsl #12	general	1:MRA	ok	GPR3	GPR4	GPR3	GPR4	agree	-	-	GPR3	GPR4	same	-
SUB_32_addsub_shift	sub	850c424b	sub w5, w4, w2, lsr #3	general	1:MRA	ok	GPR2,GPR4	GPR5	GPR2,GPR4	GPR5	agree	-	-	GPR2,GPR4	GPR5	same	-
SUB_64_addsub_ext	sub	854c21cb	sub x5, x4, w1, uxtw #3	general	1:MRA	ok	GPR1,GPR4	GPR5	GPR1,GPR4	GPR5	agree	-	-	GPR1,GPR4	GPR5	same	-
SUB_64_addsub_imm	sub	640840d1	sub x4, x3, #2, lsl #12	general	1:MRA	ok	GPR3	GPR4	GPR3	GPR4	agree	-	-	GPR3	GPR4	same	-
SUB_64_addsub_shift	sub	850c42cb	sub x5, x4, x2, lsr #3	general	1:MRA	ok	GPR2,GPR4	GPR5	GPR2,GPR4	GPR5	agree	-	-	GPR2,GPR4	GPR5	same	-
SUB_asimdsame_only	sub	8584a36e	sub v5.4s, v4.4s, v3.4s	advsimd	1:MRA	ok	VEC3,VEC4	VEC5	VEC3,VEC4	VEC5	agree	-	-	VEC3,VEC4	VEC5	same	-
SUB_asisdsame_only	sub	3186f17e	sub d17, d17, d17	advsimd	1:MRA	ok	VEC17	VEC17	VEC17	VEC17	agree	-	-	VEC17	VEC17	same	-
SUDOT_asimdelem_D	sudot	c1f8144f	sudot v1.4s, v6.16b, v20.4b[2]	advsimd	1:MRA	ok	VEC1,VEC20,VEC6	VEC1	VEC1,VEC20,VEC6	VEC1	agree	-	-	VEC1,VEC20,VEC6	VEC1	same	-
SUQADD_asimdmisc_R	suqadd	6438a04e	suqadd v4.4s, v3.4s	advsimd	1:MRA	ok	VEC3,VEC4	FCSR,VEC4	VEC3,VEC4	VEC4	disagree	DST+ref:FCSR	-	VEC3,VEC4	VEC4	DST+ref:FCSR	-
SUQADD_asisdmisc_R	suqadd	4338605e	suqadd h3, h2	advsimd	1:MRA	ok	VEC2,VEC3	FCSR,VEC3	VEC2,VEC3	VEC3	disagree	DST+ref:FCSR	-	VEC2,VEC3	VEC3	DST+ref:FCSR	-
SVC_EX_exception	svc	210000d4	svc #0x1	system	1:MRA	ok	-	-	-	-	agree	-	-	-	-	same	-
SWPAB_32_memop	swpab	4380a138	swpab w1, w3, [x2]	general	1:MRA	ok	GPR1,GPR2	GPR3	GPR1,GPR2	GPR3	agree	-	-	GPR1,GPR2	GPR3	same	-
SWPAH_32_memop	swpah	4380a178	swpah w1, w3, [x2]	general	1:MRA	ok	GPR1,GPR2	GPR3	GPR1,GPR2	GPR3	agree	-	-	GPR1,GPR2	GPR3	same	-
SWPALB_32_memop	swpalb	4380e138	swpalb w1, w3, [x2]	general	1:MRA	ok	GPR1,GPR2	GPR3	GPR1,GPR2	GPR3	agree	-	-	GPR1,GPR2	GPR3	same	-
SWPALH_32_memop	swpalh	4380e178	swpalh w1, w3, [x2]	general	1:MRA	ok	GPR1,GPR2	GPR3	GPR1,GPR2	GPR3	agree	-	-	GPR1,GPR2	GPR3	same	-
SWPAL_32_memop	swpal	4380e1b8	swpal w1, w3, [x2]	general	1:MRA	ok	GPR1,GPR2	GPR3	GPR1,GPR2	GPR3	agree	-	-	GPR1,GPR2	GPR3	same	-
SWPAL_64_memop	swpal	4380e1f8	swpal x1, x3, [x2]	general	1:MRA	ok	GPR1,GPR2	GPR3	GPR1,GPR2	GPR3	agree	-	-	GPR1,GPR2	GPR3	same	-
SWPA_32_memop	swpa	4380a1b8	swpa w1, w3, [x2]	general	1:MRA	ok	GPR1,GPR2	GPR3	GPR1,GPR2	GPR3	agree	-	-	GPR1,GPR2	GPR3	same	-
SWPA_64_memop	swpa	4380a1f8	swpa x1, x3, [x2]	general	1:MRA	ok	GPR1,GPR2	GPR3	GPR1,GPR2	GPR3	agree	-	-	GPR1,GPR2	GPR3	same	-
SWPB_32_memop	swpb	43802138	swpb w1, w3, [x2]	general	1:MRA	ok	GPR1,GPR2	GPR3	GPR1,GPR2	GPR3	agree	-	-	GPR1,GPR2	GPR3	same	-
SWPH_32_memop	swph	43802178	swph w1, w3, [x2]	general	1:MRA	ok	GPR1,GPR2	GPR3	GPR1,GPR2	GPR3	agree	-	-	GPR1,GPR2	GPR3	same	-
SWPLB_32_memop	swplb	43806138	swplb w1, w3, [x2]	general	1:MRA	ok	GPR1,GPR2	GPR3	GPR1,GPR2	GPR3	agree	-	-	GPR1,GPR2	GPR3	same	-
SWPLH_32_memop	swplh	43806178	swplh w1, w3, [x2]	general	1:MRA	ok	GPR1,GPR2	GPR3	GPR1,GPR2	GPR3	agree	-	-	GPR1,GPR2	GPR3	same	-
SWPL_32_memop	swpl	438061b8	swpl w1, w3, [x2]	general	1:MRA	ok	GPR1,GPR2	GPR3	GPR1,GPR2	GPR3	agree	-	-	GPR1,GPR2	GPR3	same	-
SWPL_64_memop	swpl	438061f8	swpl x1, x3, [x2]	general	1:MRA	ok	GPR1,GPR2	GPR3	GPR1,GPR2	GPR3	agree	-	-	GPR1,GPR2	GPR3	same	-
SWPPAL_128_memop_128	swppal	4380e119	swppal x3, x1, [x2]	general	1:MRA	ok	GPR1,GPR2,GPR3	GPR1,GPR3	GPR1,GPR2,GPR3	GPR1,GPR3	agree	-	-	GPR1,GPR2,GPR3	GPR1,GPR3	same	-
SWPPA_128_memop_128	swppa	4380a119	swppa x3, x1, [x2]	general	1:MRA	ok	GPR1,GPR2,GPR3	GPR1,GPR3	GPR1,GPR2,GPR3	GPR1,GPR3	agree	-	-	GPR1,GPR2,GPR3	GPR1,GPR3	same	-
SWPPL_128_memop_128	swppl	43806119	swppl x3, x1, [x2]	general	1:MRA	ok	GPR1,GPR2,GPR3	GPR1,GPR3	GPR1,GPR2,GPR3	GPR1,GPR3	agree	-	-	GPR1,GPR2,GPR3	GPR1,GPR3	same	-
SWPP_128_memop_128	swpp	43802119	swpp x3, x1, [x2]	general	1:MRA	ok	GPR1,GPR2,GPR3	GPR1,GPR3	GPR1,GPR2,GPR3	GPR1,GPR3	agree	-	-	GPR1,GPR2,GPR3	GPR1,GPR3	same	-
SWP_32_memop	swp	438021b8	swp w1, w3, [x2]	general	1:MRA	ok	GPR1,GPR2	GPR3	GPR1,GPR2	GPR3	agree	-	-	GPR1,GPR2	GPR3	same	-
SWP_64_memop	swp	438021f8	swp x1, x3, [x2]	general	1:MRA	ok	GPR1,GPR2	GPR3	GPR1,GPR2	GPR3	agree	-	-	GPR1,GPR2	GPR3	same	-
SXTB_SBFM_32M_bitfield	sxtb	221c0013	sxtb w2, w1	general	1:MRA	ok	GPR1	GPR2	GPR1	GPR2	agree	-	-	GPR1	GPR2	same	-
SXTB_SBFM_64M_bitfield	sxtb	221c4093	sxtb x2, w1	general	1:MRA	ok	GPR1	GPR2	GPR1	GPR2	agree	-	-	GPR1	GPR2	same	-
SXTH_SBFM_32M_bitfield	sxth	223c0013	sxth w2, w1	general	1:MRA	ok	GPR1	GPR2	GPR1	GPR2	agree	-	-	GPR1	GPR2	same	-
SXTH_SBFM_64M_bitfield	sxth	223c4093	sxth x2, w1	general	1:MRA	ok	GPR1	GPR2	GPR1	GPR2	agree	-	-	GPR1	GPR2	same	-
SXTL_SSHLL_asimdshf_L	sxtl	64a4104f	sshll2 v4.4s, v3.8h, #0	advsimd	1:MRA	ok	VEC3	VEC4	VEC3	VEC4	agree	-	-	VEC3	VEC4	same	unbounded-loop
SXTW_SBFM_64M_bitfield	sxtw	227c4093	sxtw x2, w1	general	1:MRA	ok	GPR1	GPR2	GPR1	GPR2	agree	-	-	GPR1	GPR2	same	-
SYSL_RC_systeminstrs	sysl	852329d5	sysl x5, #1, c2, c3, #4	system	1:MRA	ok	SYS	GPR5	GPR5	-	disagree	DST+ref:GPR# SRC+ref:SYS SRC+trc:GPR#	-	GPR5	-	DST+ref:GPR# SRC+ref:SYS SRC+trc:GPR#	-
SYSP_CR_syspairinstrs	sysp	ac054cd5	sysp #4, c0, c5, #5, x12, x13	system	1:MRA	ok	-	-	GPR12,GPR13	-	disagree	SRC+trc:GPR# SRC+trc:GPR#	-	GPR12,GPR13	-	SRC+trc:GPR# SRC+trc:GPR#	-
SYS_CR_systeminstrs	sys	852309d5	sys #1, c2, c3, #4, x5	system	1:MRA	ok	GPR5	SYS	GPR5	-	disagree	DST+ref:SYS	-	GPR5	-	DST+ref:SYS	-
TBL_asimdtbl_L1_1	tbl	6400024e	tbl v4.16b, { v3.16b }, v2.16b	advsimd	1:MRA	ok	VEC2,VEC3	VEC4	VEC2,VEC3	VEC4	agree	-	-	VEC2,VEC3	VEC4	same	-
TBL_asimdtbl_L2_2	tbl	6420024e	tbl v4.16b, { v3.16b, v4.16b }, v2.16b	advsimd	1:MRA	ok	VEC2,VEC3,VEC4	VEC4	VEC2,VEC3,VEC4	VEC4	agree	-	-	VEC2,VEC3,VEC4	VEC4	same	-
TBL_asimdtbl_L3_3	tbl	6440024e	tbl v4.16b, { v3.16b, v4.16b, v5.16b }, v2.16b	advsimd	1:MRA	ok	VEC2,VEC3,VEC4,VEC5	VEC4	VEC2,VEC3,VEC4,VEC5	VEC4	agree	-	-	VEC2,VEC3,VEC4,VEC5	VEC4	same	-
TBL_asimdtbl_L4_4	tbl	6460024e	tbl v4.16b, { v3.16b, v4.16b, v5.16b, v6.16b }, v2.16b	advsimd	1:MRA	ok	VEC2,VEC3,VEC4,VEC5,VEC6	VEC4	VEC2,VEC3,VEC4,VEC5,VEC6	VEC4	agree	-	-	VEC2,VEC3,VEC4,VEC5,VEC6	VEC4	same	-
TBNZ_only_testbranch	tbnz	640010b7	tbnz x4, #34, #12	general	1:MRA	ok	GPR4,IP,PSTATE.EL	IP	GPR4	-	agree	-	IP,PSTATE.EL	GPR4	-	same	-
TBX_asimdtbl_L1_1	tbx	6410024e	tbx v4.16b, { v3.16b }, v2.16b	advsimd	1:MRA	ok	VEC2,VEC3,VEC4	VEC4	VEC2,VEC3,VEC4	VEC4	agree	-	-	VEC2,VEC3,VEC4	VEC4	same	-
TBX_asimdtbl_L2_2	tbx	6430024e	tbx v4.16b, { v3.16b, v4.16b }, v2.16b	advsimd	1:MRA	ok	VEC2,VEC3,VEC4	VEC4	VEC2,VEC3,VEC4	VEC4	agree	-	-	VEC2,VEC3,VEC4	VEC4	same	-
TBX_asimdtbl_L3_3	tbx	6450024e	tbx v4.16b, { v3.16b, v4.16b, v5.16b }, v2.16b	advsimd	1:MRA	ok	VEC2,VEC3,VEC4,VEC5	VEC4	VEC2,VEC3,VEC4,VEC5	VEC4	agree	-	-	VEC2,VEC3,VEC4,VEC5	VEC4	same	-
TBX_asimdtbl_L4_4	tbx	6470024e	tbx v4.16b, { v3.16b, v4.16b, v5.16b, v6.16b }, v2.16b	advsimd	1:MRA	ok	VEC2,VEC3,VEC4,VEC5,VEC6	VEC4	VEC2,VEC3,VEC4,VEC5,VEC6	VEC4	agree	-	-	VEC2,VEC3,VEC4,VEC5,VEC6	VEC4	same	-
TBZ_only_testbranch	tbz	640010b6	tbz x4, #34, #12	general	1:MRA	ok	GPR4,IP,PSTATE.EL	IP	GPR4	-	agree	-	IP,PSTATE.EL	GPR4	-	same	-
TCANCEL_EX_exception	tcancel	200060d4	tcancel #0x1	system	1:MRA	ok	-	-	-	-	agree	-	-	-	-	same	-
TCOMMIT_only_barriers	tcommit	7f3003d5	tcommit	system	1:MRA	ok	-	-	-	-	agree	-	-	-	-	same	-
TLBIP_SYSP_CR_syspairinstrs	tlbip	b8834cd5	tlbip vale2is, x24, x25	system	1:MRA	ok	-	-	GPR24,GPR25	-	disagree	SRC+trc:GPR# SRC+trc:GPR#	-	GPR24,GPR25	-	SRC+trc:GPR# SRC+trc:GPR#	-
TLBI_SYS_CR_systeminstrs	tlbi	1c8308d5	tlbi vmalle1is	system	1:MRA	ok	GPR28	SYS	-	-	disagree	DST+ref:SYS SRC+ref:GPR#	-	GPR28	-	DST+ref:SYS	-
TRCIT_SYS_CR_systeminstrs	trcit	e1720bd5	trcit x1	system	1:MRA	ok	GPR1	SYS	GPR1	-	disagree	DST+ref:SYS	-	GPR1	-	DST+ref:SYS	-
TRN1_asimdperm_only	trn1	8528834e	trn1 v5.4s, v4.4s, v3.4s	advsimd	1:MRA	ok	VEC3,VEC4	VEC5	VEC3,VEC4	VEC5	agree	-	-	VEC3,VEC4	VEC5	same	-
TRN2_asimdperm_only	trn2	8568834e	trn2 v5.4s, v4.4s, v3.4s	advsimd	1:MRA	ok	VEC3,VEC4	VEC5	VEC3,VEC4	VEC5	agree	-	-	VEC3,VEC4	VEC5	same	-
TSB_HC_hints	tsb	5f2203d5	tsb csync	system	1:MRA	ok	-	-	-	-	agree	-	-	-	-	same	-
TSTART_BR_systemresult	tstart	613023d5	tstart x1	system	1:MRA	ok	PSTATE.EL,PSTATE.SM,SYS	GPR1	-	GPR1	disagree	SRC+ref:SYS	PSTATE.EL,PSTATE.SM	-	GPR1	SRC+ref:SYS	-
TST_ANDS_32S_log_imm	tst	7f080172	tst w3, #0x80000003	general	1:MRA	ok	GPR3	FLAGS	GPR3	FLAGS	agree	-	-	GPR3	FLAGS,ZERO	DST+trc:ZERO	-
TST_ANDS_32_log_shift	tst	9f0c426a	tst w4, w2, lsr #3	general	1:MRA	ok	GPR2,GPR4	FLAGS	GPR2,GPR4	FLAGS	agree	-	-	GPR2,GPR4	FLAGS,ZERO	DST+trc:ZERO	-
TST_ANDS_64S_log_imm	tst	9f0c42f2	tst x4, #0xc000000000000003	general	1:MRA	ok	GPR4	FLAGS	GPR4	FLAGS	agree	-	-	GPR4	FLAGS,ZERO	DST+trc:ZERO	-
TST_ANDS_64_log_shift	tst	9f0c42ea	tst x4, x2, lsr #3	general	1:MRA	ok	GPR2,GPR4	FLAGS	GPR2,GPR4	FLAGS	agree	-	-	GPR2,GPR4	FLAGS,ZERO	DST+trc:ZERO	-
TTEST_BR_systemresult	ttest	613123d5	ttest x1	system	1:MRA	ok	-	GPR1	-	GPR1	agree	-	-	-	GPR1	same	-
UABAL_asimddiff_L	uabal	b651b82e	uabal v22.2d, v13.2s, v24.2s	advsimd	1:MRA	ok	VEC13,VEC22,VEC24	VEC22	VEC13,VEC22,VEC24	VEC22	agree	-	-	VEC13,VEC22,VEC24	VEC22	same	-
UABA_asimdsame_only	uaba	857ca36e	uaba v5.4s, v4.4s, v3.4s	advsimd	1:MRA	ok	VEC3,VEC4,VEC5	VEC5	VEC3,VEC4,VEC5	VEC5	agree	-	-	VEC3,VEC4,VEC5	VEC5	same	-
UABDL_asimddiff_L	uabdl	13726a2e	uabdl v19.4s, v16.4h, v10.4h	advsimd	1:MRA	ok	VEC10,VEC16	VEC19	VEC10,VEC16	VEC19	agree	-	-	VEC10,VEC16	VEC19	same	-
UABD_asimdsame_only	uabd	8574a36e	uabd v5.4s, v4.4s, v3.4s	advsimd	1:MRA	ok	VEC3,VEC4	VEC5	VEC3,VEC4	VEC5	agree	-	-	VEC3,VEC4	VEC5	same	-
UADALP_asimdmisc_P	uadalp	6468a06e	uadalp v4.2d, v3.4s	advsimd	1:MRA	ok	VEC3,VEC4	VEC4	VEC3,VEC4	VEC4	agree	-	-	VEC3,VEC4	VEC4	same	-
UADDLP_asimdmisc_P	uaddlp	6428a06e	uaddlp v4.2d, v3.4s	advsimd	1:MRA	ok	VEC3	VEC4	VEC3	VEC4	agree	-	-	VEC3	VEC4	same	-
UADDLV_asimdall_only	uaddlv	6438b06e	uaddlv d4, v3.4s	advsimd	1:MRA	ok	VEC3	VEC4	VEC3	VEC4	agree	-	-	VEC3	VEC4	same	-
UADDL_asimddiff_L	uaddl	3102b12e	uaddl v17.2d, v17.2s, v17.2s	advsimd	1:MRA	ok	VEC17	VEC17	VEC17	VEC17	agree	-	-	VEC17	VEC17	same	-
UADDW_asimddiff_W	uaddw	0411302e	uaddw v4.8h, v8.8h, v16.8b	advsimd	1:MRA	ok	VEC16,VEC8	VEC4	VEC16,VEC8	VEC4	agree	-	-	VEC16,VEC8	VEC4	same	-
UBFIZ_UBFM_32M_bitfield	ubfiz	d6080c53	ubfiz w22, w6, #20, #3	general	1:MRA	ok	GPR6	GPR22	GPR6	GPR22	agree	-	-	GPR6	GPR22	same	-
UBFIZ_UBFM_64M_bitfield	ubfiz	04777cd3	ubfiz x4, x24, #4, #30	general	1:MRA	ok	GPR24	GPR4	GPR24	GPR4	agree	-	-	GPR24	GPR4	same	-
UBFM_32M_bitfield	ubfm	64080153	ubfx w4, w3, #1, #2	general	1:MRA	ok	GPR3	GPR4	GPR3	GPR4	agree	-	-	GPR3	GPR4	same	-
UBFM_64M_bitfield	ubfm	640841d3	ubfx x4, x3, #1, #2	general	1:MRA	ok	GPR3	GPR4	GPR3	GPR4	agree	-	-	GPR3	GPR4	same	-
UBFX_UBFM_32M_bitfield	ubfx	1d030053	ubfx w29, w24, #0, #1	general	1:MRA	ok	GPR24	FP_REG	GPR24	FP_REG	agree	-	-	GPR24	FP_REG	same	-
UBFX_UBFM_64M_bitfield	ubfx	4d0140d3	ubfx x13, x10, #0, #1	general	1:MRA	ok	GPR10	GPR13	GPR10	GPR13	agree	-	-	GPR10	GPR13	same	-
UCVTF_D32_float2fix	ucvtf	31da431e	ucvtf d17, w17, #10	float	1:MRA	ok	FCSR,GPR17,PSTATE.SM	VEC17	FCSR,GPR17	VEC17	agree	-	PSTATE.SM	FCSR,GPR17	VEC17	same	-
UCVTF_D32_float2int	ucvtf	2200631e	ucvtf d2, w1	float	1:MRA	ok	FCSR,GPR1,PSTATE.SM	VEC2	FCSR,GPR1	VEC2	agree	-	PSTATE.SM	FCSR,GPR1	VEC2	same	-
UCVTF_D64_float2fix	ucvtf	4304439e	ucvtf d3, x2, #63	float	1:MRA	ok	FCSR,GPR2,PSTATE.SM	VEC3	FCSR,GPR2	VEC3	agree	-	PSTATE.SM	FCSR,GPR2	VEC3	same	-
UCVTF_D64_float2int	ucvtf	2200639e	ucvtf d2, x1	float	1:MRA	ok	FCSR,GPR1,PSTATE.SM	VEC2	FCSR,GPR1	VEC2	agree	-	PSTATE.SM	FCSR,GPR1	VEC2	same	-
UCVTF_H32_float2fix	ucvtf	28a9c31e	ucvtf h8, w9, #22	float	1:MRA	ok	FCSR,GPR9,PSTATE.SM	VEC8	FCSR,GPR9	VEC8	agree	-	PSTATE.SM	FCSR,GPR9	VEC8	same	-
UCVTF_H32_float2int	ucvtf	2200e31e	ucvtf h2, w1	float	1:MRA	ok	FCSR,GPR1,PSTATE.SM	VEC2	FCSR,GPR1	VEC2	agree	-	PSTATE.SM	FCSR,GPR1	VEC2	same	-
UCVTF_H64_float2fix	ucvtf	4304c39e	ucvtf h3, x2, #63	float	1:MRA	ok	FCSR,GPR2,PSTATE.SM	VEC3	FCSR,GPR2	VEC3	agree	-	PSTATE.SM	FCSR,GPR2	VEC3	same	-
UCVTF_H64_float2int	ucvtf	2200e39e	ucvtf h2, x1	float	1:MRA	ok	FCSR,GPR1,PSTATE.SM	VEC2	FCSR,GPR1	VEC2	agree	-	PSTATE.SM	FCSR,GPR1	VEC2	same	-
UCVTF_S32_float2fix	ucvtf	31f2031e	ucvtf s17, w17, #4	float	1:MRA	ok	FCSR,GPR17,PSTATE.SM	VEC17	FCSR,GPR17	VEC17	agree	-	PSTATE.SM	FCSR,GPR17	VEC17	same	-
UCVTF_S32_float2int	ucvtf	2200231e	ucvtf s2, w1	float	1:MRA	ok	FCSR,GPR1,PSTATE.SM	VEC2	FCSR,GPR1	VEC2	agree	-	PSTATE.SM	FCSR,GPR1	VEC2	same	-
UCVTF_S64_float2fix	ucvtf	4304039e	ucvtf s3, x2, #63	float	1:MRA	ok	FCSR,GPR2,PSTATE.SM	VEC3	FCSR,GPR2	VEC3	agree	-	PSTATE.SM	FCSR,GPR2	VEC3	same	-
UCVTF_S64_float2int	ucvtf	2200239e	ucvtf s2, x1	float	1:MRA	ok	FCSR,GPR1,PSTATE.SM	VEC2	FCSR,GPR1	VEC2	agree	-	PSTATE.SM	FCSR,GPR1	VEC2	same	-
UCVTF_asimdmisc_R	ucvtf	64d8216e	ucvtf v4.4s, v3.4s	advsimd	1:MRA	ok	FCSR,VEC3	VEC4	FCSR,VEC3	VEC4	agree	-	-	FCSR,VEC3	VEC4	same	-
UCVTF_asimdmiscfp16_R	ucvtf	43d8796e	ucvtf v3.8h, v2.8h	advsimd	1:MRA	ok	FCSR,VEC2	VEC3	FCSR,VEC2	VEC3	agree	-	-	FCSR,VEC2	VEC3	same	-
UCVTF_asimdshf_C	ucvtf	85e4136f	ucvtf v5.8h, v4.8h, #13	advsimd	1:MRA	ok	FCSR,PSTATE.SM,VEC4	VEC5	VEC4	VEC5	disagree	SRC+ref:FCSR	PSTATE.SM	VEC4	VEC5	SRC+ref:FCSR	unbounded-loop
UCVTF_asisdmisc_R	ucvtf	43d8617e	ucvtf d3, d2	advsimd	1:MRA	ok	FCSR,PSTATE.SM,VEC2	VEC3	FCSR,VEC2	VEC3	agree	-	PSTATE.SM	FCSR,VEC2	VEC3	same	-
UCVTF_asisdmiscfp16_R	ucvtf	22d8797e	ucvtf h2, h1	advsimd	1:MRA	ok	FCSR,PSTATE.SM,VEC1	VEC2	FCSR,VEC1	VEC2	agree	-	PSTATE.SM	FCSR,VEC1	VEC2	same	-
UCVTF_asisdshf_C	ucvtf	51e5797f	ucvtf d17, d10, #7	advsimd	1:MRA	ok	FCSR,PSTATE.SM,VEC10	VEC17	VEC10	VEC17	disagree	SRC+ref:FCSR	PSTATE.SM	VEC10	VEC17	SRC+ref:FCSR	-
UDF_only_perm_undef	udf	01000000	udf #1	general	1:MRA	ok	-	-	-	-	agree	-	-	-	-	same	undefined-path
UDIV_32_dp_2src	udiv	4308c11a	udiv w3, w2, w1	general	1:MRA	ok	GPR1,GPR2	GPR3	GPR1,GPR2	GPR3	agree	-	-	GPR1,GPR2	GPR3	same	-
UDIV_64_dp_2src	udiv	4308c19a	udiv x3, x2, x1	general	1:MRA	ok	GPR1,GPR2	GPR3	GPR1,GPR2	GPR3	agree	-	-	GPR1,GPR2	GPR3	same	-
UDOT_asimdelem_D	udot	22e0a56f	udot v2.4s, v1.16b, v5.4b[1]	advsimd	1:MRA	ok	VEC1,VEC2,VEC5	VEC2	VEC1,VEC2,VEC5	VEC2	agree	-	-	VEC1,VEC2,VEC5	VEC2	same	-
UDOT_asimdsame2_D	udot	8594836e	udot v5.4s, v4.16b, v3.16b	advsimd	1:MRA	ok	VEC3,VEC4,VEC5	VEC5	VEC3,VEC4,VEC5	VEC5	agree	-	-	VEC3,VEC4,VEC5	VEC5	same	-
UHADD_asimdsame_only	uhadd	8504a36e	uhadd v5.4s, v4.4s, v3.4s	advsimd	1:MRA	ok	VEC3,VEC4	VEC5	VEC3,VEC4	VEC5	agree	-	-	VEC3,VEC4	VEC5	same	-
UHSUB_asimdsame_only	uhsub	8524a36e	uhsub v5.4s, v4.4s, v3.4s	advsimd	1:MRA	ok	VEC3,VEC4	VEC5	VEC3,VEC4	VEC5	agree	-	-	VEC3,VEC4	VEC5	same	-
UMADDL_64WA_dp_3src	umaddl	6408a19b	umaddl x4, w3, w1, x2	general	1:MRA	ok	GPR1,GPR2,GPR3	GPR4	GPR1,GPR2,GPR3	GPR4	agree	-	-	GPR1,GPR2,GPR3	GPR4	same	-
UMAXP_asimdsame_only	umaxp	85a4a36e	umaxp v5.4s, v4.4s, v3.4s	advsimd	1:MRA	ok	VEC3,VEC4	VEC5	VEC3,VEC4	VEC5	agree	-	-	VEC3,VEC4	VEC5	same	-
UMAXV_asimdall_only	umaxv	64a8b06e	umaxv s4, v3.4s	advsimd	1:MRA	ok	VEC3	VEC4	VEC3	VEC4	agree	-	-	VEC3	VEC4	same	-
UMAX_32U_minmax_imm	umax	4304c411	umax w3, w2, #1	general	1:MRA	ok	GPR2	GPR3	GPR2	GPR3	agree	-	-	GPR2	GPR3	same	-
UMAX_32_dp_2src	umax	4364c11a	umax w3, w2, w1	general	1:MRA	ok	GPR1,GPR2	GPR3	GPR1,GPR2	GPR3	agree	-	-	GPR1,GPR2	GPR3	same	-
UMAX_64U_minmax_imm	umax	4304c491	umax x3, x2, #1	general	1:MRA	ok	GPR2	GPR3	GPR2	GPR3	agree	-	-	GPR2	GPR3	same	-
UMAX_64_dp_2src	umax	4364c19a	umax x3, x2, x1	general	1:MRA	ok	GPR1,GPR2	GPR3	GPR1,GPR2	GPR3	agree	-	-	GPR1,GPR2	GPR3	same	-
UMAX_asimdsame_only	umax	8564a36e	umax v5.4s, v4.4s, v3.4s	advsimd	1:MRA	ok	VEC3,VEC4	VEC5	VEC3,VEC4	VEC5	agree	-	-	VEC3,VEC4	VEC5	same	-
UMINP_asimdsame_only	uminp	85aca36e	uminp v5.4s, v4.4s, v3.4s	advsimd	1:MRA	ok	VEC3,VEC4	VEC5	VEC3,VEC4	VEC5	agree	-	-	VEC3,VEC4	VEC5	same	-
UMINV_asimdall_only	uminv	64a8b16e	uminv s4, v3.4s	advsimd	1:MRA	ok	VEC3	VEC4	VEC3	VEC4	agree	-	-	VEC3	VEC4	same	-
UMIN_32U_minmax_imm	umin	4304cc11	umin w3, w2, #1	general	1:MRA	ok	GPR2	GPR3	GPR2	GPR3	agree	-	-	GPR2	GPR3	same	-
UMIN_32_dp_2src	umin	436cc11a	umin w3, w2, w1	general	1:MRA	ok	GPR1,GPR2	GPR3	GPR1,GPR2	GPR3	agree	-	-	GPR1,GPR2	GPR3	same	-
UMIN_64U_minmax_imm	umin	4304cc91	umin x3, x2, #1	general	1:MRA	ok	GPR2	GPR3	GPR2	GPR3	agree	-	-	GPR2	GPR3	same	-
UMIN_64_dp_2src	umin	436cc19a	umin x3, x2, x1	general	1:MRA	ok	GPR1,GPR2	GPR3	GPR1,GPR2	GPR3	agree	-	-	GPR1,GPR2	GPR3	same	-
UMIN_asimdsame_only	umin	856ca36e	umin v5.4s, v4.4s, v3.4s	advsimd	1:MRA	ok	VEC3,VEC4	VEC5	VEC3,VEC4	VEC5	agree	-	-	VEC3,VEC4	VEC5	same	-
UMLAL_asimddiff_L	umlal	7981272e	umlal v25.8h, v11.8b, v7.8b	advsimd	1:MRA	ok	VEC11,VEC25,VEC7	VEC25	VEC11,VEC25,VEC7	VEC25	agree	-	-	VEC11,VEC25,VEC7	VEC25	same	-
UMLAL_asimdelem_L	umlal	7e215a2f	umlal v30.4s, v11.4h, v10.h[1]	advsimd	1:MRA	ok	VEC10,VEC11,VEC30	VEC30	VEC10,VEC11,VEC30	VEC30	agree	-	-	VEC10,VEC11,VEC30	VEC30	same	-
UMLSL_asimddiff_L	umlsl	73a26b2e	umlsl v19.4s, v19.4h, v11.4h	advsimd	1:MRA	ok	VEC11,VEC19	VEC19	VEC11,VEC19	VEC19	agree	-	-	VEC11,VEC19	VEC19	same	-
UMLSL_asimdelem_L	umlsl	296a902f	umlsl v9.2d, v17.2s, v16.s[2]	advsimd	1:MRA	ok	VEC16,VEC17,VEC9	VEC9	VEC16,VEC17,VEC9	VEC9	agree	-	-	VEC16,VEC17,VEC9	VEC9	same	-
UMMLA_asimdsame2_G	ummla	43a4816e	ummla v3.4s, v2.16b, v1.16b	advsimd	1:MRA	ok	VEC1,VEC2,VEC3	VEC3	VEC1,VEC2,VEC3	VEC3	agree	-	-	VEC1,VEC2,VEC3	VEC3	same	-
UMNEGL_UMSUBL_64WA_dp_3src	umnegl	43fca19b	umnegl x3, w2, w1	general	1:MRA	ok	GPR1,GPR2,ZERO	GPR3	GPR1,GPR2	GPR3	disagree	SRC+ref:ZERO	-	GPR1,GPR2,ZERO	GPR3	same	-
UMOV_asimdins_W_w	umov	433c010e	umov w3, v2.b[0]	advsimd	1:MRA	ok	VEC2	GPR3	VEC2	GPR3	agree	-	-	VEC2	GPR3	same	-
UMOV_asimdins_X_x	umov	433c084e	mov x3, v2.d[0]	advsimd	1:MRA	ok	VEC2	GPR3	VEC2	GPR3	agree	-	-	VEC2	GPR3	same	-
UMSUBL_64WA_dp_3src	umsubl	6488a19b	umsubl x4, w3, w1, x2	general	1:MRA	ok	GPR1,GPR2,GPR3	GPR4	GPR1,GPR2,GPR3	GPR4	agree	-	-	GPR1,GPR2,GPR3	GPR4	same	-
UMULH_64_dp_3src	umulh	437cc19b	umulh x3, x2, x1	general	1:MRA	ok	GPR1,GPR2	GPR3	GPR1,GPR2	GPR3	agree	-	-	GPR1,GPR2	GPR3	same	-
UMULL_UMADDL_64WA_dp_3src	umull	437ca19b	umull x3, w2, w1	general	1:MRA	ok	GPR1,GPR2,ZERO	GPR3	GPR1,GPR2	GPR3	disagree	SRC+ref:ZERO	-	GPR1,GPR2,ZERO	GPR3	same	-
UMULL_asimddiff_L	umull	31c2b12e	umull v17.2d, v17.2s, v17.2s	advsimd	1:MRA	ok	VEC17	VEC17	VEC17	VEC17	agree	-	-	VEC17	VEC17	same	-
UMULL_asimdelem_L	umull	e7a2602f	umull v7.4s, v23.4h, v0.h[2]	advsimd	1:MRA	ok	VEC0,VEC23	VEC7	VEC0,VEC23	VEC7	agree	-	-	VEC0,VEC23	VEC7	same	-
UQADD_asimdsame_only	uqadd	850ca36e	uqadd v5.4s, v4.4s, v3.4s	advsimd	1:MRA	ok	VEC3,VEC4	FCSR,VEC5	FCSR,VEC3,VEC4	VEC5	disagree	DST+ref:FCSR SRC+trc:FCSR	-	VEC3,VEC4	VEC5	DST+ref:FCSR	-
UQADD_asisdsame_only	uqadd	640c627e	uqadd h4, h3, h2	advsimd	1:MRA	ok	VEC2,VEC3	FCSR,VEC4	FCSR,VEC2,VEC3	VEC4	disagree	DST+ref:FCSR SRC+trc:FCSR	-	VEC2,VEC3	VEC4	DST+ref:FCSR	-
UQRSHL_asimdsame_only	uqrshl	855ca36e	uqrshl v5.4s, v4.4s, v3.4s	advsimd	1:MRA	ok	VEC3,VEC4	FCSR,VEC5	FCSR,VEC3,VEC4	VEC5	disagree	DST+ref:FCSR SRC+trc:FCSR	-	VEC3,VEC4	VEC5	DST+ref:FCSR	-
UQRSHL_asisdsame_only	uqrshl	645c627e	uqrshl h4, h3, h2	advsimd	1:MRA	ok	VEC2,VEC3	FCSR,VEC4	FCSR,VEC2,VEC3	VEC4	disagree	DST+ref:FCSR SRC+trc:FCSR	-	VEC2,VEC3	VEC4	DST+ref:FCSR	-
UQRSHRN_asimdshf_N	uqrshrn	b69e102f	uqrshrn v22.4h, v21.4s, #16	advsimd	1:MRA	ok	VEC21	FCSR,VEC22	FCSR,VEC21	VEC22	disagree	DST+ref:FCSR SRC+trc:FCSR	-	VEC21	VEC22	DST+ref:FCSR	unbounded-loop
UQRSHRN_asisdshf_N	uqrshrn	649c0a7f	uqrshrn b4, h3, #6	advsimd	1:MRA	ok	VEC3	FCSR,VEC4	FCSR,VEC3	VEC4	disagree	DST+ref:FCSR SRC+trc:FCSR	-	VEC3	VEC4	DST+ref:FCSR	unbounded-loop
UQSHL_asimdsame_only	uqshl	854ca36e	uqshl v5.4s, v4.4s, v3.4s	advsimd	1:MRA	ok	VEC3,VEC4	FCSR,VEC5	FCSR,VEC3,VEC4	VEC5	disagree	DST+ref:FCSR SRC+trc:FCSR	-	VEC3,VEC4	VEC5	DST+ref:FCSR	-
UQSHL_asimdshf_R	uqshl	8574136f	uqshl v5.8h, v4.8h, #3	advsimd	1:MRA	ok	VEC4	FCSR,VEC5	FCSR,VEC4	VEC5	disagree	DST+ref:FCSR SRC+trc:FCSR	-	VEC4	VEC5	DST+ref:FCSR	unbounded-loop
UQSHL_asisdsame_only	uqshl	644c627e	uqshl h4, h3, h2	advsimd	1:MRA	ok	VEC2,VEC3	FCSR,VEC4	FCSR,VEC2,VEC3	VEC4	disagree	DST+ref:FCSR SRC+trc:FCSR	-	VEC2,VEC3	VEC4	DST+ref:FCSR	-
UQSHL_asisdshf_R	uqshl	64740a7f	uqshl b4, b3, #2	advsimd	1:MRA	ok	VEC3	FCSR,VEC4	FCSR,VEC3	VEC4	disagree	DST+ref:FCSR SRC+trc:FCSR	-	VEC3	VEC4	DST+ref:FCSR	unbounded-loop
UQSHRN_asimdshf_N	uqshrn	f8961c2f	uqshrn v24.4h, v23.4s, #4	advsimd	1:MRA	ok	VEC23	FCSR,VEC24	FCSR,VEC23	VEC24	disagree	DST+ref:FCSR SRC+trc:FCSR	-	VEC23	VEC24	DST+ref:FCSR	unbounded-loop
UQSHRN_asisdshf_N	uqshrn	64940a7f	uqshrn b4, h3, #6	advsimd	1:MRA	ok	VEC3	FCSR,VEC4	FCSR,VEC3	VEC4	disagree	DST+ref:FCSR SRC+trc:FCSR	-	VEC3	VEC4	DST+ref:FCSR	unbounded-loop
UQSUB_asimdsame_only	uqsub	852ca36e	uqsub v5.4s, v4.4s, v3.4s	advsimd	1:MRA	ok	VEC3,VEC4	FCSR,VEC5	FCSR,VEC3,VEC4	VEC5	disagree	DST+ref:FCSR SRC+trc:FCSR	-	VEC3,VEC4	VEC5	DST+ref:FCSR	-
UQSUB_asisdsame_only	uqsub	642c627e	uqsub h4, h3, h2	advsimd	1:MRA	ok	VEC2,VEC3	FCSR,VEC4	FCSR,VEC2,VEC3	VEC4	disagree	DST+ref:FCSR SRC+trc:FCSR	-	VEC2,VEC3	VEC4	DST+ref:FCSR	-
UQXTN_asimdmisc_N	uqxtn	8a49212e	uqxtn v10.8b, v12.8h	advsimd	1:MRA	ok	VEC12	FCSR,VEC10	FCSR,VEC12	VEC10	disagree	DST+ref:FCSR SRC+trc:FCSR	-	VEC12	VEC10	DST+ref:FCSR	-
UQXTN_asisdmisc_N	uqxtn	4348617e	uqxtn h3, s2	advsimd	1:MRA	ok	VEC2	FCSR,VEC3	FCSR,VEC2	VEC3	disagree	DST+ref:FCSR SRC+trc:FCSR	-	VEC2	VEC3	DST+ref:FCSR	-
URECPE_asimdmisc_R	urecpe	64c8a14e	urecpe v4.4s, v3.4s	advsimd	1:MRA	ok	VEC3	VEC4	VEC3	VEC4	agree	-	-	VEC3	VEC4	same	-
URHADD_asimdsame_only	urhadd	8514a36e	urhadd v5.4s, v4.4s, v3.4s	advsimd	1:MRA	ok	VEC3,VEC4	VEC5	VEC3,VEC4	VEC5	agree	-	-	VEC3,VEC4	VEC5	same	-
URSHL_asimdsame_only	urshl	8554a36e	urshl v5.4s, v4.4s, v3.4s	advsimd	1:MRA	ok	VEC3,VEC4	VEC5	VEC3,VEC4	VEC5	agree	-	-	VEC3,VEC4	VEC5	same	-
URSHL_asisdsame_only	urshl	9e54e57e	urshl d30, d4, d5	advsimd	1:MRA	ok	VEC4,VEC5	VEC30	VEC4,VEC5	VEC30	agree	-	-	VEC4,VEC5	VEC30	same	-
URSHR_asimdshf_R	urshr	8524136f	urshr v5.8h, v4.8h, #13	advsimd	1:MRA	ok	VEC4	VEC5	VEC4	VEC5	agree	-	-	VEC4	VEC5	same	unbounded-loop
URSHR_asisdshf_R	urshr	6d27567f	urshr d13, d27, #42	advsimd	1:MRA	ok	VEC27	VEC13	VEC27	VEC13	agree	-	-	VEC27	VEC13	same	-
URSQRTE_asimdmisc_R	ursqrte	64c8a16e	ursqrte v4.4s, v3.4s	advsimd	1:MRA	ok	VEC3	VEC4	VEC3	VEC4	agree	-	-	VEC3	VEC4	same	-
URSRA_asimdshf_R	ursra	8534136f	ursra v5.8h, v4.8h, #13	advsimd	1:MRA	ok	VEC4,VEC5	VEC5	VEC4,VEC5	VEC5	agree	-	-	VEC4,VEC5	VEC5	same	unbounded-loop
URSRA_asisdshf_R	ursra	96354c7f	ursra d22, d12, #52	advsimd	1:MRA	ok	VEC12,VEC22	VEC22	VEC12,VEC22	VEC22	agree	-	-	VEC12,VEC22	VEC22	same	-
USDOT_asimdelem_D	usdot	c1f8944f	usdot v1.4s, v6.16b, v20.4b[2]	advsimd	1:MRA	ok	VEC1,VEC20,VEC6	VEC1	VEC1,VEC20,VEC6	VEC1	agree	-	-	VEC1,VEC20,VEC6	VEC1	same	-
USDOT_asimdsame2_D	usdot	649c824e	usdot v4.4s, v3.16b, v2.16b	advsimd	1:MRA	ok	VEC2,VEC3,VEC4	VEC4	VEC2,VEC3,VEC4	VEC4	agree	-	-	VEC2,VEC3,VEC4	VEC4	same	-
USHLL_asimdshf_L	ushll	09a5142f	ushll v9.4s, v8.4h, #4	advsimd	1:MRA	ok	VEC8	VEC9	VEC8	VEC9	agree	-	-	VEC8	VEC9	same	unbounded-loop
USHL_asimdsame_only	ushl	8544a36e	ushl v5.4s, v4.4s, v3.4s	advsimd	1:MRA	ok	VEC3,VEC4	VEC5	VEC3,VEC4	VEC5	agree	-	-	VEC3,VEC4	VEC5	same	-
USHL_asisdsame_only	ushl	3447e87e	ushl d20, d25, d8	advsimd	1:MRA	ok	VEC25,VEC8	VEC20	VEC25,VEC8	VEC20	agree	-	-	VEC25,VEC8	VEC20	same	-
USHR_asimdshf_R	ushr	8504136f	ushr v5.8h, v4.8h, #13	advsimd	1:MRA	ok	VEC4	VEC5	VEC4	VEC5	agree	-	-	VEC4	VEC5	same	unbounded-loop
USHR_asisdshf_R	ushr	c707537f	ushr d7, d30, #45	advsimd	1:MRA	ok	VEC30	VEC7	VEC30	VEC7	agree	-	-	VEC30	VEC7	same	-
USMMLA_asimdsame2_G	usmmla	43ac814e	usmmla v3.4s, v2.16b, v1.16b	advsimd	1:MRA	ok	VEC1,VEC2,VEC3	VEC3	VEC1,VEC2,VEC3	VEC3	agree	-	-	VEC1,VEC2,VEC3	VEC3	same	-
USQADD_asimdmisc_R	usqadd	6438a06e	usqadd v4.4s, v3.4s	advsimd	1:MRA	ok	VEC3,VEC4	FCSR,VEC4	VEC3,VEC4	VEC4	disagree	DST+ref:FCSR	-	VEC3,VEC4	VEC4	DST+ref:FCSR	-
USQADD_asisdmisc_R	usqadd	4338607e	usqadd h3, h2	advsimd	1:MRA	ok	VEC2,VEC3	FCSR,VEC3	VEC2,VEC3	VEC3	disagree	DST+ref:FCSR	-	VEC2,VEC3	VEC3	DST+ref:FCSR	-
USRA_asimdshf_R	usra	8514136f	usra v5.8h, v4.8h, #13	advsimd	1:MRA	ok	VEC4,VEC5	VEC5	VEC4,VEC5	VEC5	agree	-	-	VEC4,VEC5	VEC5	same	unbounded-loop
USRA_asisdshf_R	usra	e516647f	usra d5, d23, #28	advsimd	1:MRA	ok	VEC23,VEC5	VEC5	VEC23,VEC5	VEC5	agree	-	-	VEC23,VEC5	VEC5	same	-
USUBL_asimddiff_L	usubl	3122312e	usubl v17.8h, v17.8b, v17.8b	advsimd	1:MRA	ok	VEC17	VEC17	VEC17	VEC17	agree	-	-	VEC17	VEC17	same	-
USUBW_asimddiff_W	usubw	7d33a82e	usubw v29.2d, v27.2d, v8.2s	advsimd	1:MRA	ok	VEC27,VEC8	VEC29	VEC27,VEC8	VEC29	agree	-	-	VEC27,VEC8	VEC29	same	-
UXTB_UBFM_32M_bitfield	uxtb	221c0053	uxtb w2, w1	general	1:MRA	ok	GPR1	GPR2	GPR1	GPR2	agree	-	-	GPR1	GPR2	same	-
UXTH_UBFM_32M_bitfield	uxth	223c0053	uxth w2, w1	general	1:MRA	ok	GPR1	GPR2	GPR1	GPR2	agree	-	-	GPR1	GPR2	same	-
UXTL_USHLL_asimdshf_L	uxtl	64a4106f	ushll2 v4.4s, v3.8h, #0	advsimd	1:MRA	ok	VEC3	VEC4	VEC3	VEC4	agree	-	-	VEC3	VEC4	same	unbounded-loop
UZP1_asimdperm_only	uzp1	8518834e	uzp1 v5.4s, v4.4s, v3.4s	advsimd	1:MRA	ok	VEC3,VEC4	VEC5	VEC3,VEC4	VEC5	agree	-	-	VEC3,VEC4	VEC5	same	-
UZP2_asimdperm_only	uzp2	8558834e	uzp2 v5.4s, v4.4s, v3.4s	advsimd	1:MRA	ok	VEC3,VEC4	VEC5	VEC3,VEC4	VEC5	agree	-	-	VEC3,VEC4	VEC5	same	-
WFET_only_systeminstrswithreg	wfet	011003d5	wfet x1	system	1:MRA	ok	GPR1	-	GPR1	-	agree	-	-	GPR1	-	same	-
WFE_HI_hints	wfe	5f2003d5	wfe	system	1:MRA	ok	-	-	-	-	agree	-	-	-	-	same	-
WFIT_only_systeminstrswithreg	wfit	211003d5	wfit x1	system	1:MRA	ok	GPR1	-	GPR1	-	agree	-	-	GPR1	-	same	-
WFI_HI_hints	wfi	7f2003d5	wfi	system	1:MRA	ok	-	-	-	-	agree	-	-	-	-	same	-
XAFLAG_M_pstate	xaflag	3f4000d5	xaflag	system	1:MRA	ok	FLAGS	FLAGS	FLAGS	FLAGS	agree	-	-	FLAGS	FLAGS	same	-
XAR_VVV2_crypto3_imm6	xar	640881ce	xar v4.2d, v3.2d, v1.2d, #2	advsimd	1:MRA	ok	VEC1,VEC3	VEC4	VEC1,VEC3	VEC4	agree	-	-	VEC1,VEC3	VEC4	same	-
XPACD_64Z_dp_1src	xpacd	e147c1da	xpacd x1	general	1:MRA	ok	GPR1,PSTATE.EL,SYS	GPR1	GPR1	GPR1	disagree	SRC+ref:SYS	PSTATE.EL	GPR1	GPR1	SRC+ref:SYS	-
XPACI_64Z_dp_1src	xpaci	e143c1da	xpaci x1	general	1:MRA	ok	GPR1,PSTATE.EL,SYS	GPR1	GPR1	GPR1	disagree	SRC+ref:SYS	PSTATE.EL	GPR1	GPR1	SRC+ref:SYS	-
XPACLRI_HI_hints	xpaclri	ff2003d5	xpaclri	system	1:MRA	ok	LR,PSTATE.EL,SYS	LR	LR	LR	disagree	SRC+ref:SYS	PSTATE.EL	LR	LR	SRC+ref:SYS	-
XTN_asimdmisc_N	xtn	6828610e	xtn v8.4h, v3.4s	advsimd	1:MRA	ok	VEC3	VEC8	VEC3	VEC8	agree	-	-	VEC3	VEC8	same	-
YIELD_HI_hints	yield	3f2003d5	yield	system	1:MRA	ok	-	-	-	-	agree	-	-	-	-	same	-
ZIP1_asimdperm_only	zip1	8538834e	zip1 v5.4s, v4.4s, v3.4s	advsimd	1:MRA	ok	VEC3,VEC4	VEC5	VEC3,VEC4	VEC5	agree	-	-	VEC3,VEC4	VEC5	same	-
ZIP2_asimdperm_only	zip2	8578834e	zip2 v5.4s, v4.4s, v3.4s	advsimd	1:MRA	ok	VEC3,VEC4	VEC5	VEC3,VEC4	VEC5	agree	-	-	VEC3,VEC4	VEC5	same	-
abs_z_p_z_	abs	64a85604	abs z4.h, p2/m, z3.h	sve	1:MRA	ok	PRED2,VEC3,VEC4	VEC4	PRED2,VEC3,VEC4	VEC4	agree	-	-	PRED2,VEC3,VEC4	VEC4	same	unbounded-loop
adclb_z_zzz_	adclb	64d04245	adclb z4.d, z3.d, z2.d	sve2	1:MRA	ok	VEC2,VEC3,VEC4	VEC4	VEC2,VEC3,VEC4	VEC4	agree	-	-	VEC2,VEC3,VEC4	VEC4	same	-
adclt_z_zzz_	adclt	64d44245	adclt z4.d, z3.d, z2.d	sve2	1:MRA	ok	VEC2,VEC3,VEC4	VEC4	VEC2,VEC3,VEC4	VEC4	agree	-	-	VEC2,VEC3,VEC4	VEC4	same	-
add_mz_zzv_2x1	add	06a362c1	add { z6.h, z7.h }, { z6.h, z7.h }, z2.h	mortlach2	1:MRA	ok	VEC2,VEC6,VEC7	VEC6,VEC7	VEC2,VEC6,VEC7	VEC6,VEC7	agree	-	-	VEC2,VEC6,VEC7	VEC6,VEC7	same	-
add_mz_zzv_4x1	add	0cab62c1	add { z12.h - z15.h }, { z12.h - z15.h }, z2.h	mortlach2	1:MRA	ok	VEC12,VEC13,VEC14,VEC15,VEC2	VEC12,VEC13,VEC14,VEC15	VEC12,VEC13,VEC14,VEC15,VEC2	VEC12,VEC13,VEC14,VEC15	agree	-	-	VEC12,VEC13,VEC14,VEC15,VEC2	VEC12,VEC13,VEC14,VEC15	same	-
add_z_p_zz_	add	64084004	add z4.h, p2/m, z4.h, z3.h	sve	1:MRA	ok	PRED2,VEC3,VEC4	VEC4	PRED2,VEC3,VEC4	VEC4	agree	-	-	PRED2,VEC3,VEC4	VEC4	same	unbounded-loop
add_z_zi_	add	64c06025	add z4.h, z4.h, #3	sve	1:MRA	ok	VEC4	VEC4	VEC4	VEC4	agree	-	-	VEC4	VEC4	same	-
add_z_zz_	add	64006204	add z4.h, z3.h, z2.h	sve	1:MRA	ok	VEC2,VEC3	VEC4	VEC2,VEC3	VEC4	agree	-	-	VEC2,VEC3	VEC4	same	-
add_za_zw_2x2	add	d45ce0c1	add za.d[w10, 4, vgx2], { z6.d, z7.d }	mortlach2	1:MRA	ok	GPR10,MATRIX,VEC6,VEC7	MATRIX	GPR10,MATRIX,VEC6,VEC7	MATRIX	agree	-	-	GPR10,MATRIX,VEC6,VEC7	MATRIX	same	index-runtime:ZA
add_za_zw_4x4	add	945de1c1	add za.d[w10, 4, vgx4], { z12.d - z15.d }	mortlach2	1:MRA	ok	GPR10,MATRIX,VEC12,VEC13,VEC14,VEC15	MATRIX	GPR10,MATRIX,VEC12,VEC13,VEC14,VEC15	MATRIX	agree	-	-	GPR10,MATRIX,VEC12,VEC13,VEC14,VEC15	MATRIX	same	index-runtime:ZA
add_za_zzv_2x1	add	957862c1	add za.d[w11, 5, vgx2], { z4.d, z5.d }, z2.d	mortlach2	1:MRA	ok	GPR11,VEC2,VEC4,VEC5	MATRIX	GPR11,MATRIX,VEC2,VEC4,VEC5	MATRIX	disagree	SRC+trc:MATRIX	-	GPR11,MATRIX,VEC2,VEC4,VEC5	MATRIX	SRC+trc:MATRIX	-
add_za_zzv_4x1	add	957872c1	add za.d[w11, 5, vgx4], { z4.d - z7.d }, z2.d	mortlach2	1:MRA	ok	GPR11,VEC2,VEC4,VEC5,VEC6,VEC7	MATRIX	GPR11,MATRIX,VEC2,VEC4,VEC5,VEC6,VEC7	MATRIX	disagree	SRC+trc:MATRIX	-	GPR11,MATRIX,VEC2,VEC4,VEC5,VEC6,VEC7	MATRIX	SRC+trc:MATRIX	-
add_za_zzw_2x2	add	1579e4c1	add za.d[w11, 5, vgx2], { z8.d, z9.d }, { z4.d, z5.d }	mortlach2	1:MRA	ok	GPR11,VEC4,VEC5,VEC8,VEC9	MATRIX	GPR11,MATRIX,VEC4,VEC5,VEC8,VEC9	MATRIX	disagree	SRC+trc:MATRIX	-	GPR11,MATRIX,VEC4,VEC5,VEC8,VEC9	MATRIX	SRC+trc:MATRIX	-
add_za_zzw_4x4	add	157ae9c1	add za.d[w11, 5, vgx4], { z16.d - z19.d }, { z8.d - z11.d }	mortlach2	1:MRA	ok	GPR11,VEC10,VEC11,VEC16,VEC17,VEC18,VEC19,VEC8,VEC9	MATRIX	GPR11,MATRIX,VEC10,VEC11,VEC16,VEC17,VEC18,VEC19,VEC8,VEC9	MATRIX	disagree	SRC+trc:MATRIX	-	GPR11,MATRIX,VEC10,VEC11,VEC16,VEC17,VEC18,VEC19,VEC8,VEC9	MATRIX	SRC+trc:MATRIX	-
addha_za_pp_z_32	addha	602890c0	addha za0.s, p2/m, p1/m, z3.s	mortlach	1:MRA	ok	MATRIX,PRED1,PRED2,VEC3	MATRIX	MATRIX,PRED1,PRED2,VEC3	MATRIX	agree	-	-	MATRIX,PRED1,PRED2,VEC3	MATRIX	same	-
addha_za_pp_z_64	addha	6428d0c0	addha za4.d, p2/m, p1/m, z3.d	mortlach	1:MRA	ok	MATRIX,PRED1,PRED2,VEC3	MATRIX	MATRIX,PRED1,PRED2,VEC3	MATRIX	agree	-	-	MATRIX,PRED1,PRED2,VEC3	MATRIX	same	-
addhnb_z_zz_	addhnb	64606245	addhnb z4.b, z3.h, z2.h	sve2	1:MRA	ok	VEC2,VEC3	VEC4	VEC2,VEC3	VEC4	agree	-	-	VEC2,VEC3	VEC4	same	-
addhnt_z_zz_	addhnt	64646245	addhnt z4.b, z3.h, z2.h	sve2	1:MRA	ok	VEC2,VEC3,VEC4	VEC4	VEC2,VEC3,VEC4	VEC4	agree	-	-	VEC2,VEC3,VEC4	VEC4	same	-
addp_z_p_zz_	addp	64a85144	addp z4.h, p2/m, z4.h, z3.h	sve2	1:MRA	ok	PRED2,VEC3,VEC4	VEC4	PRED2,VEC3,VEC4	VEC4	agree	-	-	PRED2,VEC3,VEC4	VEC4	same	unbounded-loop
addpl_r_ri_	addpl	43506104	addpl x3, x1, #2	sve	1:MRA	ok	GPR1	GPR3	GPR1	GPR3	agree	-	-	GPR1	GPR3	same	-
addqv_z_p_z_	addqv	64284504	addqv v4.8h, p2, z3.h	sve2	1:MRA	ok	PRED2,VEC3	VEC4	PRED2,VEC3	VEC4	agree	-	-	PRED2,VEC3	VEC4	same	unbounded-loop
addspl_r_ri_	addspl	43586104	addspl x3, x1, #2	mortlach	1:MRA	ok	GPR1	GPR3	GPR1	GPR3	agree	-	-	GPR1	GPR3	same	-
addsvl_r_ri_	addsvl	43582104	addsvl x3, x1, #2	mortlach	1:MRA	ok	GPR1	GPR3	GPR1	GPR3	agree	-	-	GPR1	GPR3	same	-
addva_za_pp_z_32	addva	602891c0	addva za0.s, p2/m, p1/m, z3.s	mortlach	1:MRA	ok	MATRIX,PRED1,PRED2,VEC3	MATRIX	MATRIX,PRED1,PRED2,VEC3	MATRIX	agree	-	-	MATRIX,PRED1,PRED2,VEC3	MATRIX	same	-
addva_za_pp_z_64	addva	6428d1c0	addva za4.d, p2/m, p1/m, z3.d	mortlach	1:MRA	ok	MATRIX,PRED1,PRED2,VEC3	MATRIX	MATRIX,PRED1,PRED2,VEC3	MATRIX	agree	-	-	MATRIX,PRED1,PRED2,VEC3	MATRIX	same	-
addvl_r_ri_	addvl	43502104	addvl x3, x1, #2	sve	1:MRA	ok	GPR1	GPR3	GPR1	GPR3	agree	-	-	GPR1	GPR3	same	-
adr_z_az_d_s32_scaled	adr	64a82104	adr z4.d, [z3.d, z1.d, sxtw #2]	sve	1:MRA	ok	VEC1,VEC3	VEC4	VEC1,VEC3	VEC4	agree	-	-	VEC1,VEC3	VEC4	same	-
adr_z_az_d_u32_scaled	adr	64a86104	adr z4.d, [z3.d, z1.d, uxtw #2]	sve	1:MRA	ok	VEC1,VEC3	VEC4	VEC1,VEC3	VEC4	agree	-	-	VEC1,VEC3	VEC4	same	-
adr_z_az_sd_same_scaled	adr	85ace204	adr z5.d, [z4.d, z2.d, lsl #3]	sve	1:MRA	ok	VEC2,VEC4	VEC5	VEC2,VEC4	VEC5	agree	-	-	VEC2,VEC4	VEC5	same	-
aesd_z_zz_	aesd	22e42245	aesd z2.b, z2.b, z1.b	sve2	1:MRA	ok	VEC1,VEC2	VEC2	VEC1,VEC2	VEC2	agree	-	-	VEC1,VEC2	VEC2	same	-
aese_z_zz_	aese	22e02245	aese z2.b, z2.b, z1.b	sve2	1:MRA	ok	VEC1,VEC2	VEC2	VEC1,VEC2	VEC2	agree	-	-	VEC1,VEC2	VEC2	same	-
aesimc_z_z_	aesimc	01e42045	aesimc z1.b, z1.b	sve2	1:MRA	ok	VEC1	VEC1	VEC1	VEC1	agree	-	-	VEC1	VEC1	same	-
aesmc_z_z_	aesmc	01e02045	aesmc z1.b, z1.b	sve2	1:MRA	ok	VEC1	VEC1	VEC1	VEC1	agree	-	-	VEC1	VEC1	same	-
and_p_p_pp_z	and	64480125	and p4.b, p2/z, p3.b, p1.b	sve	1:MRA	ok	PRED1,PRED2,PRED3	PRED4	PRED1,PRED2,PRED3	PRED4	agree	-	-	PRED1,PRED2,PRED3	PRED4	same	-
and_z_p_zz_	and	64085a04	and z4.h, p2/m, z4.h, z3.h	sve	1:MRA	ok	PRED2,VEC3,VEC4	VEC4	PRED2,VEC3,VEC4	VEC4	agree	-	-	PRED2,VEC3,VEC4	VEC4	same	unbounded-loop
and_z_zi_	and	22008005	and z2.s, z2.s, #0x3	sve	1:MRA	ok	VEC2	VEC2	VEC2	VEC2	agree	-	-	VEC2	VEC2	same	-
and_z_zz_	and	43302104	and z3.d, z2.d, z1.d	sve	1:MRA	ok	VEC1,VEC2	VEC3	VEC1,VEC2	VEC3	agree	-	-	VEC1,VEC2	VEC3	same	-
andqv_z_p_z_	andqv	64285e04	andqv v4.8h, p2, z3.h	sve2	1:MRA	ok	PRED2,VEC3	VEC4	PRED2,VEC3	VEC4	agree	-	-	PRED2,VEC3	VEC4	same	unbounded-loop
ands_p_p_pp_z	ands	64484125	ands p4.b, p2/z, p3.b, p1.b	sve	1:MRA	ok	PRED1,PRED2,PRED3	FLAGS,PRED4	PRED1,PRED2,PRED3	FLAGS,PRED4	agree	-	-	PRED1,PRED2,PRED3	FLAGS,PRED4	same	unbounded-loop
andv_r_p_z_	andv	64285a04	andv h4, p2, z3.h	sve	1:MRA	ok	PRED2,VEC3	VEC4	PRED2,VEC3	VEC4	agree	-	-	PRED2,VEC3	VEC4	same	unbounded-loop
asr_z_p_zi_	asr	858b4004	asr z5.s, p2/m, z5.s, #4	sve	1:MRA	ok	PRED2,VEC5	VEC5	PRED2,VEC5	VEC5	agree	-	-	PRED2,VEC5	VEC5	same	-
asr_z_p_zw_	asr	64885804	asr z4.h, p2/m, z4.h, z3.d	sve	1:MRA	ok	PRED2,VEC3,VEC4	VEC4	PRED2,VEC3,VEC4	VEC4	agree	-	-	PRED2,VEC3,VEC4	VEC4	same	unbounded-loop
asr_z_p_zz_	asr	64885004	asr z4.h, p2/m, z4.h, z3.h	sve	1:MRA	ok	PRED2,VEC3,VEC4	VEC4	PRED2,VEC3,VEC4	VEC4	agree	-	-	PRED2,VEC3,VEC4	VEC4	same	unbounded-loop
asr_z_zi_	asr	85907304	asr z5.s, z4.s, #13	sve	1:MRA	ok	VEC4	VEC5	VEC4	VEC5	agree	-	-	VEC4	VEC5	same	-
asr_z_zw_	asr	64806204	asr z4.h, z3.h, z2.d	sve	1:MRA	ok	VEC2,VEC3	VEC4	VEC2,VEC3	VEC4	agree	-	-	VEC2,VEC3	VEC4	same	-
asrd_z_p_zi_	asrd	858b4404	asrd z5.s, p2/m, z5.s, #4	sve	1:MRA	ok	PRED2,VEC5	VEC5	PRED2,VEC5	VEC5	agree	-	-	PRED2,VEC5	VEC5	same	-
asrr_z_p_zz_	asrr	64885404	asrr z4.h, p2/m, z4.h, z3.h	sve	1:MRA	ok	PRED2,VEC3,VEC4	VEC4	PRED2,VEC3,VEC4	VEC4	agree	-	-	PRED2,VEC3,VEC4	VEC4	same	unbounded-loop
bcax_z_zzz_	bcax	43386104	bcax z3.d, z3.d, z1.d, z2.d	sve2	1:MRA	ok	VEC1,VEC2,VEC3	VEC3	VEC1,VEC2,VEC3	VEC3	agree	-	-	VEC1,VEC2,VEC3	VEC3	same	-
bdep_z_zz_	bdep	64b44245	bdep z4.h, z3.h, z2.h	sve2	1:MRA	ok	VEC2,VEC3	VEC4	VEC2,VEC3	VEC4	agree	-	-	VEC2,VEC3	VEC4	same	-
bext_z_zz_	bext	64b04245	bext z4.h, z3.h, z2.h	sve2	1:MRA	ok	VEC2,VEC3	VEC4	VEC2,VEC3	VEC4	agree	-	-	VEC2,VEC3	VEC4	same	-
bfadd_z_p_zz_	bfadd	43840065	bfadd z3.h, p1/m, z3.h, z2.h	sve2	1:MRA	ok	FCSR,PRED1,PSTATE.SM,VEC2,VEC3	FCSR,VEC3	PRED1,VEC2,VEC3	VEC3	disagree	DST+ref:FCSR SRC+ref:FCSR	PSTATE.SM	PRED1,VEC2,VEC3	VEC3	DST+ref:FCSR SRC+ref:FCSR	unbounded-loop
bfadd_z_zz_	bfadd	43000165	bfadd z3.h, z2.h, z1.h	sve2	1:MRA	ok	FCSR,PSTATE.SM,VEC1,VEC2	FCSR,VEC3	VEC1,VEC2	VEC3	disagree	DST+ref:FCSR SRC+ref:FCSR	PSTATE.SM	VEC1,VEC2	VEC3	DST+ref:FCSR SRC+ref:FCSR	-
bfadd_za_zw_2x2_16	bfadd	833ce4c1	bfadd za.h[w9, 3, vgx2], { z4.h, z5.h }	mortlach2	1:MRA	ok	FCSR,GPR9,MATRIX,VEC4,VEC5	MATRIX	GPR9,MATRIX,VEC4,VEC5	MATRIX	disagree	SRC+ref:FCSR	-	GPR9,MATRIX,VEC4,VEC5	MATRIX	SRC+ref:FCSR	index-runtime:ZA
bfadd_za_zw_4x4_16	bfadd	033de5c1	bfadd za.h[w9, 3, vgx4], { z8.h - z11.h }	mortlach2	1:MRA	ok	FCSR,GPR9,MATRIX,VEC10,VEC11,VEC8,VEC9	MATRIX	GPR9,MATRIX,VEC10,VEC11,VEC8,VEC9	MATRIX	disagree	SRC+ref:FCSR	-	GPR9,MATRIX,VEC10,VEC11,VEC8,VEC9	MATRIX	SRC+ref:FCSR	index-runtime:ZA
bfclamp_mz_zz_2	bfclamp	46c021c1	bfclamp { z6.h, z7.h }, z2.h, z1.h	mortlach2	1:MRA	ok	FCSR,VEC1,VEC2,VEC6,VEC7	VEC6,VEC7	VEC1,VEC2,VEC6,VEC7	VEC6,VEC7	disagree	SRC+ref:FCSR	-	VEC1,VEC2,VEC6,VEC7	VEC6,VEC7	SRC+ref:FCSR	-
bfclamp_mz_zz_4	bfclamp	4cc821c1	bfclamp { z12.h - z15.h }, z2.h, z1.h	mortlach2	1:MRA	ok	FCSR,VEC1,VEC12,VEC13,VEC14,VEC15,VEC2	VEC12,VEC13,VEC14,VEC15	VEC1,VEC12,VEC13,VEC14,VEC15,VEC2	VEC12,VEC13,VEC14,VEC15	disagree	SRC+ref:FCSR	-	VEC1,VEC12,VEC13,VEC14,VEC15,VEC2	VEC12,VEC13,VEC14,VEC15	SRC+ref:FCSR	-
bfclamp_z_zz_	bfclamp	43242164	bfclamp z3.h, z2.h, z1.h	sve2	1:MRA	ok	FCSR,VEC1,VEC2,VEC3	VEC3	VEC1,VEC2,VEC3	VEC3	disagree	SRC+ref:FCSR	-	VEC1,VEC2,VEC3	VEC3	SRC+ref:FCSR	-
bfcvt_z_mz2_	bfcvt	42e060c1	bfcvt z2.h, { z2.s, z3.s }	mortlach2	1:MRA	ok	FCSR,PSTATE.SM,VEC2,VEC3	FCSR,VEC2	VEC2,VEC3	VEC2	disagree	DST+ref:FCSR SRC+ref:FCSR	PSTATE.SM	VEC2,VEC3	VEC2	DST+ref:FCSR SRC+ref:FCSR	-
bfcvt_z_p_z_s2bf	bfcvt	43a48a65	bfcvt z3.h, p1/m, z2.s	sve	1:MRA	ok	FCSR,PRED1,PSTATE.SM,VEC2,VEC3	FCSR,VEC3	PRED1,VEC2,VEC3	VEC3	disagree	DST+ref:FCSR SRC+ref:FCSR	PSTATE.SM	PRED1,VEC2,VEC3	VEC3	DST+ref:FCSR SRC+ref:FCSR	unbounded-loop
bfcvtn_z_mz2_	bfcvtn	62e060c1	bfcvtn z2.h, { z2.s, z3.s }	mortlach2	1:MRA	ok	FCSR,PSTATE.SM,VEC2,VEC3	FCSR,VEC2	VEC2,VEC3	VEC2	disagree	DST+ref:FCSR SRC+ref:FCSR	PSTATE.SM	VEC2,VEC3	VEC2	DST+ref:FCSR SRC+ref:FCSR	-
bfcvtnt_z_p_z_s2bf	bfcvtnt	43a48a64	bfcvtnt z3.h, p1/m, z2.s	sve	1:MRA	ok	FCSR,PRED1,PSTATE.SM,VEC2,VEC3	FCSR,VEC3	PRED1,VEC2,VEC3	VEC3	disagree	DST+ref:FCSR SRC+ref:FCSR	PSTATE.SM	PRED1,VEC2,VEC3	VEC3	DST+ref:FCSR SRC+ref:FCSR	unbounded-loop
bfdot_z_zzz_	bfdot	43806164	bfdot z3.s, z2.h, z1.h	sve	1:MRA	ok	FCSR,VEC1,VEC2,VEC3	VEC3	VEC1,VEC2,VEC3	VEC3	disagree	SRC+ref:FCSR	-	VEC1,VEC2,VEC3	VEC3	SRC+ref:FCSR	-
bfdot_z_zzzi_	bfdot	64406a64	bfdot z4.s, z3.h, z2.h[1]	sve	1:MRA	ok	FCSR,VEC2,VEC3,VEC4	VEC4	VEC2,VEC3,VEC4	VEC4	disagree	SRC+ref:FCSR	-	VEC2,VEC3,VEC4	VEC4	SRC+ref:FCSR	-
bfdot_za_zzi_2xi	bfdot	1d5d51c1	bfdot za.s[w10, 5, vgx2], { z8.h, z9.h }, z1.h[3]	mortlach2	1:MRA	ok	FCSR,GPR10,MATRIX,VEC1,VEC8,VEC9	MATRIX	GPR10,MATRIX,VEC1,VEC8,VEC9	MATRIX	disagree	SRC+ref:FCSR	-	GPR10,MATRIX,VEC1,VEC8,VEC9	MATRIX	SRC+ref:FCSR	index-runtime:ZA
bfdot_za_zzi_4xi	bfdot	1dde51c1	bfdot za.s[w10, 5, vgx4], { z16.h - z19.h }, z1.h[3]	mortlach2	1:MRA	ok	FCSR,GPR10,MATRIX,VEC1,VEC16,VEC17,VEC18,VEC19	MATRIX	GPR10,MATRIX,VEC1,VEC16,VEC17,VEC18,VEC19	MATRIX	disagree	SRC+ref:FCSR	-	GPR10,MATRIX,VEC1,VEC16,VEC17,VEC18,VEC19	MATRIX	SRC+ref:FCSR	index-runtime:ZA
bfdot_za_zzv_2x1	bfdot	745021c1	bfdot za.s[w10, 4, vgx2], { z3.h, z4.h }, z1.h	mortlach2	1:MRA	ok	FCSR,GPR10,MATRIX,VEC1,VEC3,VEC4	MATRIX	GPR10,MATRIX,VEC1,VEC3,VEC4	MATRIX	disagree	SRC+ref:FCSR	-	GPR10,MATRIX,VEC1,VEC3,VEC4	MATRIX	SRC+ref:FCSR	index-runtime:ZA
bfdot_za_zzv_4x1	bfdot	745031c1	bfdot za.s[w10, 4, vgx4], { z3.h - z6.h }, z1.h	mortlach2	1:MRA	ok	FCSR,GPR10,MATRIX,VEC1,VEC3,VEC4,VEC5,VEC6	MATRIX	GPR10,MATRIX,VEC1,VEC3,VEC4,VEC5,VEC6	MATRIX	disagree	SRC+ref:FCSR	-	GPR10,MATRIX,VEC1,VEC3,VEC4,VEC5,VEC6	MATRIX	SRC+ref:FCSR	index-runtime:ZA
bfdot_za_zzw_2x2	bfdot	d450a2c1	bfdot za.s[w10, 4, vgx2], { z6.h, z7.h }, { z2.h, z3.h }	mortlach2	1:MRA	ok	FCSR,GPR10,MATRIX,VEC2,VEC3,VEC6,VEC7	MATRIX	GPR10,MATRIX,VEC2,VEC3,VEC6,VEC7	MATRIX	disagree	SRC+ref:FCSR	-	GPR10,MATRIX,VEC2,VEC3,VEC6,VEC7	MATRIX	SRC+ref:FCSR	index-runtime:ZA
bfdot_za_zzw_4x4	bfdot	9451a5c1	bfdot za.s[w10, 4, vgx4], { z12.h - z15.h }, { z4.h - z7.h }	mortlach2	1:MRA	ok	FCSR,GPR10,MATRIX,VEC12,VEC13,VEC14,VEC15,VEC4,VEC5,VEC6,VEC7	MATRIX	GPR10,MATRIX,VEC12,VEC13,VEC14,VEC15,VEC4,VEC5,VEC6,VEC7	MATRIX	disagree	SRC+ref:FCSR	-	GPR10,MATRIX,VEC12,VEC13,VEC14,VEC15,VEC4,VEC5,VEC6,VEC7	MATRIX	SRC+ref:FCSR	index-runtime:ZA
bfmax_mz_zzv_2x1	bfmax	04a121c1	bfmax { z4.h, z5.h }, { z4.h, z5.h }, z1.h	mortlach2	1:MRA	ok	FCSR,VEC1,VEC4,VEC5	VEC4,VEC5	VEC1,VEC4,VEC5	VEC4,VEC5	disagree	SRC+ref:FCSR	-	VEC1,VEC4,VEC5	VEC4,VEC5	SRC+ref:FCSR	-
bfmax_mz_zzv_4x1	bfmax	08a921c1	bfmax { z8.h - z11.h }, { z8.h - z11.h }, z1.h	mortlach2	1:MRA	ok	FCSR,VEC1,VEC10,VEC11,VEC8,VEC9	VEC10,VEC11,VEC8,VEC9	VEC1,VEC10,VEC11,VEC8,VEC9	VEC10,VEC11,VEC8,VEC9	disagree	SRC+ref:FCSR	-	VEC1,VEC10,VEC11,VEC8,VEC9	VEC10,VEC11,VEC8,VEC9	SRC+ref:FCSR	-
bfmax_mz_zzw_2x2	bfmax	04b122c1	bfmax { z4.h, z5.h }, { z4.h, z5.h }, { z2.h, z3.h }	mortlach2	1:MRA	ok	FCSR,VEC2,VEC3,VEC4,VEC5	VEC4,VEC5	VEC2,VEC3,VEC4,VEC5	VEC4,VEC5	disagree	SRC+ref:FCSR	-	VEC2,VEC3,VEC4,VEC5	VEC4,VEC5	SRC+ref:FCSR	-
bfmax_mz_zzw_4x4	bfmax	08b924c1	bfmax { z8.h - z11.h }, { z8.h - z11.h }, { z4.h - z7.h }	mortlach2	1:MRA	ok	FCSR,VEC10,VEC11,VEC4,VEC5,VEC6,VEC7,VEC8,VEC9	VEC10,VEC11,VEC8,VEC9	VEC10,VEC11,VEC4,VEC5,VEC6,VEC7,VEC8,VEC9	VEC10,VEC11,VEC8,VEC9	disagree	SRC+ref:FCSR	-	VEC10,VEC11,VEC4,VEC5,VEC6,VEC7,VEC8,VEC9	VEC10,VEC11,VEC8,VEC9	SRC+ref:FCSR	-
bfmax_z_p_zz_	bfmax	43840665	bfmax z3.h, p1/m, z3.h, z2.h	sve2	1:MRA	ok	FCSR,PRED1,VEC2,VEC3	VEC3	PRED1,VEC2,VEC3	VEC3	disagree	SRC+ref:FCSR	-	PRED1,VEC2,VEC3	VEC3	SRC+ref:FCSR	unbounded-loop
bfmaxnm_mz_zzv_2x1	bfmaxnm	24a121c1	bfmaxnm { z4.h, z5.h }, { z4.h, z5.h }, z1.h	mortlach2	1:MRA	ok	FCSR,VEC1,VEC4,VEC5	VEC4,VEC5	VEC1,VEC4,VEC5	VEC4,VEC5	disagree	SRC+ref:FCSR	-	VEC1,VEC4,VEC5	VEC4,VEC5	SRC+ref:FCSR	-
bfmaxnm_mz_zzv_4x1	bfmaxnm	28a921c1	bfmaxnm { z8.h - z11.h }, { z8.h - z11.h }, z1.h	mortlach2	1:MRA	ok	FCSR,VEC1,VEC10,VEC11,VEC8,VEC9	VEC10,VEC11,VEC8,VEC9	VEC1,VEC10,VEC11,VEC8,VEC9	VEC10,VEC11,VEC8,VEC9	disagree	SRC+ref:FCSR	-	VEC1,VEC10,VEC11,VEC8,VEC9	VEC10,VEC11,VEC8,VEC9	SRC+ref:FCSR	-
bfmaxnm_mz_zzw_2x2	bfmaxnm	24b122c1	bfmaxnm { z4.h, z5.h }, { z4.h, z5.h }, { z2.h, z3.h }	mortlach2	1:MRA	ok	FCSR,VEC2,VEC3,VEC4,VEC5	VEC4,VEC5	VEC2,VEC3,VEC4,VEC5	VEC4,VEC5	disagree	SRC+ref:FCSR	-	VEC2,VEC3,VEC4,VEC5	VEC4,VEC5	SRC+ref:FCSR	-
bfmaxnm_mz_zzw_4x4	bfmaxnm	28b924c1	bfmaxnm { z8.h - z11.h }, { z8.h - z11.h }, { z4.h - z7.h }	mortlach2	1:MRA	ok	FCSR,VEC10,VEC11,VEC4,VEC5,VEC6,VEC7,VEC8,VEC9	VEC10,VEC11,VEC8,VEC9	VEC10,VEC11,VEC4,VEC5,VEC6,VEC7,VEC8,VEC9	VEC10,VEC11,VEC8,VEC9	disagree	SRC+ref:FCSR	-	VEC10,VEC11,VEC4,VEC5,VEC6,VEC7,VEC8,VEC9	VEC10,VEC11,VEC8,VEC9	SRC+ref:FCSR	-
bfmaxnm_z_p_zz_	bfmaxnm	43840465	bfmaxnm z3.h, p1/m, z3.h, z2.h	sve2	1:MRA	ok	FCSR,PRED1,VEC2,VEC3	VEC3	PRED1,VEC2,VEC3	VEC3	disagree	SRC+ref:FCSR	-	PRED1,VEC2,VEC3	VEC3	SRC+ref:FCSR	unbounded-loop
bfmin_mz_zzv_2x1	bfmin	05a121c1	bfmin { z4.h, z5.h }, { z4.h, z5.h }, z1.h	mortlach2	1:MRA	ok	FCSR,VEC1,VEC4,VEC5	VEC4,VEC5	VEC1,VEC4,VEC5	VEC4,VEC5	disagree	SRC+ref:FCSR	-	VEC1,VEC4,VEC5	VEC4,VEC5	SRC+ref:FCSR	-
bfmin_mz_zzv_4x1	bfmin	09a921c1	bfmin { z8.h - z11.h }, { z8.h - z11.h }, z1.h	mortlach2	1:MRA	ok	FCSR,VEC1,VEC10,VEC11,VEC8,VEC9	VEC10,VEC11,VEC8,VEC9	VEC1,VEC10,VEC11,VEC8,VEC9	VEC10,VEC11,VEC8,VEC9	disagree	SRC+ref:FCSR	-	VEC1,VEC10,VEC11,VEC8,VEC9	VEC10,VEC11,VEC8,VEC9	SRC+ref:FCSR	-
bfmin_mz_zzw_2x2	bfmin	05b122c1	bfmin { z4.h, z5.h }, { z4.h, z5.h }, { z2.h, z3.h }	mortlach2	1:MRA	ok	FCSR,VEC2,VEC3,VEC4,VEC5	VEC4,VEC5	VEC2,VEC3,VEC4,VEC5	VEC4,VEC5	disagree	SRC+ref:FCSR	-	VEC2,VEC3,VEC4,VEC5	VEC4,VEC5	SRC+ref:FCSR	-
bfmin_mz_zzw_4x4	bfmin	09b924c1	bfmin { z8.h - z11.h }, { z8.h - z11.h }, { z4.h - z7.h }	mortlach2	1:MRA	ok	FCSR,VEC10,VEC11,VEC4,VEC5,VEC6,VEC7,VEC8,VEC9	VEC10,VEC11,VEC8,VEC9	VEC10,VEC11,VEC4,VEC5,VEC6,VEC7,VEC8,VEC9	VEC10,VEC11,VEC8,VEC9	disagree	SRC+ref:FCSR	-	VEC10,VEC11,VEC4,VEC5,VEC6,VEC7,VEC8,VEC9	VEC10,VEC11,VEC8,VEC9	SRC+ref:FCSR	-
bfmin_z_p_zz_	bfmin	43840765	bfmin z3.h, p1/m, z3.h, z2.h	sve2	1:MRA	ok	FCSR,PRED1,VEC2,VEC3	VEC3	PRED1,VEC2,VEC3	VEC3	disagree	SRC+ref:FCSR	-	PRED1,VEC2,VEC3	VEC3	SRC+ref:FCSR	unbounded-loop
bfminnm_mz_zzv_2x1	bfminnm	25a121c1	bfminnm { z4.h, z5.h }, { z4.h, z5.h }, z1.h	mortlach2	1:MRA	ok	FCSR,VEC1,VEC4,VEC5	VEC4,VEC5	VEC1,VEC4,VEC5	VEC4,VEC5	disagree	SRC+ref:FCSR	-	VEC1,VEC4,VEC5	VEC4,VEC5	SRC+ref:FCSR	-
bfminnm_mz_zzv_4x1	bfminnm	29a921c1	bfminnm { z8.h - z11.h }, { z8.h - z11.h }, z1.h	mortlach2	1:MRA	ok	FCSR,VEC1,VEC10,VEC11,VEC8,VEC9	VEC10,VEC11,VEC8,VEC9	VEC1,VEC10,VEC11,VEC8,VEC9	VEC10,VEC11,VEC8,VEC9	disagree	SRC+ref:FCSR	-	VEC1,VEC10,VEC11,VEC8,VEC9	VEC10,VEC11,VEC8,VEC9	SRC+ref:FCSR	-
bfminnm_mz_zzw_2x2	bfminnm	25b122c1	bfminnm { z4.h, z5.h }, { z4.h, z5.h }, { z2.h, z3.h }	mortlach2	1:MRA	ok	FCSR,VEC2,VEC3,VEC4,VEC5	VEC4,VEC5	VEC2,VEC3,VEC4,VEC5	VEC4,VEC5	disagree	SRC+ref:FCSR	-	VEC2,VEC3,VEC4,VEC5	VEC4,VEC5	SRC+ref:FCSR	-
bfminnm_mz_zzw_4x4	bfminnm	29b924c1	bfminnm { z8.h - z11.h }, { z8.h - z11.h }, { z4.h - z7.h }	mortlach2	1:MRA	ok	FCSR,VEC10,VEC11,VEC4,VEC5,VEC6,VEC7,VEC8,VEC9	VEC10,VEC11,VEC8,VEC9	VEC10,VEC11,VEC4,VEC5,VEC6,VEC7,VEC8,VEC9	VEC10,VEC11,VEC8,VEC9	disagree	SRC+ref:FCSR	-	VEC10,VEC11,VEC4,VEC5,VEC6,VEC7,VEC8,VEC9	VEC10,VEC11,VEC8,VEC9	SRC+ref:FCSR	-
bfminnm_z_p_zz_	bfminnm	43840565	bfminnm z3.h, p1/m, z3.h, z2.h	sve2	1:MRA	ok	FCSR,PRED1,VEC2,VEC3	VEC3	PRED1,VEC2,VEC3	VEC3	disagree	SRC+ref:FCSR	-	PRED1,VEC2,VEC3	VEC3	SRC+ref:FCSR	unbounded-loop
bfmla_z_p_zzz_	bfmla	64082165	bfmla z4.h, p2/m, z3.h, z1.h	sve2	1:MRA	ok	FCSR,PRED2,PSTATE.SM,VEC1,VEC3,VEC4	FCSR,VEC4	PRED2,VEC1,VEC3,VEC4	VEC4	disagree	DST+ref:FCSR SRC+ref:FCSR	PSTATE.SM	PRED2,VEC1,VEC3,VEC4	VEC4	DST+ref:FCSR SRC+ref:FCSR	unbounded-loop
bfmla_z_zzzi_h	bfmla	85087364	bfmla z5.h, z4.h, z3.h[6]	sve2	1:MRA	ok	FCSR,PSTATE.SM,VEC3,VEC4,VEC5	FCSR,VEC5	VEC3,VEC4,VEC5	VEC5	disagree	DST+ref:FCSR SRC+ref:FCSR	PSTATE.SM	VEC3,VEC4,VEC5	VEC5	DST+ref:FCSR SRC+ref:FCSR	-
bfmla_za_zzi_h2xi	bfmla	2e5d11c1	bfmla za.h[w10, 6, vgx2], { z8.h, z9.h }, z1.h[7]	mortlach2	1:MRA	ok	FCSR,GPR10,MATRIX,VEC1,VEC8,VEC9	MATRIX	GPR10,MATRIX,VEC1,VEC8,VEC9	MATRIX	disagree	SRC+ref:FCSR	-	GPR10,MATRIX,VEC1,VEC8,VEC9	MATRIX	SRC+ref:FCSR	index-runtime:ZA
bfmla_za_zzi_h4xi	bfmla	2ede11c1	bfmla za.h[w10, 6, vgx4], { z16.h - z19.h }, z1.h[7]	mortlach2	1:MRA	ok	FCSR,GPR10,MATRIX,VEC1,VEC16,VEC17,VEC18,VEC19	MATRIX	GPR10,MATRIX,VEC1,VEC16,VEC17,VEC18,VEC19	MATRIX	disagree	SRC+ref:FCSR	-	GPR10,MATRIX,VEC1,VEC16,VEC17,VEC18,VEC19	MATRIX	SRC+ref:FCSR	index-runtime:ZA
bfmla_za_zzv_2x1_16	bfmla	645c61c1	bfmla za.h[w10, 4, vgx2], { z3.h, z4.h }, z1.h	mortlach2	1:MRA	ok	FCSR,GPR10,MATRIX,VEC1,VEC3,VEC4	MATRIX	GPR10,MATRIX,VEC1,VEC3,VEC4	MATRIX	disagree	SRC+ref:FCSR	-	GPR10,MATRIX,VEC1,VEC3,VEC4	MATRIX	SRC+ref:FCSR	index-runtime:ZA
bfmla_za_zzv_4x1_16	bfmla	645c71c1	bfmla za.h[w10, 4, vgx4], { z3.h - z6.h }, z1.h	mortlach2	1:MRA	ok	FCSR,GPR10,MATRIX,VEC1,VEC3,VEC4,VEC5,VEC6	MATRIX	GPR10,MATRIX,VEC1,VEC3,VEC4,VEC5,VEC6	MATRIX	disagree	SRC+ref:FCSR	-	GPR10,MATRIX,VEC1,VEC3,VEC4,VEC5,VEC6	MATRIX	SRC+ref:FCSR	index-runtime:ZA
bfmla_za_zzw_2x2_16	bfmla	cc50e2c1	bfmla za.h[w10, 4, vgx2], { z6.h, z7.h }, { z2.h, z3.h }	mortlach2	1:MRA	ok	FCSR,GPR10,MATRIX,VEC2,VEC3,VEC6,VEC7	MATRIX	GPR10,MATRIX,VEC2,VEC3,VEC6,VEC7	MATRIX	disagree	SRC+ref:FCSR	-	GPR10,MATRIX,VEC2,VEC3,VEC6,VEC7	MATRIX	SRC+ref:FCSR	index-runtime:ZA
bfmla_za_zzw_4x4_16	bfmla	8c51e5c1	bfmla za.h[w10, 4, vgx4], { z12.h - z15.h }, { z4.h - z7.h }	mortlach2	1:MRA	ok	FCSR,GPR10,MATRIX,VEC12,VEC13,VEC14,VEC15,VEC4,VEC5,VEC6,VEC7	MATRIX	GPR10,MATRIX,VEC12,VEC13,VEC14,VEC15,VEC4,VEC5,VEC6,VEC7	MATRIX	disagree	SRC+ref:FCSR	-	GPR10,MATRIX,VEC12,VEC13,VEC14,VEC15,VEC4,VEC5,VEC6,VEC7	MATRIX	SRC+ref:FCSR	index-runtime:ZA
bfmlal_za_zzi_1	bfmlal	b67081c1	bfmlal za.s[w11, 12:13], z5.h, z1.h[0]	mortlach2	1:MRA	ok	FCSR,GPR11,MATRIX,VEC1,VEC5	MATRIX	GPR11,MATRIX,VEC1,VEC5	MATRIX	disagree	SRC+ref:FCSR	-	GPR11,MATRIX,VEC1,VEC5	MATRIX	SRC+ref:FCSR	index-runtime:ZA
bfmlal_za_zzi_2xi	bfmlal	165d91c1	bfmlal za.s[w10, 4:5, vgx2], { z8.h, z9.h }, z1.h[7]	mortlach2	1:MRA	ok	FCSR,GPR10,MATRIX,VEC1,VEC8,VEC9	MATRIX	GPR10,MATRIX,VEC1,VEC8,VEC9	MATRIX	disagree	SRC+ref:FCSR	-	GPR10,MATRIX,VEC1,VEC8,VEC9	MATRIX	SRC+ref:FCSR	index-runtime:ZA
bfmlal_za_zzi_4xi	bfmlal	16de91c1	bfmlal za.s[w10, 4:5, vgx4], { z16.h - z19.h }, z1.h[7]	mortlach2	1:MRA	ok	FCSR,GPR10,MATRIX,VEC1,VEC16,VEC17,VEC18,VEC19	MATRIX	GPR10,MATRIX,VEC1,VEC16,VEC17,VEC18,VEC19	MATRIX	disagree	SRC+ref:FCSR	-	GPR10,MATRIX,VEC1,VEC16,VEC17,VEC18,VEC19	MATRIX	SRC+ref:FCSR	index-runtime:ZA
bfmlal_za_zzv_1	bfmlal	744c21c1	bfmlal za.s[w10, 8:9], z3.h, z1.h	mortlach2	1:MRA	ok	FCSR,GPR10,MATRIX,VEC1,VEC3	MATRIX	GPR10,MATRIX,VEC1,VEC3	MATRIX	disagree	SRC+ref:FCSR	-	GPR10,MATRIX,VEC1,VEC3	MATRIX	SRC+ref:FCSR	index-runtime:ZA
bfmlal_za_zzv_2x1	bfmlal	704821c1	bfmlal za.s[w10, 0:1, vgx2], { z3.h, z4.h }, z1.h	mortlach2	1:MRA	ok	FCSR,GPR10,MATRIX,VEC1,VEC3,VEC4	MATRIX	GPR10,MATRIX,VEC1,VEC3,VEC4	MATRIX	disagree	SRC+ref:FCSR	-	GPR10,MATRIX,VEC1,VEC3,VEC4	MATRIX	SRC+ref:FCSR	index-runtime:ZA
bfmlal_za_zzv_4x1	bfmlal	704831c1	bfmlal za.s[w10, 0:1, vgx4], { z3.h - z6.h }, z1.h	mortlach2	1:MRA	ok	FCSR,GPR10,MATRIX,VEC1,VEC3,VEC4,VEC5,VEC6	MATRIX	GPR10,MATRIX,VEC1,VEC3,VEC4,VEC5,VEC6	MATRIX	disagree	SRC+ref:FCSR	-	GPR10,MATRIX,VEC1,VEC3,VEC4,VEC5,VEC6	MATRIX	SRC+ref:FCSR	index-runtime:ZA
bfmlal_za_zzw_2x2	bfmlal	d048a2c1	bfmlal za.s[w10, 0:1, vgx2], { z6.h, z7.h }, { z2.h, z3.h }	mortlach2	1:MRA	ok	FCSR,GPR10,MATRIX,VEC2,VEC3,VEC6,VEC7	MATRIX	GPR10,MATRIX,VEC2,VEC3,VEC6,VEC7	MATRIX	disagree	SRC+ref:FCSR	-	GPR10,MATRIX,VEC2,VEC3,VEC6,VEC7	MATRIX	SRC+ref:FCSR	index-runtime:ZA
bfmlal_za_zzw_4x4	bfmlal	9049a5c1	bfmlal za.s[w10, 0:1, vgx4], { z12.h - z15.h }, { z4.h - z7.h }	mortlach2	1:MRA	ok	FCSR,GPR10,MATRIX,VEC12,VEC13,VEC14,VEC15,VEC4,VEC5,VEC6,VEC7	MATRIX	GPR10,MATRIX,VEC12,VEC13,VEC14,VEC15,VEC4,VEC5,VEC6,VEC7	MATRIX	disagree	SRC+ref:FCSR	-	GPR10,MATRIX,VEC12,VEC13,VEC14,VEC15,VEC4,VEC5,VEC6,VEC7	MATRIX	SRC+ref:FCSR	index-runtime:ZA
bfmlalb_z_zzz_	bfmlalb	4380e164	bfmlalb z3.s, z2.h, z1.h	sve	1:MRA	ok	FCSR,VEC1,VEC2,VEC3	VEC3	VEC1,VEC2,VEC3	VEC3	disagree	SRC+ref:FCSR	-	VEC1,VEC2,VEC3	VEC3	SRC+ref:FCSR	-
bfmlalb_z_zzzi_	bfmlalb	8548ea64	bfmlalb z5.s, z4.h, z2.h[3]	sve	1:MRA	ok	FCSR,VEC2,VEC4,VEC5	VEC5	VEC2,VEC4,VEC5	VEC5	disagree	SRC+ref:FCSR	-	VEC2,VEC4,VEC5	VEC5	SRC+ref:FCSR	-
bfmlalt_z_zzz_	bfmlalt	4384e164	bfmlalt z3.s, z2.h, z1.h	sve	1:MRA	ok	FCSR,VEC1,VEC2,VEC3	VEC3	VEC1,VEC2,VEC3	VEC3	disagree	SRC+ref:FCSR	-	VEC1,VEC2,VEC3	VEC3	SRC+ref:FCSR	-
bfmlalt_z_zzzi_	bfmlalt	854cea64	bfmlalt z5.s, z4.h, z2.h[3]	sve	1:MRA	ok	FCSR,VEC2,VEC4,VEC5	VEC5	VEC2,VEC4,VEC5	VEC5	disagree	SRC+ref:FCSR	-	VEC2,VEC4,VEC5	VEC5	SRC+ref:FCSR	-
bfmls_z_p_zzz_	bfmls	64282165	bfmls z4.h, p2/m, z3.h, z1.h	sve2	1:MRA	ok	FCSR,PRED2,PSTATE.SM,VEC1,VEC3,VEC4	FCSR,VEC4	PRED2,VEC1,VEC3,VEC4	VEC4	disagree	DST+ref:FCSR SRC+ref:FCSR	PSTATE.SM	PRED2,VEC1,VEC3,VEC4	VEC4	DST+ref:FCSR SRC+ref:FCSR	unbounded-loop
bfmls_z_zzzi_h	bfmls	850c7364	bfmls z5.h, z4.h, z3.h[6]	sve2	1:MRA	ok	FCSR,PSTATE.SM,VEC3,VEC4,VEC5	FCSR,VEC5	VEC3,VEC4,VEC5	VEC5	disagree	DST+ref:FCSR SRC+ref:FCSR	PSTATE.SM	VEC3,VEC4,VEC5	VEC5	DST+ref:FCSR SRC+ref:FCSR	-
bfmls_za_zzi_h2xi	bfmls	3e5d11c1	bfmls za.h[w10, 6, vgx2], { z8.h, z9.h }, z1.h[7]	mortlach2	1:MRA	ok	FCSR,GPR10,MATRIX,VEC1,VEC8,VEC9	MATRIX	GPR10,MATRIX,VEC1,VEC8,VEC9	MATRIX	disagree	SRC+ref:FCSR	-	GPR10,MATRIX,VEC1,VEC8,VEC9	MATRIX	SRC+ref:FCSR	index-runtime:ZA
bfmls_za_zzi_h4xi	bfmls	3ede11c1	bfmls za.h[w10, 6, vgx4], { z16.h - z19.h }, z1.h[7]	mortlach2	1:MRA	ok	FCSR,GPR10,MATRIX,VEC1,VEC16,VEC17,VEC18,VEC19	MATRIX	GPR10,MATRIX,VEC1,VEC16,VEC17,VEC18,VEC19	MATRIX	disagree	SRC+ref:FCSR	-	GPR10,MATRIX,VEC1,VEC16,VEC17,VEC18,VEC19	MATRIX	SRC+ref:FCSR	index-runtime:ZA
bfmls_za_zzv_2x1_16	bfmls	6c5c61c1	bfmls za.h[w10, 4, vgx2], { z3.h, z4.h }, z1.h	mortlach2	1:MRA	ok	FCSR,GPR10,MATRIX,VEC1,VEC3,VEC4	MATRIX	GPR10,MATRIX,VEC1,VEC3,VEC4	MATRIX	disagree	SRC+ref:FCSR	-	GPR10,MATRIX,VEC1,VEC3,VEC4	MATRIX	SRC+ref:FCSR	index-runtime:ZA
bfmls_za_zzv_4x1_16	bfmls	6c5c71c1	bfmls za.h[w10, 4, vgx4], { z3.h - z6.h }, z1.h	mortlach2	1:MRA	ok	FCSR,GPR10,MATRIX,VEC1,VEC3,VEC4,VEC5,VEC6	MATRIX	GPR10,MATRIX,VEC1,VEC3,VEC4,VEC5,VEC6	MATRIX	disagree	SRC+ref:FCSR	-	GPR10,MATRIX,VEC1,VEC3,VEC4,VEC5,VEC6	MATRIX	SRC+ref:FCSR	index-runtime:ZA
bfmls_za_zzw_2x2_16	bfmls	dc50e2c1	bfmls za.h[w10, 4, vgx2], { z6.h, z7.h }, { z2.h, z3.h }	mortlach2	1:MRA	ok	FCSR,GPR10,MATRIX,VEC2,VEC3,VEC6,VEC7	MATRIX	GPR10,MATRIX,VEC2,VEC3,VEC6,VEC7	MATRIX	disagree	SRC+ref:FCSR	-	GPR10,MATRIX,VEC2,VEC3,VEC6,VEC7	MATRIX	SRC+ref:FCSR	index-runtime:ZA
bfmls_za_zzw_4x4_16	bfmls	9c51e5c1	bfmls za.h[w10, 4, vgx4], { z12.h - z15.h }, { z4.h - z7.h }	mortlach2	1:MRA	ok	FCSR,GPR10,MATRIX,VEC12,VEC13,VEC14,VEC15,VEC4,VEC5,VEC6,VEC7	MATRIX	GPR10,MATRIX,VEC12,VEC13,VEC14,VEC15,VEC4,VEC5,VEC6,VEC7	MATRIX	disagree	SRC+ref:FCSR	-	GPR10,MATRIX,VEC12,VEC13,VEC14,VEC15,VEC4,VEC5,VEC6,VEC7	MATRIX	SRC+ref:FCSR	index-runtime:ZA
bfmlsl_za_zzi_1	bfmlsl	be7081c1	bfmlsl za.s[w11, 12:13], z5.h, z1.h[0]	mortlach2	1:MRA	ok	FCSR,GPR11,MATRIX,VEC1,VEC5	MATRIX	GPR11,MATRIX,VEC1,VEC5	MATRIX	disagree	SRC+ref:FCSR	-	GPR11,MATRIX,VEC1,VEC5	MATRIX	SRC+ref:FCSR	index-runtime:ZA
bfmlsl_za_zzi_2xi	bfmlsl	1e5d91c1	bfmlsl za.s[w10, 4:5, vgx2], { z8.h, z9.h }, z1.h[7]	mortlach2	1:MRA	ok	FCSR,GPR10,MATRIX,VEC1,VEC8,VEC9	MATRIX	GPR10,MATRIX,VEC1,VEC8,VEC9	MATRIX	disagree	SRC+ref:FCSR	-	GPR10,MATRIX,VEC1,VEC8,VEC9	MATRIX	SRC+ref:FCSR	index-runtime:ZA
bfmlsl_za_zzi_4xi	bfmlsl	1ede91c1	bfmlsl za.s[w10, 4:5, vgx4], { z16.h - z19.h }, z1.h[7]	mortlach2	1:MRA	ok	FCSR,GPR10,MATRIX,VEC1,VEC16,VEC17,VEC18,VEC19	MATRIX	GPR10,MATRIX,VEC1,VEC16,VEC17,VEC18,VEC19	MATRIX	disagree	SRC+ref:FCSR	-	GPR10,MATRIX,VEC1,VEC16,VEC17,VEC18,VEC19	MATRIX	SRC+ref:FCSR	index-runtime:ZA
bfmlsl_za_zzv_1	bfmlsl	7c4c21c1	bfmlsl za.s[w10, 8:9], z3.h, z1.h	mortlach2	1:MRA	ok	FCSR,GPR10,MATRIX,VEC1,VEC3	MATRIX	GPR10,MATRIX,VEC1,VEC3	MATRIX	disagree	SRC+ref:FCSR	-	GPR10,MATRIX,VEC1,VEC3	MATRIX	SRC+ref:FCSR	index-runtime:ZA
bfmlsl_za_zzv_2x1	bfmlsl	784821c1	bfmlsl za.s[w10, 0:1, vgx2], { z3.h, z4.h }, z1.h	mortlach2	1:MRA	ok	FCSR,GPR10,MATRIX,VEC1,VEC3,VEC4	MATRIX	GPR10,MATRIX,VEC1,VEC3,VEC4	MATRIX	disagree	SRC+ref:FCSR	-	GPR10,MATRIX,VEC1,VEC3,VEC4	MATRIX	SRC+ref:FCSR	index-runtime:ZA
bfmlsl_za_zzv_4x1	bfmlsl	784831c1	bfmlsl za.s[w10, 0:1, vgx4], { z3.h - z6.h }, z1.h	mortlach2	1:MRA	ok	FCSR,GPR10,MATRIX,VEC1,VEC3,VEC4,VEC5,VEC6	MATRIX	GPR10,MATRIX,VEC1,VEC3,VEC4,VEC5,VEC6	MATRIX	disagree	SRC+ref:FCSR	-	GPR10,MATRIX,VEC1,VEC3,VEC4,VEC5,VEC6	MATRIX	SRC+ref:FCSR	index-runtime:ZA
bfmlsl_za_zzw_2x2	bfmlsl	d848a2c1	bfmlsl za.s[w10, 0:1, vgx2], { z6.h, z7.h }, { z2.h, z3.h }	mortlach2	1:MRA	ok	FCSR,GPR10,MATRIX,VEC2,VEC3,VEC6,VEC7	MATRIX	GPR10,MATRIX,VEC2,VEC3,VEC6,VEC7	MATRIX	disagree	SRC+ref:FCSR	-	GPR10,MATRIX,VEC2,VEC3,VEC6,VEC7	MATRIX	SRC+ref:FCSR	index-runtime:ZA
bfmlsl_za_zzw_4x4	bfmlsl	9849a5c1	bfmlsl za.s[w10, 0:1, vgx4], { z12.h - z15.h }, { z4.h - z7.h }	mortlach2	1:MRA	ok	FCSR,GPR10,MATRIX,VEC12,VEC13,VEC14,VEC15,VEC4,VEC5,VEC6,VEC7	MATRIX	GPR10,MATRIX,VEC12,VEC13,VEC14,VEC15,VEC4,VEC5,VEC6,VEC7	MATRIX	disagree	SRC+ref:FCSR	-	GPR10,MATRIX,VEC12,VEC13,VEC14,VEC15,VEC4,VEC5,VEC6,VEC7	MATRIX	SRC+ref:FCSR	index-runtime:ZA
bfmlslb_z_zzz_	bfmlslb	43a0e164	bfmlslb z3.s, z2.h, z1.h	sve2	1:MRA	ok	FCSR,VEC1,VEC2,VEC3	VEC3	VEC1,VEC2,VEC3	VEC3	disagree	SRC+ref:FCSR	-	VEC1,VEC2,VEC3	VEC3	SRC+ref:FCSR	-
bfmlslb_z_zzzi_	bfmlslb	8568ea64	bfmlslb z5.s, z4.h, z2.h[3]	sve2	1:MRA	ok	FCSR,VEC2,VEC4,VEC5	VEC5	VEC2,VEC4,VEC5	VEC5	disagree	SRC+ref:FCSR	-	VEC2,VEC4,VEC5	VEC5	SRC+ref:FCSR	-
bfmlslt_z_zzz_	bfmlslt	43a4e164	bfmlslt z3.s, z2.h, z1.h	sve2	1:MRA	ok	FCSR,VEC1,VEC2,VEC3	VEC3	VEC1,VEC2,VEC3	VEC3	disagree	SRC+ref:FCSR	-	VEC1,VEC2,VEC3	VEC3	SRC+ref:FCSR	-
bfmlslt_z_zzzi_	bfmlslt	856cea64	bfmlslt z5.s, z4.h, z2.h[3]	sve2	1:MRA	ok	FCSR,VEC2,VEC4,VEC5	VEC5	VEC2,VEC4,VEC5	VEC5	disagree	SRC+ref:FCSR	-	VEC2,VEC4,VEC5	VEC5	SRC+ref:FCSR	-
bfmmla_z_zzz_	bfmmla	43e46164	bfmmla z3.s, z2.h, z1.h	sve	1:MRA	ok	FCSR,VEC1,VEC2,VEC3	VEC3	VEC1,VEC2,VEC3	VEC3	disagree	SRC+ref:FCSR	-	VEC1,VEC2,VEC3	VEC3	SRC+ref:FCSR	-
bfmopa_za32_pp_zz_	bfmopa	814c8181	bfmopa za1.s, p3/m, p2/m, z4.h, z1.h	mortlach	1:MRA	ok	FCSR,MATRIX,PRED2,PRED3,VEC1,VEC4	MATRIX	MATRIX,PRED2,PRED3,VEC1,VEC4	MATRIX	disagree	SRC+ref:FCSR	-	MATRIX,PRED2,PRED3,VEC1,VEC4	MATRIX	SRC+ref:FCSR	-
bfmopa_za_pp_zz_16	bfmopa	894ca181	bfmopa za1.h, p3/m, p2/m, z4.h, z1.h	mortlach2	1:MRA	ok	FCSR,MATRIX,PRED2,PRED3,VEC1,VEC4	MATRIX	MATRIX,PRED2,PRED3,VEC1,VEC4	MATRIX	disagree	SRC+ref:FCSR	-	MATRIX,PRED2,PRED3,VEC1,VEC4	MATRIX	SRC+ref:FCSR	-
bfmops_za32_pp_zz_	bfmops	914c8181	bfmops za1.s, p3/m, p2/m, z4.h, z1.h	mortlach	1:MRA	ok	FCSR,MATRIX,PRED2,PRED3,VEC1,VEC4	MATRIX	MATRIX,PRED2,PRED3,VEC1,VEC4	MATRIX	disagree	SRC+ref:FCSR	-	MATRIX,PRED2,PRED3,VEC1,VEC4	MATRIX	SRC+ref:FCSR	-
bfmops_za_pp_zz_16	bfmops	994ca181	bfmops za1.h, p3/m, p2/m, z4.h, z1.h	mortlach2	1:MRA	ok	FCSR,MATRIX,PRED2,PRED3,VEC1,VEC4	MATRIX	MATRIX,PRED2,PRED3,VEC1,VEC4	MATRIX	disagree	SRC+ref:FCSR	-	MATRIX,PRED2,PRED3,VEC1,VEC4	MATRIX	SRC+ref:FCSR	-
bfmul_z_p_zz_	bfmul	43840265	bfmul z3.h, p1/m, z3.h, z2.h	sve2	1:MRA	ok	FCSR,PRED1,PSTATE.SM,VEC2,VEC3	FCSR,VEC3	PRED1,VEC2,VEC3	VEC3	disagree	DST+ref:FCSR SRC+ref:FCSR	PSTATE.SM	PRED1,VEC2,VEC3	VEC3	DST+ref:FCSR SRC+ref:FCSR	unbounded-loop
bfmul_z_zz_	bfmul	43080165	bfmul z3.h, z2.h, z1.h	sve2	1:MRA	ok	FCSR,PSTATE.SM,VEC1,VEC2	FCSR,VEC3	VEC1,VEC2	VEC3	disagree	DST+ref:FCSR SRC+ref:FCSR	PSTATE.SM	VEC1,VEC2	VEC3	DST+ref:FCSR SRC+ref:FCSR	-
bfmul_z_zzi_h	bfmul	85287364	bfmul z5.h, z4.h, z3.h[6]	sve2	1:MRA	ok	FCSR,PSTATE.SM,VEC3,VEC4	FCSR,VEC5	VEC3,VEC4	VEC5	disagree	DST+ref:FCSR SRC+ref:FCSR	PSTATE.SM	VEC3,VEC4	VEC5	DST+ref:FCSR SRC+ref:FCSR	-
bfsub_z_p_zz_	bfsub	43840165	bfsub z3.h, p1/m, z3.h, z2.h	sve2	1:MRA	ok	FCSR,PRED1,PSTATE.SM,VEC2,VEC3	FCSR,VEC3	PRED1,VEC2,VEC3	VEC3	disagree	DST+ref:FCSR SRC+ref:FCSR	PSTATE.SM	PRED1,VEC2,VEC3	VEC3	DST+ref:FCSR SRC+ref:FCSR	unbounded-loop
bfsub_z_zz_	bfsub	43040165	bfsub z3.h, z2.h, z1.h	sve2	1:MRA	ok	FCSR,PSTATE.SM,VEC1,VEC2	FCSR,VEC3	VEC1,VEC2	VEC3	disagree	DST+ref:FCSR SRC+ref:FCSR	PSTATE.SM	VEC1,VEC2	VEC3	DST+ref:FCSR SRC+ref:FCSR	-
bfsub_za_zw_2x2_16	bfsub	8b3ce4c1	bfsub za.h[w9, 3, vgx2], { z4.h, z5.h }	mortlach2	1:MRA	ok	FCSR,GPR9,MATRIX,VEC4,VEC5	MATRIX	GPR9,MATRIX,VEC4,VEC5	MATRIX	disagree	SRC+ref:FCSR	-	GPR9,MATRIX,VEC4,VEC5	MATRIX	SRC+ref:FCSR	index-runtime:ZA
bfsub_za_zw_4x4_16	bfsub	0b3de5c1	bfsub za.h[w9, 3, vgx4], { z8.h - z11.h }	mortlach2	1:MRA	ok	FCSR,GPR9,MATRIX,VEC10,VEC11,VEC8,VEC9	MATRIX	GPR9,MATRIX,VEC10,VEC11,VEC8,VEC9	MATRIX	disagree	SRC+ref:FCSR	-	GPR9,MATRIX,VEC10,VEC11,VEC8,VEC9	MATRIX	SRC+ref:FCSR	index-runtime:ZA
bfvdot_za_zzi_2xi	bfvdot	1d4d51c1	bfvdot za.s[w10, 5, vgx2], { z8.h, z9.h }, z1.h[3]	mortlach2	1:MRA	ok	FCSR,GPR10,MATRIX,VEC1,VEC8,VEC9	MATRIX	GPR10,MATRIX,VEC1,VEC8,VEC9	MATRIX	disagree	SRC+ref:FCSR	-	GPR10,MATRIX,VEC1,VEC8,VEC9	MATRIX	SRC+ref:FCSR	index-runtime:ZA
bgrp_z_zz_	bgrp	64b84245	bgrp z4.h, z3.h, z2.h	sve2	1:MRA	ok	VEC2,VEC3	VEC4	VEC2,VEC3	VEC4	agree	-	-	VEC2,VEC3	VEC4	same	-
bic_p_p_pp_z	bic	74480125	bic p4.b, p2/z, p3.b, p1.b	sve	1:MRA	ok	PRED1,PRED2,PRED3	PRED4	PRED1,PRED2,PRED3	PRED4	agree	-	-	PRED1,PRED2,PRED3	PRED4	same	-
bic_z_p_zz_	bic	64085b04	bic z4.h, p2/m, z4.h, z3.h	sve	1:MRA	ok	PRED2,VEC3,VEC4	VEC4	PRED2,VEC3,VEC4	VEC4	agree	-	-	PRED2,VEC3,VEC4	VEC4	same	unbounded-loop
bic_z_zz_	bic	4330e104	bic z3.d, z2.d, z1.d	sve	1:MRA	ok	VEC1,VEC2	VEC3	VEC1,VEC2	VEC3	agree	-	-	VEC1,VEC2	VEC3	same	-
bics_p_p_pp_z	bics	74484125	bics p4.b, p2/z, p3.b, p1.b	sve	1:MRA	ok	PRED1,PRED2,PRED3	FLAGS,PRED4	PRED1,PRED2,PRED3	FLAGS,PRED4	agree	-	-	PRED1,PRED2,PRED3	FLAGS,PRED4	same	unbounded-loop
bmopa_za_pp_zz_32	bmopa	894c8180	bmopa za1.s, p3/m, p2/m, z4.s, z1.s	mortlach2	1:MRA	ok	MATRIX,PRED2,PRED3,VEC1,VEC4	MATRIX	MATRIX,PRED2,PRED3,VEC1,VEC4	MATRIX	agree	-	-	MATRIX,PRED2,PRED3,VEC1,VEC4	MATRIX	same	unbounded-loop
bmops_za_pp_zz_32	bmops	994c8180	bmops za1.s, p3/m, p2/m, z4.s, z1.s	mortlach2	1:MRA	ok	MATRIX,PRED2,PRED3,VEC1,VEC4	MATRIX	MATRIX,PRED2,PRED3,VEC1,VEC4	MATRIX	agree	-	-	MATRIX,PRED2,PRED3,VEC1,VEC4	MATRIX	same	unbounded-loop
brka_p_p_p_	brka	54441025	brka p4.b, p1/m, p2.b	sve	1:MRA	ok	PRED1,PRED2,PRED4	PRED4	PRED1,PRED2,PRED4	PRED4	agree	-	-	PRED1,PRED2,PRED4	PRED4	same	-
brkas_p_p_p_z	brkas	43445025	brkas p3.b, p1/z, p2.b	sve	1:MRA	ok	PRED1,PRED2	FLAGS,PRED3	PRED1,PRED2	FLAGS,PRED3	agree	-	-	PRED1,PRED2	FLAGS,PRED3	same	dead-reads:1;unbounded-loop
brkb_p_p_p_	brkb	54449025	brkb p4.b, p1/m, p2.b	sve	1:MRA	ok	PRED1,PRED2,PRED4	PRED4	PRED1,PRED2,PRED4	PRED4	agree	-	-	PRED1,PRED2,PRED4	PRED4	same	-
brkbs_p_p_p_z	brkbs	4344d025	brkbs p3.b, p1/z, p2.b	sve	1:MRA	ok	PRED1,PRED2	FLAGS,PRED3	PRED1,PRED2	FLAGS,PRED3	agree	-	-	PRED1,PRED2	FLAGS,PRED3	same	dead-reads:1;unbounded-loop
brkn_p_p_pp_	brkn	43441825	brkn p3.b, p1/z, p2.b, p3.b	sve	1:MRA	ok	PRED1,PRED2,PRED3	PRED3	PRED1,PRED2,PRED3	PRED3	agree	-	-	PRED1,PRED2,PRED3	PRED3	same	unbounded-loop
brkns_p_p_pp_	brkns	43445825	brkns p3.b, p1/z, p2.b, p3.b	sve	1:MRA	ok	PRED1,PRED2,PRED3	FLAGS,PRED3	PRED1,PRED2,PRED3	FLAGS,PRED3	agree	-	-	PRED1,PRED2,PRED3	FLAGS,PRED3	same	unbounded-loop
brkpa_p_p_pp_	brkpa	64c80125	brkpa p4.b, p2/z, p3.b, p1.b	sve	1:MRA	ok	PRED1,PRED2,PRED3	PRED4	PRED1,PRED2,PRED3	PRED4	agree	-	-	PRED1,PRED2,PRED3	PRED4	same	unbounded-loop
brkpas_p_p_pp_	brkpas	64c84125	brkpas p4.b, p2/z, p3.b, p1.b	sve	1:MRA	ok	PRED1,PRED2,PRED3	FLAGS,PRED4	PRED1,PRED2,PRED3	FLAGS,PRED4	agree	-	-	PRED1,PRED2,PRED3	FLAGS,PRED4	same	unbounded-loop
brkpb_p_p_pp_	brkpb	74c80125	brkpb p4.b, p2/z, p3.b, p1.b	sve	1:MRA	ok	PRED1,PRED2,PRED3	PRED4	PRED1,PRED2,PRED3	PRED4	agree	-	-	PRED1,PRED2,PRED3	PRED4	same	unbounded-loop
brkpbs_p_p_pp_	brkpbs	74c84125	brkpbs p4.b, p2/z, p3.b, p1.b	sve	1:MRA	ok	PRED1,PRED2,PRED3	FLAGS,PRED4	PRED1,PRED2,PRED3	FLAGS,PRED4	agree	-	-	PRED1,PRED2,PRED3	FLAGS,PRED4	same	unbounded-loop
bsl1n_z_zzz_	bsl1n	433c6104	bsl1n z3.d, z3.d, z1.d, z2.d	sve2	1:MRA	ok	VEC1,VEC2,VEC3	VEC3	VEC1,VEC2,VEC3	VEC3	agree	-	-	VEC1,VEC2,VEC3	VEC3	same	-
bsl2n_z_zzz_	bsl2n	433ca104	bsl2n z3.d, z3.d, z1.d, z2.d	sve2	1:MRA	ok	VEC1,VEC2,VEC3	VEC3	VEC1,VEC2,VEC3	VEC3	agree	-	-	VEC1,VEC2,VEC3	VEC3	same	-
bsl_z_zzz_	bsl	433c2104	bsl z3.d, z3.d, z1.d, z2.d	sve2	1:MRA	ok	VEC1,VEC2,VEC3	VEC3	VEC1,VEC2,VEC3	VEC3	agree	-	-	VEC1,VEC2,VEC3	VEC3	same	-
cadd_z_zz_	cadd	64d84045	cadd z4.h, z4.h, z3.h, #90	sve2	1:MRA	ok	VEC3,VEC4	VEC4	VEC3,VEC4	VEC4	agree	-	-	VEC3,VEC4	VEC4	same	-
cdot_z_zzz_	cdot	a1108044	cdot z1.s, z5.b, z0.b, #0	sve2	1:MRA	ok	VEC0,VEC1,VEC5	VEC1	VEC0,VEC1,VEC5	VEC1	agree	-	-	VEC0,VEC1,VEC5	VEC1	same	-
cdot_z_zzzi_d	cdot	854cf244	cdot z5.d, z4.h, z2.h[1], #270	sve2	1:MRA	ok	VEC2,VEC4,VEC5	VEC5	VEC2,VEC4,VEC5	VEC5	agree	-	-	VEC2,VEC4,VEC5	VEC5	same	-
cdot_z_zzzi_s	cdot	854caa44	cdot z5.s, z4.b, z2.b[1], #270	sve2	1:MRA	ok	VEC2,VEC4,VEC5	VEC5	VEC2,VEC4,VEC5	VEC5	agree	-	-	VEC2,VEC4,VEC5	VEC5	same	-
clasta_r_p_z_	clasta	64a87005	clasta w4, p2, w4, z3.h	sve	1:MRA	ok	GPR4,PRED2,VEC3	GPR4	GPR4,PRED2,VEC3	GPR4	agree	-	-	GPR4,PRED2,VEC3	GPR4	same	unbounded-loop
clasta_v_p_z_	clasta	64886a05	clasta h4, p2, h4, z3.h	sve	1:MRA	ok	PRED2,VEC3,VEC4	VEC4	PRED2,VEC3,VEC4	VEC4	agree	-	-	PRED2,VEC3,VEC4	VEC4	same	unbounded-loop
clasta_z_p_zz_	clasta	64886805	clasta z4.h, p2, z4.h, z3.h	sve	1:MRA	ok	PRED2,VEC3,VEC4	VEC4	PRED2,VEC3,VEC4	VEC4	agree	-	-	PRED2,VEC3,VEC4	VEC4	same	unbounded-loop
clastb_r_p_z_	clastb	64a87105	clastb w4, p2, w4, z3.h	sve	1:MRA	ok	GPR4,PRED2,VEC3	GPR4	GPR4,PRED2,VEC3	GPR4	agree	-	-	GPR4,PRED2,VEC3	GPR4	same	unbounded-loop
clastb_v_p_z_	clastb	64886b05	clastb h4, p2, h4, z3.h	sve	1:MRA	ok	PRED2,VEC3,VEC4	VEC4	PRED2,VEC3,VEC4	VEC4	agree	-	-	PRED2,VEC3,VEC4	VEC4	same	unbounded-loop
clastb_z_p_zz_	clastb	64886905	clastb z4.h, p2, z4.h, z3.h	sve	1:MRA	ok	PRED2,VEC3,VEC4	VEC4	PRED2,VEC3,VEC4	VEC4	agree	-	-	PRED2,VEC3,VEC4	VEC4	same	unbounded-loop
cls_z_p_z_	cls	64a85804	cls z4.h, p2/m, z3.h	sve	1:MRA	ok	PRED2,VEC3,VEC4	VEC4	PRED2,VEC3,VEC4	VEC4	agree	-	-	PRED2,VEC3,VEC4	VEC4	same	unbounded-loop
clz_z_p_z_	clz	64a85904	clz z4.h, p2/m, z3.h	sve	1:MRA	ok	PRED2,VEC3,VEC4	VEC4	PRED2,VEC3,VEC4	VEC4	agree	-	-	PRED2,VEC3,VEC4	VEC4	same	unbounded-loop
cmla_z_zzz_	cmla	852c4244	cmla z5.h, z4.h, z2.h, #270	sve2	1:MRA	ok	VEC2,VEC4,VEC5	VEC5	VEC2,VEC4,VEC5	VEC5	agree	-	-	VEC2,VEC4,VEC5	VEC5	same	-
cmla_z_zzzi_h	cmla	856caa44	cmla z5.h, z4.h, z2.h[1], #270	sve2	1:MRA	ok	VEC2,VEC4,VEC5	VEC5	VEC2,VEC4,VEC5	VEC5	agree	-	-	VEC2,VEC4,VEC5	VEC5	same	-
cmla_z_zzzi_s	cmla	856cf244	cmla z5.s, z4.s, z2.s[1], #270	sve2	1:MRA	ok	VEC2,VEC4,VEC5	VEC5	VEC2,VEC4,VEC5	VEC5	agree	-	-	VEC2,VEC4,VEC5	VEC5	same	-
cmpeq_p_p_zi_	cmpeq	858c4225	cmpeq p5.h, p3/z, z4.h, #2	sve	1:MRA	ok	PRED3,VEC4	FLAGS,PRED5	PRED3,VEC4	FLAGS,PRED5	agree	-	-	PRED3,VEC4	FLAGS,PRED5	same	unbounded-loop
cmpeq_p_p_zw_	cmpeq	852c4224	cmpeq p5.h, p3/z, z4.h, z2.d	sve	1:MRA	ok	PRED3,VEC2,VEC4	FLAGS,PRED5	PRED3,VEC2,VEC4	FLAGS,PRED5	agree	-	-	PRED3,VEC2,VEC4	FLAGS,PRED5	same	unbounded-loop
cmpeq_p_p_zz_	cmpeq	85ac4224	cmpeq p5.h, p3/z, z4.h, z2.h	sve	1:MRA	ok	PRED3,VEC2,VEC4	FLAGS,PRED5	PRED3,VEC2,VEC4	FLAGS,PRED5	agree	-	-	PRED3,VEC2,VEC4	FLAGS,PRED5	same	unbounded-loop
cmpge_p_p_zi_	cmpge	850c4225	cmpge p5.h, p3/z, z4.h, #2	sve	1:MRA	ok	PRED3,VEC4	FLAGS,PRED5	PRED3,VEC4	FLAGS,PRED5	agree	-	-	PRED3,VEC4	FLAGS,PRED5	same	unbounded-loop
cmpge_p_p_zw_	cmpge	854c4224	cmpge p5.h, p3/z, z4.h, z2.d	sve	1:MRA	ok	PRED3,VEC2,VEC4	FLAGS,PRED5	PRED3,VEC2,VEC4	FLAGS,PRED5	agree	-	-	PRED3,VEC2,VEC4	FLAGS,PRED5	same	unbounded-loop
cmpge_p_p_zz_	cmpge	858c4224	cmpge p5.h, p3/z, z4.h, z2.h	sve	1:MRA	ok	PRED3,VEC2,VEC4	FLAGS,PRED5	PRED3,VEC2,VEC4	FLAGS,PRED5	agree	-	-	PRED3,VEC2,VEC4	FLAGS,PRED5	same	unbounded-loop
cmpgt_p_p_zi_	cmpgt	950c4225	cmpgt p5.h, p3/z, z4.h, #2	sve	1:MRA	ok	PRED3,VEC4	FLAGS,PRED5	PRED3,VEC4	FLAGS,PRED5	agree	-	-	PRED3,VEC4	FLAGS,PRED5	same	unbounded-loop
cmpgt_p_p_zw_	cmpgt	954c4224	cmpgt p5.h, p3/z, z4.h, z2.d	sve	1:MRA	ok	PRED3,VEC2,VEC4	FLAGS,PRED5	PRED3,VEC2,VEC4	FLAGS,PRED5	agree	-	-	PRED3,VEC2,VEC4	FLAGS,PRED5	same	unbounded-loop
cmpgt_p_p_zz_	cmpgt	958c4224	cmpgt p5.h, p3/z, z4.h, z2.h	sve	1:MRA	ok	PRED3,VEC2,VEC4	FLAGS,PRED5	PRED3,VEC2,VEC4	FLAGS,PRED5	agree	-	-	PRED3,VEC2,VEC4	FLAGS,PRED5	same	unbounded-loop
cmphi_p_p_zi_	cmphi	958c6024	cmphi p5.h, p3/z, z4.h, #2	sve	1:MRA	ok	PRED3,VEC4	FLAGS,PRED5	PRED3,VEC4	FLAGS,PRED5	agree	-	-	PRED3,VEC4	FLAGS,PRED5	same	unbounded-loop
cmphi_p_p_zw_	cmphi	95cc4224	cmphi p5.h, p3/z, z4.h, z2.d	sve	1:MRA	ok	PRED3,VEC2,VEC4	FLAGS,PRED5	PRED3,VEC2,VEC4	FLAGS,PRED5	agree	-	-	PRED3,VEC2,VEC4	FLAGS,PRED5	same	unbounded-loop
cmphi_p_p_zz_	cmphi	950c4224	cmphi p5.h, p3/z, z4.h, z2.h	sve	1:MRA	ok	PRED3,VEC2,VEC4	FLAGS,PRED5	PRED3,VEC2,VEC4	FLAGS,PRED5	agree	-	-	PRED3,VEC2,VEC4	FLAGS,PRED5	same	unbounded-loop
cmphs_p_p_zi_	cmphs	858c6024	cmphs p5.h, p3/z, z4.h, #2	sve	1:MRA	ok	PRED3,VEC4	FLAGS,PRED5	PRED3,VEC4	FLAGS,PRED5	agree	-	-	PRED3,VEC4	FLAGS,PRED5	same	unbounded-loop
cmphs_p_p_zw_	cmphs	85cc4224	cmphs p5.h, p3/z, z4.h, z2.d	sve	1:MRA	ok	PRED3,VEC2,VEC4	FLAGS,PRED5	PRED3,VEC2,VEC4	FLAGS,PRED5	agree	-	-	PRED3,VEC2,VEC4	FLAGS,PRED5	same	unbounded-loop
cmphs_p_p_zz_	cmphs	850c4224	cmphs p5.h, p3/z, z4.h, z2.h	sve	1:MRA	ok	PRED3,VEC2,VEC4	FLAGS,PRED5	PRED3,VEC2,VEC4	FLAGS,PRED5	agree	-	-	PRED3,VEC2,VEC4	FLAGS,PRED5	same	unbounded-loop
cmple_p_p_zi_	cmple	952c4225	cmple p5.h, p3/z, z4.h, #2	sve	1:MRA	ok	PRED3,VEC4	FLAGS,PRED5	PRED3,VEC4	FLAGS,PRED5	agree	-	-	PRED3,VEC4	FLAGS,PRED5	same	unbounded-loop
cmple_p_p_zw_	cmple	956c4224	cmple p5.h, p3/z, z4.h, z2.d	sve	1:MRA	ok	PRED3,VEC2,VEC4	FLAGS,PRED5	PRED3,VEC2,VEC4	FLAGS,PRED5	agree	-	-	PRED3,VEC2,VEC4	FLAGS,PRED5	same	unbounded-loop
cmplo_p_p_zi_	cmplo	85ac6024	cmplo p5.h, p3/z, z4.h, #2	sve	1:MRA	ok	PRED3,VEC4	FLAGS,PRED5	PRED3,VEC4	FLAGS,PRED5	agree	-	-	PRED3,VEC4	FLAGS,PRED5	same	unbounded-loop
cmplo_p_p_zw_	cmplo	85ec4224	cmplo p5.h, p3/z, z4.h, z2.d	sve	1:MRA	ok	PRED3,VEC2,VEC4	FLAGS,PRED5	PRED3,VEC2,VEC4	FLAGS,PRED5	agree	-	-	PRED3,VEC2,VEC4	FLAGS,PRED5	same	unbounded-loop
cmpls_p_p_zi_	cmpls	95ac6024	cmpls p5.h, p3/z, z4.h, #2	sve	1:MRA	ok	PRED3,VEC4	FLAGS,PRED5	PRED3,VEC4	FLAGS,PRED5	agree	-	-	PRED3,VEC4	FLAGS,PRED5	same	unbounded-loop
cmpls_p_p_zw_	cmpls	95ec4224	cmpls p5.h, p3/z, z4.h, z2.d	sve	1:MRA	ok	PRED3,VEC2,VEC4	FLAGS,PRED5	PRED3,VEC2,VEC4	FLAGS,PRED5	agree	-	-	PRED3,VEC2,VEC4	FLAGS,PRED5	same	unbounded-loop
cmplt_p_p_zi_	cmplt	852c4225	cmplt p5.h, p3/z, z4.h, #2	sve	1:MRA	ok	PRED3,VEC4	FLAGS,PRED5	PRED3,VEC4	FLAGS,PRED5	agree	-	-	PRED3,VEC4	FLAGS,PRED5	same	unbounded-loop
cmplt_p_p_zw_	cmplt	856c4224	cmplt p5.h, p3/z, z4.h, z2.d	sve	1:MRA	ok	PRED3,VEC2,VEC4	FLAGS,PRED5	PRED3,VEC2,VEC4	FLAGS,PRED5	agree	-	-	PRED3,VEC2,VEC4	FLAGS,PRED5	same	unbounded-loop
cmpne_p_p_zi_	cmpne	958c4225	cmpne p5.h, p3/z, z4.h, #2	sve	1:MRA	ok	PRED3,VEC4	FLAGS,PRED5	PRED3,VEC4	FLAGS,PRED5	agree	-	-	PRED3,VEC4	FLAGS,PRED5	same	unbounded-loop
cmpne_p_p_zw_	cmpne	952c4224	cmpne p5.h, p3/z, z4.h, z2.d	sve	1:MRA	ok	PRED3,VEC2,VEC4	FLAGS,PRED5	PRED3,VEC2,VEC4	FLAGS,PRED5	agree	-	-	PRED3,VEC2,VEC4	FLAGS,PRED5	same	unbounded-loop
cmpne_p_p_zz_	cmpne	95ac4224	cmpne p5.h, p3/z, z4.h, z2.h	sve	1:MRA	ok	PRED3,VEC2,VEC4	FLAGS,PRED5	PRED3,VEC2,VEC4	FLAGS,PRED5	agree	-	-	PRED3,VEC2,VEC4	FLAGS,PRED5	same	unbounded-loop
cnot_z_p_z_	cnot	64a85b04	cnot z4.h, p2/m, z3.h	sve	1:MRA	ok	PRED2,VEC3,VEC4	VEC4	PRED2,VEC3,VEC4	VEC4	agree	-	-	PRED2,VEC3,VEC4	VEC4	same	unbounded-loop
cnt_z_p_z_	cnt	64a85a04	cnt z4.h, p2/m, z3.h	sve	1:MRA	ok	PRED2,VEC3,VEC4	VEC4	PRED2,VEC3,VEC4	VEC4	agree	-	-	PRED2,VEC3,VEC4	VEC4	same	unbounded-loop
cntb_r_s_	cntb	43e02104	cntb x3, vl2, mul #2	sve	1:MRA	ok	-	GPR3	-	GPR3	agree	-	-	-	GPR3	same	-
cntd_r_s_	cntd	43e0e104	cntd x3, vl2, mul #2	sve	1:MRA	ok	-	GPR3	-	GPR3	agree	-	-	-	GPR3	same	-
cnth_r_s_	cnth	43e06104	cnth x3, vl2, mul #2	sve	1:MRA	ok	-	GPR3	-	GPR3	agree	-	-	-	GPR3	same	-
cntp_r_p_p_	cntp	64886025	cntp x4, p2, p3.h	sve	1:MRA	ok	PRED2,PRED3	GPR4	PRED2,PRED3	GPR4	agree	-	-	PRED2,PRED3	GPR4	same	-
cntp_r_pn_	cntp	64826025	cntp x4, pn3.h, vlx2	sve2	1:MRA	ok	PRED3	GPR4	PRED3	GPR4	agree	-	-	PRED3	GPR4	same	unbounded-loop
cntw_r_s_	cntw	43e0a104	cntw x3, vl2, mul #2	sve	1:MRA	ok	-	GPR3	-	GPR3	agree	-	-	-	GPR3	same	-
compact_z_p_z_	compact	ab96e105	compact z11.d, p5, z21.d	sve	1:MRA	ok	PRED5,VEC21	VEC11	PRED5,VEC21	VEC11	agree	-	-	PRED5,VEC21	VEC11	same	unbounded-loop
cpy_z_o_i_	cpy	85205205	mov z5.h, p2/z, #1024	sve	1:MRA	ok	PRED2	VEC5	PRED2	VEC5	agree	-	-	PRED2	VEC5	same	dead-reads:1
cpy_z_p_i_	cpy	85605205	mov z5.h, p2/m, #1024	sve	1:MRA	ok	PRED2,VEC5	VEC5	PRED2,VEC5	VEC5	agree	-	-	PRED2,VEC5	VEC5	same	-
cpy_z_p_r_	cpy	64a86805	mov z4.h, p2/m, w3	sve	1:MRA	ok	GPR3,PRED2,VEC4	VEC4	GPR3,PRED2,VEC4	VEC4	agree	-	-	GPR3,PRED2,VEC4	VEC4	same	unbounded-loop
cpy_z_p_v_	cpy	64886005	mov z4.h, p2/m, h3	sve	1:MRA	ok	PRED2,VEC3,VEC4	VEC4	PRED2,VEC3,VEC4	VEC4	agree	-	-	PRED2,VEC3,VEC4	VEC4	same	unbounded-loop
ctermeq_rr_	ctermeq	6020e225	ctermeq x3, x2	sve	1:MRA	ok	FLAGS,GPR2,GPR3	FLAGS	GPR2,GPR3	FLAGS	disagree	SRC+ref:FLAGS	-	GPR2,GPR3	FLAGS	SRC+ref:FLAGS	partial-flag-write
ctermne_rr_	ctermne	7020e225	ctermne x3, x2	sve	1:MRA	ok	FLAGS,GPR2,GPR3	FLAGS	GPR2,GPR3	FLAGS	disagree	SRC+ref:FLAGS	-	GPR2,GPR3	FLAGS	SRC+ref:FLAGS	partial-flag-write
decb_r_rs_	decb	43e43104	decb x3, vl2, mul #2	sve	1:MRA	ok	GPR3	GPR3	GPR3	GPR3	agree	-	-	GPR3	GPR3	same	-
decd_r_rs_	decd	43e4f104	decd x3, vl2, mul #2	sve	1:MRA	ok	GPR3	GPR3	GPR3	GPR3	agree	-	-	GPR3	GPR3	same	-
decd_z_zs_	decd	43c4f104	decd z3.d, vl2, mul #2	sve	1:MRA	ok	VEC3	VEC3	VEC3	VEC3	agree	-	-	VEC3	VEC3	same	-
dech_r_rs_	dech	43e47104	dech x3, vl2, mul #2	sve	1:MRA	ok	GPR3	GPR3	GPR3	GPR3	agree	-	-	GPR3	GPR3	same	-
dech_z_zs_	dech	43c47104	dech z3.h, vl2, mul #2	sve	1:MRA	ok	VEC3	VEC3	VEC3	VEC3	agree	-	-	VEC3	VEC3	same	-
decp_r_p_r_	decp	43886d25	decp x3, p2.h	sve	1:MRA	ok	GPR3,PRED2	GPR3	GPR3,PRED2	GPR3	agree	-	-	GPR3,PRED2	GPR3	same	-
decp_z_p_z_	decp	43806d25	decp z3.h, p2.h	sve	1:MRA	ok	PRED2,VEC3	VEC3	PRED2,VEC3	VEC3	agree	-	-	PRED2,VEC3	VEC3	same	-
decw_r_rs_	decw	43e4b104	decw x3, vl2, mul #2	sve	1:MRA	ok	GPR3	GPR3	GPR3	GPR3	agree	-	-	GPR3	GPR3	same	-
decw_z_zs_	decw	43c4b104	decw z3.s, vl2, mul #2	sve	1:MRA	ok	VEC3	VEC3	VEC3	VEC3	agree	-	-	VEC3	VEC3	same	-
dup_z_i_	dup	64c07825	mov z4.h, #3	sve	1:MRA	ok	-	VEC4	-	VEC4	agree	-	-	-	VEC4	same	-
dup_z_r_	dup	43386005	mov z3.h, w2	sve	1:MRA	ok	GPR2	VEC3	GPR2	VEC3	agree	-	-	GPR2	VEC3	same	-
dup_z_zi_	dup	64206205	mov z4.h, z3.h[8]	sve	1:MRA	ok	VEC3	VEC4	VEC3	VEC4	agree	-	-	VEC3	VEC4	same	-
dupm_z_i_	dupm	2200c005	dupm z2.s, #0x3	sve	1:MRA	ok	-	VEC2	-	VEC2	agree	-	-	-	VEC2	same	-
dupq_z_zi_	dupq	64243205	dupq z4.h, z3.h[4]	sve2	1:MRA	ok	VEC3	VEC4	VEC3	VEC4	agree	-	-	VEC3	VEC4	same	-
eor3_z_zzz_	eor3	43382104	eor3 z3.d, z3.d, z1.d, z2.d	sve2	1:MRA	ok	VEC1,VEC2,VEC3	VEC3	VEC1,VEC2,VEC3	VEC3	agree	-	-	VEC1,VEC2,VEC3	VEC3	same	-
eor_p_p_pp_z	eor	644a0125	eor p4.b, p2/z, p3.b, p1.b	sve	1:MRA	ok	PRED1,PRED2,PRED3	PRED4	PRED1,PRED2,PRED3	PRED4	agree	-	-	PRED1,PRED2,PRED3	PRED4	same	-
eor_z_p_zz_	eor	64085904	eor z4.h, p2/m, z4.h, z3.h	sve	1:MRA	ok	PRED2,VEC3,VEC4	VEC4	PRED2,VEC3,VEC4	VEC4	agree	-	-	PRED2,VEC3,VEC4	VEC4	same	unbounded-loop
eor_z_zi_	eor	22004005	eor z2.s, z2.s, #0x3	sve	1:MRA	ok	VEC2	VEC2	VEC2	VEC2	agree	-	-	VEC2	VEC2	same	-
eor_z_zz_	eor	4330a104	eor z3.d, z2.d, z1.d	sve	1:MRA	ok	VEC1,VEC2	VEC3	VEC1,VEC2	VEC3	agree	-	-	VEC1,VEC2	VEC3	same	-
eorbt_z_zz_	eorbt	64904245	eorbt z4.h, z3.h, z2.h	sve2	1:MRA	ok	VEC2,VEC3,VEC4	VEC4	VEC2,VEC3,VEC4	VEC4	agree	-	-	VEC2,VEC3,VEC4	VEC4	same	-
eorqv_z_p_z_	eorqv	64285d04	eorqv v4.8h, p2, z3.h	sve2	1:MRA	ok	PRED2,VEC3	VEC4	PRED2,VEC3	VEC4	agree	-	-	PRED2,VEC3	VEC4	same	unbounded-loop
eors_p_p_pp_z	eors	644a4125	eors p4.b, p2/z, p3.b, p1.b	sve	1:MRA	ok	PRED1,PRED2,PRED3	FLAGS,PRED4	PRED1,PRED2,PRED3	FLAGS,PRED4	agree	-	-	PRED1,PRED2,PRED3	FLAGS,PRED4	same	unbounded-loop
eortb_z_zz_	eortb	64944245	eortb z4.h, z3.h, z2.h	sve2	1:MRA	ok	VEC2,VEC3,VEC4	VEC4	VEC2,VEC3,VEC4	VEC4	agree	-	-	VEC2,VEC3,VEC4	VEC4	same	-
eorv_r_p_z_	eorv	64285904	eorv h4, p2, z3.h	sve	1:MRA	ok	PRED2,VEC3	VEC4	PRED2,VEC3	VEC4	agree	-	-	PRED2,VEC3	VEC4	same	unbounded-loop
ext_z_zi_con	ext	64086105	ext z4.b, { z3.b, z4.b }, #10	sve	1:MRA	ok	VEC3,VEC4	VEC4	VEC3,VEC4	VEC4	agree	-	-	VEC3,VEC4	VEC4	same	-
ext_z_zi_des	ext	64082105	ext z4.b, z4.b, z3.b, #10	sve	1:MRA	ok	VEC3,VEC4	VEC4	VEC3,VEC4	VEC4	agree	-	-	VEC3,VEC4	VEC4	same	-
extq_z_zi_des	extq	43246105	extq z3.b, z3.b, z2.b, #1	sve2	1:MRA	ok	VEC2,VEC3	VEC3	VEC2,VEC3	VEC3	agree	-	-	VEC2,VEC3	VEC3	same	-
fabd_z_p_zz_	fabd	64884865	fabd z4.h, p2/m, z4.h, z3.h	sve	1:MRA	ok	FCSR,PRED2,PSTATE.SM,VEC3,VEC4	FCSR,VEC4	PRED2,VEC3,VEC4	VEC4	disagree	DST+ref:FCSR SRC+ref:FCSR	PSTATE.SM	PRED2,VEC3,VEC4	VEC4	DST+ref:FCSR SRC+ref:FCSR	unbounded-loop
fabs_z_p_z_	fabs	64a85c04	fabs z4.h, p2/m, z3.h	sve	1:MRA	ok	PRED2,VEC3,VEC4	VEC4	FCSR,PRED2,VEC3,VEC4	VEC4	disagree	SRC+trc:FCSR	-	PRED2,VEC3,VEC4	VEC4	same	unbounded-loop
facge_p_p_zz_	facge	95cc4265	facge p5.h, p3/z, z4.h, z2.h	sve	1:MRA	ok	FCSR,PRED3,PSTATE.SM,VEC2,VEC4	FCSR,PRED5	PRED3,VEC2,VEC4	PRED5	disagree	DST+ref:FCSR SRC+ref:FCSR	PSTATE.SM	PRED3,VEC2,VEC4	PRED5	DST+ref:FCSR SRC+ref:FCSR	unbounded-loop
facgt_p_p_zz_	facgt	95ec4265	facgt p5.h, p3/z, z4.h, z2.h	sve	1:MRA	ok	FCSR,PRED3,PSTATE.SM,VEC2,VEC4	FCSR,PRED5	PRED3,VEC2,VEC4	PRED5	disagree	DST+ref:FCSR SRC+ref:FCSR	PSTATE.SM	PRED3,VEC2,VEC4	PRED5	DST+ref:FCSR SRC+ref:FCSR	unbounded-loop
fadd_z_p_zs_	fadd	24885865	fadd z4.h, p2/m, z4.h, #1.0	sve	1:MRA	ok	FCSR,PRED2,PSTATE.SM,VEC4	FCSR,VEC4	PRED2,VEC4	VEC4	disagree	DST+ref:FCSR SRC+ref:FCSR	PSTATE.SM	PRED2,VEC4	VEC4	DST+ref:FCSR SRC+ref:FCSR	-
fadd_z_p_zz_	fadd	64884065	fadd z4.h, p2/m, z4.h, z3.h	sve	1:MRA	ok	FCSR,PRED2,PSTATE.SM,VEC3,VEC4	FCSR,VEC4	PRED2,VEC3,VEC4	VEC4	disagree	DST+ref:FCSR SRC+ref:FCSR	PSTATE.SM	PRED2,VEC3,VEC4	VEC4	DST+ref:FCSR SRC+ref:FCSR	unbounded-loop
fadd_z_zz_	fadd	64004265	fadd z4.h, z3.h, z2.h	sve	1:MRA	ok	FCSR,PSTATE.SM,VEC2,VEC3	FCSR,VEC4	VEC2,VEC3	VEC4	disagree	DST+ref:FCSR SRC+ref:FCSR	PSTATE.SM	VEC2,VEC3	VEC4	DST+ref:FCSR SRC+ref:FCSR	-
fadd_za_zw_2x2	fadd	c45ce0c1	fadd za.d[w10, 4, vgx2], { z6.d, z7.d }	mortlach2	1:MRA	ok	FCSR,GPR10,MATRIX,VEC6,VEC7	MATRIX	GPR10,MATRIX,VEC6,VEC7	MATRIX	disagree	SRC+ref:FCSR	-	GPR10,MATRIX,VEC6,VEC7	MATRIX	SRC+ref:FCSR	index-runtime:ZA
fadd_za_zw_2x2_16	fadd	833ca4c1	fadd za.h[w9, 3, vgx2], { z4.h, z5.h }	mortlach2	1:MRA	ok	FCSR,GPR9,MATRIX,VEC4,VEC5	MATRIX	GPR9,MATRIX,VEC4,VEC5	MATRIX	disagree	SRC+ref:FCSR	-	GPR9,MATRIX,VEC4,VEC5	MATRIX	SRC+ref:FCSR	index-runtime:ZA
fadd_za_zw_4x4	fadd	845de1c1	fadd za.d[w10, 4, vgx4], { z12.d - z15.d }	mortlach2	1:MRA	ok	FCSR,GPR10,MATRIX,VEC12,VEC13,VEC14,VEC15	MATRIX	GPR10,MATRIX,VEC12,VEC13,VEC14,VEC15	MATRIX	disagree	SRC+ref:FCSR	-	GPR10,MATRIX,VEC12,VEC13,VEC14,VEC15	MATRIX	SRC+ref:FCSR	index-runtime:ZA
fadd_za_zw_4x4_16	fadd	033da5c1	fadd za.h[w9, 3, vgx4], { z8.h - z11.h }	mortlach2	1:MRA	ok	FCSR,GPR9,MATRIX,VEC10,VEC11,VEC8,VEC9	MATRIX	GPR9,MATRIX,VEC10,VEC11,VEC8,VEC9	MATRIX	disagree	SRC+ref:FCSR	-	GPR9,MATRIX,VEC10,VEC11,VEC8,VEC9	MATRIX	SRC+ref:FCSR	index-runtime:ZA
fadda_v_p_z_	fadda	64285865	fadda h4, p2, h4, z3.h	sve	1:MRA	ok	FCSR,PRED2,PSTATE.SM,VEC3,VEC4	FCSR,VEC4	FCSR,PRED2,VEC3,VEC4	VEC4	disagree	DST+ref:FCSR	PSTATE.SM	PRED2,VEC3,VEC4	VEC4	DST+ref:FCSR SRC+ref:FCSR	unbounded-loop
faddp_z_p_zz_	faddp	64885064	faddp z4.h, p2/m, z4.h, z3.h	sve2	1:MRA	ok	FCSR,PRED2,PSTATE.SM,VEC3,VEC4	FCSR,VEC4	PRED2,VEC3,VEC4	VEC4	disagree	DST+ref:FCSR SRC+ref:FCSR	PSTATE.SM	PRED2,VEC3,VEC4	VEC4	DST+ref:FCSR SRC+ref:FCSR	unbounded-loop
faddqv_z_p_z_	faddqv	64a85064	faddqv v4.8h, p2, z3.h	sve2	1:MRA	ok	FCSR,PRED2,PSTATE.SM,VEC3	FCSR,VEC4	PRED2,VEC3	VEC4	disagree	DST+ref:FCSR SRC+ref:FCSR	PSTATE.SM	PRED2,VEC3	VEC4	DST+ref:FCSR SRC+ref:FCSR	unbounded-loop
faddv_v_p_z_	faddv	64284065	faddv h4, p2, z3.h	sve	1:MRA	ok	FCSR,PRED2,PSTATE.SM,VEC3	FCSR,VEC4	PRED2,VEC3	VEC4	disagree	DST+ref:FCSR SRC+ref:FCSR	PSTATE.SM	PRED2,VEC3	VEC4	DST+ref:FCSR SRC+ref:FCSR	unbounded-loop
fcadd_z_p_zz_	fcadd	858c4064	fcadd z5.h, p3/m, z5.h, z4.h, #90	sve	1:MRA	ok	FCSR,PRED3,PSTATE.SM,VEC4,VEC5	FCSR,VEC5	PRED3,VEC4,VEC5	VEC5	disagree	DST+ref:FCSR SRC+ref:FCSR	PSTATE.SM	PRED3,VEC4,VEC5	VEC5	DST+ref:FCSR SRC+ref:FCSR	unbounded-loop
fclamp_mz_zz_2	fclamp	68c062c1	fclamp { z8.h, z9.h }, z3.h, z2.h	mortlach2	1:MRA	ok	FCSR,VEC2,VEC3,VEC8,VEC9	VEC8,VEC9	VEC2,VEC3,VEC8,VEC9	VEC8,VEC9	disagree	SRC+ref:FCSR	-	VEC2,VEC3,VEC8,VEC9	VEC8,VEC9	SRC+ref:FCSR	-
fclamp_mz_zz_4	fclamp	70c862c1	fclamp { z16.h - z19.h }, z3.h, z2.h	mortlach2	1:MRA	ok	FCSR,VEC16,VEC17,VEC18,VEC19,VEC2,VEC3	VEC16,VEC17,VEC18,VEC19	VEC16,VEC17,VEC18,VEC19,VEC2,VEC3	VEC16,VEC17,VEC18,VEC19	disagree	SRC+ref:FCSR	-	VEC16,VEC17,VEC18,VEC19,VEC2,VEC3	VEC16,VEC17,VEC18,VEC19	SRC+ref:FCSR	-
fclamp_z_zz_	fclamp	64246264	fclamp z4.h, z3.h, z2.h	sve2	1:MRA	ok	FCSR,VEC2,VEC3,VEC4	VEC4	VEC2,VEC3,VEC4	VEC4	disagree	SRC+ref:FCSR	-	VEC2,VEC3,VEC4	VEC4	SRC+ref:FCSR	-
fcmeq_p_p_z0_	fcmeq	64285265	fcmeq p4.h, p2/z, z3.h, #0.0	sve	1:MRA	ok	FCSR,PRED2,PSTATE.SM,VEC3	FCSR,PRED4	PRED2,VEC3	PRED4	disagree	DST+ref:FCSR SRC+ref:FCSR	PSTATE.SM	PRED2,VEC3	PRED4	DST+ref:FCSR SRC+ref:FCSR	unbounded-loop
fcmeq_p_p_zz_	fcmeq	856c4265	fcmeq p5.h, p3/z, z4.h, z2.h	sve	1:MRA	ok	FCSR,PRED3,PSTATE.SM,VEC2,VEC4	FCSR,PRED5	PRED3,VEC2,VEC4	PRED5	disagree	DST+ref:FCSR SRC+ref:FCSR	PSTATE.SM	PRED3,VEC2,VEC4	PRED5	DST+ref:FCSR SRC+ref:FCSR	unbounded-loop
fcmge_p_p_z0_	fcmge	64285065	fcmge p4.h, p2/z, z3.h, #0.0	sve	1:MRA	ok	FCSR,PRED2,PSTATE.SM,VEC3	FCSR,PRED4	PRED2,VEC3	PRED4	disagree	DST+ref:FCSR SRC+ref:FCSR	PSTATE.SM	PRED2,VEC3	PRED4	DST+ref:FCSR SRC+ref:FCSR	unbounded-loop
fcmge_p_p_zz_	fcmge	854c4265	fcmge p5.h, p3/z, z4.h, z2.h	sve	1:MRA	ok	FCSR,PRED3,PSTATE.SM,VEC2,VEC4	FCSR,PRED5	PRED3,VEC2,VEC4	PRED5	disagree	DST+ref:FCSR SRC+ref:FCSR	PSTATE.SM	PRED3,VEC2,VEC4	PRED5	DST+ref:FCSR SRC+ref:FCSR	unbounded-loop
fcmgt_p_p_z0_	fcmgt	74285065	fcmgt p4.h, p2/z, z3.h, #0.0	sve	1:MRA	ok	FCSR,PRED2,PSTATE.SM,VEC3	FCSR,PRED4	PRED2,VEC3	PRED4	disagree	DST+ref:FCSR SRC+ref:FCSR	PSTATE.SM	PRED2,VEC3	PRED4	DST+ref:FCSR SRC+ref:FCSR	unbounded-loop
fcmgt_p_p_zz_	fcmgt	954c4265	fcmgt p5.h, p3/z, z4.h, z2.h	sve	1:MRA	ok	FCSR,PRED3,PSTATE.SM,VEC2,VEC4	FCSR,PRED5	PRED3,VEC2,VEC4	PRED5	disagree	DST+ref:FCSR SRC+ref:FCSR	PSTATE.SM	PRED3,VEC2,VEC4	PRED5	DST+ref:FCSR SRC+ref:FCSR	unbounded-loop
fcmla_z_p_zzz_	fcmla	a6704264	fcmla z6.h, p4/m, z5.h, z2.h, #270	sve	1:MRA	ok	FCSR,PRED4,VEC2,VEC5,VEC6	VEC6	PRED4,VEC2,VEC5,VEC6	VEC6	disagree	SRC+ref:FCSR	-	PRED4,VEC2,VEC5,VEC6	VEC6	SRC+ref:FCSR	unbounded-loop
fcmla_z_zzzi_h	fcmla	851caa64	fcmla z5.h, z4.h, z2.h[1], #270	sve	1:MRA	ok	FCSR,VEC2,VEC4,VEC5	VEC5	VEC2,VEC4,VEC5	VEC5	disagree	SRC+ref:FCSR	-	VEC2,VEC4,VEC5	VEC5	SRC+ref:FCSR	-
fcmla_z_zzzi_s	fcmla	851cf264	fcmla z5.s, z4.s, z2.s[1], #270	sve	1:MRA	ok	FCSR,VEC2,VEC4,VEC5	VEC5	VEC2,VEC4,VEC5	VEC5	disagree	SRC+ref:FCSR	-	VEC2,VEC4,VEC5	VEC5	SRC+ref:FCSR	-
fcmle_p_p_z0_	fcmle	74285165	fcmle p4.h, p2/z, z3.h, #0.0	sve	1:MRA	ok	FCSR,PRED2,PSTATE.SM,VEC3	FCSR,PRED4	PRED2,VEC3	PRED4	disagree	DST+ref:FCSR SRC+ref:FCSR	PSTATE.SM	PRED2,VEC3	PRED4	DST+ref:FCSR SRC+ref:FCSR	unbounded-loop
fcmlt_p_p_z0_	fcmlt	64285165	fcmlt p4.h, p2/z, z3.h, #0.0	sve	1:MRA	ok	FCSR,PRED2,PSTATE.SM,VEC3	FCSR,PRED4	PRED2,VEC3	PRED4	disagree	DST+ref:FCSR SRC+ref:FCSR	PSTATE.SM	PRED2,VEC3	PRED4	DST+ref:FCSR SRC+ref:FCSR	unbounded-loop
fcmne_p_p_z0_	fcmne	64285365	fcmne p4.h, p2/z, z3.h, #0.0	sve	1:MRA	ok	FCSR,PRED2,PSTATE.SM,VEC3	FCSR,PRED4	PRED2,VEC3	PRED4	disagree	DST+ref:FCSR SRC+ref:FCSR	PSTATE.SM	PRED2,VEC3	PRED4	DST+ref:FCSR SRC+ref:FCSR	unbounded-loop
fcmne_p_p_zz_	fcmne	956c4265	fcmne p5.h, p3/z, z4.h, z2.h	sve	1:MRA	ok	FCSR,PRED3,PSTATE.SM,VEC2,VEC4	FCSR,PRED5	PRED3,VEC2,VEC4	PRED5	disagree	DST+ref:FCSR SRC+ref:FCSR	PSTATE.SM	PRED3,VEC2,VEC4	PRED5	DST+ref:FCSR SRC+ref:FCSR	unbounded-loop
fcmuo_p_p_zz_	fcmuo	85cc4265	fcmuo p5.h, p3/z, z4.h, z2.h	sve	1:MRA	ok	FCSR,PRED3,PSTATE.SM,VEC2,VEC4	FCSR,PRED5	PRED3,VEC2,VEC4	PRED5	disagree	DST+ref:FCSR SRC+ref:FCSR	PSTATE.SM	PRED3,VEC2,VEC4	PRED5	DST+ref:FCSR SRC+ref:FCSR	unbounded-loop
fcpy_z_p_i_	fcpy	64c05205	fmov z4.h, p2/m, #2.37500000	sve	1:MRA	ok	PRED2,VEC4	VEC4	PRED2,VEC4	VEC4	agree	-	-	PRED2,VEC4	VEC4	same	-
fcvt_mz2_z_	fcvt	24e0a0c1	fcvt { z4.s, z5.s }, z1.h	mortlach2	1:MRA	ok	FCSR,PSTATE.SM,VEC1	FCSR,VEC4,VEC5	VEC1	VEC4,VEC5	disagree	DST+ref:FCSR SRC+ref:FCSR	PSTATE.SM	VEC1	VEC4,VEC5	DST+ref:FCSR SRC+ref:FCSR	-
fcvt_z_mz2_	fcvt	42e020c1	fcvt z2.h, { z2.s, z3.s }	mortlach2	1:MRA	ok	FCSR,PSTATE.SM,VEC2,VEC3	FCSR,VEC2	VEC2,VEC3	VEC2	disagree	DST+ref:FCSR SRC+ref:FCSR	PSTATE.SM	VEC2,VEC3	VEC2	DST+ref:FCSR SRC+ref:FCSR	-
fcvt_z_p_z_d2h	fcvt	43a4c865	fcvt z3.h, p1/m, z2.d	sve	1:MRA	ok	FCSR,PRED1,PSTATE.SM,VEC2,VEC3	FCSR,VEC3	PRED1,VEC2,VEC3	VEC3	disagree	DST+ref:FCSR SRC+ref:FCSR	PSTATE.SM	PRED1,VEC2,VEC3	VEC3	DST+ref:FCSR SRC+ref:FCSR	unbounded-loop
fcvt_z_p_z_d2s	fcvt	43a4ca65	fcvt z3.s, p1/m, z2.d	sve	1:MRA	ok	FCSR,PRED1,PSTATE.SM,VEC2,VEC3	FCSR,VEC3	PRED1,VEC2,VEC3	VEC3	disagree	DST+ref:FCSR SRC+ref:FCSR	PSTATE.SM	PRED1,VEC2,VEC3	VEC3	DST+ref:FCSR SRC+ref:FCSR	unbounded-loop
fcvt_z_p_z_h2d	fcvt	43a4c965	fcvt z3.d, p1/m, z2.h	sve	1:MRA	ok	FCSR,PRED1,PSTATE.SM,VEC2,VEC3	FCSR,VEC3	PRED1,VEC2,VEC3	VEC3	disagree	DST+ref:FCSR SRC+ref:FCSR	PSTATE.SM	PRED1,VEC2,VEC3	VEC3	DST+ref:FCSR SRC+ref:FCSR	unbounded-loop
fcvt_z_p_z_h2s	fcvt	43a48965	fcvt z3.s, p1/m, z2.h	sve	1:MRA	ok	FCSR,PRED1,PSTATE.SM,VEC2,VEC3	FCSR,VEC3	PRED1,VEC2,VEC3	VEC3	disagree	DST+ref:FCSR SRC+ref:FCSR	PSTATE.SM	PRED1,VEC2,VEC3	VEC3	DST+ref:FCSR SRC+ref:FCSR	unbounded-loop
fcvt_z_p_z_s2d	fcvt	43a4cb65	fcvt z3.d, p1/m, z2.s	sve	1:MRA	ok	FCSR,PRED1,PSTATE.SM,VEC2,VEC3	FCSR,VEC3	PRED1,VEC2,VEC3	VEC3	disagree	DST+ref:FCSR SRC+ref:FCSR	PSTATE.SM	PRED1,VEC2,VEC3	VEC3	DST+ref:FCSR SRC+ref:FCSR	unbounded-loop
fcvt_z_p_z_s2h	fcvt	43a48865	fcvt z3.h, p1/m, z2.s	sve	1:MRA	ok	FCSR,PRED1,PSTATE.SM,VEC2,VEC3	FCSR,VEC3	PRED1,VEC2,VEC3	VEC3	disagree	DST+ref:FCSR SRC+ref:FCSR	PSTATE.SM	PRED1,VEC2,VEC3	VEC3	DST+ref:FCSR SRC+ref:FCSR	unbounded-loop
fcvtl_mz2_z_	fcvtl	25e0a0c1	fcvtl { z4.s, z5.s }, z1.h	mortlach2	1:MRA	ok	FCSR,PSTATE.SM,VEC1	FCSR,VEC4,VEC5	VEC1	VEC4,VEC5	disagree	DST+ref:FCSR SRC+ref:FCSR	PSTATE.SM	VEC1	VEC4,VEC5	DST+ref:FCSR SRC+ref:FCSR	-
fcvtlt_z_p_z_h2s	fcvtlt	43a48964	fcvtlt z3.s, p1/m, z2.h	sve2	1:MRA	ok	FCSR,PRED1,PSTATE.SM,VEC2,VEC3	FCSR,VEC3	PRED1,VEC2,VEC3	VEC3	disagree	DST+ref:FCSR SRC+ref:FCSR	PSTATE.SM	PRED1,VEC2,VEC3	VEC3	DST+ref:FCSR SRC+ref:FCSR	unbounded-loop
fcvtlt_z_p_z_s2d	fcvtlt	43a4cb64	fcvtlt z3.d, p1/m, z2.s	sve2	1:MRA	ok	FCSR,PRED1,PSTATE.SM,VEC2,VEC3	FCSR,VEC3	PRED1,VEC2,VEC3	VEC3	disagree	DST+ref:FCSR SRC+ref:FCSR	PSTATE.SM	PRED1,VEC2,VEC3	VEC3	DST+ref:FCSR SRC+ref:FCSR	unbounded-loop
fcvtn_z_mz2_	fcvtn	62e020c1	fcvtn z2.h, { z2.s, z3.s }	mortlach2	1:MRA	ok	FCSR,PSTATE.SM,VEC2,VEC3	FCSR,VEC2	VEC2,VEC3	VEC2	disagree	DST+ref:FCSR SRC+ref:FCSR	PSTATE.SM	VEC2,VEC3	VEC2	DST+ref:FCSR SRC+ref:FCSR	-
fcvtnt_z_p_z_d2s	fcvtnt	43a4ca64	fcvtnt z3.s, p1/m, z2.d	sve2	1:MRA	ok	FCSR,PRED1,PSTATE.SM,VEC2,VEC3	FCSR,VEC3	PRED1,VEC2,VEC3	VEC3	disagree	DST+ref:FCSR SRC+ref:FCSR	PSTATE.SM	PRED1,VEC2,VEC3	VEC3	DST+ref:FCSR SRC+ref:FCSR	unbounded-loop
fcvtnt_z_p_z_s2h	fcvtnt	43a48864	fcvtnt z3.h, p1/m, z2.s	sve2	1:MRA	ok	FCSR,PRED1,PSTATE.SM,VEC2,VEC3	FCSR,VEC3	PRED1,VEC2,VEC3	VEC3	disagree	DST+ref:FCSR SRC+ref:FCSR	PSTATE.SM	PRED1,VEC2,VEC3	VEC3	DST+ref:FCSR SRC+ref:FCSR	unbounded-loop
fcvtx_z_p_z_d2s	fcvtx	43a40a65	fcvtx z3.s, p1/m, z2.d	sve2	1:MRA	ok	FCSR,PRED1,PSTATE.SM,VEC2,VEC3	FCSR,VEC3	PRED1,VEC2,VEC3	VEC3	disagree	DST+ref:FCSR SRC+ref:FCSR	PSTATE.SM	PRED1,VEC2,VEC3	VEC3	DST+ref:FCSR SRC+ref:FCSR	unbounded-loop
fcvtxnt_z_p_z_d2s	fcvtxnt	43a40a64	fcvtxnt z3.s, p1/m, z2.d	sve2	1:MRA	ok	FCSR,PRED1,PSTATE.SM,VEC2,VEC3	FCSR,VEC3	PRED1,VEC2,VEC3	VEC3	disagree	DST+ref:FCSR SRC+ref:FCSR	PSTATE.SM	PRED1,VEC2,VEC3	VEC3	DST+ref:FCSR SRC+ref:FCSR	unbounded-loop
fcvtzs_mz_z_2	fcvtzs	44e021c1	fcvtzs { z4.s, z5.s }, { z2.s, z3.s }	mortlach2	1:MRA	ok	FCSR,VEC2,VEC3	VEC4,VEC5	VEC2,VEC3	VEC4,VEC5	disagree	SRC+ref:FCSR	-	VEC2,VEC3	VEC4,VEC5	SRC+ref:FCSR	-
fcvtzs_mz_z_4	fcvtzs	88e031c1	fcvtzs { z8.s - z11.s }, { z4.s - z7.s }	mortlach2	1:MRA	ok	FCSR,VEC4,VEC5,VEC6,VEC7	VEC10,VEC11,VEC8,VEC9	VEC4,VEC5,VEC6,VEC7	VEC10,VEC11,VEC8,VEC9	disagree	SRC+ref:FCSR	-	VEC4,VEC5,VEC6,VEC7	VEC10,VEC11,VEC8,VEC9	SRC+ref:FCSR	-
fcvtzs_z_p_z_d2w	fcvtzs	43a4d865	fcvtzs z3.s, p1/m, z2.d	sve	1:MRA	ok	FCSR,PRED1,VEC2,VEC3	VEC3	PRED1,VEC2,VEC3	VEC3	disagree	SRC+ref:FCSR	-	PRED1,VEC2,VEC3	VEC3	SRC+ref:FCSR	unbounded-loop
fcvtzs_z_p_z_d2x	fcvtzs	43a4de65	fcvtzs z3.d, p1/m, z2.d	sve	1:MRA	ok	FCSR,PRED1,VEC2,VEC3	VEC3	PRED1,VEC2,VEC3	VEC3	disagree	SRC+ref:FCSR	-	PRED1,VEC2,VEC3	VEC3	SRC+ref:FCSR	unbounded-loop
fcvtzs_z_p_z_fp162h	fcvtzs	43a45a65	fcvtzs z3.h, p1/m, z2.h	sve	1:MRA	ok	FCSR,PRED1,VEC2,VEC3	VEC3	PRED1,VEC2,VEC3	VEC3	disagree	SRC+ref:FCSR	-	PRED1,VEC2,VEC3	VEC3	SRC+ref:FCSR	unbounded-loop
fcvtzs_z_p_z_fp162w	fcvtzs	43a45c65	fcvtzs z3.s, p1/m, z2.h	sve	1:MRA	ok	FCSR,PRED1,VEC2,VEC3	VEC3	PRED1,VEC2,VEC3	VEC3	disagree	SRC+ref:FCSR	-	PRED1,VEC2,VEC3	VEC3	SRC+ref:FCSR	unbounded-loop
fcvtzs_z_p_z_fp162x	fcvtzs	43a45e65	fcvtzs z3.d, p1/m, z2.h	sve	1:MRA	ok	FCSR,PRED1,VEC2,VEC3	VEC3	PRED1,VEC2,VEC3	VEC3	disagree	SRC+ref:FCSR	-	PRED1,VEC2,VEC3	VEC3	SRC+ref:FCSR	unbounded-loop
fcvtzs_z_p_z_s2w	fcvtzs	43a49c65	fcvtzs z3.s, p1/m, z2.s	sve	1:MRA	ok	FCSR,PRED1,VEC2,VEC3	VEC3	PRED1,VEC2,VEC3	VEC3	disagree	SRC+ref:FCSR	-	PRED1,VEC2,VEC3	VEC3	SRC+ref:FCSR	unbounded-loop
fcvtzs_z_p_z_s2x	fcvtzs	43a4dc65	fcvtzs z3.d, p1/m, z2.s	sve	1:MRA	ok	FCSR,PRED1,VEC2,VEC3	VEC3	PRED1,VEC2,VEC3	VEC3	disagree	SRC+ref:FCSR	-	PRED1,VEC2,VEC3	VEC3	SRC+ref:FCSR	unbounded-loop
fcvtzu_mz_z_2	fcvtzu	64e021c1	fcvtzu { z4.s, z5.s }, { z2.s, z3.s }	mortlach2	1:MRA	ok	FCSR,VEC2,VEC3	VEC4,VEC5	VEC2,VEC3	VEC4,VEC5	disagree	SRC+ref:FCSR	-	VEC2,VEC3	VEC4,VEC5	SRC+ref:FCSR	-
fcvtzu_mz_z_4	fcvtzu	a8e031c1	fcvtzu { z8.s - z11.s }, { z4.s - z7.s }	mortlach2	1:MRA	ok	FCSR,VEC4,VEC5,VEC6,VEC7	VEC10,VEC11,VEC8,VEC9	VEC4,VEC5,VEC6,VEC7	VEC10,VEC11,VEC8,VEC9	disagree	SRC+ref:FCSR	-	VEC4,VEC5,VEC6,VEC7	VEC10,VEC11,VEC8,VEC9	SRC+ref:FCSR	-
fcvtzu_z_p_z_d2w	fcvtzu	43a4d965	fcvtzu z3.s, p1/m, z2.d	sve	1:MRA	ok	FCSR,PRED1,VEC2,VEC3	VEC3	PRED1,VEC2,VEC3	VEC3	disagree	SRC+ref:FCSR	-	PRED1,VEC2,VEC3	VEC3	SRC+ref:FCSR	unbounded-loop
fcvtzu_z_p_z_d2x	fcvtzu	43a4df65	fcvtzu z3.d, p1/m, z2.d	sve	1:MRA	ok	FCSR,PRED1,VEC2,VEC3	VEC3	PRED1,VEC2,VEC3	VEC3	disagree	SRC+ref:FCSR	-	PRED1,VEC2,VEC3	VEC3	SRC+ref:FCSR	unbounded-loop
fcvtzu_z_p_z_fp162h	fcvtzu	43a45b65	fcvtzu z3.h, p1/m, z2.h	sve	1:MRA	ok	FCSR,PRED1,VEC2,VEC3	VEC3	PRED1,VEC2,VEC3	VEC3	disagree	SRC+ref:FCSR	-	PRED1,VEC2,VEC3	VEC3	SRC+ref:FCSR	unbounded-loop
fcvtzu_z_p_z_fp162w	fcvtzu	43a45d65	fcvtzu z3.s, p1/m, z2.h	sve	1:MRA	ok	FCSR,PRED1,VEC2,VEC3	VEC3	PRED1,VEC2,VEC3	VEC3	disagree	SRC+ref:FCSR	-	PRED1,VEC2,VEC3	VEC3	SRC+ref:FCSR	unbounded-loop
fcvtzu_z_p_z_fp162x	fcvtzu	43a45f65	fcvtzu z3.d, p1/m, z2.h	sve	1:MRA	ok	FCSR,PRED1,VEC2,VEC3	VEC3	PRED1,VEC2,VEC3	VEC3	disagree	SRC+ref:FCSR	-	PRED1,VEC2,VEC3	VEC3	SRC+ref:FCSR	unbounded-loop
fcvtzu_z_p_z_s2w	fcvtzu	43a49d65	fcvtzu z3.s, p1/m, z2.s	sve	1:MRA	ok	FCSR,PRED1,VEC2,VEC3	VEC3	PRED1,VEC2,VEC3	VEC3	disagree	SRC+ref:FCSR	-	PRED1,VEC2,VEC3	VEC3	SRC+ref:FCSR	unbounded-loop
fcvtzu_z_p_z_s2x	fcvtzu	43a4dd65	fcvtzu z3.d, p1/m, z2.s	sve	1:MRA	ok	FCSR,PRED1,VEC2,VEC3	VEC3	PRED1,VEC2,VEC3	VEC3	disagree	SRC+ref:FCSR	-	PRED1,VEC2,VEC3	VEC3	SRC+ref:FCSR	unbounded-loop
fdiv_z_p_zz_	fdiv	64884d65	fdiv z4.h, p2/m, z4.h, z3.h	sve	1:MRA	ok	FCSR,PRED2,PSTATE.SM,VEC3,VEC4	FCSR,VEC4	PRED2,VEC3,VEC4	VEC4	disagree	DST+ref:FCSR SRC+ref:FCSR	PSTATE.SM	PRED2,VEC3,VEC4	VEC4	DST+ref:FCSR SRC+ref:FCSR	unbounded-loop
fdivr_z_p_zz_	fdivr	64884c65	fdivr z4.h, p2/m, z4.h, z3.h	sve	1:MRA	ok	FCSR,PRED2,PSTATE.SM,VEC3,VEC4	FCSR,VEC4	PRED2,VEC3,VEC4	VEC4	disagree	DST+ref:FCSR SRC+ref:FCSR	PSTATE.SM	PRED2,VEC3,VEC4	VEC4	DST+ref:FCSR SRC+ref:FCSR	unbounded-loop
fdot_z_zzz_	fdot	43802164	fdot z3.s, z2.h, z1.h	sve2	1:MRA	ok	FCSR,VEC1,VEC2,VEC3	VEC3	VEC1,VEC2,VEC3	VEC3	disagree	SRC+ref:FCSR	-	VEC1,VEC2,VEC3	VEC3	SRC+ref:FCSR	-
fdot_z_zzzi_	fdot	64402a64	fdot z4.s, z3.h, z2.h[1]	sve2	1:MRA	ok	FCSR,VEC2,VEC3,VEC4	VEC4	VEC2,VEC3,VEC4	VEC4	disagree	SRC+ref:FCSR	-	VEC2,VEC3,VEC4	VEC4	SRC+ref:FCSR	-
fdot_za_zzi_2xi	fdot	0d5d51c1	fdot za.s[w10, 5, vgx2], { z8.h, z9.h }, z1.h[3]	mortlach2	1:MRA	ok	FCSR,GPR10,MATRIX,VEC1,VEC8,VEC9	MATRIX	GPR10,MATRIX,VEC1,VEC8,VEC9	MATRIX	disagree	SRC+ref:FCSR	-	GPR10,MATRIX,VEC1,VEC8,VEC9	MATRIX	SRC+ref:FCSR	index-runtime:ZA
fdot_za_zzi_4xi	fdot	0dde51c1	fdot za.s[w10, 5, vgx4], { z16.h - z19.h }, z1.h[3]	mortlach2	1:MRA	ok	FCSR,GPR10,MATRIX,VEC1,VEC16,VEC17,VEC18,VEC19	MATRIX	GPR10,MATRIX,VEC1,VEC16,VEC17,VEC18,VEC19	MATRIX	disagree	SRC+ref:FCSR	-	GPR10,MATRIX,VEC1,VEC16,VEC17,VEC18,VEC19	MATRIX	SRC+ref:FCSR	index-runtime:ZA
fdot_za_zzv_2x1	fdot	645021c1	fdot za.s[w10, 4, vgx2], { z3.h, z4.h }, z1.h	mortlach2	1:MRA	ok	FCSR,GPR10,MATRIX,VEC1,VEC3,VEC4	MATRIX	GPR10,MATRIX,VEC1,VEC3,VEC4	MATRIX	disagree	SRC+ref:FCSR	-	GPR10,MATRIX,VEC1,VEC3,VEC4	MATRIX	SRC+ref:FCSR	index-runtime:ZA
fdot_za_zzv_4x1	fdot	645031c1	fdot za.s[w10, 4, vgx4], { z3.h - z6.h }, z1.h	mortlach2	1:MRA	ok	FCSR,GPR10,MATRIX,VEC1,VEC3,VEC4,VEC5,VEC6	MATRIX	GPR10,MATRIX,VEC1,VEC3,VEC4,VEC5,VEC6	MATRIX	disagree	SRC+ref:FCSR	-	GPR10,MATRIX,VEC1,VEC3,VEC4,VEC5,VEC6	MATRIX	SRC+ref:FCSR	index-runtime:ZA
fdot_za_zzw_2x2	fdot	c450a2c1	fdot za.s[w10, 4, vgx2], { z6.h, z7.h }, { z2.h, z3.h }	mortlach2	1:MRA	ok	FCSR,GPR10,MATRIX,VEC2,VEC3,VEC6,VEC7	MATRIX	GPR10,MATRIX,VEC2,VEC3,VEC6,VEC7	MATRIX	disagree	SRC+ref:FCSR	-	GPR10,MATRIX,VEC2,VEC3,VEC6,VEC7	MATRIX	SRC+ref:FCSR	index-runtime:ZA
fdot_za_zzw_4x4	fdot	8451a5c1	fdot za.s[w10, 4, vgx4], { z12.h - z15.h }, { z4.h - z7.h }	mortlach2	1:MRA	ok	FCSR,GPR10,MATRIX,VEC12,VEC13,VEC14,VEC15,VEC4,VEC5,VEC6,VEC7	MATRIX	GPR10,MATRIX,VEC12,VEC13,VEC14,VEC15,VEC4,VEC5,VEC6,VEC7	MATRIX	disagree	SRC+ref:FCSR	-	GPR10,MATRIX,VEC12,VEC13,VEC14,VEC15,VEC4,VEC5,VEC6,VEC7	MATRIX	SRC+ref:FCSR	index-runtime:ZA
fdup_z_i_	fdup	43c07925	fmov z3.h, #2.25000000	sve	1:MRA	ok	-	VEC3	-	VEC3	agree	-	-	-	VEC3	same	-
fexpa_z_z_	fexpa	43b86004	fexpa z3.h, z2.h	sve	1:MRA	ok	VEC2	VEC3	VEC2	VEC3	agree	-	-	VEC2	VEC3	same	-
flogb_z_p_z_	flogb	64a81a65	flogb z4.h, p2/m, z3.h	sve2	1:MRA	ok	FCSR,PRED2,PSTATE.SM,VEC3,VEC4	FCSR,VEC4	PRED2,VEC3,VEC4	VEC4	disagree	DST+ref:FCSR SRC+ref:FCSR	PSTATE.SM	PRED2,VEC3,VEC4	VEC4	DST+ref:FCSR SRC+ref:FCSR	unbounded-loop
fmad_z_p_zzz_	fmad	858c6265	fmad z5.h, p3/m, z4.h, z2.h	sve	1:MRA	ok	FCSR,PRED3,VEC2,VEC4,VEC5	VEC5	PRED3,VEC2,VEC4,VEC5	VEC5	disagree	SRC+ref:FCSR	-	PRED3,VEC2,VEC4,VEC5	VEC5	SRC+ref:FCSR	unbounded-loop
fmax_mz_zzv_2x1	fmax	06a162c1	fmax { z6.h, z7.h }, { z6.h, z7.h }, z2.h	mortlach2	1:MRA	ok	FCSR,VEC2,VEC6,VEC7	VEC6,VEC7	VEC2,VEC6,VEC7	VEC6,VEC7	disagree	SRC+ref:FCSR	-	VEC2,VEC6,VEC7	VEC6,VEC7	SRC+ref:FCSR	-
fmax_mz_zzv_4x1	fmax	0ca962c1	fmax { z12.h - z15.h }, { z12.h - z15.h }, z2.h	mortlach2	1:MRA	ok	FCSR,VEC12,VEC13,VEC14,VEC15,VEC2	VEC12,VEC13,VEC14,VEC15	VEC12,VEC13,VEC14,VEC15,VEC2	VEC12,VEC13,VEC14,VEC15	disagree	SRC+ref:FCSR	-	VEC12,VEC13,VEC14,VEC15,VEC2	VEC12,VEC13,VEC14,VEC15	SRC+ref:FCSR	-
fmax_mz_zzw_2x2	fmax	06b164c1	fmax { z6.h, z7.h }, { z6.h, z7.h }, { z4.h, z5.h }	mortlach2	1:MRA	ok	FCSR,VEC4,VEC5,VEC6,VEC7	VEC6,VEC7	VEC4,VEC5,VEC6,VEC7	VEC6,VEC7	disagree	SRC+ref:FCSR	-	VEC4,VEC5,VEC6,VEC7	VEC6,VEC7	SRC+ref:FCSR	-
fmax_mz_zzw_4x4	fmax	0cb968c1	fmax { z12.h - z15.h }, { z12.h - z15.h }, { z8.h - z11.h }	mortlach2	1:MRA	ok	FCSR,VEC10,VEC11,VEC12,VEC13,VEC14,VEC15,VEC8,VEC9	VEC12,VEC13,VEC14,VEC15	VEC10,VEC11,VEC12,VEC13,VEC14,VEC15,VEC8,VEC9	VEC12,VEC13,VEC14,VEC15	disagree	SRC+ref:FCSR	-	VEC10,VEC11,VEC12,VEC13,VEC14,VEC15,VEC8,VEC9	VEC12,VEC13,VEC14,VEC15	SRC+ref:FCSR	-
fmax_z_p_zs_	fmax	24885e65	fmax z4.h, p2/m, z4.h, #1.0	sve	1:MRA	ok	FCSR,PRED2,VEC4	VEC4	PRED2,VEC4	VEC4	disagree	SRC+ref:FCSR	-	PRED2,VEC4	VEC4	SRC+ref:FCSR	-
fmax_z_p_zz_	fmax	64884665	fmax z4.h, p2/m, z4.h, z3.h	sve	1:MRA	ok	FCSR,PRED2,VEC3,VEC4	VEC4	PRED2,VEC3,VEC4	VEC4	disagree	SRC+ref:FCSR	-	PRED2,VEC3,VEC4	VEC4	SRC+ref:FCSR	unbounded-loop
fmaxnm_mz_zzv_2x1	fmaxnm	26a162c1	fmaxnm { z6.h, z7.h }, { z6.h, z7.h }, z2.h	mortlach2	1:MRA	ok	FCSR,VEC2,VEC6,VEC7	VEC6,VEC7	VEC2,VEC6,VEC7	VEC6,VEC7	disagree	SRC+ref:FCSR	-	VEC2,VEC6,VEC7	VEC6,VEC7	SRC+ref:FCSR	-
fmaxnm_mz_zzv_4x1	fmaxnm	2ca962c1	fmaxnm { z12.h - z15.h }, { z12.h - z15.h }, z2.h	mortlach2	1:MRA	ok	FCSR,VEC12,VEC13,VEC14,VEC15,VEC2	VEC12,VEC13,VEC14,VEC15	VEC12,VEC13,VEC14,VEC15,VEC2	VEC12,VEC13,VEC14,VEC15	disagree	SRC+ref:FCSR	-	VEC12,VEC13,VEC14,VEC15,VEC2	VEC12,VEC13,VEC14,VEC15	SRC+ref:FCSR	-
fmaxnm_mz_zzw_2x2	fmaxnm	26b164c1	fmaxnm { z6.h, z7.h }, { z6.h, z7.h }, { z4.h, z5.h }	mortlach2	1:MRA	ok	FCSR,VEC4,VEC5,VEC6,VEC7	VEC6,VEC7	VEC4,VEC5,VEC6,VEC7	VEC6,VEC7	disagree	SRC+ref:FCSR	-	VEC4,VEC5,VEC6,VEC7	VEC6,VEC7	SRC+ref:FCSR	-
fmaxnm_mz_zzw_4x4	fmaxnm	2cb968c1	fmaxnm { z12.h - z15.h }, { z12.h - z15.h }, { z8.h - z11.h }	mortlach2	1:MRA	ok	FCSR,VEC10,VEC11,VEC12,VEC13,VEC14,VEC15,VEC8,VEC9	VEC12,VEC13,VEC14,VEC15	VEC10,VEC11,VEC12,VEC13,VEC14,VEC15,VEC8,VEC9	VEC12,VEC13,VEC14,VEC15	disagree	SRC+ref:FCSR	-	VEC10,VEC11,VEC12,VEC13,VEC14,VEC15,VEC8,VEC9	VEC12,VEC13,VEC14,VEC15	SRC+ref:FCSR	-
fmaxnm_z_p_zs_	fmaxnm	24885c65	fmaxnm z4.h, p2/m, z4.h, #1.0	sve	1:MRA	ok	FCSR,PRED2,VEC4	VEC4	PRED2,VEC4	VEC4	disagree	SRC+ref:FCSR	-	PRED2,VEC4	VEC4	SRC+ref:FCSR	-
fmaxnm_z_p_zz_	fmaxnm	64884465	fmaxnm z4.h, p2/m, z4.h, z3.h	sve	1:MRA	ok	FCSR,PRED2,VEC3,VEC4	VEC4	PRED2,VEC3,VEC4	VEC4	disagree	SRC+ref:FCSR	-	PRED2,VEC3,VEC4	VEC4	SRC+ref:FCSR	unbounded-loop
fmaxnmp_z_p_zz_	fmaxnmp	64885464	fmaxnmp z4.h, p2/m, z4.h, z3.h	sve2	1:MRA	ok	FCSR,PRED2,VEC3,VEC4	VEC4	PRED2,VEC3,VEC4	VEC4	disagree	SRC+ref:FCSR	-	PRED2,VEC3,VEC4	VEC4	SRC+ref:FCSR	unbounded-loop
fmaxnmqv_z_p_z_	fmaxnmqv	64a85464	fmaxnmqv v4.8h, p2, z3.h	sve2	1:MRA	ok	FCSR,PRED2,VEC3	VEC4	PRED2,VEC3	VEC4	disagree	SRC+ref:FCSR	-	PRED2,VEC3	VEC4	SRC+ref:FCSR	unbounded-loop
fmaxnmv_v_p_z_	fmaxnmv	64284465	fmaxnmv h4, p2, z3.h	sve	1:MRA	ok	FCSR,PRED2,VEC3	VEC4	PRED2,VEC3	VEC4	disagree	SRC+ref:FCSR	-	PRED2,VEC3	VEC4	SRC+ref:FCSR	unbounded-loop
fmaxp_z_p_zz_	fmaxp	64885664	fmaxp z4.h, p2/m, z4.h, z3.h	sve2	1:MRA	ok	FCSR,PRED2,VEC3,VEC4	VEC4	PRED2,VEC3,VEC4	VEC4	disagree	SRC+ref:FCSR	-	PRED2,VEC3,VEC4	VEC4	SRC+ref:FCSR	unbounded-loop
fmaxqv_z_p_z_	fmaxqv	64a85664	fmaxqv v4.8h, p2, z3.h	sve2	1:MRA	ok	FCSR,PRED2,VEC3	VEC4	PRED2,VEC3	VEC4	disagree	SRC+ref:FCSR	-	PRED2,VEC3	VEC4	SRC+ref:FCSR	unbounded-loop
fmaxv_v_p_z_	fmaxv	64284665	fmaxv h4, p2, z3.h	sve	1:MRA	ok	FCSR,PRED2,VEC3	VEC4	PRED2,VEC3	VEC4	disagree	SRC+ref:FCSR	-	PRED2,VEC3	VEC4	SRC+ref:FCSR	unbounded-loop
fmin_mz_zzv_2x1	fmin	07a162c1	fmin { z6.h, z7.h }, { z6.h, z7.h }, z2.h	mortlach2	1:MRA	ok	FCSR,VEC2,VEC6,VEC7	VEC6,VEC7	VEC2,VEC6,VEC7	VEC6,VEC7	disagree	SRC+ref:FCSR	-	VEC2,VEC6,VEC7	VEC6,VEC7	SRC+ref:FCSR	-
fmin_mz_zzv_4x1	fmin	0da962c1	fmin { z12.h - z15.h }, { z12.h - z15.h }, z2.h	mortlach2	1:MRA	ok	FCSR,VEC12,VEC13,VEC14,VEC15,VEC2	VEC12,VEC13,VEC14,VEC15	VEC12,VEC13,VEC14,VEC15,VEC2	VEC12,VEC13,VEC14,VEC15	disagree	SRC+ref:FCSR	-	VEC12,VEC13,VEC14,VEC15,VEC2	VEC12,VEC13,VEC14,VEC15	SRC+ref:FCSR	-
fmin_mz_zzw_2x2	fmin	07b164c1	fmin { z6.h, z7.h }, { z6.h, z7.h }, { z4.h, z5.h }	mortlach2	1:MRA	ok	FCSR,VEC4,VEC5,VEC6,VEC7	VEC6,VEC7	VEC4,VEC5,VEC6,VEC7	VEC6,VEC7	disagree	SRC+ref:FCSR	-	VEC4,VEC5,VEC6,VEC7	VEC6,VEC7	SRC+ref:FCSR	-
fmin_mz_zzw_4x4	fmin	0db968c1	fmin { z12.h - z15.h }, { z12.h - z15.h }, { z8.h - z11.h }	mortlach2	1:MRA	ok	FCSR,VEC10,VEC11,VEC12,VEC13,VEC14,VEC15,VEC8,VEC9	VEC12,VEC13,VEC14,VEC15	VEC10,VEC11,VEC12,VEC13,VEC14,VEC15,VEC8,VEC9	VEC12,VEC13,VEC14,VEC15	disagree	SRC+ref:FCSR	-	VEC10,VEC11,VEC12,VEC13,VEC14,VEC15,VEC8,VEC9	VEC12,VEC13,VEC14,VEC15	SRC+ref:FCSR	-
fmin_z_p_zs_	fmin	24885f65	fmin z4.h, p2/m, z4.h, #1.0	sve	1:MRA	ok	FCSR,PRED2,VEC4	VEC4	PRED2,VEC4	VEC4	disagree	SRC+ref:FCSR	-	PRED2,VEC4	VEC4	SRC+ref:FCSR	-
fmin_z_p_zz_	fmin	64884765	fmin z4.h, p2/m, z4.h, z3.h	sve	1:MRA	ok	FCSR,PRED2,VEC3,VEC4	VEC4	PRED2,VEC3,VEC4	VEC4	disagree	SRC+ref:FCSR	-	PRED2,VEC3,VEC4	VEC4	SRC+ref:FCSR	unbounded-loop
fminnm_mz_zzv_2x1	fminnm	27a162c1	fminnm { z6.h, z7.h }, { z6.h, z7.h }, z2.h	mortlach2	1:MRA	ok	FCSR,VEC2,VEC6,VEC7	VEC6,VEC7	VEC2,VEC6,VEC7	VEC6,VEC7	disagree	SRC+ref:FCSR	-	VEC2,VEC6,VEC7	VEC6,VEC7	SRC+ref:FCSR	-
fminnm_mz_zzv_4x1	fminnm	2da962c1	fminnm { z12.h - z15.h }, { z12.h - z15.h }, z2.h	mortlach2	1:MRA	ok	FCSR,VEC12,VEC13,VEC14,VEC15,VEC2	VEC12,VEC13,VEC14,VEC15	VEC12,VEC13,VEC14,VEC15,VEC2	VEC12,VEC13,VEC14,VEC15	disagree	SRC+ref:FCSR	-	VEC12,VEC13,VEC14,VEC15,VEC2	VEC12,VEC13,VEC14,VEC15	SRC+ref:FCSR	-
fminnm_mz_zzw_2x2	fminnm	27b164c1	fminnm { z6.h, z7.h }, { z6.h, z7.h }, { z4.h, z5.h }	mortlach2	1:MRA	ok	FCSR,VEC4,VEC5,VEC6,VEC7	VEC6,VEC7	VEC4,VEC5,VEC6,VEC7	VEC6,VEC7	disagree	SRC+ref:FCSR	-	VEC4,VEC5,VEC6,VEC7	VEC6,VEC7	SRC+ref:FCSR	-
fminnm_mz_zzw_4x4	fminnm	2db968c1	fminnm { z12.h - z15.h }, { z12.h - z15.h }, { z8.h - z11.h }	mortlach2	1:MRA	ok	FCSR,VEC10,VEC11,VEC12,VEC13,VEC14,VEC15,VEC8,VEC9	VEC12,VEC13,VEC14,VEC15	VEC10,VEC11,VEC12,VEC13,VEC14,VEC15,VEC8,VEC9	VEC12,VEC13,VEC14,VEC15	disagree	SRC+ref:FCSR	-	VEC10,VEC11,VEC12,VEC13,VEC14,VEC15,VEC8,VEC9	VEC12,VEC13,VEC14,VEC15	SRC+ref:FCSR	-
fminnm_z_p_zs_	fminnm	24885d65	fminnm z4.h, p2/m, z4.h, #1.0	sve	1:MRA	ok	FCSR,PRED2,VEC4	VEC4	PRED2,VEC4	VEC4	disagree	SRC+ref:FCSR	-	PRED2,VEC4	VEC4	SRC+ref:FCSR	-
fminnm_z_p_zz_	fminnm	64884565	fminnm z4.h, p2/m, z4.h, z3.h	sve	1:MRA	ok	FCSR,PRED2,VEC3,VEC4	VEC4	PRED2,VEC3,VEC4	VEC4	disagree	SRC+ref:FCSR	-	PRED2,VEC3,VEC4	VEC4	SRC+ref:FCSR	unbounded-loop
fminnmp_z_p_zz_	fminnmp	64885564	fminnmp z4.h, p2/m, z4.h, z3.h	sve2	1:MRA	ok	FCSR,PRED2,VEC3,VEC4	VEC4	PRED2,VEC3,VEC4	VEC4	disagree	SRC+ref:FCSR	-	PRED2,VEC3,VEC4	VEC4	SRC+ref:FCSR	unbounded-loop
fminnmqv_z_p_z_	fminnmqv	64a85564	fminnmqv v4.8h, p2, z3.h	sve2	1:MRA	ok	FCSR,PRED2,VEC3	VEC4	PRED2,VEC3	VEC4	disagree	SRC+ref:FCSR	-	PRED2,VEC3	VEC4	SRC+ref:FCSR	unbounded-loop
fminnmv_v_p_z_	fminnmv	64284565	fminnmv h4, p2, z3.h	sve	1:MRA	ok	FCSR,PRED2,VEC3	VEC4	PRED2,VEC3	VEC4	disagree	SRC+ref:FCSR	-	PRED2,VEC3	VEC4	SRC+ref:FCSR	unbounded-loop
fminp_z_p_zz_	fminp	64885764	fminp z4.h, p2/m, z4.h, z3.h	sve2	1:MRA	ok	FCSR,PRED2,VEC3,VEC4	VEC4	PRED2,VEC3,VEC4	VEC4	disagree	SRC+ref:FCSR	-	PRED2,VEC3,VEC4	VEC4	SRC+ref:FCSR	unbounded-loop
fminqv_z_p_z_	fminqv	64a85764	fminqv v4.8h, p2, z3.h	sve2	1:MRA	ok	FCSR,PRED2,VEC3	VEC4	PRED2,VEC3	VEC4	disagree	SRC+ref:FCSR	-	PRED2,VEC3	VEC4	SRC+ref:FCSR	unbounded-loop
fminv_v_p_z_	fminv	64284765	fminv h4, p2, z3.h	sve	1:MRA	ok	FCSR,PRED2,VEC3	VEC4	PRED2,VEC3	VEC4	disagree	SRC+ref:FCSR	-	PRED2,VEC3	VEC4	SRC+ref:FCSR	unbounded-loop
fmla_z_p_zzz_	fmla	850c6265	fmla z5.h, p3/m, z4.h, z2.h	sve	1:MRA	ok	FCSR,PRED3,VEC2,VEC4,VEC5	VEC5	PRED3,VEC2,VEC4,VEC5	VEC5	disagree	SRC+ref:FCSR	-	PRED3,VEC2,VEC4,VEC5	VEC5	SRC+ref:FCSR	unbounded-loop
fmla_z_zzzi_d	fmla	6400f264	fmla z4.d, z3.d, z2.d[1]	sve	1:MRA	ok	FCSR,VEC2,VEC3,VEC4	VEC4	VEC2,VEC3,VEC4	VEC4	disagree	SRC+ref:FCSR	-	VEC2,VEC3,VEC4	VEC4	SRC+ref:FCSR	-
fmla_z_zzzi_h	fmla	85007364	fmla z5.h, z4.h, z3.h[6]	sve	1:MRA	ok	FCSR,VEC3,VEC4,VEC5	VEC5	VEC3,VEC4,VEC5	VEC5	disagree	SRC+ref:FCSR	-	VEC3,VEC4,VEC5	VEC5	SRC+ref:FCSR	-
fmla_z_zzzi_s	fmla	6400aa64	fmla z4.s, z3.s, z2.s[1]	sve	1:MRA	ok	FCSR,VEC2,VEC3,VEC4	VEC4	VEC2,VEC3,VEC4	VEC4	disagree	SRC+ref:FCSR	-	VEC2,VEC3,VEC4	VEC4	SRC+ref:FCSR	-
fmla_za_zzi_d2xi	fmla	0545d1c1	fmla za.d[w10, 5, vgx2], { z8.d, z9.d }, z1.d[1]	mortlach2	1:MRA	ok	FCSR,GPR10,MATRIX,VEC1,VEC8,VEC9	MATRIX	GPR10,MATRIX,VEC1,VEC8,VEC9	MATRIX	disagree	SRC+ref:FCSR	-	GPR10,MATRIX,VEC1,VEC8,VEC9	MATRIX	SRC+ref:FCSR	index-runtime:ZA
fmla_za_zzi_d4xi	fmla	05c6d1c1	fmla za.d[w10, 5, vgx4], { z16.d - z19.d }, z1.d[1]	mortlach2	1:MRA	ok	FCSR,GPR10,MATRIX,VEC1,VEC16,VEC17,VEC18,VEC19	MATRIX	GPR10,MATRIX,VEC1,VEC16,VEC17,VEC18,VEC19	MATRIX	disagree	SRC+ref:FCSR	-	GPR10,MATRIX,VEC1,VEC16,VEC17,VEC18,VEC19	MATRIX	SRC+ref:FCSR	index-runtime:ZA
fmla_za_zzi_h2xi	fmla	0e5d11c1	fmla za.h[w10, 6, vgx2], { z8.h, z9.h }, z1.h[7]	mortlach2	1:MRA	ok	FCSR,GPR10,MATRIX,VEC1,VEC8,VEC9	MATRIX	GPR10,MATRIX,VEC1,VEC8,VEC9	MATRIX	disagree	SRC+ref:FCSR	-	GPR10,MATRIX,VEC1,VEC8,VEC9	MATRIX	SRC+ref:FCSR	index-runtime:ZA
fmla_za_zzi_h4xi	fmla	0ede11c1	fmla za.h[w10, 6, vgx4], { z16.h - z19.h }, z1.h[7]	mortlach2	1:MRA	ok	FCSR,GPR10,MATRIX,VEC1,VEC16,VEC17,VEC18,VEC19	MATRIX	GPR10,MATRIX,VEC1,VEC16,VEC17,VEC18,VEC19	MATRIX	disagree	SRC+ref:FCSR	-	GPR10,MATRIX,VEC1,VEC16,VEC17,VEC18,VEC19	MATRIX	SRC+ref:FCSR	index-runtime:ZA
fmla_za_zzi_s2xi	fmla	054d51c1	fmla za.s[w10, 5, vgx2], { z8.s, z9.s }, z1.s[3]	mortlach2	1:MRA	ok	FCSR,GPR10,MATRIX,VEC1,VEC8,VEC9	MATRIX	GPR10,MATRIX,VEC1,VEC8,VEC9	MATRIX	disagree	SRC+ref:FCSR	-	GPR10,MATRIX,VEC1,VEC8,VEC9	MATRIX	SRC+ref:FCSR	index-runtime:ZA
fmla_za_zzi_s4xi	fmla	05ce51c1	fmla za.s[w10, 5, vgx4], { z16.s - z19.s }, z1.s[3]	mortlach2	1:MRA	ok	FCSR,GPR10,MATRIX,VEC1,VEC16,VEC17,VEC18,VEC19	MATRIX	GPR10,MATRIX,VEC1,VEC16,VEC17,VEC18,VEC19	MATRIX	disagree	SRC+ref:FCSR	-	GPR10,MATRIX,VEC1,VEC16,VEC17,VEC18,VEC19	MATRIX	SRC+ref:FCSR	index-runtime:ZA
fmla_za_zzv_2x1	fmla	857862c1	fmla za.d[w11, 5, vgx2], { z4.d, z5.d }, z2.d	mortlach2	1:MRA	ok	FCSR,GPR11,MATRIX,VEC2,VEC4,VEC5	MATRIX	GPR11,MATRIX,VEC2,VEC4,VEC5	MATRIX	disagree	SRC+ref:FCSR	-	GPR11,MATRIX,VEC2,VEC4,VEC5	MATRIX	SRC+ref:FCSR	index-runtime:ZA
fmla_za_zzv_2x1_16	fmla	645c21c1	fmla za.h[w10, 4, vgx2], { z3.h, z4.h }, z1.h	mortlach2	1:MRA	ok	FCSR,GPR10,MATRIX,VEC1,VEC3,VEC4	MATRIX	GPR10,MATRIX,VEC1,VEC3,VEC4	MATRIX	disagree	SRC+ref:FCSR	-	GPR10,MATRIX,VEC1,VEC3,VEC4	MATRIX	SRC+ref:FCSR	index-runtime:ZA
fmla_za_zzv_4x1	fmla	857872c1	fmla za.d[w11, 5, vgx4], { z4.d - z7.d }, z2.d	mortlach2	1:MRA	ok	FCSR,GPR11,MATRIX,VEC2,VEC4,VEC5,VEC6,VEC7	MATRIX	GPR11,MATRIX,VEC2,VEC4,VEC5,VEC6,VEC7	MATRIX	disagree	SRC+ref:FCSR	-	GPR11,MATRIX,VEC2,VEC4,VEC5,VEC6,VEC7	MATRIX	SRC+ref:FCSR	index-runtime:ZA
fmla_za_zzv_4x1_16	fmla	645c31c1	fmla za.h[w10, 4, vgx4], { z3.h - z6.h }, z1.h	mortlach2	1:MRA	ok	FCSR,GPR10,MATRIX,VEC1,VEC3,VEC4,VEC5,VEC6	MATRIX	GPR10,MATRIX,VEC1,VEC3,VEC4,VEC5,VEC6	MATRIX	disagree	SRC+ref:FCSR	-	GPR10,MATRIX,VEC1,VEC3,VEC4,VEC5,VEC6	MATRIX	SRC+ref:FCSR	index-runtime:ZA
fmla_za_zzw_2x2	fmla	0579e4c1	fmla za.d[w11, 5, vgx2], { z8.d, z9.d }, { z4.d, z5.d }	mortlach2	1:MRA	ok	FCSR,GPR11,MATRIX,VEC4,VEC5,VEC8,VEC9	MATRIX	GPR11,MATRIX,VEC4,VEC5,VEC8,VEC9	MATRIX	disagree	SRC+ref:FCSR	-	GPR11,MATRIX,VEC4,VEC5,VEC8,VEC9	MATRIX	SRC+ref:FCSR	index-runtime:ZA
fmla_za_zzw_2x2_16	fmla	cc50a2c1	fmla za.h[w10, 4, vgx2], { z6.h, z7.h }, { z2.h, z3.h }	mortlach2	1:MRA	ok	FCSR,GPR10,MATRIX,VEC2,VEC3,VEC6,VEC7	MATRIX	GPR10,MATRIX,VEC2,VEC3,VEC6,VEC7	MATRIX	disagree	SRC+ref:FCSR	-	GPR10,MATRIX,VEC2,VEC3,VEC6,VEC7	MATRIX	SRC+ref:FCSR	index-runtime:ZA
fmla_za_zzw_4x4	fmla	057ae9c1	fmla za.d[w11, 5, vgx4], { z16.d - z19.d }, { z8.d - z11.d }	mortlach2	1:MRA	ok	FCSR,GPR11,MATRIX,VEC10,VEC11,VEC16,VEC17,VEC18,VEC19,VEC8,VEC9	MATRIX	GPR11,MATRIX,VEC10,VEC11,VEC16,VEC17,VEC18,VEC19,VEC8,VEC9	MATRIX	disagree	SRC+ref:FCSR	-	GPR11,MATRIX,VEC10,VEC11,VEC16,VEC17,VEC18,VEC19,VEC8,VEC9	MATRIX	SRC+ref:FCSR	index-runtime:ZA
fmla_za_zzw_4x4_16	fmla	8c51a5c1	fmla za.h[w10, 4, vgx4], { z12.h - z15.h }, { z4.h - z7.h }	mortlach2	1:MRA	ok	FCSR,GPR10,MATRIX,VEC12,VEC13,VEC14,VEC15,VEC4,VEC5,VEC6,VEC7	MATRIX	GPR10,MATRIX,VEC12,VEC13,VEC14,VEC15,VEC4,VEC5,VEC6,VEC7	MATRIX	disagree	SRC+ref:FCSR	-	GPR10,MATRIX,VEC12,VEC13,VEC14,VEC15,VEC4,VEC5,VEC6,VEC7	MATRIX	SRC+ref:FCSR	index-runtime:ZA
fmlal_za_zzi_1	fmlal	a67081c1	fmlal za.s[w11, 12:13], z5.h, z1.h[0]	mortlach2	1:MRA	ok	FCSR,GPR11,MATRIX,VEC1,VEC5	MATRIX	GPR11,MATRIX,VEC1,VEC5	MATRIX	disagree	SRC+ref:FCSR	-	GPR11,MATRIX,VEC1,VEC5	MATRIX	SRC+ref:FCSR	index-runtime:ZA
fmlal_za_zzi_2xi	fmlal	065d91c1	fmlal za.s[w10, 4:5, vgx2], { z8.h, z9.h }, z1.h[7]	mortlach2	1:MRA	ok	FCSR,GPR10,MATRIX,VEC1,VEC8,VEC9	MATRIX	GPR10,MATRIX,VEC1,VEC8,VEC9	MATRIX	disagree	SRC+ref:FCSR	-	GPR10,MATRIX,VEC1,VEC8,VEC9	MATRIX	SRC+ref:FCSR	index-runtime:ZA
fmlal_za_zzi_4xi	fmlal	06de91c1	fmlal za.s[w10, 4:5, vgx4], { z16.h - z19.h }, z1.h[7]	mortlach2	1:MRA	ok	FCSR,GPR10,MATRIX,VEC1,VEC16,VEC17,VEC18,VEC19	MATRIX	GPR10,MATRIX,VEC1,VEC16,VEC17,VEC18,VEC19	MATRIX	disagree	SRC+ref:FCSR	-	GPR10,MATRIX,VEC1,VEC16,VEC17,VEC18,VEC19	MATRIX	SRC+ref:FCSR	index-runtime:ZA
fmlal_za_zzv_1	fmlal	644c21c1	fmlal za.s[w10, 8:9], z3.h, z1.h	mortlach2	1:MRA	ok	FCSR,GPR10,MATRIX,VEC1,VEC3	MATRIX	GPR10,MATRIX,VEC1,VEC3	MATRIX	disagree	SRC+ref:FCSR	-	GPR10,MATRIX,VEC1,VEC3	MATRIX	SRC+ref:FCSR	index-runtime:ZA
fmlal_za_zzv_2x1	fmlal	604821c1	fmlal za.s[w10, 0:1, vgx2], { z3.h, z4.h }, z1.h	mortlach2	1:MRA	ok	FCSR,GPR10,MATRIX,VEC1,VEC3,VEC4	MATRIX	GPR10,MATRIX,VEC1,VEC3,VEC4	MATRIX	disagree	SRC+ref:FCSR	-	GPR10,MATRIX,VEC1,VEC3,VEC4	MATRIX	SRC+ref:FCSR	index-runtime:ZA
fmlal_za_zzv_4x1	fmlal	604831c1	fmlal za.s[w10, 0:1, vgx4], { z3.h - z6.h }, z1.h	mortlach2	1:MRA	ok	FCSR,GPR10,MATRIX,VEC1,VEC3,VEC4,VEC5,VEC6	MATRIX	GPR10,MATRIX,VEC1,VEC3,VEC4,VEC5,VEC6	MATRIX	disagree	SRC+ref:FCSR	-	GPR10,MATRIX,VEC1,VEC3,VEC4,VEC5,VEC6	MATRIX	SRC+ref:FCSR	index-runtime:ZA
fmlal_za_zzw_2x2	fmlal	c048a2c1	fmlal za.s[w10, 0:1, vgx2], { z6.h, z7.h }, { z2.h, z3.h }	mortlach2	1:MRA	ok	FCSR,GPR10,MATRIX,VEC2,VEC3,VEC6,VEC7	MATRIX	GPR10,MATRIX,VEC2,VEC3,VEC6,VEC7	MATRIX	disagree	SRC+ref:FCSR	-	GPR10,MATRIX,VEC2,VEC3,VEC6,VEC7	MATRIX	SRC+ref:FCSR	index-runtime:ZA
fmlal_za_zzw_4x4	fmlal	8049a5c1	fmlal za.s[w10, 0:1, vgx4], { z12.h - z15.h }, { z4.h - z7.h }	mortlach2	1:MRA	ok	FCSR,GPR10,MATRIX,VEC12,VEC13,VEC14,VEC15,VEC4,VEC5,VEC6,VEC7	MATRIX	GPR10,MATRIX,VEC12,VEC13,VEC14,VEC15,VEC4,VEC5,VEC6,VEC7	MATRIX	disagree	SRC+ref:FCSR	-	GPR10,MATRIX,VEC12,VEC13,VEC14,VEC15,VEC4,VEC5,VEC6,VEC7	MATRIX	SRC+ref:FCSR	index-runtime:ZA
fmlalb_z_zzz_	fmlalb	4380a164	fmlalb z3.s, z2.h, z1.h	sve2	1:MRA	ok	FCSR,VEC1,VEC2,VEC3	VEC3	VEC1,VEC2,VEC3	VEC3	disagree	SRC+ref:FCSR	-	VEC1,VEC2,VEC3	VEC3	SRC+ref:FCSR	-
fmlalb_z_zzzi_s	fmlalb	8548aa64	fmlalb z5.s, z4.h, z2.h[3]	sve2	1:MRA	ok	FCSR,VEC2,VEC4,VEC5	VEC5	VEC2,VEC4,VEC5	VEC5	disagree	SRC+ref:FCSR	-	VEC2,VEC4,VEC5	VEC5	SRC+ref:FCSR	-
fmlalt_z_zzz_	fmlalt	4384a164	fmlalt z3.s, z2.h, z1.h	sve2	1:MRA	ok	FCSR,VEC1,VEC2,VEC3	VEC3	VEC1,VEC2,VEC3	VEC3	disagree	SRC+ref:FCSR	-	VEC1,VEC2,VEC3	VEC3	SRC+ref:FCSR	-
fmlalt_z_zzzi_s	fmlalt	854caa64	fmlalt z5.s, z4.h, z2.h[3]	sve2	1:MRA	ok	FCSR,VEC2,VEC4,VEC5	VEC5	VEC2,VEC4,VEC5	VEC5	disagree	SRC+ref:FCSR	-	VEC2,VEC4,VEC5	VEC5	SRC+ref:FCSR	-
fmls_z_p_zzz_	fmls	852c6265	fmls z5.h, p3/m, z4.h, z2.h	sve	1:MRA	ok	FCSR,PRED3,VEC2,VEC4,VEC5	VEC5	PRED3,VEC2,VEC4,VEC5	VEC5	disagree	SRC+ref:FCSR	-	PRED3,VEC2,VEC4,VEC5	VEC5	SRC+ref:FCSR	unbounded-loop
fmls_z_zzzi_d	fmls	6404f264	fmls z4.d, z3.d, z2.d[1]	sve	1:MRA	ok	FCSR,VEC2,VEC3,VEC4	VEC4	VEC2,VEC3,VEC4	VEC4	disagree	SRC+ref:FCSR	-	VEC2,VEC3,VEC4	VEC4	SRC+ref:FCSR	-
fmls_z_zzzi_h	fmls	85047364	fmls z5.h, z4.h, z3.h[6]	sve	1:MRA	ok	FCSR,VEC3,VEC4,VEC5	VEC5	VEC3,VEC4,VEC5	VEC5	disagree	SRC+ref:FCSR	-	VEC3,VEC4,VEC5	VEC5	SRC+ref:FCSR	-
fmls_z_zzzi_s	fmls	6404aa64	fmls z4.s, z3.s, z2.s[1]	sve	1:MRA	ok	FCSR,VEC2,VEC3,VEC4	VEC4	VEC2,VEC3,VEC4	VEC4	disagree	SRC+ref:FCSR	-	VEC2,VEC3,VEC4	VEC4	SRC+ref:FCSR	-
fmls_za_zzi_d2xi	fmls	1545d1c1	fmls za.d[w10, 5, vgx2], { z8.d, z9.d }, z1.d[1]	mortlach2	1:MRA	ok	FCSR,GPR10,MATRIX,VEC1,VEC8,VEC9	MATRIX	GPR10,MATRIX,VEC1,VEC8,VEC9	MATRIX	disagree	SRC+ref:FCSR	-	GPR10,MATRIX,VEC1,VEC8,VEC9	MATRIX	SRC+ref:FCSR	index-runtime:ZA
fmls_za_zzi_d4xi	fmls	15c6d1c1	fmls za.d[w10, 5, vgx4], { z16.d - z19.d }, z1.d[1]	mortlach2	1:MRA	ok	FCSR,GPR10,MATRIX,VEC1,VEC16,VEC17,VEC18,VEC19	MATRIX	GPR10,MATRIX,VEC1,VEC16,VEC17,VEC18,VEC19	MATRIX	disagree	SRC+ref:FCSR	-	GPR10,MATRIX,VEC1,VEC16,VEC17,VEC18,VEC19	MATRIX	SRC+ref:FCSR	index-runtime:ZA
fmls_za_zzi_h2xi	fmls	1e5d11c1	fmls za.h[w10, 6, vgx2], { z8.h, z9.h }, z1.h[7]	mortlach2	1:MRA	ok	FCSR,GPR10,MATRIX,VEC1,VEC8,VEC9	MATRIX	GPR10,MATRIX,VEC1,VEC8,VEC9	MATRIX	disagree	SRC+ref:FCSR	-	GPR10,MATRIX,VEC1,VEC8,VEC9	MATRIX	SRC+ref:FCSR	index-runtime:ZA
fmls_za_zzi_h4xi	fmls	1ede11c1	fmls za.h[w10, 6, vgx4], { z16.h - z19.h }, z1.h[7]	mortlach2	1:MRA	ok	FCSR,GPR10,MATRIX,VEC1,VEC16,VEC17,VEC18,VEC19	MATRIX	GPR10,MATRIX,VEC1,VEC16,VEC17,VEC18,VEC19	MATRIX	disagree	SRC+ref:FCSR	-	GPR10,MATRIX,VEC1,VEC16,VEC17,VEC18,VEC19	MATRIX	SRC+ref:FCSR	index-runtime:ZA
fmls_za_zzi_s2xi	fmls	154d51c1	fmls za.s[w10, 5, vgx2], { z8.s, z9.s }, z1.s[3]	mortlach2	1:MRA	ok	FCSR,GPR10,MATRIX,VEC1,VEC8,VEC9	MATRIX	GPR10,MATRIX,VEC1,VEC8,VEC9	MATRIX	disagree	SRC+ref:FCSR	-	GPR10,MATRIX,VEC1,VEC8,VEC9	MATRIX	SRC+ref:FCSR	index-runtime:ZA
fmls_za_zzi_s4xi	fmls	15ce51c1	fmls za.s[w10, 5, vgx4], { z16.s - z19.s }, z1.s[3]	mortlach2	1:MRA	ok	FCSR,GPR10,MATRIX,VEC1,VEC16,VEC17,VEC18,VEC19	MATRIX	GPR10,MATRIX,VEC1,VEC16,VEC17,VEC18,VEC19	MATRIX	disagree	SRC+ref:FCSR	-	GPR10,MATRIX,VEC1,VEC16,VEC17,VEC18,VEC19	MATRIX	SRC+ref:FCSR	index-runtime:ZA
fmls_za_zzv_2x1	fmls	8d7862c1	fmls za.d[w11, 5, vgx2], { z4.d, z5.d }, z2.d	mortlach2	1:MRA	ok	FCSR,GPR11,MATRIX,VEC2,VEC4,VEC5	MATRIX	GPR11,MATRIX,VEC2,VEC4,VEC5	MATRIX	disagree	SRC+ref:FCSR	-	GPR11,MATRIX,VEC2,VEC4,VEC5	MATRIX	SRC+ref:FCSR	index-runtime:ZA
fmls_za_zzv_2x1_16	fmls	6c5c21c1	fmls za.h[w10, 4, vgx2], { z3.h, z4.h }, z1.h	mortlach2	1:MRA	ok	FCSR,GPR10,MATRIX,VEC1,VEC3,VEC4	MATRIX	GPR10,MATRIX,VEC1,VEC3,VEC4	MATRIX	disagree	SRC+ref:FCSR	-	GPR10,MATRIX,VEC1,VEC3,VEC4	MATRIX	SRC+ref:FCSR	index-runtime:ZA
fmls_za_zzv_4x1	fmls	8d7872c1	fmls za.d[w11, 5, vgx4], { z4.d - z7.d }, z2.d	mortlach2	1:MRA	ok	FCSR,GPR11,MATRIX,VEC2,VEC4,VEC5,VEC6,VEC7	MATRIX	GPR11,MATRIX,VEC2,VEC4,VEC5,VEC6,VEC7	MATRIX	disagree	SRC+ref:FCSR	-	GPR11,MATRIX,VEC2,VEC4,VEC5,VEC6,VEC7	MATRIX	SRC+ref:FCSR	index-runtime:ZA
fmls_za_zzv_4x1_16	fmls	6c5c31c1	fmls za.h[w10, 4, vgx4], { z3.h - z6.h }, z1.h	mortlach2	1:MRA	ok	FCSR,GPR10,MATRIX,VEC1,VEC3,VEC4,VEC5,VEC6	MATRIX	GPR10,MATRIX,VEC1,VEC3,VEC4,VEC5,VEC6	MATRIX	disagree	SRC+ref:FCSR	-	GPR10,MATRIX,VEC1,VEC3,VEC4,VEC5,VEC6	MATRIX	SRC+ref:FCSR	index-runtime:ZA
fmls_za_zzw_2x2	fmls	0d79e4c1	fmls za.d[w11, 5, vgx2], { z8.d, z9.d }, { z4.d, z5.d }	mortlach2	1:MRA	ok	FCSR,GPR11,MATRIX,VEC4,VEC5,VEC8,VEC9	MATRIX	GPR11,MATRIX,VEC4,VEC5,VEC8,VEC9	MATRIX	disagree	SRC+ref:FCSR	-	GPR11,MATRIX,VEC4,VEC5,VEC8,VEC9	MATRIX	SRC+ref:FCSR	index-runtime:ZA
fmls_za_zzw_2x2_16	fmls	dc50a2c1	fmls za.h[w10, 4, vgx2], { z6.h, z7.h }, { z2.h, z3.h }	mortlach2	1:MRA	ok	FCSR,GPR10,MATRIX,VEC2,VEC3,VEC6,VEC7	MATRIX	GPR10,MATRIX,VEC2,VEC3,VEC6,VEC7	MATRIX	disagree	SRC+ref:FCSR	-	GPR10,MATRIX,VEC2,VEC3,VEC6,VEC7	MATRIX	SRC+ref:FCSR	index-runtime:ZA
fmls_za_zzw_4x4	fmls	0d7ae9c1	fmls za.d[w11, 5, vgx4], { z16.d - z19.d }, { z8.d - z11.d }	mortlach2	1:MRA	ok	FCSR,GPR11,MATRIX,VEC10,VEC11,VEC16,VEC17,VEC18,VEC19,VEC8,VEC9	MATRIX	GPR11,MATRIX,VEC10,VEC11,VEC16,VEC17,VEC18,VEC19,VEC8,VEC9	MATRIX	disagree	SRC+ref:FCSR	-	GPR11,MATRIX,VEC10,VEC11,VEC16,VEC17,VEC18,VEC19,VEC8,VEC9	MATRIX	SRC+ref:FCSR	index-runtime:ZA
fmls_za_zzw_4x4_16	fmls	9c51a5c1	fmls za.h[w10, 4, vgx4], { z12.h - z15.h }, { z4.h - z7.h }	mortlach2	1:MRA	ok	FCSR,GPR10,MATRIX,VEC12,VEC13,VEC14,VEC15,VEC4,VEC5,VEC6,VEC7	MATRIX	GPR10,MATRIX,VEC12,VEC13,VEC14,VEC15,VEC4,VEC5,VEC6,VEC7	MATRIX	disagree	SRC+ref:FCSR	-	GPR10,MATRIX,VEC12,VEC13,VEC14,VEC15,VEC4,VEC5,VEC6,VEC7	MATRIX	SRC+ref:FCSR	index-runtime:ZA
fmlsl_za_zzi_1	fmlsl	ae7081c1	fmlsl za.s[w11, 12:13], z5.h, z1.h[0]	mortlach2	1:MRA	ok	FCSR,GPR11,MATRIX,VEC1,VEC5	MATRIX	GPR11,MATRIX,VEC1,VEC5	MATRIX	disagree	SRC+ref:FCSR	-	GPR11,MATRIX,VEC1,VEC5	MATRIX	SRC+ref:FCSR	index-runtime:ZA
fmlsl_za_zzi_2xi	fmlsl	0e5d91c1	fmlsl za.s[w10, 4:5, vgx2], { z8.h, z9.h }, z1.h[7]	mortlach2	1:MRA	ok	FCSR,GPR10,MATRIX,VEC1,VEC8,VEC9	MATRIX	GPR10,MATRIX,VEC1,VEC8,VEC9	MATRIX	disagree	SRC+ref:FCSR	-	GPR10,MATRIX,VEC1,VEC8,VEC9	MATRIX	SRC+ref:FCSR	index-runtime:ZA
fmlsl_za_zzi_4xi	fmlsl	0ede91c1	fmlsl za.s[w10, 4:5, vgx4], { z16.h - z19.h }, z1.h[7]	mortlach2	1:MRA	ok	FCSR,GPR10,MATRIX,VEC1,VEC16,VEC17,VEC18,VEC19	MATRIX	GPR10,MATRIX,VEC1,VEC16,VEC17,VEC18,VEC19	MATRIX	disagree	SRC+ref:FCSR	-	GPR10,MATRIX,VEC1,VEC16,VEC17,VEC18,VEC19	MATRIX	SRC+ref:FCSR	index-runtime:ZA
fmlsl_za_zzv_1	fmlsl	6c4c21c1	fmlsl za.s[w10, 8:9], z3.h, z1.h	mortlach2	1:MRA	ok	FCSR,GPR10,MATRIX,VEC1,VEC3	MATRIX	GPR10,MATRIX,VEC1,VEC3	MATRIX	disagree	SRC+ref:FCSR	-	GPR10,MATRIX,VEC1,VEC3	MATRIX	SRC+ref:FCSR	index-runtime:ZA
fmlsl_za_zzv_2x1	fmlsl	684821c1	fmlsl za.s[w10, 0:1, vgx2], { z3.h, z4.h }, z1.h	mortlach2	1:MRA	ok	FCSR,GPR10,MATRIX,VEC1,VEC3,VEC4	MATRIX	GPR10,MATRIX,VEC1,VEC3,VEC4	MATRIX	disagree	SRC+ref:FCSR	-	GPR10,MATRIX,VEC1,VEC3,VEC4	MATRIX	SRC+ref:FCSR	index-runtime:ZA
fmlsl_za_zzv_4x1	fmlsl	684831c1	fmlsl za.s[w10, 0:1, vgx4], { z3.h - z6.h }, z1.h	mortlach2	1:MRA	ok	FCSR,GPR10,MATRIX,VEC1,VEC3,VEC4,VEC5,VEC6	MATRIX	GPR10,MATRIX,VEC1,VEC3,VEC4,VEC5,VEC6	MATRIX	disagree	SRC+ref:FCSR	-	GPR10,MATRIX,VEC1,VEC3,VEC4,VEC5,VEC6	MATRIX	SRC+ref:FCSR	index-runtime:ZA
fmlsl_za_zzw_2x2	fmlsl	c848a2c1	fmlsl za.s[w10, 0:1, vgx2], { z6.h, z7.h }, { z2.h, z3.h }	mortlach2	1:MRA	ok	FCSR,GPR10,MATRIX,VEC2,VEC3,VEC6,VEC7	MATRIX	GPR10,MATRIX,VEC2,VEC3,VEC6,VEC7	MATRIX	disagree	SRC+ref:FCSR	-	GPR10,MATRIX,VEC2,VEC3,VEC6,VEC7	MATRIX	SRC+ref:FCSR	index-runtime:ZA
fmlsl_za_zzw_4x4	fmlsl	8849a5c1	fmlsl za.s[w10, 0:1, vgx4], { z12.h - z15.h }, { z4.h - z7.h }	mortlach2	1:MRA	ok	FCSR,GPR10,MATRIX,VEC12,VEC13,VEC14,VEC15,VEC4,VEC5,VEC6,VEC7	MATRIX	GPR10,MATRIX,VEC12,VEC13,VEC14,VEC15,VEC4,VEC5,VEC6,VEC7	MATRIX	disagree	SRC+ref:FCSR	-	GPR10,MATRIX,VEC12,VEC13,VEC14,VEC15,VEC4,VEC5,VEC6,VEC7	MATRIX	SRC+ref:FCSR	index-runtime:ZA
fmlslb_z_zzz_	fmlslb	43a0a164	fmlslb z3.s, z2.h, z1.h	sve2	1:MRA	ok	FCSR,VEC1,VEC2,VEC3	VEC3	VEC1,VEC2,VEC3	VEC3	disagree	SRC+ref:FCSR	-	VEC1,VEC2,VEC3	VEC3	SRC+ref:FCSR	-
fmlslb_z_zzzi_s	fmlslb	8568aa64	fmlslb z5.s, z4.h, z2.h[3]	sve2	1:MRA	ok	FCSR,VEC2,VEC4,VEC5	VEC5	VEC2,VEC4,VEC5	VEC5	disagree	SRC+ref:FCSR	-	VEC2,VEC4,VEC5	VEC5	SRC+ref:FCSR	-
fmlslt_z_zzz_	fmlslt	43a4a164	fmlslt z3.s, z2.h, z1.h	sve2	1:MRA	ok	FCSR,VEC1,VEC2,VEC3	VEC3	VEC1,VEC2,VEC3	VEC3	disagree	SRC+ref:FCSR	-	VEC1,VEC2,VEC3	VEC3	SRC+ref:FCSR	-
fmlslt_z_zzzi_s	fmlslt	856caa64	fmlslt z5.s, z4.h, z2.h[3]	sve2	1:MRA	ok	FCSR,VEC2,VEC4,VEC5	VEC5	VEC2,VEC4,VEC5	VEC5	disagree	SRC+ref:FCSR	-	VEC2,VEC4,VEC5	VEC5	SRC+ref:FCSR	-
fmmla_z_zzz_d	fmmla	43e4e164	fmmla z3.d, z2.d, z1.d	sve	1:MRA	ok	FCSR,PSTATE.SM,VEC1,VEC2,VEC3	FCSR,VEC3	VEC1,VEC2,VEC3	VEC3	disagree	DST+ref:FCSR SRC+ref:FCSR	PSTATE.SM	VEC1,VEC2,VEC3	VEC3	DST+ref:FCSR SRC+ref:FCSR	-
fmmla_z_zzz_s	fmmla	43e4a164	fmmla z3.s, z2.s, z1.s	sve	1:MRA	ok	FCSR,PSTATE.SM,VEC1,VEC2,VEC3	FCSR,VEC3	VEC1,VEC2,VEC3	VEC3	disagree	DST+ref:FCSR SRC+ref:FCSR	PSTATE.SM	VEC1,VEC2,VEC3	VEC3	DST+ref:FCSR SRC+ref:FCSR	-
fmopa_za32_pp_zz_16	fmopa	814ca181	fmopa za1.s, p3/m, p2/m, z4.h, z1.h	mortlach	1:MRA	ok	FCSR,MATRIX,PRED2,PRED3,VEC1,VEC4	MATRIX	MATRIX,PRED2,PRED3,VEC1,VEC4	MATRIX	disagree	SRC+ref:FCSR	-	MATRIX,PRED2,PRED3,VEC1,VEC4	MATRIX	SRC+ref:FCSR	-
fmopa_za_pp_zz_16	fmopa	894c8181	fmopa za1.h, p3/m, p2/m, z4.h, z1.h	mortlach2	1:MRA	ok	FCSR,MATRIX,PRED2,PRED3,VEC1,VEC4	MATRIX	MATRIX,PRED2,PRED3,VEC1,VEC4	MATRIX	disagree	SRC+ref:FCSR	-	MATRIX,PRED2,PRED3,VEC1,VEC4	MATRIX	SRC+ref:FCSR	-
fmopa_za_pp_zz_32	fmopa	814c8180	fmopa za1.s, p3/m, p2/m, z4.s, z1.s	mortlach	1:MRA	ok	FCSR,MATRIX,PRED2,PRED3,VEC1,VEC4	MATRIX	MATRIX,PRED2,PRED3,VEC1,VEC4	MATRIX	disagree	SRC+ref:FCSR	-	MATRIX,PRED2,PRED3,VEC1,VEC4	MATRIX	SRC+ref:FCSR	-
fmopa_za_pp_zz_64	fmopa	854cc180	fmopa za5.d, p3/m, p2/m, z4.d, z1.d	mortlach	1:MRA	ok	FCSR,MATRIX,PRED2,PRED3,VEC1,VEC4	MATRIX	MATRIX,PRED2,PRED3,VEC1,VEC4	MATRIX	disagree	SRC+ref:FCSR	-	MATRIX,PRED2,PRED3,VEC1,VEC4	MATRIX	SRC+ref:FCSR	-
fmops_za32_pp_zz_16	fmops	914ca181	fmops za1.s, p3/m, p2/m, z4.h, z1.h	mortlach	1:MRA	ok	FCSR,MATRIX,PRED2,PRED3,VEC1,VEC4	MATRIX	MATRIX,PRED2,PRED3,VEC1,VEC4	MATRIX	disagree	SRC+ref:FCSR	-	MATRIX,PRED2,PRED3,VEC1,VEC4	MATRIX	SRC+ref:FCSR	-
fmops_za_pp_zz_16	fmops	994c8181	fmops za1.h, p3/m, p2/m, z4.h, z1.h	mortlach2	1:MRA	ok	FCSR,MATRIX,PRED2,PRED3,VEC1,VEC4	MATRIX	MATRIX,PRED2,PRED3,VEC1,VEC4	MATRIX	disagree	SRC+ref:FCSR	-	MATRIX,PRED2,PRED3,VEC1,VEC4	MATRIX	SRC+ref:FCSR	-
fmops_za_pp_zz_32	fmops	914c8180	fmops za1.s, p3/m, p2/m, z4.s, z1.s	mortlach	1:MRA	ok	FCSR,MATRIX,PRED2,PRED3,VEC1,VEC4	MATRIX	MATRIX,PRED2,PRED3,VEC1,VEC4	MATRIX	disagree	SRC+ref:FCSR	-	MATRIX,PRED2,PRED3,VEC1,VEC4	MATRIX	SRC+ref:FCSR	-
fmops_za_pp_zz_64	fmops	954cc180	fmops za5.d, p3/m, p2/m, z4.d, z1.d	mortlach	1:MRA	ok	FCSR,MATRIX,PRED2,PRED3,VEC1,VEC4	MATRIX	MATRIX,PRED2,PRED3,VEC1,VEC4	MATRIX	disagree	SRC+ref:FCSR	-	MATRIX,PRED2,PRED3,VEC1,VEC4	MATRIX	SRC+ref:FCSR	-
fmsb_z_p_zzz_	fmsb	85ac6265	fmsb z5.h, p3/m, z4.h, z2.h	sve	1:MRA	ok	FCSR,PRED3,VEC2,VEC4,VEC5	VEC5	PRED3,VEC2,VEC4,VEC5	VEC5	disagree	SRC+ref:FCSR	-	PRED3,VEC2,VEC4,VEC5	VEC5	SRC+ref:FCSR	unbounded-loop
fmul_z_p_zs_	fmul	24885a65	fmul z4.h, p2/m, z4.h, #2.0	sve	1:MRA	ok	FCSR,PRED2,PSTATE.SM,VEC4	FCSR,VEC4	PRED2,VEC4	VEC4	disagree	DST+ref:FCSR SRC+ref:FCSR	PSTATE.SM	PRED2,VEC4	VEC4	DST+ref:FCSR SRC+ref:FCSR	-
fmul_z_p_zz_	fmul	64884265	fmul z4.h, p2/m, z4.h, z3.h	sve	1:MRA	ok	FCSR,PRED2,PSTATE.SM,VEC3,VEC4	FCSR,VEC4	PRED2,VEC3,VEC4	VEC4	disagree	DST+ref:FCSR SRC+ref:FCSR	PSTATE.SM	PRED2,VEC3,VEC4	VEC4	DST+ref:FCSR SRC+ref:FCSR	unbounded-loop
fmul_z_zz_	fmul	64084265	fmul z4.h, z3.h, z2.h	sve	1:MRA	ok	FCSR,PSTATE.SM,VEC2,VEC3	FCSR,VEC4	VEC2,VEC3	VEC4	disagree	DST+ref:FCSR SRC+ref:FCSR	PSTATE.SM	VEC2,VEC3	VEC4	DST+ref:FCSR SRC+ref:FCSR	-
fmul_z_zzi_d	fmul	6420f264	fmul z4.d, z3.d, z2.d[1]	sve	1:MRA	ok	FCSR,PSTATE.SM,VEC2,VEC3	FCSR,VEC4	VEC2,VEC3	VEC4	disagree	DST+ref:FCSR SRC+ref:FCSR	PSTATE.SM	VEC2,VEC3	VEC4	DST+ref:FCSR SRC+ref:FCSR	-
fmul_z_zzi_h	fmul	85207364	fmul z5.h, z4.h, z3.h[6]	sve	1:MRA	ok	FCSR,PSTATE.SM,VEC3,VEC4	FCSR,VEC5	VEC3,VEC4	VEC5	disagree	DST+ref:FCSR SRC+ref:FCSR	PSTATE.SM	VEC3,VEC4	VEC5	DST+ref:FCSR SRC+ref:FCSR	-
fmul_z_zzi_s	fmul	6420aa64	fmul z4.s, z3.s, z2.s[1]	sve	1:MRA	ok	FCSR,PSTATE.SM,VEC2,VEC3	FCSR,VEC4	VEC2,VEC3	VEC4	disagree	DST+ref:FCSR SRC+ref:FCSR	PSTATE.SM	VEC2,VEC3	VEC4	DST+ref:FCSR SRC+ref:FCSR	-
fmulx_z_p_zz_	fmulx	64884a65	fmulx z4.h, p2/m, z4.h, z3.h	sve	1:MRA	ok	FCSR,PRED2,VEC3,VEC4	VEC4	PRED2,VEC3,VEC4	VEC4	disagree	SRC+ref:FCSR	-	PRED2,VEC3,VEC4	VEC4	SRC+ref:FCSR	unbounded-loop
fneg_z_p_z_	fneg	64a85d04	fneg z4.h, p2/m, z3.h	sve	1:MRA	ok	PRED2,VEC3,VEC4	VEC4	FCSR,PRED2,VEC3,VEC4	VEC4	disagree	SRC+trc:FCSR	-	PRED2,VEC3,VEC4	VEC4	same	unbounded-loop
fnmad_z_p_zzz_	fnmad	85cc6265	fnmad z5.h, p3/m, z4.h, z2.h	sve	1:MRA	ok	FCSR,PRED3,VEC2,VEC4,VEC5	VEC5	PRED3,VEC2,VEC4,VEC5	VEC5	disagree	SRC+ref:FCSR	-	PRED3,VEC2,VEC4,VEC5	VEC5	SRC+ref:FCSR	unbounded-loop
fnmla_z_p_zzz_	fnmla	854c6265	fnmla z5.h, p3/m, z4.h, z2.h	sve	1:MRA	ok	FCSR,PRED3,VEC2,VEC4,VEC5	VEC5	PRED3,VEC2,VEC4,VEC5	VEC5	disagree	SRC+ref:FCSR	-	PRED3,VEC2,VEC4,VEC5	VEC5	SRC+ref:FCSR	unbounded-loop
fnmls_z_p_zzz_	fnmls	856c6265	fnmls z5.h, p3/m, z4.h, z2.h	sve	1:MRA	ok	FCSR,PRED3,VEC2,VEC4,VEC5	VEC5	PRED3,VEC2,VEC4,VEC5	VEC5	disagree	SRC+ref:FCSR	-	PRED3,VEC2,VEC4,VEC5	VEC5	SRC+ref:FCSR	unbounded-loop
fnmsb_z_p_zzz_	fnmsb	85ec6265	fnmsb z5.h, p3/m, z4.h, z2.h	sve	1:MRA	ok	FCSR,PRED3,VEC2,VEC4,VEC5	VEC5	PRED3,VEC2,VEC4,VEC5	VEC5	disagree	SRC+ref:FCSR	-	PRED3,VEC2,VEC4,VEC5	VEC5	SRC+ref:FCSR	unbounded-loop
frecpe_z_z_	frecpe	43304e65	frecpe z3.h, z2.h	sve	1:MRA	ok	FCSR,VEC2	VEC3	VEC2	VEC3	disagree	SRC+ref:FCSR	-	VEC2	VEC3	SRC+ref:FCSR	-
frecps_z_zz_	frecps	64184265	frecps z4.h, z3.h, z2.h	sve	1:MRA	ok	FCSR,VEC2,VEC3	VEC4	VEC2,VEC3	VEC4	disagree	SRC+ref:FCSR	-	VEC2,VEC3	VEC4	SRC+ref:FCSR	-
frecpx_z_p_z_	frecpx	64a84c65	frecpx z4.h, p2/m, z3.h	sve	1:MRA	ok	FCSR,PRED2,PSTATE.SM,VEC3,VEC4	FCSR,VEC4	PRED2,VEC3,VEC4	VEC4	disagree	DST+ref:FCSR SRC+ref:FCSR	PSTATE.SM	PRED2,VEC3,VEC4	VEC4	DST+ref:FCSR SRC+ref:FCSR	unbounded-loop
frinta_mz_z_2	frinta	44e0acc1	frinta { z4.s, z5.s }, { z2.s, z3.s }	mortlach2	1:MRA	ok	FCSR,PSTATE.SM,VEC2,VEC3	FCSR,VEC4,VEC5	VEC2,VEC3	VEC4,VEC5	disagree	DST+ref:FCSR SRC+ref:FCSR	PSTATE.SM	VEC2,VEC3	VEC4,VEC5	DST+ref:FCSR SRC+ref:FCSR	-
frinta_mz_z_4	frinta	88e0bcc1	frinta { z8.s - z11.s }, { z4.s - z7.s }	mortlach2	1:MRA	ok	FCSR,PSTATE.SM,VEC4,VEC5,VEC6,VEC7	FCSR,VEC10,VEC11,VEC8,VEC9	VEC4,VEC5,VEC6,VEC7	VEC10,VEC11,VEC8,VEC9	disagree	DST+ref:FCSR SRC+ref:FCSR	PSTATE.SM	VEC4,VEC5,VEC6,VEC7	VEC10,VEC11,VEC8,VEC9	DST+ref:FCSR SRC+ref:FCSR	-
frinta_z_p_z_	frinta	64a84465	frinta z4.h, p2/m, z3.h	sve	1:MRA	ok	FCSR,PRED2,PSTATE.SM,VEC3,VEC4	FCSR,VEC4	PRED2,VEC3,VEC4	VEC4	disagree	DST+ref:FCSR SRC+ref:FCSR	PSTATE.SM	PRED2,VEC3,VEC4	VEC4	DST+ref:FCSR SRC+ref:FCSR	unbounded-loop
frinti_z_p_z_	frinti	64a84765	frinti z4.h, p2/m, z3.h	sve	1:MRA	ok	FCSR,PRED2,PSTATE.SM,VEC3,VEC4	FCSR,VEC4	PRED2,VEC3,VEC4	VEC4	disagree	DST+ref:FCSR SRC+ref:FCSR	PSTATE.SM	PRED2,VEC3,VEC4	VEC4	DST+ref:FCSR SRC+ref:FCSR	unbounded-loop
frintm_mz_z_2	frintm	44e0aac1	frintm { z4.s, z5.s }, { z2.s, z3.s }	mortlach2	1:MRA	ok	FCSR,PSTATE.SM,VEC2,VEC3	FCSR,VEC4,VEC5	VEC2,VEC3	VEC4,VEC5	disagree	DST+ref:FCSR SRC+ref:FCSR	PSTATE.SM	VEC2,VEC3	VEC4,VEC5	DST+ref:FCSR SRC+ref:FCSR	-
frintm_mz_z_4	frintm	88e0bac1	frintm { z8.s - z11.s }, { z4.s - z7.s }	mortlach2	1:MRA	ok	FCSR,PSTATE.SM,VEC4,VEC5,VEC6,VEC7	FCSR,VEC10,VEC11,VEC8,VEC9	VEC4,VEC5,VEC6,VEC7	VEC10,VEC11,VEC8,VEC9	disagree	DST+ref:FCSR SRC+ref:FCSR	PSTATE.SM	VEC4,VEC5,VEC6,VEC7	VEC10,VEC11,VEC8,VEC9	DST+ref:FCSR SRC+ref:FCSR	-
frintm_z_p_z_	frintm	64a84265	frintm z4.h, p2/m, z3.h	sve	1:MRA	ok	FCSR,PRED2,PSTATE.SM,VEC3,VEC4	FCSR,VEC4	PRED2,VEC3,VEC4	VEC4	disagree	DST+ref:FCSR SRC+ref:FCSR	PSTATE.SM	PRED2,VEC3,VEC4	VEC4	DST+ref:FCSR SRC+ref:FCSR	unbounded-loop
frintn_mz_z_2	frintn	44e0a8c1	frintn { z4.s, z5.s }, { z2.s, z3.s }	mortlach2	1:MRA	ok	FCSR,PSTATE.SM,VEC2,VEC3	FCSR,VEC4,VEC5	VEC2,VEC3	VEC4,VEC5	disagree	DST+ref:FCSR SRC+ref:FCSR	PSTATE.SM	VEC2,VEC3	VEC4,VEC5	DST+ref:FCSR SRC+ref:FCSR	-
frintn_mz_z_4	frintn	88e0b8c1	frintn { z8.s - z11.s }, { z4.s - z7.s }	mortlach2	1:MRA	ok	FCSR,PSTATE.SM,VEC4,VEC5,VEC6,VEC7	FCSR,VEC10,VEC11,VEC8,VEC9	VEC4,VEC5,VEC6,VEC7	VEC10,VEC11,VEC8,VEC9	disagree	DST+ref:FCSR SRC+ref:FCSR	PSTATE.SM	VEC4,VEC5,VEC6,VEC7	VEC10,VEC11,VEC8,VEC9	DST+ref:FCSR SRC+ref:FCSR	-
frintn_z_p_z_	frintn	64a84065	frintn z4.h, p2/m, z3.h	sve	1:MRA	ok	FCSR,PRED2,PSTATE.SM,VEC3,VEC4	FCSR,VEC4	PRED2,VEC3,VEC4	VEC4	disagree	DST+ref:FCSR SRC+ref:FCSR	PSTATE.SM	PRED2,VEC3,VEC4	VEC4	DST+ref:FCSR SRC+ref:FCSR	unbounded-loop
frintp_mz_z_2	frintp	44e0a9c1	frintp { z4.s, z5.s }, { z2.s, z3.s }	mortlach2	1:MRA	ok	FCSR,PSTATE.SM,VEC2,VEC3	FCSR,VEC4,VEC5	VEC2,VEC3	VEC4,VEC5	disagree	DST+ref:FCSR SRC+ref:FCSR	PSTATE.SM	VEC2,VEC3	VEC4,VEC5	DST+ref:FCSR SRC+ref:FCSR	-
frintp_mz_z_4	frintp	88e0b9c1	frintp { z8.s - z11.s }, { z4.s - z7.s }	mortlach2	1:MRA	ok	FCSR,PSTATE.SM,VEC4,VEC5,VEC6,VEC7	FCSR,VEC10,VEC11,VEC8,VEC9	VEC4,VEC5,VEC6,VEC7	VEC10,VEC11,VEC8,VEC9	disagree	DST+ref:FCSR SRC+ref:FCSR	PSTATE.SM	VEC4,VEC5,VEC6,VEC7	VEC10,VEC11,VEC8,VEC9	DST+ref:FCSR SRC+ref:FCSR	-
frintp_z_p_z_	frintp	64a84165	frintp z4.h, p2/m, z3.h	sve	1:MRA	ok	FCSR,PRED2,PSTATE.SM,VEC3,VEC4	FCSR,VEC4	PRED2,VEC3,VEC4	VEC4	disagree	DST+ref:FCSR SRC+ref:FCSR	PSTATE.SM	PRED2,VEC3,VEC4	VEC4	DST+ref:FCSR SRC+ref:FCSR	unbounded-loop
frintx_z_p_z_	frintx	64a84665	frintx z4.h, p2/m, z3.h	sve	1:MRA	ok	FCSR,PRED2,PSTATE.SM,VEC3,VEC4	FCSR,VEC4	PRED2,VEC3,VEC4	VEC4	disagree	DST+ref:FCSR SRC+ref:FCSR	PSTATE.SM	PRED2,VEC3,VEC4	VEC4	DST+ref:FCSR SRC+ref:FCSR	unbounded-loop
frintz_z_p_z_	frintz	64a84365	frintz z4.h, p2/m, z3.h	sve	1:MRA	ok	FCSR,PRED2,PSTATE.SM,VEC3,VEC4	FCSR,VEC4	PRED2,VEC3,VEC4	VEC4	disagree	DST+ref:FCSR SRC+ref:FCSR	PSTATE.SM	PRED2,VEC3,VEC4	VEC4	DST+ref:FCSR SRC+ref:FCSR	unbounded-loop
frsqrte_z_z_	frsqrte	43304f65	frsqrte z3.h, z2.h	sve	1:MRA	ok	FCSR,PSTATE.SM,VEC2	FCSR,VEC3	VEC2	VEC3	disagree	DST+ref:FCSR SRC+ref:FCSR	PSTATE.SM	VEC2	VEC3	DST+ref:FCSR SRC+ref:FCSR	-
frsqrts_z_zz_	frsqrts	641c4265	frsqrts z4.h, z3.h, z2.h	sve	1:MRA	ok	FCSR,VEC2,VEC3	VEC4	VEC2,VEC3	VEC4	disagree	SRC+ref:FCSR	-	VEC2,VEC3	VEC4	SRC+ref:FCSR	-
fscale_z_p_zz_	fscale	64884965	fscale z4.h, p2/m, z4.h, z3.h	sve	1:MRA	ok	FCSR,PRED2,PSTATE.SM,VEC3,VEC4	FCSR,VEC4	PRED2,VEC3,VEC4	VEC4	disagree	DST+ref:FCSR SRC+ref:FCSR	PSTATE.SM	PRED2,VEC3,VEC4	VEC4	DST+ref:FCSR SRC+ref:FCSR	unbounded-loop
fsqrt_z_p_z_	fsqrt	64a84d65	fsqrt z4.h, p2/m, z3.h	sve	1:MRA	ok	FCSR,PRED2,PSTATE.SM,VEC3,VEC4	FCSR,VEC4	PRED2,VEC3,VEC4	VEC4	disagree	DST+ref:FCSR SRC+ref:FCSR	PSTATE.SM	PRED2,VEC3,VEC4	VEC4	DST+ref:FCSR SRC+ref:FCSR	unbounded-loop
fsub_z_p_zs_	fsub	24885965	fsub z4.h, p2/m, z4.h, #1.0	sve	1:MRA	ok	FCSR,PRED2,PSTATE.SM,VEC4	FCSR,VEC4	PRED2,VEC4	VEC4	disagree	DST+ref:FCSR SRC+ref:FCSR	PSTATE.SM	PRED2,VEC4	VEC4	DST+ref:FCSR SRC+ref:FCSR	-
fsub_z_p_zz_	fsub	64884165	fsub z4.h, p2/m, z4.h, z3.h	sve	1:MRA	ok	FCSR,PRED2,PSTATE.SM,VEC3,VEC4	FCSR,VEC4	PRED2,VEC3,VEC4	VEC4	disagree	DST+ref:FCSR SRC+ref:FCSR	PSTATE.SM	PRED2,VEC3,VEC4	VEC4	DST+ref:FCSR SRC+ref:FCSR	unbounded-loop
fsub_z_zz_	fsub	64044265	fsub z4.h, z3.h, z2.h	sve	1:MRA	ok	FCSR,PSTATE.SM,VEC2,VEC3	FCSR,VEC4	VEC2,VEC3	VEC4	disagree	DST+ref:FCSR SRC+ref:FCSR	PSTATE.SM	VEC2,VEC3	VEC4	DST+ref:FCSR SRC+ref:FCSR	-
fsub_za_zw_2x2	fsub	cc5ce0c1	fsub za.d[w10, 4, vgx2], { z6.d, z7.d }	mortlach2	1:MRA	ok	FCSR,GPR10,MATRIX,VEC6,VEC7	MATRIX	GPR10,MATRIX,VEC6,VEC7	MATRIX	disagree	SRC+ref:FCSR	-	GPR10,MATRIX,VEC6,VEC7	MATRIX	SRC+ref:FCSR	index-runtime:ZA
fsub_za_zw_2x2_16	fsub	8b3ca4c1	fsub za.h[w9, 3, vgx2], { z4.h, z5.h }	mortlach2	1:MRA	ok	FCSR,GPR9,MATRIX,VEC4,VEC5	MATRIX	GPR9,MATRIX,VEC4,VEC5	MATRIX	disagree	SRC+ref:FCSR	-	GPR9,MATRIX,VEC4,VEC5	MATRIX	SRC+ref:FCSR	index-runtime:ZA
fsub_za_zw_4x4	fsub	8c5de1c1	fsub za.d[w10, 4, vgx4], { z12.d - z15.d }	mortlach2	1:MRA	ok	FCSR,GPR10,MATRIX,VEC12,VEC13,VEC14,VEC15	MATRIX	GPR10,MATRIX,VEC12,VEC13,VEC14,VEC15	MATRIX	disagree	SRC+ref:FCSR	-	GPR10,MATRIX,VEC12,VEC13,VEC14,VEC15	MATRIX	SRC+ref:FCSR	index-runtime:ZA
fsub_za_zw_4x4_16	fsub	0b3da5c1	fsub za.h[w9, 3, vgx4], { z8.h - z11.h }	mortlach2	1:MRA	ok	FCSR,GPR9,MATRIX,VEC10,VEC11,VEC8,VEC9	MATRIX	GPR9,MATRIX,VEC10,VEC11,VEC8,VEC9	MATRIX	disagree	SRC+ref:FCSR	-	GPR9,MATRIX,VEC10,VEC11,VEC8,VEC9	MATRIX	SRC+ref:FCSR	index-runtime:ZA
fsubr_z_p_zs_	fsubr	24885b65	fsubr z4.h, p2/m, z4.h, #1.0	sve	1:MRA	ok	FCSR,PRED2,PSTATE.SM,VEC4	FCSR,VEC4	PRED2,VEC4	VEC4	disagree	DST+ref:FCSR SRC+ref:FCSR	PSTATE.SM	PRED2,VEC4	VEC4	DST+ref:FCSR SRC+ref:FCSR	-
fsubr_z_p_zz_	fsubr	64884365	fsubr z4.h, p2/m, z4.h, z3.h	sve	1:MRA	ok	FCSR,PRED2,PSTATE.SM,VEC3,VEC4	FCSR,VEC4	PRED2,VEC3,VEC4	VEC4	disagree	DST+ref:FCSR SRC+ref:FCSR	PSTATE.SM	PRED2,VEC3,VEC4	VEC4	DST+ref:FCSR SRC+ref:FCSR	unbounded-loop
ftmad_z_zzi_	ftmad	64805265	ftmad z4.h, z4.h, z3.h, #2	sve	1:MRA	ok	FCSR,VEC3,VEC4	VEC4	VEC3,VEC4	VEC4	disagree	SRC+ref:FCSR	-	VEC3,VEC4	VEC4	SRC+ref:FCSR	-
ftsmul_z_zz_	ftsmul	640c4265	ftsmul z4.h, z3.h, z2.h	sve	1:MRA	ok	FCSR,PSTATE.SM,VEC2,VEC3	FCSR,VEC4	VEC2,VEC3	VEC4	disagree	DST+ref:FCSR SRC+ref:FCSR	PSTATE.SM	VEC2,VEC3	VEC4	DST+ref:FCSR SRC+ref:FCSR	-
ftssel_z_zz_	ftssel	64b06204	ftssel z4.h, z3.h, z2.h	sve	1:MRA	ok	VEC2,VEC3	VEC4	VEC2,VEC3	VEC4	agree	-	-	VEC2,VEC3	VEC4	same	-
fvdot_za_zzi_2xi	fvdot	0d4d51c1	fvdot za.s[w10, 5, vgx2], { z8.h, z9.h }, z1.h[3]	mortlach2	1:MRA	ok	FCSR,GPR10,MATRIX,VEC1,VEC8,VEC9	MATRIX	GPR10,MATRIX,VEC1,VEC8,VEC9	MATRIX	disagree	SRC+ref:FCSR	-	GPR10,MATRIX,VEC1,VEC8,VEC9	MATRIX	SRC+ref:FCSR	index-runtime:ZA
histcnt_z_p_zz_	histcnt	d3cdba45	histcnt z19.s, p3/z, z14.s, z26.s	sve2	1:MRA	ok	PRED3,VEC14,VEC26	VEC19	PRED3,VEC14,VEC26	VEC19	agree	-	-	PRED3,VEC14,VEC26	VEC19	same	unbounded-loop
histseg_z_zz_	histseg	b6a32445	histseg z22.b, z29.b, z4.b	sve2	1:MRA	ok	VEC29,VEC4	VEC22	VEC29,VEC4	VEC22	agree	-	-	VEC29,VEC4	VEC22	same	-
incb_r_rs_	incb	43e03104	incb x3, vl2, mul #2	sve	1:MRA	ok	GPR3	GPR3	GPR3	GPR3	agree	-	-	GPR3	GPR3	same	-
incd_r_rs_	incd	43e0f104	incd x3, vl2, mul #2	sve	1:MRA	ok	GPR3	GPR3	GPR3	GPR3	agree	-	-	GPR3	GPR3	same	-
incd_z_zs_	incd	43c0f104	incd z3.d, vl2, mul #2	sve	1:MRA	ok	VEC3	VEC3	VEC3	VEC3	agree	-	-	VEC3	VEC3	same	-
inch_r_rs_	inch	43e07104	inch x3, vl2, mul #2	sve	1:MRA	ok	GPR3	GPR3	GPR3	GPR3	agree	-	-	GPR3	GPR3	same	-
inch_z_zs_	inch	43c07104	inch z3.h, vl2, mul #2	sve	1:MRA	ok	VEC3	VEC3	VEC3	VEC3	agree	-	-	VEC3	VEC3	same	-
incp_r_p_r_	incp	43886c25	incp x3, p2.h	sve	1:MRA	ok	GPR3,PRED2	GPR3	GPR3,PRED2	GPR3	agree	-	-	GPR3,PRED2	GPR3	same	-
incp_z_p_z_	incp	43806c25	incp z3.h, p2.h	sve	1:MRA	ok	PRED2,VEC3	VEC3	PRED2,VEC3	VEC3	agree	-	-	PRED2,VEC3	VEC3	same	-
incw_r_rs_	incw	43e0b104	incw x3, vl2, mul #2	sve	1:MRA	ok	GPR3	GPR3	GPR3	GPR3	agree	-	-	GPR3	GPR3	same	-
incw_z_zs_	incw	43c0b104	incw z3.s, vl2, mul #2	sve	1:MRA	ok	VEC3	VEC3	VEC3	VEC3	agree	-	-	VEC3	VEC3	same	-
index_z_ii_	index	64406204	index z4.h, #3, #2	sve	1:MRA	ok	-	VEC4	-	VEC4	agree	-	-	-	VEC4	same	-
index_z_ir_	index	64486204	index z4.h, #3, w2	sve	1:MRA	ok	GPR2	VEC4	GPR2	VEC4	agree	-	-	GPR2	VEC4	same	-
index_z_ri_	index	64446204	index z4.h, w3, #2	sve	1:MRA	ok	GPR3	VEC4	GPR3	VEC4	agree	-	-	GPR3	VEC4	same	-
index_z_rr_	index	644c6204	index z4.h, w3, w2	sve	1:MRA	ok	GPR2,GPR3	VEC4	GPR2,GPR3	VEC4	agree	-	-	GPR2,GPR3	VEC4	same	-
insr_z_r_	insr	43386405	insr z3.h, w2	sve	1:MRA	ok	GPR2,VEC3	VEC3	GPR2,VEC3	VEC3	agree	-	-	GPR2,VEC3	VEC3	same	-
insr_z_v_	insr	43387405	insr z3.h, h2	sve	1:MRA	ok	VEC2,VEC3	VEC3	VEC2,VEC3	VEC3	agree	-	-	VEC2,VEC3	VEC3	same	-
lasta_r_p_z_	lasta	64a86005	lasta w4, p2, z3.h	sve	1:MRA	ok	PRED2,VEC3	GPR4	PRED2,VEC3	GPR4	agree	-	-	PRED2,VEC3	GPR4	same	unbounded-loop
lasta_v_p_z_	lasta	64886205	lasta h4, p2, z3.h	sve	1:MRA	ok	PRED2,VEC3	VEC4	PRED2,VEC3	VEC4	agree	-	-	PRED2,VEC3	VEC4	same	unbounded-loop
lastb_r_p_z_	lastb	64a86105	lastb w4, p2, z3.h	sve	1:MRA	ok	PRED2,VEC3	GPR4	PRED2,VEC3	GPR4	agree	-	-	PRED2,VEC3	GPR4	same	unbounded-loop
lastb_v_p_z_	lastb	64886305	lastb h4, p2, z3.h	sve	1:MRA	ok	PRED2,VEC3	VEC4	PRED2,VEC3	VEC4	agree	-	-	PRED2,VEC3	VEC4	same	unbounded-loop
ld1b_mz_p_bi_2	ld1b	680841a0	ld1b { z8.b, z9.b }, pn10/z, [x3, #2, mul vl]	sve2	1:MRA	ok	GPR3,PRED10	VEC8,VEC9	GPR3,PRED10	VEC8,VEC9	agree	-	-	GPR3,PRED10	VEC8,VEC9	same	unbounded-loop
ld1b_mz_p_bi_4	ld1b	708841a0	ld1b { z16.b - z19.b }, pn10/z, [x3, #4, mul vl]	sve2	1:MRA	ok	GPR3,PRED10	VEC16,VEC17,VEC18,VEC19	GPR3,PRED10	VEC16,VEC17,VEC18,VEC19	agree	-	-	GPR3,PRED10	VEC16,VEC17,VEC18,VEC19	same	unbounded-loop
ld1b_mz_p_br_2	ld1b	680801a0	ld1b { z8.b, z9.b }, pn10/z, [x3, x1]	sve2	1:MRA	ok	GPR1,GPR3,PRED10	VEC8,VEC9	GPR1,GPR3,PRED10	VEC8,VEC9	agree	-	-	GPR1,GPR3,PRED10	VEC8,VEC9	same	unbounded-loop
ld1b_mz_p_br_4	ld1b	708801a0	ld1b { z16.b - z19.b }, pn10/z, [x3, x1]	sve2	1:MRA	ok	GPR1,GPR3,PRED10	VEC16,VEC17,VEC18,VEC19	GPR1,GPR3,PRED10	VEC16,VEC17,VEC18,VEC19	agree	-	-	GPR1,GPR3,PRED10	VEC16,VEC17,VEC18,VEC19	same	unbounded-loop
ld1b_mzx_p_bi_2x8	ld1b	650841a1	ld1b { z5.b, z13.b }, pn10/z, [x3, #2, mul vl]	mortlach2	1:MRA	ok	GPR3,PRED10	VEC13,VEC5	GPR3,PRED10	VEC13,VEC5	agree	-	-	GPR3,PRED10	VEC13,VEC5	same	unbounded-loop
ld1b_mzx_p_bi_4x4	ld1b	618841a1	ld1b { z1.b, z5.b, z9.b, z13.b }, pn10/z, [x3, #4, mul vl]	mortlach2	1:MRA	ok	GPR3,PRED10	VEC1,VEC13,VEC5,VEC9	GPR3,PRED10	VEC1,VEC13,VEC5,VEC9	agree	-	-	GPR3,PRED10	VEC1,VEC13,VEC5,VEC9	same	unbounded-loop
ld1b_mzx_p_br_2x8	ld1b	650801a1	ld1b { z5.b, z13.b }, pn10/z, [x3, x1]	mortlach2	1:MRA	ok	GPR1,GPR3,PRED10	VEC13,VEC5	GPR1,GPR3,PRED10	VEC13,VEC5	agree	-	-	GPR1,GPR3,PRED10	VEC13,VEC5	same	unbounded-loop
ld1b_mzx_p_br_4x4	ld1b	618801a1	ld1b { z1.b, z5.b, z9.b, z13.b }, pn10/z, [x3, x1]	mortlach2	1:MRA	ok	GPR1,GPR3,PRED10	VEC1,VEC13,VEC5,VEC9	GPR1,GPR3,PRED10	VEC1,VEC13,VEC5,VEC9	agree	-	-	GPR1,GPR3,PRED10	VEC1,VEC13,VEC5,VEC9	same	unbounded-loop
ld1b_z_p_ai_d	ld1b	64c821c4	ld1b { z4.d }, p2/z, [z3.d, #1]	sve	1:MRA	ok	PRED2,VEC3	VEC4	PRED2,VEC3	VEC4	agree	-	-	PRED2,VEC3	VEC4	same	unbounded-loop
ld1b_z_p_ai_s	ld1b	64c82184	ld1b { z4.s }, p2/z, [z3.s, #1]	sve	1:MRA	ok	PRED2,VEC3	VEC4	PRED2,VEC3	VEC4	agree	-	-	PRED2,VEC3	VEC4	same	unbounded-loop
ld1b_z_p_bi_u16	ld1b	64a821a4	ld1b { z4.h }, p2/z, [x3, #1, mul vl]	sve	1:MRA	ok	GPR3,PRED2	VEC4	GPR3,PRED2	VEC4	agree	-	-	GPR3,PRED2	VEC4	same	unbounded-loop
ld1b_z_p_bi_u32	ld1b	64a841a4	ld1b { z4.s }, p2/z, [x3, #1, mul vl]	sve	1:MRA	ok	GPR3,PRED2	VEC4	GPR3,PRED2	VEC4	agree	-	-	GPR3,PRED2	VEC4	same	unbounded-loop
ld1b_z_p_bi_u64	ld1b	64a861a4	ld1b { z4.d }, p2/z, [x3, #1, mul vl]	sve	1:MRA	ok	GPR3,PRED2	VEC4	GPR3,PRED2	VEC4	agree	-	-	GPR3,PRED2	VEC4	same	unbounded-loop
ld1b_z_p_bi_u8	ld1b	64a801a4	ld1b { z4.b }, p2/z, [x3, #1, mul vl]	sve	1:MRA	ok	GPR3,PRED2	VEC4	GPR3,PRED2	VEC4	agree	-	-	GPR3,PRED2	VEC4	same	unbounded-loop
ld1b_z_p_br_u16	ld1b	644821a4	ld1b { z4.h }, p2/z, [x3, x1]	sve	1:MRA	ok	GPR1,GPR3,PRED2	VEC4	GPR1,GPR3,PRED2	VEC4	agree	-	-	GPR1,GPR3,PRED2	VEC4	same	unbounded-loop
ld1b_z_p_br_u32	ld1b	644841a4	ld1b { z4.s }, p2/z, [x3, x1]	sve	1:MRA	ok	GPR1,GPR3,PRED2	VEC4	GPR1,GPR3,PRED2	VEC4	agree	-	-	GPR1,GPR3,PRED2	VEC4	same	unbounded-loop
ld1b_z_p_br_u64	ld1b	644861a4	ld1b { z4.d }, p2/z, [x3, x1]	sve	1:MRA	ok	GPR1,GPR3,PRED2	VEC4	GPR1,GPR3,PRED2	VEC4	agree	-	-	GPR1,GPR3,PRED2	VEC4	same	unbounded-loop
ld1b_z_p_br_u8	ld1b	644801a4	ld1b { z4.b }, p2/z, [x3, x1]	sve	1:MRA	ok	GPR1,GPR3,PRED2	VEC4	GPR1,GPR3,PRED2	VEC4	agree	-	-	GPR1,GPR3,PRED2	VEC4	same	unbounded-loop
ld1b_z_p_bz_d_64_unscaled	ld1b	64c841c4	ld1b { z4.d }, p2/z, [x3, z1.d]	sve	1:MRA	ok	GPR3,PRED2,VEC1	VEC4	GPR3,PRED2,VEC1	VEC4	agree	-	-	GPR3,PRED2,VEC1	VEC4	same	unbounded-loop
ld1b_z_p_bz_d_x32_unscaled	ld1b	854c42c4	ld1b { z5.d }, p3/z, [x4, z2.d, sxtw]	sve	1:MRA	ok	GPR4,PRED3,VEC2	VEC5	GPR4,PRED3,VEC2	VEC5	agree	-	-	GPR4,PRED3,VEC2	VEC5	same	unbounded-loop
ld1b_z_p_bz_s_x32_unscaled	ld1b	854c4284	ld1b { z5.s }, p3/z, [x4, z2.s, sxtw]	sve	1:MRA	ok	GPR4,PRED3,VEC2	VEC5	GPR4,PRED3,VEC2	VEC5	agree	-	-	GPR4,PRED3,VEC2	VEC5	same	unbounded-loop
ld1b_za_p_rrr_	ld1b	a67001e0	ld1b {za0h.b[w15, 6]}, p4/z, [x5, x1]	mortlach	1:MRA	ok	GPR1,GPR15,GPR5,PRED4	MATRIX	GPR1,GPR15,GPR5,PRED4	MATRIX	agree	-	-	GPR1,GPR15,GPR5,PRED4	MATRIX	same	-
ld1d_mz_p_bi_2	ld1d	686841a0	ld1d { z8.d, z9.d }, pn10/z, [x3, #2, mul vl]	sve2	1:MRA	ok	GPR3,PRED10	VEC8,VEC9	GPR3,PRED10	VEC8,VEC9	agree	-	-	GPR3,PRED10	VEC8,VEC9	same	unbounded-loop
ld1d_mz_p_bi_4	ld1d	70e841a0	ld1d { z16.d - z19.d }, pn10/z, [x3, #4, mul vl]	sve2	1:MRA	ok	GPR3,PRED10	VEC16,VEC17,VEC18,VEC19	GPR3,PRED10	VEC16,VEC17,VEC18,VEC19	agree	-	-	GPR3,PRED10	VEC16,VEC17,VEC18,VEC19	same	unbounded-loop
ld1d_mz_p_br_2	ld1d	686801a0	ld1d { z8.d, z9.d }, pn10/z, [x3, x1, lsl #3]	sve2	1:MRA	ok	GPR1,GPR3,PRED10	VEC8,VEC9	GPR1,GPR3,PRED10	VEC8,VEC9	agree	-	-	GPR1,GPR3,PRED10	VEC8,VEC9	same	unbounded-loop
ld1d_mz_p_br_4	ld1d	70e801a0	ld1d { z16.d - z19.d }, pn10/z, [x3, x1, lsl #3]	sve2	1:MRA	ok	GPR1,GPR3,PRED10	VEC16,VEC17,VEC18,VEC19	GPR1,GPR3,PRED10	VEC16,VEC17,VEC18,VEC19	agree	-	-	GPR1,GPR3,PRED10	VEC16,VEC17,VEC18,VEC19	same	unbounded-loop
ld1d_mzx_p_bi_2x8	ld1d	656841a1	ld1d { z5.d, z13.d }, pn10/z, [x3, #2, mul vl]	mortlach2	1:MRA	ok	GPR3,PRED10	VEC13,VEC5	GPR3,PRED10	VEC13,VEC5	agree	-	-	GPR3,PRED10	VEC13,VEC5	same	unbounded-loop
ld1d_mzx_p_bi_4x4	ld1d	61e841a1	ld1d { z1.d, z5.d, z9.d, z13.d }, pn10/z, [x3, #4, mul vl]	mortlach2	1:MRA	ok	GPR3,PRED10	VEC1,VEC13,VEC5,VEC9	GPR3,PRED10	VEC1,VEC13,VEC5,VEC9	agree	-	-	GPR3,PRED10	VEC1,VEC13,VEC5,VEC9	same	unbounded-loop
ld1d_mzx_p_br_2x8	ld1d	656801a1	ld1d { z5.d, z13.d }, pn10/z, [x3, x1, lsl #3]	mortlach2	1:MRA	ok	GPR1,GPR3,PRED10	VEC13,VEC5	GPR1,GPR3,PRED10	VEC13,VEC5	agree	-	-	GPR1,GPR3,PRED10	VEC13,VEC5	same	unbounded-loop
ld1d_mzx_p_br_4x4	ld1d	61e801a1	ld1d { z1.d, z5.d, z9.d, z13.d }, pn10/z, [x3, x1, lsl #3]	mortlach2	1:MRA	ok	GPR1,GPR3,PRED10	VEC1,VEC13,VEC5,VEC9	GPR1,GPR3,PRED10	VEC1,VEC13,VEC5,VEC9	agree	-	-	GPR1,GPR3,PRED10	VEC1,VEC13,VEC5,VEC9	same	unbounded-loop
ld1d_z_p_ai_d	ld1d	64c8a1c5	ld1d { z4.d }, p2/z, [z3.d, #8]	sve	1:MRA	ok	PRED2,VEC3	VEC4	PRED2,VEC3	VEC4	agree	-	-	PRED2,VEC3	VEC4	same	unbounded-loop
ld1d_z_p_bi_u128	ld1d	642891a5	ld1d { z4.q }, p2/z, [x3, #1, mul vl]	sve2	1:MRA	ok	GPR3,PRED2	VEC4	GPR3,PRED2	VEC4	agree	-	-	GPR3,PRED2	VEC4	same	unbounded-loop
ld1d_z_p_bi_u64	ld1d	64a8e1a5	ld1d { z4.d }, p2/z, [x3, #1, mul vl]	sve	1:MRA	ok	GPR3,PRED2	VEC4	GPR3,PRED2	VEC4	agree	-	-	GPR3,PRED2	VEC4	same	unbounded-loop
ld1d_z_p_br_u128	ld1d	648881a5	ld1d { z4.q }, p2/z, [x3, x1, lsl #3]	sve2	1:MRA	ok	GPR1,GPR3,PRED2	VEC4	GPR1,GPR3,PRED2	VEC4	agree	-	-	GPR1,GPR3,PRED2	VEC4	same	unbounded-loop
ld1d_z_p_br_u64	ld1d	6448e1a5	ld1d { z4.d }, p2/z, [x3, x1, lsl #3]	sve	1:MRA	ok	GPR1,GPR3,PRED2	VEC4	GPR1,GPR3,PRED2	VEC4	agree	-	-	GPR1,GPR3,PRED2	VEC4	same	unbounded-loop
ld1d_z_p_bz_d_64_scaled	ld1d	64c8e1c5	ld1d { z4.d }, p2/z, [x3, z1.d, lsl #3]	sve	1:MRA	ok	GPR3,PRED2,VEC1	VEC4	GPR3,PRED2,VEC1	VEC4	agree	-	-	GPR3,PRED2,VEC1	VEC4	same	unbounded-loop
ld1d_z_p_bz_d_64_unscaled	ld1d	64c8c1c5	ld1d { z4.d }, p2/z, [x3, z1.d]	sve	1:MRA	ok	GPR3,PRED2,VEC1	VEC4	GPR3,PRED2,VEC1	VEC4	agree	-	-	GPR3,PRED2,VEC1	VEC4	same	unbounded-loop
ld1d_z_p_bz_d_x32_scaled	ld1d	854ce2c5	ld1d { z5.d }, p3/z, [x4, z2.d, sxtw #3]	sve	1:MRA	ok	GPR4,PRED3,VEC2	VEC5	GPR4,PRED3,VEC2	VEC5	agree	-	-	GPR4,PRED3,VEC2	VEC5	same	unbounded-loop
ld1d_z_p_bz_d_x32_unscaled	ld1d	854cc2c5	ld1d { z5.d }, p3/z, [x4, z2.d, sxtw]	sve	1:MRA	ok	GPR4,PRED3,VEC2	VEC5	GPR4,PRED3,VEC2	VEC5	agree	-	-	GPR4,PRED3,VEC2	VEC5	same	unbounded-loop
ld1d_za_p_rrr_	ld1d	ad70c1e0	ld1d {za6h.d[w15, 1]}, p4/z, [x5, x1, lsl #3]	mortlach	1:MRA	ok	GPR1,GPR15,GPR5,PRED4	MATRIX	GPR1,GPR15,GPR5,PRED4	MATRIX	agree	-	-	GPR1,GPR15,GPR5,PRED4	MATRIX	same	-
ld1h_mz_p_bi_2	ld1h	682841a0	ld1h { z8.h, z9.h }, pn10/z, [x3, #2, mul vl]	sve2	1:MRA	ok	GPR3,PRED10	VEC8,VEC9	GPR3,PRED10	VEC8,VEC9	agree	-	-	GPR3,PRED10	VEC8,VEC9	same	unbounded-loop
ld1h_mz_p_bi_4	ld1h	70a841a0	ld1h { z16.h - z19.h }, pn10/z, [x3, #4, mul vl]	sve2	1:MRA	ok	GPR3,PRED10	VEC16,VEC17,VEC18,VEC19	GPR3,PRED10	VEC16,VEC17,VEC18,VEC19	agree	-	-	GPR3,PRED10	VEC16,VEC17,VEC18,VEC19	same	unbounded-loop
ld1h_mz_p_br_2	ld1h	682801a0	ld1h { z8.h, z9.h }, pn10/z, [x3, x1, lsl #1]	sve2	1:MRA	ok	GPR1,GPR3,PRED10	VEC8,VEC9	GPR1,GPR3,PRED10	VEC8,VEC9	agree	-	-	GPR1,GPR3,PRED10	VEC8,VEC9	same	unbounded-loop
ld1h_mz_p_br_4	ld1h	70a801a0	ld1h { z16.h - z19.h }, pn10/z, [x3, x1, lsl #1]	sve2	1:MRA	ok	GPR1,GPR3,PRED10	VEC16,VEC17,VEC18,VEC19	GPR1,GPR3,PRED10	VEC16,VEC17,VEC18,VEC19	agree	-	-	GPR1,GPR3,PRED10	VEC16,VEC17,VEC18,VEC19	same	unbounded-loop
ld1h_mzx_p_bi_2x8	ld1h	652841a1	ld1h { z5.h, z13.h }, pn10/z, [x3, #2, mul vl]	mortlach2	1:MRA	ok	GPR3,PRED10	VEC13,VEC5	GPR3,PRED10	VEC13,VEC5	agree	-	-	GPR3,PRED10	VEC13,VEC5	same	unbounded-loop
ld1h_mzx_p_bi_4x4	ld1h	61a841a1	ld1h { z1.h, z5.h, z9.h, z13.h }, pn10/z, [x3, #4, mul vl]	mortlach2	1:MRA	ok	GPR3,PRED10	VEC1,VEC13,VEC5,VEC9	GPR3,PRED10	VEC1,VEC13,VEC5,VEC9	agree	-	-	GPR3,PRED10	VEC1,VEC13,VEC5,VEC9	same	unbounded-loop
ld1h_mzx_p_br_2x8	ld1h	652801a1	ld1h { z5.h, z13.h }, pn10/z, [x3, x1, lsl #1]	mortlach2	1:MRA	ok	GPR1,GPR3,PRED10	VEC13,VEC5	GPR1,GPR3,PRED10	VEC13,VEC5	agree	-	-	GPR1,GPR3,PRED10	VEC13,VEC5	same	unbounded-loop
ld1h_mzx_p_br_4x4	ld1h	61a801a1	ld1h { z1.h, z5.h, z9.h, z13.h }, pn10/z, [x3, x1, lsl #1]	mortlach2	1:MRA	ok	GPR1,GPR3,PRED10	VEC1,VEC13,VEC5,VEC9	GPR1,GPR3,PRED10	VEC1,VEC13,VEC5,VEC9	agree	-	-	GPR1,GPR3,PRED10	VEC1,VEC13,VEC5,VEC9	same	unbounded-loop
ld1h_z_p_ai_d	ld1h	64c8a1c4	ld1h { z4.d }, p2/z, [z3.d, #2]	sve	1:MRA	ok	PRED2,VEC3	VEC4	PRED2,VEC3	VEC4	agree	-	-	PRED2,VEC3	VEC4	same	unbounded-loop
ld1h_z_p_ai_s	ld1h	64c8a184	ld1h { z4.s }, p2/z, [z3.s, #2]	sve	1:MRA	ok	PRED2,VEC3	VEC4	PRED2,VEC3	VEC4	agree	-	-	PRED2,VEC3	VEC4	same	unbounded-loop
ld1h_z_p_bi_u16	ld1h	64a8a1a4	ld1h { z4.h }, p2/z, [x3, #1, mul vl]	sve	1:MRA	ok	GPR3,PRED2	VEC4	GPR3,PRED2	VEC4	agree	-	-	GPR3,PRED2	VEC4	same	unbounded-loop
ld1h_z_p_bi_u32	ld1h	64a8c1a4	ld1h { z4.s }, p2/z, [x3, #1, mul vl]	sve	1:MRA	ok	GPR3,PRED2	VEC4	GPR3,PRED2	VEC4	agree	-	-	GPR3,PRED2	VEC4	same	unbounded-loop
ld1h_z_p_bi_u64	ld1h	64a8e1a4	ld1h { z4.d }, p2/z, [x3, #1, mul vl]	sve	1:MRA	ok	GPR3,PRED2	VEC4	GPR3,PRED2	VEC4	agree	-	-	GPR3,PRED2	VEC4	same	unbounded-loop
ld1h_z_p_br_u16	ld1h	6448a1a4	ld1h { z4.h }, p2/z, [x3, x1, lsl #1]	sve	1:MRA	ok	GPR1,GPR3,PRED2	VEC4	GPR1,GPR3,PRED2	VEC4	agree	-	-	GPR1,GPR3,PRED2	VEC4	same	unbounded-loop
ld1h_z_p_br_u32	ld1h	6448c1a4	ld1h { z4.s }, p2/z, [x3, x1, lsl #1]	sve	1:MRA	ok	GPR1,GPR3,PRED2	VEC4	GPR1,GPR3,PRED2	VEC4	agree	-	-	GPR1,GPR3,PRED2	VEC4	same	unbounded-loop
ld1h_z_p_br_u64	ld1h	6448e1a4	ld1h { z4.d }, p2/z, [x3, x1, lsl #1]	sve	1:MRA	ok	GPR1,GPR3,PRED2	VEC4	GPR1,GPR3,PRED2	VEC4	agree	-	-	GPR1,GPR3,PRED2	VEC4	same	unbounded-loop
ld1h_z_p_bz_d_64_scaled	ld1h	64c8e1c4	ld1h { z4.d }, p2/z, [x3, z1.d, lsl #1]	sve	1:MRA	ok	GPR3,PRED2,VEC1	VEC4	GPR3,PRED2,VEC1	VEC4	agree	-	-	GPR3,PRED2,VEC1	VEC4	same	unbounded-loop
ld1h_z_p_bz_d_64_unscaled	ld1h	64c8c1c4	ld1h { z4.d }, p2/z, [x3, z1.d]	sve	1:MRA	ok	GPR3,PRED2,VEC1	VEC4	GPR3,PRED2,VEC1	VEC4	agree	-	-	GPR3,PRED2,VEC1	VEC4	same	unbounded-loop
ld1h_z_p_bz_d_x32_scaled	ld1h	854ce2c4	ld1h { z5.d }, p3/z, [x4, z2.d, sxtw #1]	sve	1:MRA	ok	GPR4,PRED3,VEC2	VEC5	GPR4,PRED3,VEC2	VEC5	agree	-	-	GPR4,PRED3,VEC2	VEC5	same	unbounded-loop
ld1h_z_p_bz_d_x32_unscaled	ld1h	854cc2c4	ld1h { z5.d }, p3/z, [x4, z2.d, sxtw]	sve	1:MRA	ok	GPR4,PRED3,VEC2	VEC5	GPR4,PRED3,VEC2	VEC5	agree	-	-	GPR4,PRED3,VEC2	VEC5	same	unbounded-loop
ld1h_z_p_bz_s_x32_scaled	ld1h	854ce284	ld1h { z5.s }, p3/z, [x4, z2.s, sxtw #1]	sve	1:MRA	ok	GPR4,PRED3,VEC2	VEC5	GPR4,PRED3,VEC2	VEC5	agree	-	-	GPR4,PRED3,VEC2	VEC5	same	unbounded-loop
ld1h_z_p_bz_s_x32_unscaled	ld1h	854cc284	ld1h { z5.s }, p3/z, [x4, z2.s, sxtw]	sve	1:MRA	ok	GPR4,PRED3,VEC2	VEC5	GPR4,PRED3,VEC2	VEC5	agree	-	-	GPR4,PRED3,VEC2	VEC5	same	unbounded-loop
ld1h_za_p_rrr_	ld1h	a17041e0	ld1h {za0h.h[w15, 1]}, p4/z, [x5, x1, lsl #1]	mortlach	1:MRA	ok	GPR1,GPR15,GPR5,PRED4	MATRIX	GPR1,GPR15,GPR5,PRED4	MATRIX	agree	-	-	GPR1,GPR15,GPR5,PRED4	MATRIX	same	-
ld1q_z_p_ar_d_64_unscaled	ld1q	64a801c4	ld1q { z4.q }, p2/z, [z3.d, x1]	sve2	1:MRA	ok	GPR1,PRED2,VEC3	VEC4	GPR1,PRED2,VEC3	VEC4	agree	-	-	GPR1,PRED2,VEC3	VEC4	same	unbounded-loop
ld1q_za_p_rrr_	ld1q	a670c1e1	ld1q {za6h.q[w15, 0]}, p4/z, [x5, x1, lsl #4]	mortlach	1:MRA	ok	GPR1,GPR15,GPR5,PRED4	MATRIX	GPR1,GPR15,GPR5,PRED4	MATRIX	agree	-	-	GPR1,GPR15,GPR5,PRED4	MATRIX	same	-
ld1rb_z_p_bi_u16	ld1rb	64a84184	ld1rb { z4.h }, p2/z, [x3, #1]	sve	1:MRA	ok	GPR3,PRED2	VEC4	GPR3,PRED2	VEC4	agree	-	-	GPR3,PRED2	VEC4	same	unbounded-loop
ld1rb_z_p_bi_u32	ld1rb	64c84184	ld1rb { z4.s }, p2/z, [x3, #1]	sve	1:MRA	ok	GPR3,PRED2	VEC4	GPR3,PRED2	VEC4	agree	-	-	GPR3,PRED2	VEC4	same	unbounded-loop
ld1rb_z_p_bi_u64	ld1rb	64e84184	ld1rb { z4.d }, p2/z, [x3, #1]	sve	1:MRA	ok	GPR3,PRED2	VEC4	GPR3,PRED2	VEC4	agree	-	-	GPR3,PRED2	VEC4	same	unbounded-loop
ld1rb_z_p_bi_u8	ld1rb	64884184	ld1rb { z4.b }, p2/z, [x3, #1]	sve	1:MRA	ok	GPR3,PRED2	VEC4	GPR3,PRED2	VEC4	agree	-	-	GPR3,PRED2	VEC4	same	unbounded-loop
ld1rd_z_p_bi_u64	ld1rd	64e8c185	ld1rd { z4.d }, p2/z, [x3, #8]	sve	1:MRA	ok	GPR3,PRED2	VEC4	GPR3,PRED2	VEC4	agree	-	-	GPR3,PRED2	VEC4	same	unbounded-loop
ld1rh_z_p_bi_u16	ld1rh	64a8c184	ld1rh { z4.h }, p2/z, [x3, #2]	sve	1:MRA	ok	GPR3,PRED2	VEC4	GPR3,PRED2	VEC4	agree	-	-	GPR3,PRED2	VEC4	same	unbounded-loop
ld1rh_z_p_bi_u32	ld1rh	64c8c184	ld1rh { z4.s }, p2/z, [x3, #2]	sve	1:MRA	ok	GPR3,PRED2	VEC4	GPR3,PRED2	VEC4	agree	-	-	GPR3,PRED2	VEC4	same	unbounded-loop
ld1rh_z_p_bi_u64	ld1rh	64e8c184	ld1rh { z4.d }, p2/z, [x3, #2]	sve	1:MRA	ok	GPR3,PRED2	VEC4	GPR3,PRED2	VEC4	agree	-	-	GPR3,PRED2	VEC4	same	unbounded-loop
ld1rob_z_p_bi_u8	ld1rob	642821a4	ld1rob { z4.b }, p2/z, [x3, #32]	sve	1:MRA	ok	GPR3,PRED2	VEC4	GPR3,PRED2	VEC4	agree	-	-	GPR3,PRED2	VEC4	same	unbounded-loop
ld1rob_z_p_br_contiguous	ld1rob	640821a4	ld1rob { z4.b }, p2/z, [x3, x1]	sve	1:MRA	ok	GPR1,GPR3,PRED2	VEC4	GPR1,GPR3,PRED2	VEC4	agree	-	-	GPR1,GPR3,PRED2	VEC4	same	unbounded-loop
ld1rod_z_p_bi_u64	ld1rod	6428a1a5	ld1rod { z4.d }, p2/z, [x3, #32]	sve	1:MRA	ok	GPR3,PRED2	VEC4	GPR3,PRED2	VEC4	agree	-	-	GPR3,PRED2	VEC4	same	unbounded-loop
ld1rod_z_p_br_contiguous	ld1rod	6408a1a5	ld1rod { z4.d }, p2/z, [x3, x1, lsl #3]	sve	1:MRA	ok	GPR1,GPR3,PRED2	VEC4	GPR1,GPR3,PRED2	VEC4	agree	-	-	GPR1,GPR3,PRED2	VEC4	same	unbounded-loop
ld1roh_z_p_bi_u16	ld1roh	6428a1a4	ld1roh { z4.h }, p2/z, [x3, #32]	sve	1:MRA	ok	GPR3,PRED2	VEC4	GPR3,PRED2	VEC4	agree	-	-	GPR3,PRED2	VEC4	same	unbounded-loop
ld1roh_z_p_br_contiguous	ld1roh	6408a1a4	ld1roh { z4.h }, p2/z, [x3, x1, lsl #1]	sve	1:MRA	ok	GPR1,GPR3,PRED2	VEC4	GPR1,GPR3,PRED2	VEC4	agree	-	-	GPR1,GPR3,PRED2	VEC4	same	unbounded-loop
ld1row_z_p_bi_u32	ld1row	642821a5	ld1row { z4.s }, p2/z, [x3, #32]	sve	1:MRA	ok	GPR3,PRED2	VEC4	GPR3,PRED2	VEC4	agree	-	-	GPR3,PRED2	VEC4	same	unbounded-loop
ld1row_z_p_br_contiguous	ld1row	640821a5	ld1row { z4.s }, p2/z, [x3, x1, lsl #2]	sve	1:MRA	ok	GPR1,GPR3,PRED2	VEC4	GPR1,GPR3,PRED2	VEC4	agree	-	-	GPR1,GPR3,PRED2	VEC4	same	unbounded-loop
ld1rqb_z_p_bi_u8	ld1rqb	642801a4	ld1rqb { z4.b }, p2/z, [x3, #16]	sve	1:MRA	ok	GPR3,PRED2	VEC4	GPR3,PRED2	VEC4	agree	-	-	GPR3,PRED2	VEC4	same	unbounded-loop
ld1rqb_z_p_br_contiguous	ld1rqb	640801a4	ld1rqb { z4.b }, p2/z, [x3, x1]	sve	1:MRA	ok	GPR1,GPR3,PRED2	VEC4	GPR1,GPR3,PRED2	VEC4	agree	-	-	GPR1,GPR3,PRED2	VEC4	same	unbounded-loop
ld1rqd_z_p_bi_u64	ld1rqd	642881a5	ld1rqd { z4.d }, p2/z, [x3, #16]	sve	1:MRA	ok	GPR3,PRED2	VEC4	GPR3,PRED2	VEC4	agree	-	-	GPR3,PRED2	VEC4	same	unbounded-loop
ld1rqd_z_p_br_contiguous	ld1rqd	640881a5	ld1rqd { z4.d }, p2/z, [x3, x1, lsl #3]	sve	1:MRA	ok	GPR1,GPR3,PRED2	VEC4	GPR1,GPR3,PRED2	VEC4	agree	-	-	GPR1,GPR3,PRED2	VEC4	same	unbounded-loop
ld1rqh_z_p_bi_u16	ld1rqh	642881a4	ld1rqh { z4.h }, p2/z, [x3, #16]	sve	1:MRA	ok	GPR3,PRED2	VEC4	GPR3,PRED2	VEC4	agree	-	-	GPR3,PRED2	VEC4	same	unbounded-loop
ld1rqh_z_p_br_contiguous	ld1rqh	640881a4	ld1rqh { z4.h }, p2/z, [x3, x1, lsl #1]	sve	1:MRA	ok	GPR1,GPR3,PRED2	VEC4	GPR1,GPR3,PRED2	VEC4	agree	-	-	GPR1,GPR3,PRED2	VEC4	same	unbounded-loop
ld1rqw_z_p_bi_u32	ld1rqw	642801a5	ld1rqw { z4.s }, p2/z, [x3, #16]	sve	1:MRA	ok	GPR3,PRED2	VEC4	GPR3,PRED2	VEC4	agree	-	-	GPR3,PRED2	VEC4	same	unbounded-loop
ld1rqw_z_p_br_contiguous	ld1rqw	640801a5	ld1rqw { z4.s }, p2/z, [x3, x1, lsl #2]	sve	1:MRA	ok	GPR1,GPR3,PRED2	VEC4	GPR1,GPR3,PRED2	VEC4	agree	-	-	GPR1,GPR3,PRED2	VEC4	same	unbounded-loop
ld1rsb_z_p_bi_s16	ld1rsb	64c8c185	ld1rsb { z4.h }, p2/z, [x3, #1]	sve	1:MRA	ok	GPR3,PRED2	VEC4	GPR3,PRED2	VEC4	agree	-	-	GPR3,PRED2	VEC4	same	unbounded-loop
ld1rsb_z_p_bi_s32	ld1rsb	64a8c185	ld1rsb { z4.s }, p2/z, [x3, #1]	sve	1:MRA	ok	GPR3,PRED2	VEC4	GPR3,PRED2	VEC4	agree	-	-	GPR3,PRED2	VEC4	same	unbounded-loop
ld1rsb_z_p_bi_s64	ld1rsb	6488c185	ld1rsb { z4.d }, p2/z, [x3, #1]	sve	1:MRA	ok	GPR3,PRED2	VEC4	GPR3,PRED2	VEC4	agree	-	-	GPR3,PRED2	VEC4	same	unbounded-loop
ld1rsh_z_p_bi_s32	ld1rsh	64a84185	ld1rsh { z4.s }, p2/z, [x3, #2]	sve	1:MRA	ok	GPR3,PRED2	VEC4	GPR3,PRED2	VEC4	agree	-	-	GPR3,PRED2	VEC4	same	unbounded-loop
ld1rsh_z_p_bi_s64	ld1rsh	64884185	ld1rsh { z4.d }, p2/z, [x3, #2]	sve	1:MRA	ok	GPR3,PRED2	VEC4	GPR3,PRED2	VEC4	agree	-	-	GPR3,PRED2	VEC4	same	unbounded-loop
ld1rsw_z_p_bi_s64	ld1rsw	6488c184	ld1rsw { z4.d }, p2/z, [x3, #4]	sve	1:MRA	ok	GPR3,PRED2	VEC4	GPR3,PRED2	VEC4	agree	-	-	GPR3,PRED2	VEC4	same	unbounded-loop
ld1rw_z_p_bi_u32	ld1rw	64c84185	ld1rw { z4.s }, p2/z, [x3, #4]	sve	1:MRA	ok	GPR3,PRED2	VEC4	GPR3,PRED2	VEC4	agree	-	-	GPR3,PRED2	VEC4	same	unbounded-loop
ld1rw_z_p_bi_u64	ld1rw	64e84185	ld1rw { z4.d }, p2/z, [x3, #4]	sve	1:MRA	ok	GPR3,PRED2	VEC4	GPR3,PRED2	VEC4	agree	-	-	GPR3,PRED2	VEC4	same	unbounded-loop
ld1sb_z_p_ai_d	ld1sb	648821c4	ld1sb { z4.d }, p2/z, [z3.d, #1]	sve	1:MRA	ok	PRED2,VEC3	VEC4	PRED2,VEC3	VEC4	agree	-	-	PRED2,VEC3	VEC4	same	unbounded-loop
ld1sb_z_p_ai_s	ld1sb	64882184	ld1sb { z4.s }, p2/z, [z3.s, #1]	sve	1:MRA	ok	PRED2,VEC3	VEC4	PRED2,VEC3	VEC4	agree	-	-	PRED2,VEC3	VEC4	same	unbounded-loop
ld1sb_z_p_bi_s16	ld1sb	64a8c1a5	ld1sb { z4.h }, p2/z, [x3, #1, mul vl]	sve	1:MRA	ok	GPR3,PRED2	VEC4	GPR3,PRED2	VEC4	agree	-	-	GPR3,PRED2	VEC4	same	unbounded-loop
ld1sb_z_p_bi_s32	ld1sb	64a8a1a5	ld1sb { z4.s }, p2/z, [x3, #1, mul vl]	sve	1:MRA	ok	GPR3,PRED2	VEC4	GPR3,PRED2	VEC4	agree	-	-	GPR3,PRED2	VEC4	same	unbounded-loop
ld1sb_z_p_bi_s64	ld1sb	64a881a5	ld1sb { z4.d }, p2/z, [x3, #1, mul vl]	sve	1:MRA	ok	GPR3,PRED2	VEC4	GPR3,PRED2	VEC4	agree	-	-	GPR3,PRED2	VEC4	same	unbounded-loop
ld1sb_z_p_br_s16	ld1sb	6448c1a5	ld1sb { z4.h }, p2/z, [x3, x1]	sve	1:MRA	ok	GPR1,GPR3,PRED2	VEC4	GPR1,GPR3,PRED2	VEC4	agree	-	-	GPR1,GPR3,PRED2	VEC4	same	unbounded-loop
ld1sb_z_p_br_s32	ld1sb	6448a1a5	ld1sb { z4.s }, p2/z, [x3, x1]	sve	1:MRA	ok	GPR1,GPR3,PRED2	VEC4	GPR1,GPR3,PRED2	VEC4	agree	-	-	GPR1,GPR3,PRED2	VEC4	same	unbounded-loop
ld1sb_z_p_br_s64	ld1sb	644881a5	ld1sb { z4.d }, p2/z, [x3, x1]	sve	1:MRA	ok	GPR1,GPR3,PRED2	VEC4	GPR1,GPR3,PRED2	VEC4	agree	-	-	GPR1,GPR3,PRED2	VEC4	same	unbounded-loop
ld1sb_z_p_bz_d_64_unscaled	ld1sb	648841c4	ld1sb { z4.d }, p2/z, [x3, z1.d]	sve	1:MRA	ok	GPR3,PRED2,VEC1	VEC4	GPR3,PRED2,VEC1	VEC4	agree	-	-	GPR3,PRED2,VEC1	VEC4	same	unbounded-loop
ld1sb_z_p_bz_d_x32_unscaled	ld1sb	850c42c4	ld1sb { z5.d }, p3/z, [x4, z2.d, sxtw]	sve	1:MRA	ok	GPR4,PRED3,VEC2	VEC5	GPR4,PRED3,VEC2	VEC5	agree	-	-	GPR4,PRED3,VEC2	VEC5	same	unbounded-loop
ld1sb_z_p_bz_s_x32_unscaled	ld1sb	850c4284	ld1sb { z5.s }, p3/z, [x4, z2.s, sxtw]	sve	1:MRA	ok	GPR4,PRED3,VEC2	VEC5	GPR4,PRED3,VEC2	VEC5	agree	-	-	GPR4,PRED3,VEC2	VEC5	same	unbounded-loop
ld1sh_z_p_ai_d	ld1sh	6488a1c4	ld1sh { z4.d }, p2/z, [z3.d, #2]	sve	1:MRA	ok	PRED2,VEC3	VEC4	PRED2,VEC3	VEC4	agree	-	-	PRED2,VEC3	VEC4	same	unbounded-loop
ld1sh_z_p_ai_s	ld1sh	6488a184	ld1sh { z4.s }, p2/z, [z3.s, #2]	sve	1:MRA	ok	PRED2,VEC3	VEC4	PRED2,VEC3	VEC4	agree	-	-	PRED2,VEC3	VEC4	same	unbounded-loop
ld1sh_z_p_bi_s32	ld1sh	64a821a5	ld1sh { z4.s }, p2/z, [x3, #1, mul vl]	sve	1:MRA	ok	GPR3,PRED2	VEC4	GPR3,PRED2	VEC4	agree	-	-	GPR3,PRED2	VEC4	same	unbounded-loop
ld1sh_z_p_bi_s64	ld1sh	64a801a5	ld1sh { z4.d }, p2/z, [x3, #1, mul vl]	sve	1:MRA	ok	GPR3,PRED2	VEC4	GPR3,PRED2	VEC4	agree	-	-	GPR3,PRED2	VEC4	same	unbounded-loop
ld1sh_z_p_br_s32	ld1sh	644821a5	ld1sh { z4.s }, p2/z, [x3, x1, lsl #1]	sve	1:MRA	ok	GPR1,GPR3,PRED2	VEC4	GPR1,GPR3,PRED2	VEC4	agree	-	-	GPR1,GPR3,PRED2	VEC4	same	unbounded-loop
ld1sh_z_p_br_s64	ld1sh	644801a5	ld1sh { z4.d }, p2/z, [x3, x1, lsl #1]	sve	1:MRA	ok	GPR1,GPR3,PRED2	VEC4	GPR1,GPR3,PRED2	VEC4	agree	-	-	GPR1,GPR3,PRED2	VEC4	same	unbounded-loop
ld1sh_z_p_bz_d_64_scaled	ld1sh	6488e1c4	ld1sh { z4.d }, p2/z, [x3, z1.d, lsl #1]	sve	1:MRA	ok	GPR3,PRED2,VEC1	VEC4	GPR3,PRED2,VEC1	VEC4	agree	-	-	GPR3,PRED2,VEC1	VEC4	same	unbounded-loop
ld1sh_z_p_bz_d_64_unscaled	ld1sh	6488c1c4	ld1sh { z4.d }, p2/z, [x3, z1.d]	sve	1:MRA	ok	GPR3,PRED2,VEC1	VEC4	GPR3,PRED2,VEC1	VEC4	agree	-	-	GPR3,PRED2,VEC1	VEC4	same	unbounded-loop
ld1sh_z_p_bz_d_x32_scaled	ld1sh	850ce2c4	ld1sh { z5.d }, p3/z, [x4, z2.d, sxtw #1]	sve	1:MRA	ok	GPR4,PRED3,VEC2	VEC5	GPR4,PRED3,VEC2	VEC5	agree	-	-	GPR4,PRED3,VEC2	VEC5	same	unbounded-loop
ld1sh_z_p_bz_d_x32_unscaled	ld1sh	850cc2c4	ld1sh { z5.d }, p3/z, [x4, z2.d, sxtw]	sve	1:MRA	ok	GPR4,PRED3,VEC2	VEC5	GPR4,PRED3,VEC2	VEC5	agree	-	-	GPR4,PRED3,VEC2	VEC5	same	unbounded-loop
ld1sh_z_p_bz_s_x32_scaled	ld1sh	850ce284	ld1sh { z5.s }, p3/z, [x4, z2.s, sxtw #1]	sve	1:MRA	ok	GPR4,PRED3,VEC2	VEC5	GPR4,PRED3,VEC2	VEC5	agree	-	-	GPR4,PRED3,VEC2	VEC5	same	unbounded-loop
ld1sh_z_p_bz_s_x32_unscaled	ld1sh	850cc284	ld1sh { z5.s }, p3/z, [x4, z2.s, sxtw]	sve	1:MRA	ok	GPR4,PRED3,VEC2	VEC5	GPR4,PRED3,VEC2	VEC5	agree	-	-	GPR4,PRED3,VEC2	VEC5	same	unbounded-loop
ld1sw_z_p_ai_d	ld1sw	648821c5	ld1sw { z4.d }, p2/z, [z3.d, #4]	sve	1:MRA	ok	PRED2,VEC3	VEC4	PRED2,VEC3	VEC4	agree	-	-	PRED2,VEC3	VEC4	same	unbounded-loop
ld1sw_z_p_bi_s64	ld1sw	64a881a4	ld1sw { z4.d }, p2/z, [x3, #1, mul vl]	sve	1:MRA	ok	GPR3,PRED2	VEC4	GPR3,PRED2	VEC4	agree	-	-	GPR3,PRED2	VEC4	same	unbounded-loop
ld1sw_z_p_br_s64	ld1sw	644881a4	ld1sw { z4.d }, p2/z, [x3, x1, lsl #2]	sve	1:MRA	ok	GPR1,GPR3,PRED2	VEC4	GPR1,GPR3,PRED2	VEC4	agree	-	-	GPR1,GPR3,PRED2	VEC4	same	unbounded-loop
ld1sw_z_p_bz_d_64_scaled	ld1sw	648861c5	ld1sw { z4.d }, p2/z, [x3, z1.d, lsl #2]	sve	1:MRA	ok	GPR3,PRED2,VEC1	VEC4	GPR3,PRED2,VEC1	VEC4	agree	-	-	GPR3,PRED2,VEC1	VEC4	same	unbounded-loop
ld1sw_z_p_bz_d_64_unscaled	ld1sw	648841c5	ld1sw { z4.d }, p2/z, [x3, z1.d]	sve	1:MRA	ok	GPR3,PRED2,VEC1	VEC4	GPR3,PRED2,VEC1	VEC4	agree	-	-	GPR3,PRED2,VEC1	VEC4	same	unbounded-loop
ld1sw_z_p_bz_d_x32_scaled	ld1sw	850c62c5	ld1sw { z5.d }, p3/z, [x4, z2.d, sxtw #2]	sve	1:MRA	ok	GPR4,PRED3,VEC2	VEC5	GPR4,PRED3,VEC2	VEC5	agree	-	-	GPR4,PRED3,VEC2	VEC5	same	unbounded-loop
ld1sw_z_p_bz_d_x32_unscaled	ld1sw	850c42c5	ld1sw { z5.d }, p3/z, [x4, z2.d, sxtw]	sve	1:MRA	ok	GPR4,PRED3,VEC2	VEC5	GPR4,PRED3,VEC2	VEC5	agree	-	-	GPR4,PRED3,VEC2	VEC5	same	unbounded-loop
ld1w_mz_p_bi_2	ld1w	684841a0	ld1w { z8.s, z9.s }, pn10/z, [x3, #2, mul vl]	sve2	1:MRA	ok	GPR3,PRED10	VEC8,VEC9	GPR3,PRED10	VEC8,VEC9	agree	-	-	GPR3,PRED10	VEC8,VEC9	same	unbounded-loop
ld1w_mz_p_bi_4	ld1w	70c841a0	ld1w { z16.s - z19.s }, pn10/z, [x3, #4, mul vl]	sve2	1:MRA	ok	GPR3,PRED10	VEC16,VEC17,VEC18,VEC19	GPR3,PRED10	VEC16,VEC17,VEC18,VEC19	agree	-	-	GPR3,PRED10	VEC16,VEC17,VEC18,VEC19	same	unbounded-loop
ld1w_mz_p_br_2	ld1w	684801a0	ld1w { z8.s, z9.s }, pn10/z, [x3, x1, lsl #2]	sve2	1:MRA	ok	GPR1,GPR3,PRED10	VEC8,VEC9	GPR1,GPR3,PRED10	VEC8,VEC9	agree	-	-	GPR1,GPR3,PRED10	VEC8,VEC9	same	unbounded-loop
ld1w_mz_p_br_4	ld1w	70c801a0	ld1w { z16.s - z19.s }, pn10/z, [x3, x1, lsl #2]	sve2	1:MRA	ok	GPR1,GPR3,PRED10	VEC16,VEC17,VEC18,VEC19	GPR1,GPR3,PRED10	VEC16,VEC17,VEC18,VEC19	agree	-	-	GPR1,GPR3,PRED10	VEC16,VEC17,VEC18,VEC19	same	unbounded-loop
ld1w_mzx_p_bi_2x8	ld1w	654841a1	ld1w { z5.s, z13.s }, pn10/z, [x3, #2, mul vl]	mortlach2	1:MRA	ok	GPR3,PRED10	VEC13,VEC5	GPR3,PRED10	VEC13,VEC5	agree	-	-	GPR3,PRED10	VEC13,VEC5	same	unbounded-loop
ld1w_mzx_p_bi_4x4	ld1w	61c841a1	ld1w { z1.s, z5.s, z9.s, z13.s }, pn10/z, [x3, #4, mul vl]	mortlach2	1:MRA	ok	GPR3,PRED10	VEC1,VEC13,VEC5,VEC9	GPR3,PRED10	VEC1,VEC13,VEC5,VEC9	agree	-	-	GPR3,PRED10	VEC1,VEC13,VEC5,VEC9	same	unbounded-loop
ld1w_mzx_p_br_2x8	ld1w	654801a1	ld1w { z5.s, z13.s }, pn10/z, [x3, x1, lsl #2]	mortlach2	1:MRA	ok	GPR1,GPR3,PRED10	VEC13,VEC5	GPR1,GPR3,PRED10	VEC13,VEC5	agree	-	-	GPR1,GPR3,PRED10	VEC13,VEC5	same	unbounded-loop
ld1w_mzx_p_br_4x4	ld1w	61c801a1	ld1w { z1.s, z5.s, z9.s, z13.s }, pn10/z, [x3, x1, lsl #2]	mortlach2	1:MRA	ok	GPR1,GPR3,PRED10	VEC1,VEC13,VEC5,VEC9	GPR1,GPR3,PRED10	VEC1,VEC13,VEC5,VEC9	agree	-	-	GPR1,GPR3,PRED10	VEC1,VEC13,VEC5,VEC9	same	unbounded-loop
ld1w_z_p_ai_d	ld1w	64c821c5	ld1w { z4.d }, p2/z, [z3.d, #4]	sve	1:MRA	ok	PRED2,VEC3	VEC4	PRED2,VEC3	VEC4	agree	-	-	PRED2,VEC3	VEC4	same	unbounded-loop
ld1w_z_p_ai_s	ld1w	64c82185	ld1w { z4.s }, p2/z, [z3.s, #4]	sve	1:MRA	ok	PRED2,VEC3	VEC4	PRED2,VEC3	VEC4	agree	-	-	PRED2,VEC3	VEC4	same	unbounded-loop
ld1w_z_p_bi_u128	ld1w	642811a5	ld1w { z4.q }, p2/z, [x3, #1, mul vl]	sve2	1:MRA	ok	GPR3,PRED2	VEC4	GPR3,PRED2	VEC4	agree	-	-	GPR3,PRED2	VEC4	same	unbounded-loop
ld1w_z_p_bi_u32	ld1w	64a841a5	ld1w { z4.s }, p2/z, [x3, #1, mul vl]	sve	1:MRA	ok	GPR3,PRED2	VEC4	GPR3,PRED2	VEC4	agree	-	-	GPR3,PRED2	VEC4	same	unbounded-loop
ld1w_z_p_bi_u64	ld1w	64a861a5	ld1w { z4.d }, p2/z, [x3, #1, mul vl]	sve	1:MRA	ok	GPR3,PRED2	VEC4	GPR3,PRED2	VEC4	agree	-	-	GPR3,PRED2	VEC4	same	unbounded-loop
ld1w_z_p_br_u128	ld1w	648801a5	ld1w { z4.q }, p2/z, [x3, x1, lsl #2]	sve2	1:MRA	ok	GPR1,GPR3,PRED2	VEC4	GPR1,GPR3,PRED2	VEC4	agree	-	-	GPR1,GPR3,PRED2	VEC4	same	unbounded-loop
ld1w_z_p_br_u32	ld1w	644841a5	ld1w { z4.s }, p2/z, [x3, x1, lsl #2]	sve	1:MRA	ok	GPR1,GPR3,PRED2	VEC4	GPR1,GPR3,PRED2	VEC4	agree	-	-	GPR1,GPR3,PRED2	VEC4	same	unbounded-loop
ld1w_z_p_br_u64	ld1w	644861a5	ld1w { z4.d }, p2/z, [x3, x1, lsl #2]	sve	1:MRA	ok	GPR1,GPR3,PRED2	VEC4	GPR1,GPR3,PRED2	VEC4	agree	-	-	GPR1,GPR3,PRED2	VEC4	same	unbounded-loop
ld1w_z_p_bz_d_64_scaled	ld1w	64c861c5	ld1w { z4.d }, p2/z, [x3, z1.d, lsl #2]	sve	1:MRA	ok	GPR3,PRED2,VEC1	VEC4	GPR3,PRED2,VEC1	VEC4	agree	-	-	GPR3,PRED2,VEC1	VEC4	same	unbounded-loop
ld1w_z_p_bz_d_64_unscaled	ld1w	64c841c5	ld1w { z4.d }, p2/z, [x3, z1.d]	sve	1:MRA	ok	GPR3,PRED2,VEC1	VEC4	GPR3,PRED2,VEC1	VEC4	agree	-	-	GPR3,PRED2,VEC1	VEC4	same	unbounded-loop
ld1w_z_p_bz_d_x32_scaled	ld1w	854c62c5	ld1w { z5.d }, p3/z, [x4, z2.d, sxtw #2]	sve	1:MRA	ok	GPR4,PRED3,VEC2	VEC5	GPR4,PRED3,VEC2	VEC5	agree	-	-	GPR4,PRED3,VEC2	VEC5	same	unbounded-loop
ld1w_z_p_bz_d_x32_unscaled	ld1w	854c42c5	ld1w { z5.d }, p3/z, [x4, z2.d, sxtw]	sve	1:MRA	ok	GPR4,PRED3,VEC2	VEC5	GPR4,PRED3,VEC2	VEC5	agree	-	-	GPR4,PRED3,VEC2	VEC5	same	unbounded-loop
ld1w_z_p_bz_s_x32_scaled	ld1w	854c6285	ld1w { z5.s }, p3/z, [x4, z2.s, sxtw #2]	sve	1:MRA	ok	GPR4,PRED3,VEC2	VEC5	GPR4,PRED3,VEC2	VEC5	agree	-	-	GPR4,PRED3,VEC2	VEC5	same	unbounded-loop
ld1w_z_p_bz_s_x32_unscaled	ld1w	854c4285	ld1w { z5.s }, p3/z, [x4, z2.s, sxtw]	sve	1:MRA	ok	GPR4,PRED3,VEC2	VEC5	GPR4,PRED3,VEC2	VEC5	agree	-	-	GPR4,PRED3,VEC2	VEC5	same	unbounded-loop
ld1w_za_p_rrr_	ld1w	a97081e0	ld1w {za2h.s[w15, 1]}, p4/z, [x5, x1, lsl #2]	mortlach	1:MRA	ok	GPR1,GPR15,GPR5,PRED4	MATRIX	GPR1,GPR15,GPR5,PRED4	MATRIX	agree	-	-	GPR1,GPR15,GPR5,PRED4	MATRIX	same	-
ld2b_z_p_bi_contiguous	ld2b	64e821a4	ld2b { z4.b, z5.b }, p2/z, [x3, #2, mul vl]	sve	1:MRA	ok	GPR3,PRED2	VEC4,VEC5	GPR3,PRED2	VEC4,VEC5	agree	-	-	GPR3,PRED2	VEC4,VEC5	same	unbounded-loop
ld2b_z_p_br_contiguous	ld2b	64c821a4	ld2b { z4.b, z5.b }, p2/z, [x3, x1]	sve	1:MRA	ok	GPR1,GPR3,PRED2	VEC4,VEC5	GPR1,GPR3,PRED2	VEC4,VEC5	agree	-	-	GPR1,GPR3,PRED2	VEC4,VEC5	same	unbounded-loop
ld2d_z_p_bi_contiguous	ld2d	64e8a1a5	ld2d { z4.d, z5.d }, p2/z, [x3, #2, mul vl]	sve	1:MRA	ok	GPR3,PRED2	VEC4,VEC5	GPR3,PRED2	VEC4,VEC5	agree	-	-	GPR3,PRED2	VEC4,VEC5	same	unbounded-loop
ld2d_z_p_br_contiguous	ld2d	64c8a1a5	ld2d { z4.d, z5.d }, p2/z, [x3, x1, lsl #3]	sve	1:MRA	ok	GPR1,GPR3,PRED2	VEC4,VEC5	GPR1,GPR3,PRED2	VEC4,VEC5	agree	-	-	GPR1,GPR3,PRED2	VEC4,VEC5	same	unbounded-loop
ld2h_z_p_bi_contiguous	ld2h	64e8a1a4	ld2h { z4.h, z5.h }, p2/z, [x3, #2, mul vl]	sve	1:MRA	ok	GPR3,PRED2	VEC4,VEC5	GPR3,PRED2	VEC4,VEC5	agree	-	-	GPR3,PRED2	VEC4,VEC5	same	unbounded-loop
ld2h_z_p_br_contiguous	ld2h	64c8a1a4	ld2h { z4.h, z5.h }, p2/z, [x3, x1, lsl #1]	sve	1:MRA	ok	GPR1,GPR3,PRED2	VEC4,VEC5	GPR1,GPR3,PRED2	VEC4,VEC5	agree	-	-	GPR1,GPR3,PRED2	VEC4,VEC5	same	unbounded-loop
ld2q_z_p_bi_contiguous	ld2q	64e891a4	ld2q { z4.q, z5.q }, p2/z, [x3, #2, mul vl]	sve2	1:MRA	ok	GPR3,PRED2	VEC4,VEC5	GPR3,PRED2	VEC4,VEC5	agree	-	-	GPR3,PRED2	VEC4,VEC5	same	unbounded-loop
ld2q_z_p_br_contiguous	ld2q	6488a1a4	ld2q { z4.q, z5.q }, p2/z, [x3, x1, lsl #4]	sve2	1:MRA	ok	GPR1,GPR3,PRED2	VEC4,VEC5	GPR1,GPR3,PRED2	VEC4,VEC5	agree	-	-	GPR1,GPR3,PRED2	VEC4,VEC5	same	unbounded-loop
ld2w_z_p_bi_contiguous	ld2w	64e821a5	ld2w { z4.s, z5.s }, p2/z, [x3, #2, mul vl]	sve	1:MRA	ok	GPR3,PRED2	VEC4,VEC5	GPR3,PRED2	VEC4,VEC5	agree	-	-	GPR3,PRED2	VEC4,VEC5	same	unbounded-loop
ld2w_z_p_br_contiguous	ld2w	64c821a5	ld2w { z4.s, z5.s }, p2/z, [x3, x1, lsl #2]	sve	1:MRA	ok	GPR1,GPR3,PRED2	VEC4,VEC5	GPR1,GPR3,PRED2	VEC4,VEC5	agree	-	-	GPR1,GPR3,PRED2	VEC4,VEC5	same	unbounded-loop
ld3b_z_p_bi_contiguous	ld3b	64e841a4	ld3b { z4.b - z6.b }, p2/z, [x3, #3, mul vl]	sve	1:MRA	ok	GPR3,PRED2	VEC4,VEC5,VEC6	GPR3,PRED2	VEC4,VEC5,VEC6	agree	-	-	GPR3,PRED2	VEC4,VEC5,VEC6	same	unbounded-loop
ld3b_z_p_br_contiguous	ld3b	64c841a4	ld3b { z4.b - z6.b }, p2/z, [x3, x1]	sve	1:MRA	ok	GPR1,GPR3,PRED2	VEC4,VEC5,VEC6	GPR1,GPR3,PRED2	VEC4,VEC5,VEC6	agree	-	-	GPR1,GPR3,PRED2	VEC4,VEC5,VEC6	same	unbounded-loop
ld3d_z_p_bi_contiguous	ld3d	64e8c1a5	ld3d { z4.d - z6.d }, p2/z, [x3, #3, mul vl]	sve	1:MRA	ok	GPR3,PRED2	VEC4,VEC5,VEC6	GPR3,PRED2	VEC4,VEC5,VEC6	agree	-	-	GPR3,PRED2	VEC4,VEC5,VEC6	same	unbounded-loop
ld3d_z_p_br_contiguous	ld3d	64c8c1a5	ld3d { z4.d - z6.d }, p2/z, [x3, x1, lsl #3]	sve	1:MRA	ok	GPR1,GPR3,PRED2	VEC4,VEC5,VEC6	GPR1,GPR3,PRED2	VEC4,VEC5,VEC6	agree	-	-	GPR1,GPR3,PRED2	VEC4,VEC5,VEC6	same	unbounded-loop
ld3h_z_p_bi_contiguous	ld3h	64e8c1a4	ld3h { z4.h - z6.h }, p2/z, [x3, #3, mul vl]	sve	1:MRA	ok	GPR3,PRED2	VEC4,VEC5,VEC6	GPR3,PRED2	VEC4,VEC5,VEC6	agree	-	-	GPR3,PRED2	VEC4,VEC5,VEC6	same	unbounded-loop
ld3h_z_p_br_contiguous	ld3h	64c8c1a4	ld3h { z4.h - z6.h }, p2/z, [x3, x1, lsl #1]	sve	1:MRA	ok	GPR1,GPR3,PRED2	VEC4,VEC5,VEC6	GPR1,GPR3,PRED2	VEC4,VEC5,VEC6	agree	-	-	GPR1,GPR3,PRED2	VEC4,VEC5,VEC6	same	unbounded-loop
ld3q_z_p_bi_contiguous	ld3q	64e811a5	ld3q { z4.q - z6.q }, p2/z, [x3, #3, mul vl]	sve2	1:MRA	ok	GPR3,PRED2	VEC4,VEC5,VEC6	GPR3,PRED2	VEC4,VEC5,VEC6	agree	-	-	GPR3,PRED2	VEC4,VEC5,VEC6	same	unbounded-loop
ld3q_z_p_br_contiguous	ld3q	648821a5	ld3q { z4.q - z6.q }, p2/z, [x3, x1, lsl #4]	sve2	1:MRA	ok	GPR1,GPR3,PRED2	VEC4,VEC5,VEC6	GPR1,GPR3,PRED2	VEC4,VEC5,VEC6	agree	-	-	GPR1,GPR3,PRED2	VEC4,VEC5,VEC6	same	unbounded-loop
ld3w_z_p_bi_contiguous	ld3w	64e841a5	ld3w { z4.s - z6.s }, p2/z, [x3, #3, mul vl]	sve	1:MRA	ok	GPR3,PRED2	VEC4,VEC5,VEC6	GPR3,PRED2	VEC4,VEC5,VEC6	agree	-	-	GPR3,PRED2	VEC4,VEC5,VEC6	same	unbounded-loop
ld3w_z_p_br_contiguous	ld3w	64c841a5	ld3w { z4.s - z6.s }, p2/z, [x3, x1, lsl #2]	sve	1:MRA	ok	GPR1,GPR3,PRED2	VEC4,VEC5,VEC6	GPR1,GPR3,PRED2	VEC4,VEC5,VEC6	agree	-	-	GPR1,GPR3,PRED2	VEC4,VEC5,VEC6	same	unbounded-loop
ld4b_z_p_bi_contiguous	ld4b	64e861a4	ld4b { z4.b - z7.b }, p2/z, [x3, #4, mul vl]	sve	1:MRA	ok	GPR3,PRED2	VEC4,VEC5,VEC6,VEC7	GPR3,PRED2	VEC4,VEC5,VEC6,VEC7	agree	-	-	GPR3,PRED2	VEC4,VEC5,VEC6,VEC7	same	unbounded-loop
ld4b_z_p_br_contiguous	ld4b	64c861a4	ld4b { z4.b - z7.b }, p2/z, [x3, x1]	sve	1:MRA	ok	GPR1,GPR3,PRED2	VEC4,VEC5,VEC6,VEC7	GPR1,GPR3,PRED2	VEC4,VEC5,VEC6,VEC7	agree	-	-	GPR1,GPR3,PRED2	VEC4,VEC5,VEC6,VEC7	same	unbounded-loop
ld4d_z_p_bi_contiguous	ld4d	64e8e1a5	ld4d { z4.d - z7.d }, p2/z, [x3, #4, mul vl]	sve	1:MRA	ok	GPR3,PRED2	VEC4,VEC5,VEC6,VEC7	GPR3,PRED2	VEC4,VEC5,VEC6,VEC7	agree	-	-	GPR3,PRED2	VEC4,VEC5,VEC6,VEC7	same	unbounded-loop
ld4d_z_p_br_contiguous	ld4d	64c8e1a5	ld4d { z4.d - z7.d }, p2/z, [x3, x1, lsl #3]	sve	1:MRA	ok	GPR1,GPR3,PRED2	VEC4,VEC5,VEC6,VEC7	GPR1,GPR3,PRED2	VEC4,VEC5,VEC6,VEC7	agree	-	-	GPR1,GPR3,PRED2	VEC4,VEC5,VEC6,VEC7	same	unbounded-loop
ld4h_z_p_bi_contiguous	ld4h	64e8e1a4	ld4h { z4.h - z7.h }, p2/z, [x3, #4, mul vl]	sve	1:MRA	ok	GPR3,PRED2	VEC4,VEC5,VEC6,VEC7	GPR3,PRED2	VEC4,VEC5,VEC6,VEC7	agree	-	-	GPR3,PRED2	VEC4,VEC5,VEC6,VEC7	same	unbounded-loop
ld4h_z_p_br_contiguous	ld4h	64c8e1a4	ld4h { z4.h - z7.h }, p2/z, [x3, x1, lsl #1]	sve	1:MRA	ok	GPR1,GPR3,PRED2	VEC4,VEC5,VEC6,VEC7	GPR1,GPR3,PRED2	VEC4,VEC5,VEC6,VEC7	agree	-	-	GPR1,GPR3,PRED2	VEC4,VEC5,VEC6,VEC7	same	unbounded-loop
ld4q_z_p_bi_contiguous	ld4q	64e891a5	ld4q { z4.q - z7.q }, p2/z, [x3, #4, mul vl]	sve2	1:MRA	ok	GPR3,PRED2	VEC4,VEC5,VEC6,VEC7	GPR3,PRED2	VEC4,VEC5,VEC6,VEC7	agree	-	-	GPR3,PRED2	VEC4,VEC5,VEC6,VEC7	same	unbounded-loop
ld4q_z_p_br_contiguous	ld4q	6488a1a5	ld4q { z4.q - z7.q }, p2/z, [x3, x1, lsl #4]	sve2	1:MRA	ok	GPR1,GPR3,PRED2	VEC4,VEC5,VEC6,VEC7	GPR1,GPR3,PRED2	VEC4,VEC5,VEC6,VEC7	agree	-	-	GPR1,GPR3,PRED2	VEC4,VEC5,VEC6,VEC7	same	unbounded-loop
ld4w_z_p_bi_contiguous	ld4w	64e861a5	ld4w { z4.s - z7.s }, p2/z, [x3, #4, mul vl]	sve	1:MRA	ok	GPR3,PRED2	VEC4,VEC5,VEC6,VEC7	GPR3,PRED2	VEC4,VEC5,VEC6,VEC7	agree	-	-	GPR3,PRED2	VEC4,VEC5,VEC6,VEC7	same	unbounded-loop
ld4w_z_p_br_contiguous	ld4w	64c861a5	ld4w { z4.s - z7.s }, p2/z, [x3, x1, lsl #2]	sve	1:MRA	ok	GPR1,GPR3,PRED2	VEC4,VEC5,VEC6,VEC7	GPR1,GPR3,PRED2	VEC4,VEC5,VEC6,VEC7	agree	-	-	GPR1,GPR3,PRED2	VEC4,VEC5,VEC6,VEC7	same	unbounded-loop
ldff1b_z_p_ai_d	ldff1b	64e821c4	ldff1b { z4.d }, p2/z, [z3.d, #1]	sve	1:MRA	ok	FFR,PRED2,PSTATE.SM,VEC3,VEC4	FFR,VEC4	FFR,PRED2,VEC3	FFR,VEC4	disagree	SRC+ref:VEC#	PSTATE.SM	FFR,PRED2,VEC3	FFR,VEC4	SRC+ref:VEC#	unbounded-loop
ldff1b_z_p_ai_s	ldff1b	64e82184	ldff1b { z4.s }, p2/z, [z3.s, #1]	sve	1:MRA	ok	FFR,PRED2,PSTATE.SM,VEC3,VEC4	FFR,VEC4	FFR,PRED2,VEC3	FFR,VEC4	disagree	SRC+ref:VEC#	PSTATE.SM	FFR,PRED2,VEC3	FFR,VEC4	SRC+ref:VEC#	unbounded-loop
ldff1b_z_p_br_u16	ldff1b	646821a4	ldff1b { z4.h }, p2/z, [x3, x1]	sve	1:MRA	ok	FFR,GPR1,GPR3,PRED2,PSTATE.SM,VEC4	FFR,VEC4	FFR,GPR1,GPR3,PRED2	FFR,VEC4	disagree	SRC+ref:VEC#	PSTATE.SM	FFR,GPR1,GPR3,PRED2	FFR,VEC4	SRC+ref:VEC#	unbounded-loop
ldff1b_z_p_br_u32	ldff1b	646841a4	ldff1b { z4.s }, p2/z, [x3, x1]	sve	1:MRA	ok	FFR,GPR1,GPR3,PRED2,PSTATE.SM,VEC4	FFR,VEC4	FFR,GPR1,GPR3,PRED2	FFR,VEC4	disagree	SRC+ref:VEC#	PSTATE.SM	FFR,GPR1,GPR3,PRED2	FFR,VEC4	SRC+ref:VEC#	unbounded-loop
ldff1b_z_p_br_u64	ldff1b	646861a4	ldff1b { z4.d }, p2/z, [x3, x1]	sve	1:MRA	ok	FFR,GPR1,GPR3,PRED2,PSTATE.SM,VEC4	FFR,VEC4	FFR,GPR1,GPR3,PRED2	FFR,VEC4	disagree	SRC+ref:VEC#	PSTATE.SM	FFR,GPR1,GPR3,PRED2	FFR,VEC4	SRC+ref:VEC#	unbounded-loop
ldff1b_z_p_br_u8	ldff1b	646801a4	ldff1b { z4.b }, p2/z, [x3, x1]	sve	1:MRA	ok	FFR,GPR1,GPR3,PRED2,PSTATE.SM,VEC4	FFR,VEC4	FFR,GPR1,GPR3,PRED2	FFR,VEC4	disagree	SRC+ref:VEC#	PSTATE.SM	FFR,GPR1,GPR3,PRED2	FFR,VEC4	SRC+ref:VEC#	unbounded-loop
ldff1b_z_p_bz_d_64_unscaled	ldff1b	64e841c4	ldff1b { z4.d }, p2/z, [x3, z1.d]	sve	1:MRA	ok	FFR,GPR3,PRED2,PSTATE.SM,VEC1,VEC4	FFR,VEC4	FFR,GPR3,PRED2,VEC1	FFR,VEC4	disagree	SRC+ref:VEC#	PSTATE.SM	FFR,GPR3,PRED2,VEC1	FFR,VEC4	SRC+ref:VEC#	unbounded-loop
ldff1b_z_p_bz_d_x32_unscaled	ldff1b	856c42c4	ldff1b { z5.d }, p3/z, [x4, z2.d, sxtw]	sve	1:MRA	ok	FFR,GPR4,PRED3,PSTATE.SM,VEC2,VEC5	FFR,VEC5	FFR,GPR4,PRED3,VEC2	FFR,VEC5	disagree	SRC+ref:VEC#	PSTATE.SM	FFR,GPR4,PRED3,VEC2	FFR,VEC5	SRC+ref:VEC#	unbounded-loop
ldff1b_z_p_bz_s_x32_unscaled	ldff1b	856c4284	ldff1b { z5.s }, p3/z, [x4, z2.s, sxtw]	sve	1:MRA	ok	FFR,GPR4,PRED3,PSTATE.SM,VEC2,VEC5	FFR,VEC5	FFR,GPR4,PRED3,VEC2	FFR,VEC5	disagree	SRC+ref:VEC#	PSTATE.SM	FFR,GPR4,PRED3,VEC2	FFR,VEC5	SRC+ref:VEC#	unbounded-loop
ldff1d_z_p_ai_d	ldff1d	64e8a1c5	ldff1d { z4.d }, p2/z, [z3.d, #8]	sve	1:MRA	ok	FFR,PRED2,PSTATE.SM,VEC3,VEC4	FFR,VEC4	FFR,PRED2,VEC3	FFR,VEC4	disagree	SRC+ref:VEC#	PSTATE.SM	FFR,PRED2,VEC3	FFR,VEC4	SRC+ref:VEC#	unbounded-loop
ldff1d_z_p_br_u64	ldff1d	6468e1a5	ldff1d { z4.d }, p2/z, [x3, x1, lsl #3]	sve	1:MRA	ok	FFR,GPR1,GPR3,PRED2,PSTATE.SM,VEC4	FFR,VEC4	FFR,GPR1,GPR3,PRED2	FFR,VEC4	disagree	SRC+ref:VEC#	PSTATE.SM	FFR,GPR1,GPR3,PRED2	FFR,VEC4	SRC+ref:VEC#	unbounded-loop
ldff1d_z_p_bz_d_64_scaled	ldff1d	64e8e1c5	ldff1d { z4.d }, p2/z, [x3, z1.d, lsl #3]	sve	1:MRA	ok	FFR,GPR3,PRED2,PSTATE.SM,VEC1,VEC4	FFR,VEC4	FFR,GPR3,PRED2,VEC1	FFR,VEC4	disagree	SRC+ref:VEC#	PSTATE.SM	FFR,GPR3,PRED2,VEC1	FFR,VEC4	SRC+ref:VEC#	unbounded-loop
ldff1d_z_p_bz_d_64_unscaled	ldff1d	64e8c1c5	ldff1d { z4.d }, p2/z, [x3, z1.d]	sve	1:MRA	ok	FFR,GPR3,PRED2,PSTATE.SM,VEC1,VEC4	FFR,VEC4	FFR,GPR3,PRED2,VEC1	FFR,VEC4	disagree	SRC+ref:VEC#	PSTATE.SM	FFR,GPR3,PRED2,VEC1	FFR,VEC4	SRC+ref:VEC#	unbounded-loop
ldff1d_z_p_bz_d_x32_scaled	ldff1d	856ce2c5	ldff1d { z5.d }, p3/z, [x4, z2.d, sxtw #3]	sve	1:MRA	ok	FFR,GPR4,PRED3,PSTATE.SM,VEC2,VEC5	FFR,VEC5	FFR,GPR4,PRED3,VEC2	FFR,VEC5	disagree	SRC+ref:VEC#	PSTATE.SM	FFR,GPR4,PRED3,VEC2	FFR,VEC5	SRC+ref:VEC#	unbounded-loop
ldff1d_z_p_bz_d_x32_unscaled	ldff1d	856cc2c5	ldff1d { z5.d }, p3/z, [x4, z2.d, sxtw]	sve	1:MRA	ok	FFR,GPR4,PRED3,PSTATE.SM,VEC2,VEC5	FFR,VEC5	FFR,GPR4,PRED3,VEC2	FFR,VEC5	disagree	SRC+ref:VEC#	PSTATE.SM	FFR,GPR4,PRED3,VEC2	FFR,VEC5	SRC+ref:VEC#	unbounded-loop
ldff1h_z_p_ai_d	ldff1h	64e8a1c4	ldff1h { z4.d }, p2/z, [z3.d, #2]	sve	1:MRA	ok	FFR,PRED2,PSTATE.SM,VEC3,VEC4	FFR,VEC4	FFR,PRED2,VEC3	FFR,VEC4	disagree	SRC+ref:VEC#	PSTATE.SM	FFR,PRED2,VEC3	FFR,VEC4	SRC+ref:VEC#	unbounded-loop
ldff1h_z_p_ai_s	ldff1h	64e8a184	ldff1h { z4.s }, p2/z, [z3.s, #2]	sve	1:MRA	ok	FFR,PRED2,PSTATE.SM,VEC3,VEC4	FFR,VEC4	FFR,PRED2,VEC3	FFR,VEC4	disagree	SRC+ref:VEC#	PSTATE.SM	FFR,PRED2,VEC3	FFR,VEC4	SRC+ref:VEC#	unbounded-loop
ldff1h_z_p_br_u16	ldff1h	6468a1a4	ldff1h { z4.h }, p2/z, [x3, x1, lsl #1]	sve	1:MRA	ok	FFR,GPR1,GPR3,PRED2,PSTATE.SM,VEC4	FFR,VEC4	FFR,GPR1,GPR3,PRED2	FFR,VEC4	disagree	SRC+ref:VEC#	PSTATE.SM	FFR,GPR1,GPR3,PRED2	FFR,VEC4	SRC+ref:VEC#	unbounded-loop
ldff1h_z_p_br_u32	ldff1h	6468c1a4	ldff1h { z4.s }, p2/z, [x3, x1, lsl #1]	sve	1:MRA	ok	FFR,GPR1,GPR3,PRED2,PSTATE.SM,VEC4	FFR,VEC4	FFR,GPR1,GPR3,PRED2	FFR,VEC4	disagree	SRC+ref:VEC#	PSTATE.SM	FFR,GPR1,GPR3,PRED2	FFR,VEC4	SRC+ref:VEC#	unbounded-loop
ldff1h_z_p_br_u64	ldff1h	6468e1a4	ldff1h { z4.d }, p2/z, [x3, x1, lsl #1]	sve	1:MRA	ok	FFR,GPR1,GPR3,PRED2,PSTATE.SM,VEC4	FFR,VEC4	FFR,GPR1,GPR3,PRED2	FFR,VEC4	disagree	SRC+ref:VEC#	PSTATE.SM	FFR,GPR1,GPR3,PRED2	FFR,VEC4	SRC+ref:VEC#	unbounded-loop
ldff1h_z_p_bz_d_64_scaled	ldff1h	64e8e1c4	ldff1h { z4.d }, p2/z, [x3, z1.d, lsl #1]	sve	1:MRA	ok	FFR,GPR3,PRED2,PSTATE.SM,VEC1,VEC4	FFR,VEC4	FFR,GPR3,PRED2,VEC1	FFR,VEC4	disagree	SRC+ref:VEC#	PSTATE.SM	FFR,GPR3,PRED2,VEC1	FFR,VEC4	SRC+ref:VEC#	unbounded-loop
ldff1h_z_p_bz_d_64_unscaled	ldff1h	64e8c1c4	ldff1h { z4.d }, p2/z, [x3, z1.d]	sve	1:MRA	ok	FFR,GPR3,PRED2,PSTATE.SM,VEC1,VEC4	FFR,VEC4	FFR,GPR3,PRED2,VEC1	FFR,VEC4	disagree	SRC+ref:VEC#	PSTATE.SM	FFR,GPR3,PRED2,VEC1	FFR,VEC4	SRC+ref:VEC#	unbounded-loop
ldff1h_z_p_bz_d_x32_scaled	ldff1h	856ce2c4	ldff1h { z5.d }, p3/z, [x4, z2.d, sxtw #1]	sve	1:MRA	ok	FFR,GPR4,PRED3,PSTATE.SM,VEC2,VEC5	FFR,VEC5	FFR,GPR4,PRED3,VEC2	FFR,VEC5	disagree	SRC+ref:VEC#	PSTATE.SM	FFR,GPR4,PRED3,VEC2	FFR,VEC5	SRC+ref:VEC#	unbounded-loop
ldff1h_z_p_bz_d_x32_unscaled	ldff1h	856cc2c4	ldff1h { z5.d }, p3/z, [x4, z2.d, sxtw]	sve	1:MRA	ok	FFR,GPR4,PRED3,PSTATE.SM,VEC2,VEC5	FFR,VEC5	FFR,GPR4,PRED3,VEC2	FFR,VEC5	disagree	SRC+ref:VEC#	PSTATE.SM	FFR,GPR4,PRED3,VEC2	FFR,VEC5	SRC+ref:VEC#	unbounded-loop
ldff1h_z_p_bz_s_x32_scaled	ldff1h	856ce284	ldff1h { z5.s }, p3/z, [x4, z2.s, sxtw #1]	sve	1:MRA	ok	FFR,GPR4,PRED3,PSTATE.SM,VEC2,VEC5	FFR,VEC5	FFR,GPR4,PRED3,VEC2	FFR,VEC5	disagree	SRC+ref:VEC#	PSTATE.SM	FFR,GPR4,PRED3,VEC2	FFR,VEC5	SRC+ref:VEC#	unbounded-loop
ldff1h_z_p_bz_s_x32_unscaled	ldff1h	856cc284	ldff1h { z5.s }, p3/z, [x4, z2.s, sxtw]	sve	1:MRA	ok	FFR,GPR4,PRED3,PSTATE.SM,VEC2,VEC5	FFR,VEC5	FFR,GPR4,PRED3,VEC2	FFR,VEC5	disagree	SRC+ref:VEC#	PSTATE.SM	FFR,GPR4,PRED3,VEC2	FFR,VEC5	SRC+ref:VEC#	unbounded-loop
ldff1sb_z_p_ai_d	ldff1sb	64a821c4	ldff1sb { z4.d }, p2/z, [z3.d, #1]	sve	1:MRA	ok	FFR,PRED2,PSTATE.SM,VEC3,VEC4	FFR,VEC4	FFR,PRED2,VEC3	FFR,VEC4	disagree	SRC+ref:VEC#	PSTATE.SM	FFR,PRED2,VEC3	FFR,VEC4	SRC+ref:VEC#	unbounded-loop
ldff1sb_z_p_ai_s	ldff1sb	64a82184	ldff1sb { z4.s }, p2/z, [z3.s, #1]	sve	1:MRA	ok	FFR,PRED2,PSTATE.SM,VEC3,VEC4	FFR,VEC4	FFR,PRED2,VEC3	FFR,VEC4	disagree	SRC+ref:VEC#	PSTATE.SM	FFR,PRED2,VEC3	FFR,VEC4	SRC+ref:VEC#	unbounded-loop
ldff1sb_z_p_br_s16	ldff1sb	6468c1a5	ldff1sb { z4.h }, p2/z, [x3, x1]	sve	1:MRA	ok	FFR,GPR1,GPR3,PRED2,PSTATE.SM,VEC4	FFR,VEC4	FFR,GPR1,GPR3,PRED2	FFR,VEC4	disagree	SRC+ref:VEC#	PSTATE.SM	FFR,GPR1,GPR3,PRED2	FFR,VEC4	SRC+ref:VEC#	unbounded-loop
ldff1sb_z_p_br_s32	ldff1sb	6468a1a5	ldff1sb { z4.s }, p2/z, [x3, x1]	sve	1:MRA	ok	FFR,GPR1,GPR3,PRED2,PSTATE.SM,VEC4	FFR,VEC4	FFR,GPR1,GPR3,PRED2	FFR,VEC4	disagree	SRC+ref:VEC#	PSTATE.SM	FFR,GPR1,GPR3,PRED2	FFR,VEC4	SRC+ref:VEC#	unbounded-loop
ldff1sb_z_p_br_s64	ldff1sb	646881a5	ldff1sb { z4.d }, p2/z, [x3, x1]	sve	1:MRA	ok	FFR,GPR1,GPR3,PRED2,PSTATE.SM,VEC4	FFR,VEC4	FFR,GPR1,GPR3,PRED2	FFR,VEC4	disagree	SRC+ref:VEC#	PSTATE.SM	FFR,GPR1,GPR3,PRED2	FFR,VEC4	SRC+ref:VEC#	unbounded-loop
ldff1sb_z_p_bz_d_64_unscaled	ldff1sb	64a841c4	ldff1sb { z4.d }, p2/z, [x3, z1.d]	sve	1:MRA	ok	FFR,GPR3,PRED2,PSTATE.SM,VEC1,VEC4	FFR,VEC4	FFR,GPR3,PRED2,VEC1	FFR,VEC4	disagree	SRC+ref:VEC#	PSTATE.SM	FFR,GPR3,PRED2,VEC1	FFR,VEC4	SRC+ref:VEC#	unbounded-loop
ldff1sb_z_p_bz_d_x32_unscaled	ldff1sb	852c42c4	ldff1sb { z5.d }, p3/z, [x4, z2.d, sxtw]	sve	1:MRA	ok	FFR,GPR4,PRED3,PSTATE.SM,VEC2,VEC5	FFR,VEC5	FFR,GPR4,PRED3,VEC2	FFR,VEC5	disagree	SRC+ref:VEC#	PSTATE.SM	FFR,GPR4,PRED3,VEC2	FFR,VEC5	SRC+ref:VEC#	unbounded-loop
ldff1sb_z_p_bz_s_x32_unscaled	ldff1sb	852c4284	ldff1sb { z5.s }, p3/z, [x4, z2.s, sxtw]	sve	1:MRA	ok	FFR,GPR4,PRED3,PSTATE.SM,VEC2,VEC5	FFR,VEC5	FFR,GPR4,PRED3,VEC2	FFR,VEC5	disagree	SRC+ref:VEC#	PSTATE.SM	FFR,GPR4,PRED3,VEC2	FFR,VEC5	SRC+ref:VEC#	unbounded-loop
ldff1sh_z_p_ai_d	ldff1sh	64a8a1c4	ldff1sh { z4.d }, p2/z, [z3.d, #2]	sve	1:MRA	ok	FFR,PRED2,PSTATE.SM,VEC3,VEC4	FFR,VEC4	FFR,PRED2,VEC3	FFR,VEC4	disagree	SRC+ref:VEC#	PSTATE.SM	FFR,PRED2,VEC3	FFR,VEC4	SRC+ref:VEC#	unbounded-loop
ldff1sh_z_p_ai_s	ldff1sh	64a8a184	ldff1sh { z4.s }, p2/z, [z3.s, #2]	sve	1:MRA	ok	FFR,PRED2,PSTATE.SM,VEC3,VEC4	FFR,VEC4	FFR,PRED2,VEC3	FFR,VEC4	disagree	SRC+ref:VEC#	PSTATE.SM	FFR,PRED2,VEC3	FFR,VEC4	SRC+ref:VEC#	unbounded-loop
ldff1sh_z_p_br_s32	ldff1sh	646821a5	ldff1sh { z4.s }, p2/z, [x3, x1, lsl #1]	sve	1:MRA	ok	FFR,GPR1,GPR3,PRED2,PSTATE.SM,VEC4	FFR,VEC4	FFR,GPR1,GPR3,PRED2	FFR,VEC4	disagree	SRC+ref:VEC#	PSTATE.SM	FFR,GPR1,GPR3,PRED2	FFR,VEC4	SRC+ref:VEC#	unbounded-loop
ldff1sh_z_p_br_s64	ldff1sh	646801a5	ldff1sh { z4.d }, p2/z, [x3, x1, lsl #1]	sve	1:MRA	ok	FFR,GPR1,GPR3,PRED2,PSTATE.SM,VEC4	FFR,VEC4	FFR,GPR1,GPR3,PRED2	FFR,VEC4	disagree	SRC+ref:VEC#	PSTATE.SM	FFR,GPR1,GPR3,PRED2	FFR,VEC4	SRC+ref:VEC#	unbounded-loop
ldff1sh_z_p_bz_d_64_scaled	ldff1sh	64a8e1c4	ldff1sh { z4.d }, p2/z, [x3, z1.d, lsl #1]	sve	1:MRA	ok	FFR,GPR3,PRED2,PSTATE.SM,VEC1,VEC4	FFR,VEC4	FFR,GPR3,PRED2,VEC1	FFR,VEC4	disagree	SRC+ref:VEC#	PSTATE.SM	FFR,GPR3,PRED2,VEC1	FFR,VEC4	SRC+ref:VEC#	unbounded-loop
ldff1sh_z_p_bz_d_64_unscaled	ldff1sh	64a8c1c4	ldff1sh { z4.d }, p2/z, [x3, z1.d]	sve	1:MRA	ok	FFR,GPR3,PRED2,PSTATE.SM,VEC1,VEC4	FFR,VEC4	FFR,GPR3,PRED2,VEC1	FFR,VEC4	disagree	SRC+ref:VEC#	PSTATE.SM	FFR,GPR3,PRED2,VEC1	FFR,VEC4	SRC+ref:VEC#	unbounded-loop
ldff1sh_z_p_bz_d_x32_scaled	ldff1sh	852ce2c4	ldff1sh { z5.d }, p3/z, [x4, z2.d, sxtw #1]	sve	1:MRA	ok	FFR,GPR4,PRED3,PSTATE.SM,VEC2,VEC5	FFR,VEC5	FFR,GPR4,PRED3,VEC2	FFR,VEC5	disagree	SRC+ref:VEC#	PSTATE.SM	FFR,GPR4,PRED3,VEC2	FFR,VEC5	SRC+ref:VEC#	unbounded-loop
ldff1sh_z_p_bz_d_x32_unscaled	ldff1sh	852cc2c4	ldff1sh { z5.d }, p3/z, [x4, z2.d, sxtw]	sve	1:MRA	ok	FFR,GPR4,PRED3,PSTATE.SM,VEC2,VEC5	FFR,VEC5	FFR,GPR4,PRED3,VEC2	FFR,VEC5	disagree	SRC+ref:VEC#	PSTATE.SM	FFR,GPR4,PRED3,VEC2	FFR,VEC5	SRC+ref:VEC#	unbounded-loop
ldff1sh_z_p_bz_s_x32_scaled	ldff1sh	852ce284	ldff1sh { z5.s }, p3/z, [x4, z2.s, sxtw #1]	sve	1:MRA	ok	FFR,GPR4,PRED3,PSTATE.SM,VEC2,VEC5	FFR,VEC5	FFR,GPR4,PRED3,VEC2	FFR,VEC5	disagree	SRC+ref:VEC#	PSTATE.SM	FFR,GPR4,PRED3,VEC2	FFR,VEC5	SRC+ref:VEC#	unbounded-loop
ldff1sh_z_p_bz_s_x32_unscaled	ldff1sh	852cc284	ldff1sh { z5.s }, p3/z, [x4, z2.s, sxtw]	sve	1:MRA	ok	FFR,GPR4,PRED3,PSTATE.SM,VEC2,VEC5	FFR,VEC5	FFR,GPR4,PRED3,VEC2	FFR,VEC5	disagree	SRC+ref:VEC#	PSTATE.SM	FFR,GPR4,PRED3,VEC2	FFR,VEC5	SRC+ref:VEC#	unbounded-loop
ldff1sw_z_p_ai_d	ldff1sw	64a821c5	ldff1sw { z4.d }, p2/z, [z3.d, #4]	sve	1:MRA	ok	FFR,PRED2,PSTATE.SM,VEC3,VEC4	FFR,VEC4	FFR,PRED2,VEC3	FFR,VEC4	disagree	SRC+ref:VEC#	PSTATE.SM	FFR,PRED2,VEC3	FFR,VEC4	SRC+ref:VEC#	unbounded-loop
ldff1sw_z_p_br_s64	ldff1sw	646881a4	ldff1sw { z4.d }, p2/z, [x3, x1, lsl #2]	sve	1:MRA	ok	FFR,GPR1,GPR3,PRED2,PSTATE.SM,VEC4	FFR,VEC4	FFR,GPR1,GPR3,PRED2	FFR,VEC4	disagree	SRC+ref:VEC#	PSTATE.SM	FFR,GPR1,GPR3,PRED2	FFR,VEC4	SRC+ref:VEC#	unbounded-loop
ldff1sw_z_p_bz_d_64_scaled	ldff1sw	64a861c5	ldff1sw { z4.d }, p2/z, [x3, z1.d, lsl #2]	sve	1:MRA	ok	FFR,GPR3,PRED2,PSTATE.SM,VEC1,VEC4	FFR,VEC4	FFR,GPR3,PRED2,VEC1	FFR,VEC4	disagree	SRC+ref:VEC#	PSTATE.SM	FFR,GPR3,PRED2,VEC1	FFR,VEC4	SRC+ref:VEC#	unbounded-loop
ldff1sw_z_p_bz_d_64_unscaled	ldff1sw	64a841c5	ldff1sw { z4.d }, p2/z, [x3, z1.d]	sve	1:MRA	ok	FFR,GPR3,PRED2,PSTATE.SM,VEC1,VEC4	FFR,VEC4	FFR,GPR3,PRED2,VEC1	FFR,VEC4	disagree	SRC+ref:VEC#	PSTATE.SM	FFR,GPR3,PRED2,VEC1	FFR,VEC4	SRC+ref:VEC#	unbounded-loop
ldff1sw_z_p_bz_d_x32_scaled	ldff1sw	852c62c5	ldff1sw { z5.d }, p3/z, [x4, z2.d, sxtw #2]	sve	1:MRA	ok	FFR,GPR4,PRED3,PSTATE.SM,VEC2,VEC5	FFR,VEC5	FFR,GPR4,PRED3,VEC2	FFR,VEC5	disagree	SRC+ref:VEC#	PSTATE.SM	FFR,GPR4,PRED3,VEC2	FFR,VEC5	SRC+ref:VEC#	unbounded-loop
ldff1sw_z_p_bz_d_x32_unscaled	ldff1sw	852c42c5	ldff1sw { z5.d }, p3/z, [x4, z2.d, sxtw]	sve	1:MRA	ok	FFR,GPR4,PRED3,PSTATE.SM,VEC2,VEC5	FFR,VEC5	FFR,GPR4,PRED3,VEC2	FFR,VEC5	disagree	SRC+ref:VEC#	PSTATE.SM	FFR,GPR4,PRED3,VEC2	FFR,VEC5	SRC+ref:VEC#	unbounded-loop
ldff1w_z_p_ai_d	ldff1w	64e821c5	ldff1w { z4.d }, p2/z, [z3.d, #4]	sve	1:MRA	ok	FFR,PRED2,PSTATE.SM,VEC3,VEC4	FFR,VEC4	FFR,PRED2,VEC3	FFR,VEC4	disagree	SRC+ref:VEC#	PSTATE.SM	FFR,PRED2,VEC3	FFR,VEC4	SRC+ref:VEC#	unbounded-loop
ldff1w_z_p_ai_s	ldff1w	64e82185	ldff1w { z4.s }, p2/z, [z3.s, #4]	sve	1:MRA	ok	FFR,PRED2,PSTATE.SM,VEC3,VEC4	FFR,VEC4	FFR,PRED2,VEC3	FFR,VEC4	disagree	SRC+ref:VEC#	PSTATE.SM	FFR,PRED2,VEC3	FFR,VEC4	SRC+ref:VEC#	unbounded-loop
ldff1w_z_p_br_u32	ldff1w	646841a5	ldff1w { z4.s }, p2/z, [x3, x1, lsl #2]	sve	1:MRA	ok	FFR,GPR1,GPR3,PRED2,PSTATE.SM,VEC4	FFR,VEC4	FFR,GPR1,GPR3,PRED2	FFR,VEC4	disagree	SRC+ref:VEC#	PSTATE.SM	FFR,GPR1,GPR3,PRED2	FFR,VEC4	SRC+ref:VEC#	unbounded-loop
ldff1w_z_p_br_u64	ldff1w	646861a5	ldff1w { z4.d }, p2/z, [x3, x1, lsl #2]	sve	1:MRA	ok	FFR,GPR1,GPR3,PRED2,PSTATE.SM,VEC4	FFR,VEC4	FFR,GPR1,GPR3,PRED2	FFR,VEC4	disagree	SRC+ref:VEC#	PSTATE.SM	FFR,GPR1,GPR3,PRED2	FFR,VEC4	SRC+ref:VEC#	unbounded-loop
ldff1w_z_p_bz_d_64_scaled	ldff1w	64e861c5	ldff1w { z4.d }, p2/z, [x3, z1.d, lsl #2]	sve	1:MRA	ok	FFR,GPR3,PRED2,PSTATE.SM,VEC1,VEC4	FFR,VEC4	FFR,GPR3,PRED2,VEC1	FFR,VEC4	disagree	SRC+ref:VEC#	PSTATE.SM	FFR,GPR3,PRED2,VEC1	FFR,VEC4	SRC+ref:VEC#	unbounded-loop
ldff1w_z_p_bz_d_64_unscaled	ldff1w	64e841c5	ldff1w { z4.d }, p2/z, [x3, z1.d]	sve	1:MRA	ok	FFR,GPR3,PRED2,PSTATE.SM,VEC1,VEC4	FFR,VEC4	FFR,GPR3,PRED2,VEC1	FFR,VEC4	disagree	SRC+ref:VEC#	PSTATE.SM	FFR,GPR3,PRED2,VEC1	FFR,VEC4	SRC+ref:VEC#	unbounded-loop
ldff1w_z_p_bz_d_x32_scaled	ldff1w	856c62c5	ldff1w { z5.d }, p3/z, [x4, z2.d, sxtw #2]	sve	1:MRA	ok	FFR,GPR4,PRED3,PSTATE.SM,VEC2,VEC5	FFR,VEC5	FFR,GPR4,PRED3,VEC2	FFR,VEC5	disagree	SRC+ref:VEC#	PSTATE.SM	FFR,GPR4,PRED3,VEC2	FFR,VEC5	SRC+ref:VEC#	unbounded-loop
ldff1w_z_p_bz_d_x32_unscaled	ldff1w	856c42c5	ldff1w { z5.d }, p3/z, [x4, z2.d, sxtw]	sve	1:MRA	ok	FFR,GPR4,PRED3,PSTATE.SM,VEC2,VEC5	FFR,VEC5	FFR,GPR4,PRED3,VEC2	FFR,VEC5	disagree	SRC+ref:VEC#	PSTATE.SM	FFR,GPR4,PRED3,VEC2	FFR,VEC5	SRC+ref:VEC#	unbounded-loop
ldff1w_z_p_bz_s_x32_scaled	ldff1w	856c6285	ldff1w { z5.s }, p3/z, [x4, z2.s, sxtw #2]	sve	1:MRA	ok	FFR,GPR4,PRED3,PSTATE.SM,VEC2,VEC5	FFR,VEC5	FFR,GPR4,PRED3,VEC2	FFR,VEC5	disagree	SRC+ref:VEC#	PSTATE.SM	FFR,GPR4,PRED3,VEC2	FFR,VEC5	SRC+ref:VEC#	unbounded-loop
ldff1w_z_p_bz_s_x32_unscaled	ldff1w	856c4285	ldff1w { z5.s }, p3/z, [x4, z2.s, sxtw]	sve	1:MRA	ok	FFR,GPR4,PRED3,PSTATE.SM,VEC2,VEC5	FFR,VEC5	FFR,GPR4,PRED3,VEC2	FFR,VEC5	disagree	SRC+ref:VEC#	PSTATE.SM	FFR,GPR4,PRED3,VEC2	FFR,VEC5	SRC+ref:VEC#	unbounded-loop
ldnf1b_z_p_bi_u16	ldnf1b	64a831a4	ldnf1b { z4.h }, p2/z, [x3, #1, mul vl]	sve	1:MRA	ok	FFR,GPR3,PRED2,PSTATE.SM,VEC4	FFR,VEC4	FFR,GPR3,PRED2	FFR,VEC4	disagree	SRC+ref:VEC#	PSTATE.SM	FFR,GPR3,PRED2	FFR,VEC4	SRC+ref:VEC#	unbounded-loop
ldnf1b_z_p_bi_u32	ldnf1b	64a851a4	ldnf1b { z4.s }, p2/z, [x3, #1, mul vl]	sve	1:MRA	ok	FFR,GPR3,PRED2,PSTATE.SM,VEC4	FFR,VEC4	FFR,GPR3,PRED2	FFR,VEC4	disagree	SRC+ref:VEC#	PSTATE.SM	FFR,GPR3,PRED2	FFR,VEC4	SRC+ref:VEC#	unbounded-loop
ldnf1b_z_p_bi_u64	ldnf1b	64a871a4	ldnf1b { z4.d }, p2/z, [x3, #1, mul vl]	sve	1:MRA	ok	FFR,GPR3,PRED2,PSTATE.SM,VEC4	FFR,VEC4	FFR,GPR3,PRED2	FFR,VEC4	disagree	SRC+ref:VEC#	PSTATE.SM	FFR,GPR3,PRED2	FFR,VEC4	SRC+ref:VEC#	unbounded-loop
ldnf1b_z_p_bi_u8	ldnf1b	64a811a4	ldnf1b { z4.b }, p2/z, [x3, #1, mul vl]	sve	1:MRA	ok	FFR,GPR3,PRED2,PSTATE.SM,VEC4	FFR,VEC4	FFR,GPR3,PRED2	FFR,VEC4	disagree	SRC+ref:VEC#	PSTATE.SM	FFR,GPR3,PRED2	FFR,VEC4	SRC+ref:VEC#	unbounded-loop
ldnf1d_z_p_bi_u64	ldnf1d	64a8f1a5	ldnf1d { z4.d }, p2/z, [x3, #1, mul vl]	sve	1:MRA	ok	FFR,GPR3,PRED2,PSTATE.SM,VEC4	FFR,VEC4	FFR,GPR3,PRED2	FFR,VEC4	disagree	SRC+ref:VEC#	PSTATE.SM	FFR,GPR3,PRED2	FFR,VEC4	SRC+ref:VEC#	unbounded-loop
ldnf1h_z_p_bi_u16	ldnf1h	64a8b1a4	ldnf1h { z4.h }, p2/z, [x3, #1, mul vl]	sve	1:MRA	ok	FFR,GPR3,PRED2,PSTATE.SM,VEC4	FFR,VEC4	FFR,GPR3,PRED2	FFR,VEC4	disagree	SRC+ref:VEC#	PSTATE.SM	FFR,GPR3,PRED2	FFR,VEC4	SRC+ref:VEC#	unbounded-loop
ldnf1h_z_p_bi_u32	ldnf1h	64a8d1a4	ldnf1h { z4.s }, p2/z, [x3, #1, mul vl]	sve	1:MRA	ok	FFR,GPR3,PRED2,PSTATE.SM,VEC4	FFR,VEC4	FFR,GPR3,PRED2	FFR,VEC4	disagree	SRC+ref:VEC#	PSTATE.SM	FFR,GPR3,PRED2	FFR,VEC4	SRC+ref:VEC#	unbounded-loop
ldnf1h_z_p_bi_u64	ldnf1h	64a8f1a4	ldnf1h { z4.d }, p2/z, [x3, #1, mul vl]	sve	1:MRA	ok	FFR,GPR3,PRED2,PSTATE.SM,VEC4	FFR,VEC4	FFR,GPR3,PRED2	FFR,VEC4	disagree	SRC+ref:VEC#	PSTATE.SM	FFR,GPR3,PRED2	FFR,VEC4	SRC+ref:VEC#	unbounded-loop
ldnf1sb_z_p_bi_s16	ldnf1sb	64a8d1a5	ldnf1sb { z4.h }, p2/z, [x3, #1, mul vl]	sve	1:MRA	ok	FFR,GPR3,PRED2,PSTATE.SM,VEC4	FFR,VEC4	FFR,GPR3,PRED2	FFR,VEC4	disagree	SRC+ref:VEC#	PSTATE.SM	FFR,GPR3,PRED2	FFR,VEC4	SRC+ref:VEC#	unbounded-loop
ldnf1sb_z_p_bi_s32	ldnf1sb	64a8b1a5	ldnf1sb { z4.s }, p2/z, [x3, #1, mul vl]	sve	1:MRA	ok	FFR,GPR3,PRED2,PSTATE.SM,VEC4	FFR,VEC4	FFR,GPR3,PRED2	FFR,VEC4	disagree	SRC+ref:VEC#	PSTATE.SM	FFR,GPR3,PRED2	FFR,VEC4	SRC+ref:VEC#	unbounded-loop
ldnf1sb_z_p_bi_s64	ldnf1sb	64a891a5	ldnf1sb { z4.d }, p2/z, [x3, #1, mul vl]	sve	1:MRA	ok	FFR,GPR3,PRED2,PSTATE.SM,VEC4	FFR,VEC4	FFR,GPR3,PRED2	FFR,VEC4	disagree	SRC+ref:VEC#	PSTATE.SM	FFR,GPR3,PRED2	FFR,VEC4	SRC+ref:VEC#	unbounded-loop
ldnf1sh_z_p_bi_s32	ldnf1sh	64a831a5	ldnf1sh { z4.s }, p2/z, [x3, #1, mul vl]	sve	1:MRA	ok	FFR,GPR3,PRED2,PSTATE.SM,VEC4	FFR,VEC4	FFR,GPR3,PRED2	FFR,VEC4	disagree	SRC+ref:VEC#	PSTATE.SM	FFR,GPR3,PRED2	FFR,VEC4	SRC+ref:VEC#	unbounded-loop
ldnf1sh_z_p_bi_s64	ldnf1sh	64a811a5	ldnf1sh { z4.d }, p2/z, [x3, #1, mul vl]	sve	1:MRA	ok	FFR,GPR3,PRED2,PSTATE.SM,VEC4	FFR,VEC4	FFR,GPR3,PRED2	FFR,VEC4	disagree	SRC+ref:VEC#	PSTATE.SM	FFR,GPR3,PRED2	FFR,VEC4	SRC+ref:VEC#	unbounded-loop
ldnf1sw_z_p_bi_s64	ldnf1sw	64a891a4	ldnf1sw { z4.d }, p2/z, [x3, #1, mul vl]	sve	1:MRA	ok	FFR,GPR3,PRED2,PSTATE.SM,VEC4	FFR,VEC4	FFR,GPR3,PRED2	FFR,VEC4	disagree	SRC+ref:VEC#	PSTATE.SM	FFR,GPR3,PRED2	FFR,VEC4	SRC+ref:VEC#	unbounded-loop
ldnf1w_z_p_bi_u32	ldnf1w	64a851a5	ldnf1w { z4.s }, p2/z, [x3, #1, mul vl]	sve	1:MRA	ok	FFR,GPR3,PRED2,PSTATE.SM,VEC4	FFR,VEC4	FFR,GPR3,PRED2	FFR,VEC4	disagree	SRC+ref:VEC#	PSTATE.SM	FFR,GPR3,PRED2	FFR,VEC4	SRC+ref:VEC#	unbounded-loop
ldnf1w_z_p_bi_u64	ldnf1w	64a871a5	ldnf1w { z4.d }, p2/z, [x3, #1, mul vl]	sve	1:MRA	ok	FFR,GPR3,PRED2,PSTATE.SM,VEC4	FFR,VEC4	FFR,GPR3,PRED2	FFR,VEC4	disagree	SRC+ref:VEC#	PSTATE.SM	FFR,GPR3,PRED2	FFR,VEC4	SRC+ref:VEC#	unbounded-loop
ldnt1b_mz_p_bi_2	ldnt1b	690841a0	ldnt1b { z8.b, z9.b }, pn10/z, [x3, #2, mul vl]	sve2	1:MRA	ok	GPR3,PRED10	VEC8,VEC9	GPR3,PRED10	VEC8,VEC9	agree	-	-	GPR3,PRED10	VEC8,VEC9	same	unbounded-loop
ldnt1b_mz_p_bi_4	ldnt1b	718841a0	ldnt1b { z16.b - z19.b }, pn10/z, [x3, #4, mul vl]	sve2	1:MRA	ok	GPR3,PRED10	VEC16,VEC17,VEC18,VEC19	GPR3,PRED10	VEC16,VEC17,VEC18,VEC19	agree	-	-	GPR3,PRED10	VEC16,VEC17,VEC18,VEC19	same	unbounded-loop
ldnt1b_mz_p_br_2	ldnt1b	690801a0	ldnt1b { z8.b, z9.b }, pn10/z, [x3, x1]	sve2	1:MRA	ok	GPR1,GPR3,PRED10	VEC8,VEC9	GPR1,GPR3,PRED10	VEC8,VEC9	agree	-	-	GPR1,GPR3,PRED10	VEC8,VEC9	same	unbounded-loop
ldnt1b_mz_p_br_4	ldnt1b	718801a0	ldnt1b { z16.b - z19.b }, pn10/z, [x3, x1]	sve2	1:MRA	ok	GPR1,GPR3,PRED10	VEC16,VEC17,VEC18,VEC19	GPR1,GPR3,PRED10	VEC16,VEC17,VEC18,VEC19	agree	-	-	GPR1,GPR3,PRED10	VEC16,VEC17,VEC18,VEC19	same	unbounded-loop
ldnt1b_mzx_p_bi_2x8	ldnt1b	6d0841a1	ldnt1b { z5.b, z13.b }, pn10/z, [x3, #2, mul vl]	mortlach2	1:MRA	ok	GPR3,PRED10	VEC13,VEC5	GPR3,PRED10	VEC13,VEC5	agree	-	-	GPR3,PRED10	VEC13,VEC5	same	unbounded-loop
ldnt1b_mzx_p_bi_4x4	ldnt1b	698841a1	ldnt1b { z1.b, z5.b, z9.b, z13.b }, pn10/z, [x3, #4, mul vl]	mortlach2	1:MRA	ok	GPR3,PRED10	VEC1,VEC13,VEC5,VEC9	GPR3,PRED10	VEC1,VEC13,VEC5,VEC9	agree	-	-	GPR3,PRED10	VEC1,VEC13,VEC5,VEC9	same	unbounded-loop
ldnt1b_mzx_p_br_2x8	ldnt1b	6d0801a1	ldnt1b { z5.b, z13.b }, pn10/z, [x3, x1]	mortlach2	1:MRA	ok	GPR1,GPR3,PRED10	VEC13,VEC5	GPR1,GPR3,PRED10	VEC13,VEC5	agree	-	-	GPR1,GPR3,PRED10	VEC13,VEC5	same	unbounded-loop
ldnt1b_mzx_p_br_4x4	ldnt1b	698801a1	ldnt1b { z1.b, z5.b, z9.b, z13.b }, pn10/z, [x3, x1]	mortlach2	1:MRA	ok	GPR1,GPR3,PRED10	VEC1,VEC13,VEC5,VEC9	GPR1,GPR3,PRED10	VEC1,VEC13,VEC5,VEC9	agree	-	-	GPR1,GPR3,PRED10	VEC1,VEC13,VEC5,VEC9	same	unbounded-loop
ldnt1b_z_p_ar_d_64_unscaled	ldnt1b	64c801c4	ldnt1b { z4.d }, p2/z, [z3.d, x1]	sve2	1:MRA	ok	GPR1,PRED2,VEC3	VEC4	GPR1,PRED2,VEC3	VEC4	agree	-	-	GPR1,PRED2,VEC3	VEC4	same	unbounded-loop
ldnt1b_z_p_ar_s_x32_unscaled	ldnt1b	64a80184	ldnt1b { z4.s }, p2/z, [z3.s, x1]	sve2	1:MRA	ok	GPR1,PRED2,VEC3	VEC4	GPR1,PRED2,VEC3	VEC4	agree	-	-	GPR1,PRED2,VEC3	VEC4	same	unbounded-loop
ldnt1b_z_p_bi_contiguous	ldnt1b	64e801a4	ldnt1b { z4.b }, p2/z, [x3, #1, mul vl]	sve	1:MRA	ok	GPR3,PRED2	VEC4	GPR3,PRED2	VEC4	agree	-	-	GPR3,PRED2	VEC4	same	unbounded-loop
ldnt1b_z_p_br_contiguous	ldnt1b	64c801a4	ldnt1b { z4.b }, p2/z, [x3, x1]	sve	1:MRA	ok	GPR1,GPR3,PRED2	VEC4	GPR1,GPR3,PRED2	VEC4	agree	-	-	GPR1,GPR3,PRED2	VEC4	same	unbounded-loop
ldnt1d_mz_p_bi_2	ldnt1d	696841a0	ldnt1d { z8.d, z9.d }, pn10/z, [x3, #2, mul vl]	sve2	1:MRA	ok	GPR3,PRED10	VEC8,VEC9	GPR3,PRED10	VEC8,VEC9	agree	-	-	GPR3,PRED10	VEC8,VEC9	same	unbounded-loop
ldnt1d_mz_p_bi_4	ldnt1d	71e841a0	ldnt1d { z16.d - z19.d }, pn10/z, [x3, #4, mul vl]	sve2	1:MRA	ok	GPR3,PRED10	VEC16,VEC17,VEC18,VEC19	GPR3,PRED10	VEC16,VEC17,VEC18,VEC19	agree	-	-	GPR3,PRED10	VEC16,VEC17,VEC18,VEC19	same	unbounded-loop
ldnt1d_mz_p_br_2	ldnt1d	696801a0	ldnt1d { z8.d, z9.d }, pn10/z, [x3, x1, lsl #3]	sve2	1:MRA	ok	GPR1,GPR3,PRED10	VEC8,VEC9	GPR1,GPR3,PRED10	VEC8,VEC9	agree	-	-	GPR1,GPR3,PRED10	VEC8,VEC9	same	unbounded-loop
ldnt1d_mz_p_br_4	ldnt1d	71e801a0	ldnt1d { z16.d - z19.d }, pn10/z, [x3, x1, lsl #3]	sve2	1:MRA	ok	GPR1,GPR3,PRED10	VEC16,VEC17,VEC18,VEC19	GPR1,GPR3,PRED10	VEC16,VEC17,VEC18,VEC19	agree	-	-	GPR1,GPR3,PRED10	VEC16,VEC17,VEC18,VEC19	same	unbounded-loop
ldnt1d_mzx_p_bi_2x8	ldnt1d	6d6841a1	ldnt1d { z5.d, z13.d }, pn10/z, [x3, #2, mul vl]	mortlach2	1:MRA	ok	GPR3,PRED10	VEC13,VEC5	GPR3,PRED10	VEC13,VEC5	agree	-	-	GPR3,PRED10	VEC13,VEC5	same	unbounded-loop
ldnt1d_mzx_p_bi_4x4	ldnt1d	69e841a1	ldnt1d { z1.d, z5.d, z9.d, z13.d }, pn10/z, [x3, #4, mul vl]	mortlach2	1:MRA	ok	GPR3,PRED10	VEC1,VEC13,VEC5,VEC9	GPR3,PRED10	VEC1,VEC13,VEC5,VEC9	agree	-	-	GPR3,PRED10	VEC1,VEC13,VEC5,VEC9	same	unbounded-loop
ldnt1d_mzx_p_br_2x8	ldnt1d	6d6801a1	ldnt1d { z5.d, z13.d }, pn10/z, [x3, x1, lsl #3]	mortlach2	1:MRA	ok	GPR1,GPR3,PRED10	VEC13,VEC5	GPR1,GPR3,PRED10	VEC13,VEC5	agree	-	-	GPR1,GPR3,PRED10	VEC13,VEC5	same	unbounded-loop
ldnt1d_mzx_p_br_4x4	ldnt1d	69e801a1	ldnt1d { z1.d, z5.d, z9.d, z13.d }, pn10/z, [x3, x1, lsl #3]	mortlach2	1:MRA	ok	GPR1,GPR3,PRED10	VEC1,VEC13,VEC5,VEC9	GPR1,GPR3,PRED10	VEC1,VEC13,VEC5,VEC9	agree	-	-	GPR1,GPR3,PRED10	VEC1,VEC13,VEC5,VEC9	same	unbounded-loop
ldnt1d_z_p_ar_d_64_unscaled	ldnt1d	64c881c5	ldnt1d { z4.d }, p2/z, [z3.d, x1]	sve2	1:MRA	ok	GPR1,PRED2,VEC3	VEC4	GPR1,PRED2,VEC3	VEC4	agree	-	-	GPR1,PRED2,VEC3	VEC4	same	unbounded-loop
ldnt1d_z_p_bi_contiguous	ldnt1d	64e881a5	ldnt1d { z4.d }, p2/z, [x3, #1, mul vl]	sve	1:MRA	ok	GPR3,PRED2	VEC4	GPR3,PRED2	VEC4	agree	-	-	GPR3,PRED2	VEC4	same	unbounded-loop
ldnt1d_z_p_br_contiguous	ldnt1d	64c881a5	ldnt1d { z4.d }, p2/z, [x3, x1, lsl #3]	sve	1:MRA	ok	GPR1,GPR3,PRED2	VEC4	GPR1,GPR3,PRED2	VEC4	agree	-	-	GPR1,GPR3,PRED2	VEC4	same	unbounded-loop
ldnt1h_mz_p_bi_2	ldnt1h	692841a0	ldnt1h { z8.h, z9.h }, pn10/z, [x3, #2, mul vl]	sve2	1:MRA	ok	GPR3,PRED10	VEC8,VEC9	GPR3,PRED10	VEC8,VEC9	agree	-	-	GPR3,PRED10	VEC8,VEC9	same	unbounded-loop
ldnt1h_mz_p_bi_4	ldnt1h	71a841a0	ldnt1h { z16.h - z19.h }, pn10/z, [x3, #4, mul vl]	sve2	1:MRA	ok	GPR3,PRED10	VEC16,VEC17,VEC18,VEC19	GPR3,PRED10	VEC16,VEC17,VEC18,VEC19	agree	-	-	GPR3,PRED10	VEC16,VEC17,VEC18,VEC19	same	unbounded-loop
ldnt1h_mz_p_br_2	ldnt1h	692801a0	ldnt1h { z8.h, z9.h }, pn10/z, [x3, x1, lsl #1]	sve2	1:MRA	ok	GPR1,GPR3,PRED10	VEC8,VEC9	GPR1,GPR3,PRED10	VEC8,VEC9	agree	-	-	GPR1,GPR3,PRED10	VEC8,VEC9	same	unbounded-loop
ldnt1h_mz_p_br_4	ldnt1h	71a801a0	ldnt1h { z16.h - z19.h }, pn10/z, [x3, x1, lsl #1]	sve2	1:MRA	ok	GPR1,GPR3,PRED10	VEC16,VEC17,VEC18,VEC19	GPR1,GPR3,PRED10	VEC16,VEC17,VEC18,VEC19	agree	-	-	GPR1,GPR3,PRED10	VEC16,VEC17,VEC18,VEC19	same	unbounded-loop
ldnt1h_mzx_p_bi_2x8	ldnt1h	6d2841a1	ldnt1h { z5.h, z13.h }, pn10/z, [x3, #2, mul vl]	mortlach2	1:MRA	ok	GPR3,PRED10	VEC13,VEC5	GPR3,PRED10	VEC13,VEC5	agree	-	-	GPR3,PRED10	VEC13,VEC5	same	unbounded-loop
ldnt1h_mzx_p_bi_4x4	ldnt1h	69a841a1	ldnt1h { z1.h, z5.h, z9.h, z13.h }, pn10/z, [x3, #4, mul vl]	mortlach2	1:MRA	ok	GPR3,PRED10	VEC1,VEC13,VEC5,VEC9	GPR3,PRED10	VEC1,VEC13,VEC5,VEC9	agree	-	-	GPR3,PRED10	VEC1,VEC13,VEC5,VEC9	same	unbounded-loop
ldnt1h_mzx_p_br_2x8	ldnt1h	6d2801a1	ldnt1h { z5.h, z13.h }, pn10/z, [x3, x1, lsl #1]	mortlach2	1:MRA	ok	GPR1,GPR3,PRED10	VEC13,VEC5	GPR1,GPR3,PRED10	VEC13,VEC5	agree	-	-	GPR1,GPR3,PRED10	VEC13,VEC5	same	unbounded-loop
ldnt1h_mzx_p_br_4x4	ldnt1h	69a801a1	ldnt1h { z1.h, z5.h, z9.h, z13.h }, pn10/z, [x3, x1, lsl #1]	mortlach2	1:MRA	ok	GPR1,GPR3,PRED10	VEC1,VEC13,VEC5,VEC9	GPR1,GPR3,PRED10	VEC1,VEC13,VEC5,VEC9	agree	-	-	GPR1,GPR3,PRED10	VEC1,VEC13,VEC5,VEC9	same	unbounded-loop
ldnt1h_z_p_ar_d_64_unscaled	ldnt1h	64c881c4	ldnt1h { z4.d }, p2/z, [z3.d, x1]	sve2	1:MRA	ok	GPR1,PRED2,VEC3	VEC4	GPR1,PRED2,VEC3	VEC4	agree	-	-	GPR1,PRED2,VEC3	VEC4	same	unbounded-loop
ldnt1h_z_p_ar_s_x32_unscaled	ldnt1h	64a88184	ldnt1h { z4.s }, p2/z, [z3.s, x1]	sve2	1:MRA	ok	GPR1,PRED2,VEC3	VEC4	GPR1,PRED2,VEC3	VEC4	agree	-	-	GPR1,PRED2,VEC3	VEC4	same	unbounded-loop
ldnt1h_z_p_bi_contiguous	ldnt1h	64e881a4	ldnt1h { z4.h }, p2/z, [x3, #1, mul vl]	sve	1:MRA	ok	GPR3,PRED2	VEC4	GPR3,PRED2	VEC4	agree	-	-	GPR3,PRED2	VEC4	same	unbounded-loop
ldnt1h_z_p_br_contiguous	ldnt1h	64c881a4	ldnt1h { z4.h }, p2/z, [x3, x1, lsl #1]	sve	1:MRA	ok	GPR1,GPR3,PRED2	VEC4	GPR1,GPR3,PRED2	VEC4	agree	-	-	GPR1,GPR3,PRED2	VEC4	same	unbounded-loop
ldnt1sb_z_p_ar_d_64_unscaled	ldnt1sb	648801c4	ldnt1sb { z4.d }, p2/z, [z3.d, x1]	sve2	1:MRA	ok	GPR1,PRED2,VEC3	VEC4	GPR1,PRED2,VEC3	VEC4	agree	-	-	GPR1,PRED2,VEC3	VEC4	same	unbounded-loop
ldnt1sb_z_p_ar_s_x32_unscaled	ldnt1sb	64880184	ldnt1sb { z4.s }, p2/z, [z3.s, x1]	sve2	1:MRA	ok	GPR1,PRED2,VEC3	VEC4	GPR1,PRED2,VEC3	VEC4	agree	-	-	GPR1,PRED2,VEC3	VEC4	same	unbounded-loop
ldnt1sh_z_p_ar_d_64_unscaled	ldnt1sh	648881c4	ldnt1sh { z4.d }, p2/z, [z3.d, x1]	sve2	1:MRA	ok	GPR1,PRED2,VEC3	VEC4	GPR1,PRED2,VEC3	VEC4	agree	-	-	GPR1,PRED2,VEC3	VEC4	same	unbounded-loop
ldnt1sh_z_p_ar_s_x32_unscaled	ldnt1sh	64888184	ldnt1sh { z4.s }, p2/z, [z3.s, x1]	sve2	1:MRA	ok	GPR1,PRED2,VEC3	VEC4	GPR1,PRED2,VEC3	VEC4	agree	-	-	GPR1,PRED2,VEC3	VEC4	same	unbounded-loop
ldnt1sw_z_p_ar_d_64_unscaled	ldnt1sw	648801c5	ldnt1sw { z4.d }, p2/z, [z3.d, x1]	sve2	1:MRA	ok	GPR1,PRED2,VEC3	VEC4	GPR1,PRED2,VEC3	VEC4	agree	-	-	GPR1,PRED2,VEC3	VEC4	same	unbounded-loop
ldnt1w_mz_p_bi_2	ldnt1w	694841a0	ldnt1w { z8.s, z9.s }, pn10/z, [x3, #2, mul vl]	sve2	1:MRA	ok	GPR3,PRED10	VEC8,VEC9	GPR3,PRED10	VEC8,VEC9	agree	-	-	GPR3,PRED10	VEC8,VEC9	same	unbounded-loop
ldnt1w_mz_p_bi_4	ldnt1w	71c841a0	ldnt1w { z16.s - z19.s }, pn10/z, [x3, #4, mul vl]	sve2	1:MRA	ok	GPR3,PRED10	VEC16,VEC17,VEC18,VEC19	GPR3,PRED10	VEC16,VEC17,VEC18,VEC19	agree	-	-	GPR3,PRED10	VEC16,VEC17,VEC18,VEC19	same	unbounded-loop
ldnt1w_mz_p_br_2	ldnt1w	694801a0	ldnt1w { z8.s, z9.s }, pn10/z, [x3, x1, lsl #2]	sve2	1:MRA	ok	GPR1,GPR3,PRED10	VEC8,VEC9	GPR1,GPR3,PRED10	VEC8,VEC9	agree	-	-	GPR1,GPR3,PRED10	VEC8,VEC9	same	unbounded-loop
ldnt1w_mz_p_br_4	ldnt1w	71c801a0	ldnt1w { z16.s - z19.s }, pn10/z, [x3, x1, lsl #2]	sve2	1:MRA	ok	GPR1,GPR3,PRED10	VEC16,VEC17,VEC18,VEC19	GPR1,GPR3,PRED10	VEC16,VEC17,VEC18,VEC19	agree	-	-	GPR1,GPR3,PRED10	VEC16,VEC17,VEC18,VEC19	same	unbounded-loop
ldnt1w_mzx_p_bi_2x8	ldnt1w	6d4841a1	ldnt1w { z5.s, z13.s }, pn10/z, [x3, #2, mul vl]	mortlach2	1:MRA	ok	GPR3,PRED10	VEC13,VEC5	GPR3,PRED10	VEC13,VEC5	agree	-	-	GPR3,PRED10	VEC13,VEC5	same	unbounded-loop
ldnt1w_mzx_p_bi_4x4	ldnt1w	69c841a1	ldnt1w { z1.s, z5.s, z9.s, z13.s }, pn10/z, [x3, #4, mul vl]	mortlach2	1:MRA	ok	GPR3,PRED10	VEC1,VEC13,VEC5,VEC9	GPR3,PRED10	VEC1,VEC13,VEC5,VEC9	agree	-	-	GPR3,PRED10	VEC1,VEC13,VEC5,VEC9	same	unbounded-loop
ldnt1w_mzx_p_br_2x8	ldnt1w	6d4801a1	ldnt1w { z5.s, z13.s }, pn10/z, [x3, x1, lsl #2]	mortlach2	1:MRA	ok	GPR1,GPR3,PRED10	VEC13,VEC5	GPR1,GPR3,PRED10	VEC13,VEC5	agree	-	-	GPR1,GPR3,PRED10	VEC13,VEC5	same	unbounded-loop
ldnt1w_mzx_p_br_4x4	ldnt1w	69c801a1	ldnt1w { z1.s, z5.s, z9.s, z13.s }, pn10/z, [x3, x1, lsl #2]	mortlach2	1:MRA	ok	GPR1,GPR3,PRED10	VEC1,VEC13,VEC5,VEC9	GPR1,GPR3,PRED10	VEC1,VEC13,VEC5,VEC9	agree	-	-	GPR1,GPR3,PRED10	VEC1,VEC13,VEC5,VEC9	same	unbounded-loop
ldnt1w_z_p_ar_d_64_unscaled	ldnt1w	64c801c5	ldnt1w { z4.d }, p2/z, [z3.d, x1]	sve2	1:MRA	ok	GPR1,PRED2,VEC3	VEC4	GPR1,PRED2,VEC3	VEC4	agree	-	-	GPR1,PRED2,VEC3	VEC4	same	unbounded-loop
ldnt1w_z_p_ar_s_x32_unscaled	ldnt1w	64a80185	ldnt1w { z4.s }, p2/z, [z3.s, x1]	sve2	1:MRA	ok	GPR1,PRED2,VEC3	VEC4	GPR1,PRED2,VEC3	VEC4	agree	-	-	GPR1,PRED2,VEC3	VEC4	same	unbounded-loop
ldnt1w_z_p_bi_contiguous	ldnt1w	64e801a5	ldnt1w { z4.s }, p2/z, [x3, #1, mul vl]	sve	1:MRA	ok	GPR3,PRED2	VEC4	GPR3,PRED2	VEC4	agree	-	-	GPR3,PRED2	VEC4	same	unbounded-loop
ldnt1w_z_p_br_contiguous	ldnt1w	64c801a5	ldnt1w { z4.s }, p2/z, [x3, x1, lsl #2]	sve	1:MRA	ok	GPR1,GPR3,PRED2	VEC4	GPR1,GPR3,PRED2	VEC4	agree	-	-	GPR1,GPR3,PRED2	VEC4	same	unbounded-loop
ldr_p_bi_	ldr	64088185	ldr p4, [x3, #10, mul vl]	sve	1:MRA	ok	GPR3	PRED4	GPR3	PRED4	agree	-	-	GPR3	PRED4	same	-
ldr_z_bi_	ldr	64488185	ldr z4, [x3, #10, mul vl]	sve	1:MRA	ok	GPR3	VEC4	GPR3	VEC4	agree	-	-	GPR3	VEC4	same	-
ldr_za_ri_	ldr	432000e1	ldr za[w13, 3], [x2, #3, mul vl]	mortlach	1:MRA	ok	GPR13,GPR2	MATRIX	GPR13,GPR2	MATRIX	agree	-	-	GPR13,GPR2	MATRIX	same	-
ldr_zt_br_	ldr	20801fe1	ldr zt0, [x1]	mortlach2	1:MRA	ok	GPR1	MATRIX	GPR1	MATRIX	agree	-	-	GPR1	MATRIX	same	-
lsl_z_p_zi_	lsl	858b4304	lsl z5.s, p2/m, z5.s, #28	sve	1:MRA	ok	PRED2,VEC5	VEC5	PRED2,VEC5	VEC5	agree	-	-	PRED2,VEC5	VEC5	same	-
lsl_z_p_zw_	lsl	64885b04	lsl z4.h, p2/m, z4.h, z3.d	sve	1:MRA	ok	PRED2,VEC3,VEC4	VEC4	PRED2,VEC3,VEC4	VEC4	agree	-	-	PRED2,VEC3,VEC4	VEC4	same	unbounded-loop
lsl_z_p_zz_	lsl	64885304	lsl z4.h, p2/m, z4.h, z3.h	sve	1:MRA	ok	PRED2,VEC3,VEC4	VEC4	PRED2,VEC3,VEC4	VEC4	agree	-	-	PRED2,VEC3,VEC4	VEC4	same	unbounded-loop
lsl_z_zi_	lsl	859c7304	lsl z5.s, z4.s, #19	sve	1:MRA	ok	VEC4	VEC5	VEC4	VEC5	agree	-	-	VEC4	VEC5	same	-
lsl_z_zw_	lsl	648c6204	lsl z4.h, z3.h, z2.d	sve	1:MRA	ok	VEC2,VEC3	VEC4	VEC2,VEC3	VEC4	agree	-	-	VEC2,VEC3	VEC4	same	-
lslr_z_p_zz_	lslr	64885704	lslr z4.h, p2/m, z4.h, z3.h	sve	1:MRA	ok	PRED2,VEC3,VEC4	VEC4	PRED2,VEC3,VEC4	VEC4	agree	-	-	PRED2,VEC3,VEC4	VEC4	same	unbounded-loop
lsr_z_p_zi_	lsr	858b4104	lsr z5.s, p2/m, z5.s, #4	sve	1:MRA	ok	PRED2,VEC5	VEC5	PRED2,VEC5	VEC5	agree	-	-	PRED2,VEC5	VEC5	same	-
lsr_z_p_zw_	lsr	64885904	lsr z4.h, p2/m, z4.h, z3.d	sve	1:MRA	ok	PRED2,VEC3,VEC4	VEC4	PRED2,VEC3,VEC4	VEC4	agree	-	-	PRED2,VEC3,VEC4	VEC4	same	unbounded-loop
lsr_z_p_zz_	lsr	64885104	lsr z4.h, p2/m, z4.h, z3.h	sve	1:MRA	ok	PRED2,VEC3,VEC4	VEC4	PRED2,VEC3,VEC4	VEC4	agree	-	-	PRED2,VEC3,VEC4	VEC4	same	unbounded-loop
lsr_z_zi_	lsr	85947304	lsr z5.s, z4.s, #13	sve	1:MRA	ok	VEC4	VEC5	VEC4	VEC5	agree	-	-	VEC4	VEC5	same	-
lsr_z_zw_	lsr	64846204	lsr z4.h, z3.h, z2.d	sve	1:MRA	ok	VEC2,VEC3	VEC4	VEC2,VEC3	VEC4	agree	-	-	VEC2,VEC3	VEC4	same	-
lsrr_z_p_zz_	lsrr	64885504	lsrr z4.h, p2/m, z4.h, z3.h	sve	1:MRA	ok	PRED2,VEC3,VEC4	VEC4	PRED2,VEC3,VEC4	VEC4	agree	-	-	PRED2,VEC3,VEC4	VEC4	same	unbounded-loop
luti2_mz2_ztz_1	luti2	68e08cc0	luti2 { z8.s, z9.s }, zt0, z3[1]	mortlach2	1:MRA	ok	MATRIX,VEC3	VEC8,VEC9	MATRIX,VEC3	VEC8,VEC9	agree	-	-	MATRIX,VEC3	VEC8,VEC9	same	dead-reads:2
luti2_mz2_ztz_8	luti2	22c29cc0	luti2 { z2.b, z10.b }, zt0, z17[1]	mortlach2	1:MRA	ok	MATRIX,VEC17	VEC10,VEC2	MATRIX,VEC17	VEC10,VEC2	agree	-	-	MATRIX,VEC17	VEC10,VEC2	same	dead-reads:2
luti2_mz4_ztz_1	luti2	70a08dc0	luti2 { z16.s - z19.s }, zt0, z3[1]	mortlach2	1:MRA	ok	MATRIX,VEC3	VEC16,VEC17,VEC18,VEC19	MATRIX,VEC3	VEC16,VEC17,VEC18,VEC19	agree	-	-	MATRIX,VEC3	VEC16,VEC17,VEC18,VEC19	same	dead-reads:4
luti2_mz4_ztz_4	luti2	60809dc0	luti2 { z0.b, z4.b, z8.b, z12.b }, zt0, z3[1]	mortlach2	1:MRA	ok	MATRIX,VEC3	VEC0,VEC12,VEC4,VEC8	MATRIX,VEC3	VEC0,VEC12,VEC4,VEC8	agree	-	-	MATRIX,VEC3	VEC0,VEC12,VEC4,VEC8	same	dead-reads:4
luti2_z_ztz_	luti2	6460ccc0	luti2 z4.s, zt0, z3[1]	mortlach2	1:MRA	ok	MATRIX,VEC3	VEC4	MATRIX,VEC3	VEC4	agree	-	-	MATRIX,VEC3	VEC4	same	dead-reads:1
luti4_mz2_ztz_1	luti4	68e08ac0	luti4 { z8.s, z9.s }, zt0, z3[1]	mortlach2	1:MRA	ok	MATRIX,VEC3	VEC8,VEC9	MATRIX,VEC3	VEC8,VEC9	agree	-	-	MATRIX,VEC3	VEC8,VEC9	same	dead-reads:2
luti4_mz2_ztz_8	luti4	56409ac0	luti4 { z22.b, z30.b }, zt0, z2[0]	mortlach2	1:MRA	ok	MATRIX,VEC2	VEC22,VEC30	MATRIX,VEC2	VEC22,VEC30	agree	-	-	MATRIX,VEC2	VEC22,VEC30	same	dead-reads:2
luti4_mz4_ztz_1	luti4	70a08bc0	luti4 { z16.s - z19.s }, zt0, z3[1]	mortlach2	1:MRA	ok	MATRIX,VEC3	VEC16,VEC17,VEC18,VEC19	MATRIX,VEC3	VEC16,VEC17,VEC18,VEC19	agree	-	-	MATRIX,VEC3	VEC16,VEC17,VEC18,VEC19	same	dead-reads:4
luti4_mz4_ztz_4	luti4	d2929ac0	luti4 { z18.h, z22.h, z26.h, z30.h }, zt0, z22[0]	mortlach2	1:MRA	ok	MATRIX,VEC22	VEC18,VEC22,VEC26,VEC30	MATRIX,VEC22	VEC18,VEC22,VEC26,VEC30	agree	-	-	MATRIX,VEC22	VEC18,VEC22,VEC26,VEC30	same	dead-reads:4
luti4_z_ztz_	luti4	6460cac0	luti4 z4.s, zt0, z3[1]	mortlach2	1:MRA	ok	MATRIX,VEC3	VEC4	MATRIX,VEC3	VEC4	agree	-	-	MATRIX,VEC3	VEC4	same	dead-reads:1
mad_z_p_zzz_	mad	85cc4204	mad z5.h, p3/m, z2.h, z4.h	sve	1:MRA	ok	PRED3,VEC2,VEC4,VEC5	VEC5	PRED3,VEC2,VEC4,VEC5	VEC5	agree	-	-	PRED3,VEC2,VEC4,VEC5	VEC5	same	unbounded-loop
match_p_p_zz_	match	858c6245	match p5.h, p3/z, z4.h, z2.h	sve2	1:MRA	ok	PRED3,VEC2,VEC4	FLAGS,PRED5	PRED3,VEC2,VEC4	FLAGS,PRED5	agree	-	-	PRED3,VEC2,VEC4	FLAGS,PRED5	same	unbounded-loop
mla_z_p_zzz_	mla	854c4204	mla z5.h, p3/m, z4.h, z2.h	sve	1:MRA	ok	PRED3,VEC2,VEC4,VEC5	VEC5	PRED3,VEC2,VEC4,VEC5	VEC5	agree	-	-	PRED3,VEC2,VEC4,VEC5	VEC5	same	unbounded-loop
mla_z_zzzi_d	mla	6408f244	mla z4.d, z3.d, z2.d[1]	sve2	1:MRA	ok	VEC2,VEC3,VEC4	VEC4	VEC2,VEC3,VEC4	VEC4	agree	-	-	VEC2,VEC3,VEC4	VEC4	same	-
mla_z_zzzi_h	mla	85087344	mla z5.h, z4.h, z3.h[6]	sve2	1:MRA	ok	VEC3,VEC4,VEC5	VEC5	VEC3,VEC4,VEC5	VEC5	agree	-	-	VEC3,VEC4,VEC5	VEC5	same	-
mla_z_zzzi_s	mla	6408aa44	mla z4.s, z3.s, z2.s[1]	sve2	1:MRA	ok	VEC2,VEC3,VEC4	VEC4	VEC2,VEC3,VEC4	VEC4	agree	-	-	VEC2,VEC3,VEC4	VEC4	same	-
mls_z_p_zzz_	mls	856c4204	mls z5.h, p3/m, z4.h, z2.h	sve	1:MRA	ok	PRED3,VEC2,VEC4,VEC5	VEC5	PRED3,VEC2,VEC4,VEC5	VEC5	agree	-	-	PRED3,VEC2,VEC4,VEC5	VEC5	same	unbounded-loop
mls_z_zzzi_d	mls	640cf244	mls z4.d, z3.d, z2.d[1]	sve2	1:MRA	ok	VEC2,VEC3,VEC4	VEC4	VEC2,VEC3,VEC4	VEC4	agree	-	-	VEC2,VEC3,VEC4	VEC4	same	-
mls_z_zzzi_h	mls	850c7344	mls z5.h, z4.h, z3.h[6]	sve2	1:MRA	ok	VEC3,VEC4,VEC5	VEC5	VEC3,VEC4,VEC5	VEC5	agree	-	-	VEC3,VEC4,VEC5	VEC5	same	-
mls_z_zzzi_s	mls	640caa44	mls z4.s, z3.s, z2.s[1]	sve2	1:MRA	ok	VEC2,VEC3,VEC4	VEC4	VEC2,VEC3,VEC4	VEC4	agree	-	-	VEC2,VEC3,VEC4	VEC4	same	-
mova_mz2_za_b1	mova	68c006c0	mov { z8.b, z9.b }, za0v.b[w14, 6:7]	mortlach2	1:MRA	ok	GPR14,MATRIX	VEC8,VEC9	GPR14,MATRIX	VEC8,VEC9	agree	-	-	GPR14,MATRIX	VEC8,VEC9	same	-
mova_mz2_za_d1	mova	68c0c6c0	mov { z8.d, z9.d }, za3v.d[w14, 0:1]	mortlach2	1:MRA	ok	GPR14,MATRIX	VEC8,VEC9	GPR14,MATRIX	VEC8,VEC9	agree	-	-	GPR14,MATRIX	VEC8,VEC9	same	-
mova_mz2_za_h1	mova	8ac046c0	mov { z10.h, z11.h }, za1v.h[w14, 0:1]	mortlach2	1:MRA	ok	GPR14,MATRIX	VEC10,VEC11	GPR14,MATRIX	VEC10,VEC11	agree	-	-	GPR14,MATRIX	VEC10,VEC11	same	-
mova_mz2_za_w1	mova	cac086c0	mov { z10.s, z11.s }, za3v.s[w14, 0:1]	mortlach2	1:MRA	ok	GPR14,MATRIX	VEC10,VEC11	GPR14,MATRIX	VEC10,VEC11	agree	-	-	GPR14,MATRIX	VEC10,VEC11	same	-
mova_mz4_za_b1	mova	70c406c0	mov { z16.b - z19.b }, za0v.b[w14, 12:15]	mortlach2	1:MRA	ok	GPR14,MATRIX	VEC16,VEC17,VEC18,VEC19	GPR14,MATRIX	VEC16,VEC17,VEC18,VEC19	agree	-	-	GPR14,MATRIX	VEC16,VEC17,VEC18,VEC19	same	-
mova_mz4_za_d1	mova	70c4c6c0	mov { z16.d - z19.d }, za3v.d[w14, 0:3]	mortlach2	1:MRA	ok	GPR14,MATRIX	VEC16,VEC17,VEC18,VEC19	GPR14,MATRIX	VEC16,VEC17,VEC18,VEC19	agree	-	-	GPR14,MATRIX	VEC16,VEC17,VEC18,VEC19	same	-
mova_mz4_za_h1	mova	54c446c0	mov { z20.h - z23.h }, za1v.h[w14, 0:3]	mortlach2	1:MRA	ok	GPR14,MATRIX	VEC20,VEC21,VEC22,VEC23	GPR14,MATRIX	VEC20,VEC21,VEC22,VEC23	agree	-	-	GPR14,MATRIX	VEC20,VEC21,VEC22,VEC23	same	-
mova_mz4_za_w1	mova	70c486c0	mov { z16.s - z19.s }, za3v.s[w14, 0:3]	mortlach2	1:MRA	ok	GPR14,MATRIX	VEC16,VEC17,VEC18,VEC19	GPR14,MATRIX	VEC16,VEC17,VEC18,VEC19	agree	-	-	GPR14,MATRIX	VEC16,VEC17,VEC18,VEC19	same	-
mova_mz_za2_1	mova	462806c0	mov { z6.d, z7.d }, za.d[w9, 2, vgx2]	mortlach2	1:MRA	ok	GPR9,MATRIX	VEC6,VEC7	GPR9,MATRIX	VEC6,VEC7	agree	-	-	GPR9,MATRIX	VEC6,VEC7	same	index-runtime:ZA
mova_mz_za4_1	mova	4c2c06c0	mov { z12.d - z15.d }, za.d[w9, 2, vgx4]	mortlach2	1:MRA	ok	GPR9,MATRIX	VEC12,VEC13,VEC14,VEC15	GPR9,MATRIX	VEC12,VEC13,VEC14,VEC15	agree	-	-	GPR9,MATRIX	VEC12,VEC13,VEC14,VEC15	same	index-runtime:ZA
mova_z_p_rza_b	mova	85cc02c0	mov z5.b, p3/m, za0v.b[w14, 4]	mortlach	1:MRA	ok	GPR14,MATRIX,PRED3,VEC5	VEC5	GPR14,MATRIX,PRED3,VEC5	VEC5	agree	-	-	GPR14,MATRIX,PRED3,VEC5	VEC5	same	-
mova_z_p_rza_d	mova	26cdc2c0	mov z6.d, p3/m, za4v.d[w14, 1]	mortlach	1:MRA	ok	GPR14,MATRIX,PRED3,VEC6	VEC6	GPR14,MATRIX,PRED3,VEC6	VEC6	agree	-	-	GPR14,MATRIX,PRED3,VEC6	VEC6	same	-
mova_z_p_rza_h	mova	a6cc42c0	mov z6.h, p3/m, za0v.h[w14, 5]	mortlach	1:MRA	ok	GPR14,MATRIX,PRED3,VEC6	VEC6	GPR14,MATRIX,PRED3,VEC6	VEC6	agree	-	-	GPR14,MATRIX,PRED3,VEC6	VEC6	same	-
mova_z_p_rza_q	mova	85ccc3c0	mov z5.q, p3/m, za4v.q[w14, 0]	mortlach	1:MRA	ok	GPR14,MATRIX,PRED3,VEC5	VEC5	GPR14,MATRIX,PRED3,VEC5	VEC5	agree	-	-	GPR14,MATRIX,PRED3,VEC5	VEC5	same	-
mova_z_p_rza_w	mova	26cc82c0	mov z6.s, p3/m, za0v.s[w14, 1]	mortlach	1:MRA	ok	GPR14,MATRIX,PRED3,VEC6	VEC6	GPR14,MATRIX,PRED3,VEC6	VEC6	agree	-	-	GPR14,MATRIX,PRED3,VEC6	VEC6	same	-
mova_za2_z_b1	mova	c4c004c0	mov za0v.b[w14, 8:9], { z6.b, z7.b }	mortlach2	1:MRA	ok	GPR14,VEC6,VEC7	MATRIX	GPR14,MATRIX,VEC6,VEC7	MATRIX	disagree	SRC+trc:MATRIX	-	GPR14,MATRIX,VEC6,VEC7	MATRIX	SRC+trc:MATRIX	-
mova_za2_z_d1	mova	c4c0c4c0	mov za4v.d[w14, 0:1], { z6.d, z7.d }	mortlach2	1:MRA	ok	GPR14,VEC6,VEC7	MATRIX	GPR14,MATRIX,VEC6,VEC7	MATRIX	disagree	SRC+trc:MATRIX	-	GPR14,MATRIX,VEC6,VEC7	MATRIX	SRC+trc:MATRIX	-
mova_za2_z_h1	mova	c1c044c0	mov za0v.h[w14, 2:3], { z6.h, z7.h }	mortlach2	1:MRA	ok	GPR14,VEC6,VEC7	MATRIX	GPR14,MATRIX,VEC6,VEC7	MATRIX	disagree	SRC+trc:MATRIX	-	GPR14,MATRIX,VEC6,VEC7	MATRIX	SRC+trc:MATRIX	-
mova_za2_z_w1	mova	c1c084c0	mov za0v.s[w14, 2:3], { z6.s, z7.s }	mortlach2	1:MRA	ok	GPR14,VEC6,VEC7	MATRIX	GPR14,MATRIX,VEC6,VEC7	MATRIX	disagree	SRC+trc:MATRIX	-	GPR14,MATRIX,VEC6,VEC7	MATRIX	SRC+trc:MATRIX	-
mova_za4_z_b1	mova	80c504c0	mov za0v.b[w14, 0:3], { z12.b - z15.b }	mortlach2	1:MRA	ok	GPR14,VEC12,VEC13,VEC14,VEC15	MATRIX	GPR14,MATRIX,VEC12,VEC13,VEC14,VEC15	MATRIX	disagree	SRC+trc:MATRIX	-	GPR14,MATRIX,VEC12,VEC13,VEC14,VEC15	MATRIX	SRC+trc:MATRIX	-
mova_za4_z_d1	mova	84c5c4c0	mov za4v.d[w14, 0:3], { z12.d - z15.d }	mortlach2	1:MRA	ok	GPR14,VEC12,VEC13,VEC14,VEC15	MATRIX	GPR14,MATRIX,VEC12,VEC13,VEC14,VEC15	MATRIX	disagree	SRC+trc:MATRIX	-	GPR14,MATRIX,VEC12,VEC13,VEC14,VEC15	MATRIX	SRC+trc:MATRIX	-
mova_za4_z_h1	mova	81c544c0	mov za0v.h[w14, 4:7], { z12.h - z15.h }	mortlach2	1:MRA	ok	GPR14,VEC12,VEC13,VEC14,VEC15	MATRIX	GPR14,MATRIX,VEC12,VEC13,VEC14,VEC15	MATRIX	disagree	SRC+trc:MATRIX	-	GPR14,MATRIX,VEC12,VEC13,VEC14,VEC15	MATRIX	SRC+trc:MATRIX	-
mova_za4_z_w1	mova	80c584c0	mov za0v.s[w14, 0:3], { z12.s - z15.s }	mortlach2	1:MRA	ok	GPR14,VEC12,VEC13,VEC14,VEC15	MATRIX	GPR14,MATRIX,VEC12,VEC13,VEC14,VEC15	MATRIX	disagree	SRC+trc:MATRIX	-	GPR14,MATRIX,VEC12,VEC13,VEC14,VEC15	MATRIX	SRC+trc:MATRIX	-
mova_za_mz2_1	mova	832804c0	mov za.d[w9, 3, vgx2], { z4.d, z5.d }	mortlach2	1:MRA	ok	GPR9,VEC4,VEC5	MATRIX	GPR9,MATRIX,VEC4,VEC5	MATRIX	disagree	SRC+trc:MATRIX	-	GPR9,MATRIX,VEC4,VEC5	MATRIX	SRC+trc:MATRIX	-
mova_za_mz4_1	mova	032d04c0	mov za.d[w9, 3, vgx4], { z8.d - z11.d }	mortlach2	1:MRA	ok	GPR9,VEC10,VEC11,VEC8,VEC9	MATRIX	GPR9,MATRIX,VEC10,VEC11,VEC8,VEC9	MATRIX	disagree	SRC+trc:MATRIX	-	GPR9,MATRIX,VEC10,VEC11,VEC8,VEC9	MATRIX	SRC+trc:MATRIX	-
mova_za_p_rz_b	mova	85cc00c0	mov za0v.b[w14, 5], p3/m, z4.b	mortlach	1:MRA	ok	GPR14,MATRIX,PRED3,VEC4	MATRIX	GPR14,MATRIX,PRED3,VEC4	MATRIX	agree	-	-	GPR14,MATRIX,PRED3,VEC4	MATRIX	same	-
mova_za_p_rz_d	mova	8accc0c0	mov za5v.d[w14, 0], p3/m, z4.d	mortlach	1:MRA	ok	GPR14,MATRIX,PRED3,VEC4	MATRIX	GPR14,MATRIX,PRED3,VEC4	MATRIX	agree	-	-	GPR14,MATRIX,PRED3,VEC4	MATRIX	same	-
mova_za_p_rz_h	mova	8ecc40c0	mov za1v.h[w14, 6], p3/m, z4.h	mortlach	1:MRA	ok	GPR14,MATRIX,PRED3,VEC4	MATRIX	GPR14,MATRIX,PRED3,VEC4	MATRIX	agree	-	-	GPR14,MATRIX,PRED3,VEC4	MATRIX	same	-
mova_za_p_rz_q	mova	85ccc1c0	mov za5v.q[w14, 0], p3/m, z4.q	mortlach	1:MRA	ok	GPR14,MATRIX,PRED3,VEC4	MATRIX	GPR14,MATRIX,PRED3,VEC4	MATRIX	agree	-	-	GPR14,MATRIX,PRED3,VEC4	MATRIX	same	-
mova_za_p_rz_w	mova	86cc80c0	mov za1v.s[w14, 2], p3/m, z4.s	mortlach	1:MRA	ok	GPR14,MATRIX,PRED3,VEC4	MATRIX	GPR14,MATRIX,PRED3,VEC4	MATRIX	agree	-	-	GPR14,MATRIX,PRED3,VEC4	MATRIX	same	-
movaz_mz2_za_b1	movaz	68c206c0	movaz { z8.b, z9.b }, za0v.b[w14, 6:7]	mortlach2	1:MRA	ok	GPR14,MATRIX	MATRIX,VEC8,VEC9	GPR14,MATRIX	MATRIX,VEC8,VEC9	agree	-	-	GPR14,MATRIX	MATRIX,VEC8,VEC9	same	-
movaz_mz2_za_d1	movaz	68c2c6c0	movaz { z8.d, z9.d }, za3v.d[w14, 0:1]	mortlach2	1:MRA	ok	GPR14,MATRIX	MATRIX,VEC8,VEC9	GPR14,MATRIX	MATRIX,VEC8,VEC9	agree	-	-	GPR14,MATRIX	MATRIX,VEC8,VEC9	same	-
movaz_mz2_za_h1	movaz	8ac246c0	movaz { z10.h, z11.h }, za1v.h[w14, 0:1]	mortlach2	1:MRA	ok	GPR14,MATRIX	MATRIX,VEC10,VEC11	GPR14,MATRIX	MATRIX,VEC10,VEC11	agree	-	-	GPR14,MATRIX	MATRIX,VEC10,VEC11	same	-
movaz_mz2_za_w1	movaz	cac286c0	movaz { z10.s, z11.s }, za3v.s[w14, 0:1]	mortlach2	1:MRA	ok	GPR14,MATRIX	MATRIX,VEC10,VEC11	GPR14,MATRIX	MATRIX,VEC10,VEC11	agree	-	-	GPR14,MATRIX	MATRIX,VEC10,VEC11	same	-
movaz_mz4_za_b1	movaz	70c606c0	movaz { z16.b - z19.b }, za0v.b[w14, 12:15]	mortlach2	1:MRA	ok	GPR14,MATRIX	MATRIX,VEC16,VEC17,VEC18,VEC19	GPR14,MATRIX	MATRIX,VEC16,VEC17,VEC18,VEC19	agree	-	-	GPR14,MATRIX	MATRIX,VEC16,VEC17,VEC18,VEC19	same	-
movaz_mz4_za_d1	movaz	70c6c6c0	movaz { z16.d - z19.d }, za3v.d[w14, 0:3]	mortlach2	1:MRA	ok	GPR14,MATRIX	MATRIX,VEC16,VEC17,VEC18,VEC19	GPR14,MATRIX	MATRIX,VEC16,VEC17,VEC18,VEC19	agree	-	-	GPR14,MATRIX	MATRIX,VEC16,VEC17,VEC18,VEC19	same	-
movaz_mz4_za_h1	movaz	54c646c0	movaz { z20.h - z23.h }, za1v.h[w14, 0:3]	mortlach2	1:MRA	ok	GPR14,MATRIX	MATRIX,VEC20,VEC21,VEC22,VEC23	GPR14,MATRIX	MATRIX,VEC20,VEC21,VEC22,VEC23	agree	-	-	GPR14,MATRIX	MATRIX,VEC20,VEC21,VEC22,VEC23	same	-
movaz_mz4_za_w1	movaz	70c686c0	movaz { z16.s - z19.s }, za3v.s[w14, 0:3]	mortlach2	1:MRA	ok	GPR14,MATRIX	MATRIX,VEC16,VEC17,VEC18,VEC19	GPR14,MATRIX	MATRIX,VEC16,VEC17,VEC18,VEC19	agree	-	-	GPR14,MATRIX	MATRIX,VEC16,VEC17,VEC18,VEC19	same	-
movaz_mz_za2_1	movaz	462a06c0	movaz { z6.d, z7.d }, za.d[w9, 2, vgx2]	mortlach2	1:MRA	ok	GPR9,MATRIX	MATRIX,VEC6,VEC7	GPR9,MATRIX	MATRIX,VEC6,VEC7	agree	-	-	GPR9,MATRIX	MATRIX,VEC6,VEC7	same	index-runtime:ZA
movaz_mz_za4_1	movaz	4c2e06c0	movaz { z12.d - z15.d }, za.d[w9, 2, vgx4]	mortlach2	1:MRA	ok	GPR9,MATRIX	MATRIX,VEC12,VEC13,VEC14,VEC15	GPR9,MATRIX	MATRIX,VEC12,VEC13,VEC14,VEC15	agree	-	-	GPR9,MATRIX	MATRIX,VEC12,VEC13,VEC14,VEC15	same	index-runtime:ZA
movaz_z_rza_b	movaz	64c202c0	movaz z4.b, za0v.b[w14, 3]	mortlach2	1:MRA	ok	GPR14,MATRIX	MATRIX,VEC4	GPR14,MATRIX	MATRIX,VEC4	agree	-	-	GPR14,MATRIX	MATRIX,VEC4	same	-
movaz_z_rza_d	movaz	c5c2c2c0	movaz z5.d, za3v.d[w14, 0]	mortlach2	1:MRA	ok	GPR14,MATRIX	MATRIX,VEC5	GPR14,MATRIX	MATRIX,VEC5	agree	-	-	GPR14,MATRIX	MATRIX,VEC5	same	-
movaz_z_rza_h	movaz	85c342c0	movaz z5.h, za1v.h[w14, 4]	mortlach2	1:MRA	ok	GPR14,MATRIX	MATRIX,VEC5	GPR14,MATRIX	MATRIX,VEC5	agree	-	-	GPR14,MATRIX	MATRIX,VEC5	same	-
movaz_z_rza_q	movaz	64c2c3c0	movaz z4.q, za3v.q[w14, 0]	mortlach2	1:MRA	ok	GPR14,MATRIX	MATRIX,VEC4	GPR14,MATRIX	MATRIX,VEC4	agree	-	-	GPR14,MATRIX	MATRIX,VEC4	same	-
movaz_z_rza_w	movaz	85c382c0	movaz z5.s, za3v.s[w14, 0]	mortlach2	1:MRA	ok	GPR14,MATRIX	MATRIX,VEC5	GPR14,MATRIX	MATRIX,VEC5	agree	-	-	GPR14,MATRIX	MATRIX,VEC5	same	-
movprfx_z_p_z_	movprfx	852c5004	movprfx z5.h, p3/z, z4.h	sve	1:MRA	ok	PRED3,VEC4	VEC5	PRED3,VEC4	VEC5	agree	-	-	PRED3,VEC4	VEC5	same	dead-reads:1;unbounded-loop
movprfx_z_z_	movprfx	22bc2004	movprfx z2, z1	sve	1:MRA	ok	VEC1	VEC2	VEC1	VEC2	agree	-	-	VEC1	VEC2	same	-
movt_r_zt_	movt	e2134cc0	movt x2, zt0[8]	mortlach2	1:MRA	ok	MATRIX	GPR2	MATRIX	GPR2	agree	-	-	MATRIX	GPR2	same	-
movt_zt_r_	movt	e2134ec0	movt zt0[8], x2	mortlach2	1:MRA	ok	GPR2,MATRIX	MATRIX	GPR2	MATRIX	disagree	SRC+ref:MATRIX	-	GPR2	MATRIX	SRC+ref:MATRIX	-
msb_z_p_zzz_	msb	85ec4204	msb z5.h, p3/m, z2.h, z4.h	sve	1:MRA	ok	PRED3,VEC2,VEC4,VEC5	VEC5	PRED3,VEC2,VEC4,VEC5	VEC5	agree	-	-	PRED3,VEC2,VEC4,VEC5	VEC5	same	unbounded-loop
mul_z_p_zz_	mul	64085004	mul z4.h, p2/m, z4.h, z3.h	sve	1:MRA	ok	PRED2,VEC3,VEC4	VEC4	PRED2,VEC3,VEC4	VEC4	agree	-	-	PRED2,VEC3,VEC4	VEC4	same	unbounded-loop
mul_z_zi_	mul	43c07025	mul z3.h, z3.h, #2	sve	1:MRA	ok	VEC3	VEC3	VEC3	VEC3	agree	-	-	VEC3	VEC3	same	-
mul_z_zz_	mul	64606204	mul z4.h, z3.h, z2.h	sve2	1:MRA	ok	VEC2,VEC3	VEC4	VEC2,VEC3	VEC4	agree	-	-	VEC2,VEC3	VEC4	same	-
mul_z_zzi_d	mul	64f8f244	mul z4.d, z3.d, z2.d[1]	sve2	1:MRA	ok	VEC2,VEC3	VEC4	VEC2,VEC3	VEC4	agree	-	-	VEC2,VEC3	VEC4	same	-
mul_z_zzi_h	mul	85f87344	mul z5.h, z4.h, z3.h[6]	sve2	1:MRA	ok	VEC3,VEC4	VEC5	VEC3,VEC4	VEC5	agree	-	-	VEC3,VEC4	VEC5	same	-
mul_z_zzi_s	mul	64f8aa44	mul z4.s, z3.s, z2.s[1]	sve2	1:MRA	ok	VEC2,VEC3	VEC4	VEC2,VEC3	VEC4	agree	-	-	VEC2,VEC3	VEC4	same	-
nand_p_p_pp_z	nand	744a8125	nand p4.b, p2/z, p3.b, p1.b	sve	1:MRA	ok	PRED1,PRED2,PRED3	PRED4	PRED1,PRED2,PRED3	PRED4	agree	-	-	PRED1,PRED2,PRED3	PRED4	same	-
nands_p_p_pp_z	nands	744ac125	nands p4.b, p2/z, p3.b, p1.b	sve	1:MRA	ok	PRED1,PRED2,PRED3	FLAGS,PRED4	PRED1,PRED2,PRED3	FLAGS,PRED4	agree	-	-	PRED1,PRED2,PRED3	FLAGS,PRED4	same	unbounded-loop
nbsl_z_zzz_	nbsl	433ce104	nbsl z3.d, z3.d, z1.d, z2.d	sve2	1:MRA	ok	VEC1,VEC2,VEC3	VEC3	VEC1,VEC2,VEC3	VEC3	agree	-	-	VEC1,VEC2,VEC3	VEC3	same	-
neg_z_p_z_	neg	64a85704	neg z4.h, p2/m, z3.h	sve	1:MRA	ok	PRED2,VEC3,VEC4	VEC4	PRED2,VEC3,VEC4	VEC4	agree	-	-	PRED2,VEC3,VEC4	VEC4	same	unbounded-loop
nmatch_p_p_zz_	nmatch	958c6245	nmatch p5.h, p3/z, z4.h, z2.h	sve2	1:MRA	ok	PRED3,VEC2,VEC4	FLAGS,PRED5	PRED3,VEC2,VEC4	FLAGS,PRED5	agree	-	-	PRED3,VEC2,VEC4	FLAGS,PRED5	same	unbounded-loop
nor_p_p_pp_z	nor	644a8125	nor p4.b, p2/z, p3.b, p1.b	sve	1:MRA	ok	PRED1,PRED2,PRED3	PRED4	PRED1,PRED2,PRED3	PRED4	agree	-	-	PRED1,PRED2,PRED3	PRED4	same	-
nors_p_p_pp_z	nors	644ac125	nors p4.b, p2/z, p3.b, p1.b	sve	1:MRA	ok	PRED1,PRED2,PRED3	FLAGS,PRED4	PRED1,PRED2,PRED3	FLAGS,PRED4	agree	-	-	PRED1,PRED2,PRED3	FLAGS,PRED4	same	unbounded-loop
not_z_p_z_	not	64a85e04	not z4.h, p2/m, z3.h	sve	1:MRA	ok	PRED2,VEC3,VEC4	VEC4	PRED2,VEC3,VEC4	VEC4	agree	-	-	PRED2,VEC3,VEC4	VEC4	same	unbounded-loop
orn_p_p_pp_z	orn	74488125	orn p4.b, p2/z, p3.b, p1.b	sve	1:MRA	ok	PRED1,PRED2,PRED3	PRED4	PRED1,PRED2,PRED3	PRED4	agree	-	-	PRED1,PRED2,PRED3	PRED4	same	-
orns_p_p_pp_z	orns	7448c125	orns p4.b, p2/z, p3.b, p1.b	sve	1:MRA	ok	PRED1,PRED2,PRED3	FLAGS,PRED4	PRED1,PRED2,PRED3	FLAGS,PRED4	agree	-	-	PRED1,PRED2,PRED3	FLAGS,PRED4	same	unbounded-loop
orqv_z_p_z_	orqv	64285c04	orqv v4.8h, p2, z3.h	sve2	1:MRA	ok	PRED2,VEC3	VEC4	PRED2,VEC3	VEC4	agree	-	-	PRED2,VEC3	VEC4	same	unbounded-loop
orr_p_p_pp_z	orr	64488125	orr p4.b, p2/z, p3.b, p1.b	sve	1:MRA	ok	PRED1,PRED2,PRED3	PRED4	PRED1,PRED2,PRED3	PRED4	agree	-	-	PRED1,PRED2,PRED3	PRED4	same	-
orr_z_p_zz_	orr	64085804	orr z4.h, p2/m, z4.h, z3.h	sve	1:MRA	ok	PRED2,VEC3,VEC4	VEC4	PRED2,VEC3,VEC4	VEC4	agree	-	-	PRED2,VEC3,VEC4	VEC4	same	unbounded-loop
orr_z_zi_	orr	22000005	orr z2.s, z2.s, #0x3	sve	1:MRA	ok	VEC2	VEC2	VEC2	VEC2	agree	-	-	VEC2	VEC2	same	-
orr_z_zz_	orr	43306104	orr z3.d, z2.d, z1.d	sve	1:MRA	ok	VEC1,VEC2	VEC3	VEC1,VEC2	VEC3	agree	-	-	VEC1,VEC2	VEC3	same	-
orrs_p_p_pp_z	orrs	6448c125	orrs p4.b, p2/z, p3.b, p1.b	sve	1:MRA	ok	PRED1,PRED2,PRED3	FLAGS,PRED4	PRED1,PRED2,PRED3	FLAGS,PRED4	agree	-	-	PRED1,PRED2,PRED3	FLAGS,PRED4	same	unbounded-loop
orv_r_p_z_	orv	64285804	orv h4, p2, z3.h	sve	1:MRA	ok	PRED2,VEC3	VEC4	PRED2,VEC3	VEC4	agree	-	-	PRED2,VEC3	VEC4	same	unbounded-loop
pext_pn_rr_	pext	74726025	pext p4.h, pn11[2]	sve2	1:MRA	ok	PRED11	PRED4	PRED11	PRED4	agree	-	-	PRED11	PRED4	same	unbounded-loop
pext_pp_rr_	pext	74746025	pext { p4.h, p5.h }, pn11[0]	sve2	1:MRA	ok	PRED11	PRED4,PRED5	PRED11	PRED4,PRED5	agree	-	-	PRED11	PRED4,PRED5	same	unbounded-loop
pfalse_p_	pfalse	01e41825	pfalse p1.b	sve	1:MRA	ok	-	PRED1	-	PRED1	agree	-	-	-	PRED1	same	-
pfirst_p_p_p_	pfirst	22c05825	pfirst p2.b, p1, p2.b	sve	1:MRA	ok	PRED1,PRED2	FLAGS,PRED2	PRED1,PRED2	FLAGS,PRED2	agree	-	-	PRED1,PRED2	FLAGS,PRED2	same	unbounded-loop
pmov_p_zi_b	pmov	22382a05	pmov p2.b, z1	sve2	1:MRA	ok	VEC1	PRED2	VEC1	PRED2	agree	-	-	VEC1	PRED2	same	-
pmov_p_zi_d	pmov	6438ec05	pmov p4.d, z3[6]	sve2	1:MRA	ok	VEC3	PRED4	VEC3	PRED4	agree	-	-	VEC3	PRED4	same	-
pmov_p_zi_h	pmov	43382e05	pmov p3.h, z2[1]	sve2	1:MRA	ok	VEC2	PRED3	VEC2	PRED3	agree	-	-	VEC2	PRED3	same	-
pmov_p_zi_s	pmov	43386a05	pmov p3.s, z2[1]	sve2	1:MRA	ok	VEC2	PRED3	VEC2	PRED3	agree	-	-	VEC2	PRED3	same	-
pmov_z_pi_b	pmov	22382b05	pmov z2, p1.b	sve2	1:MRA	ok	PRED1	VEC2	PRED1,VEC2	VEC2	disagree	SRC+trc:VEC#	-	PRED1,VEC2	VEC2	SRC+trc:VEC#	-
pmov_z_pi_d	pmov	6438ed05	pmov z4[6], p3.d	sve2	1:MRA	ok	PRED3,VEC4	VEC4	PRED3,VEC4	VEC4	agree	-	-	PRED3,VEC4	VEC4	same	-
pmov_z_pi_h	pmov	43382f05	pmov z3[1], p2.h	sve2	1:MRA	ok	PRED2,VEC3	VEC3	PRED2,VEC3	VEC3	agree	-	-	PRED2,VEC3	VEC3	same	-
pmov_z_pi_s	pmov	43386b05	pmov z3[1], p2.s	sve2	1:MRA	ok	PRED2,VEC3	VEC3	PRED2,VEC3	VEC3	agree	-	-	PRED2,VEC3	VEC3	same	-
pmul_z_zz_	pmul	43642104	pmul z3.b, z2.b, z1.b	sve2	1:MRA	ok	VEC1,VEC2	VEC3	VEC1,VEC2	VEC3	agree	-	-	VEC1,VEC2	VEC3	same	unbounded-loop
pmullb_z_zz_	pmullb	64684245	pmullb z4.h, z3.b, z2.b	sve2	1:MRA	ok	VEC2,VEC3	VEC4	VEC2,VEC3	VEC4	agree	-	-	VEC2,VEC3	VEC4	same	unbounded-loop
pmullb_z_zz_q	pmullb	43680145	pmullb z3.q, z2.d, z1.d	sve2	1:MRA	ok	VEC1,VEC2	VEC3	VEC1,VEC2	VEC3	agree	-	-	VEC1,VEC2	VEC3	same	unbounded-loop
pmullt_z_zz_	pmullt	646c4245	pmullt z4.h, z3.b, z2.b	sve2	1:MRA	ok	VEC2,VEC3	VEC4	VEC2,VEC3	VEC4	agree	-	-	VEC2,VEC3	VEC4	same	unbounded-loop
pmullt_z_zz_q	pmullt	436c0145	pmullt z3.q, z2.d, z1.d	sve2	1:MRA	ok	VEC1,VEC2	VEC3	VEC1,VEC2	VEC3	agree	-	-	VEC1,VEC2	VEC3	same	unbounded-loop
pnext_p_p_p_	pnext	43c45925	pnext p3.h, p2, p3.h	sve	1:MRA	ok	PRED2,PRED3	FLAGS,PRED3	PRED2,PRED3	FLAGS,PRED3	agree	-	-	PRED2,PRED3	FLAGS,PRED3	same	unbounded-loop
prfb_i_p_ai_d	prfb	64e801c4	prfb pldl3keep, p2, [z3.d, #1]	sve	1:MRA	ok	PRED2,VEC3	-	PRED2,VEC3	-	agree	-	-	PRED2,VEC3	-	same	unbounded-loop
prfb_i_p_ai_s	prfb	64e80184	prfb pldl3keep, p2, [z3.s, #1]	sve	1:MRA	ok	PRED2,VEC3	-	PRED2,VEC3	-	agree	-	-	PRED2,VEC3	-	same	unbounded-loop
prfb_i_p_bi_s	prfb	6408c185	prfb pldl3keep, p2, [x3, #1, mul vl]	sve	1:MRA	ok	GPR3,PRED2	-	GPR3,PRED2	-	agree	-	-	GPR3,PRED2	-	same	unbounded-loop
prfb_i_p_br_s	prfb	64c80184	prfb pldl3keep, p2, [x3, x1]	sve	1:MRA	ok	GPR1,GPR3,PRED2	-	GPR1,GPR3,PRED2	-	agree	-	-	GPR1,GPR3,PRED2	-	same	unbounded-loop
prfb_i_p_bz_d_64_scaled	prfb	648861c4	prfb pldl3keep, p2, [x3, z1.d]	sve	1:MRA	ok	GPR3,PRED2,VEC1	-	GPR3,PRED2,VEC1	-	agree	-	-	GPR3,PRED2,VEC1	-	same	unbounded-loop
prfb_i_p_bz_d_x32_scaled	prfb	850c62c4	prfb pldl3strm, p3, [x4, z2.d, sxtw]	sve	1:MRA	ok	GPR4,PRED3,VEC2	-	GPR4,PRED3,VEC2	-	agree	-	-	GPR4,PRED3,VEC2	-	same	unbounded-loop
prfb_i_p_bz_s_x32_scaled	prfb	850c6284	prfb pldl3strm, p3, [x4, z2.s, sxtw]	sve	1:MRA	ok	GPR4,PRED3,VEC2	-	GPR4,PRED3,VEC2	-	agree	-	-	GPR4,PRED3,VEC2	-	same	unbounded-loop
prfd_i_p_ai_d	prfd	64e881c5	prfd pldl3keep, p2, [z3.d, #8]	sve	1:MRA	ok	PRED2,VEC3	-	PRED2,VEC3	-	agree	-	-	PRED2,VEC3	-	same	unbounded-loop
prfd_i_p_ai_s	prfd	64e88185	prfd pldl3keep, p2, [z3.s, #8]	sve	1:MRA	ok	PRED2,VEC3	-	PRED2,VEC3	-	agree	-	-	PRED2,VEC3	-	same	unbounded-loop
prfd_i_p_bi_s	prfd	6468c185	prfd pldl3keep, p2, [x3, #1, mul vl]	sve	1:MRA	ok	GPR3,PRED2	-	GPR3,PRED2	-	agree	-	-	GPR3,PRED2	-	same	unbounded-loop
prfd_i_p_br_s	prfd	64c88185	prfd pldl3keep, p2, [x3, x1, lsl #3]	sve	1:MRA	ok	GPR1,GPR3,PRED2	-	GPR1,GPR3,PRED2	-	agree	-	-	GPR1,GPR3,PRED2	-	same	unbounded-loop
prfd_i_p_bz_d_64_scaled	prfd	64e861c4	prfd pldl3keep, p2, [x3, z1.d, lsl #3]	sve	1:MRA	ok	GPR3,PRED2,VEC1	-	GPR3,PRED2,VEC1	-	agree	-	-	GPR3,PRED2,VEC1	-	same	unbounded-loop
prfd_i_p_bz_d_x32_scaled	prfd	856c62c4	prfd pldl3strm, p3, [x4, z2.d, sxtw #3]	sve	1:MRA	ok	GPR4,PRED3,VEC2	-	GPR4,PRED3,VEC2	-	agree	-	-	GPR4,PRED3,VEC2	-	same	unbounded-loop
prfd_i_p_bz_s_x32_scaled	prfd	856c6284	prfd pldl3strm, p3, [x4, z2.s, sxtw #3]	sve	1:MRA	ok	GPR4,PRED3,VEC2	-	GPR4,PRED3,VEC2	-	agree	-	-	GPR4,PRED3,VEC2	-	same	unbounded-loop
prfh_i_p_ai_d	prfh	64e881c4	prfh pldl3keep, p2, [z3.d, #2]	sve	1:MRA	ok	PRED2,VEC3	-	PRED2,VEC3	-	agree	-	-	PRED2,VEC3	-	same	unbounded-loop
prfh_i_p_ai_s	prfh	64e88184	prfh pldl3keep, p2, [z3.s, #2]	sve	1:MRA	ok	PRED2,VEC3	-	PRED2,VEC3	-	agree	-	-	PRED2,VEC3	-	same	unbounded-loop
prfh_i_p_bi_s	prfh	6428c185	prfh pldl3keep, p2, [x3, #1, mul vl]	sve	1:MRA	ok	GPR3,PRED2	-	GPR3,PRED2	-	agree	-	-	GPR3,PRED2	-	same	unbounded-loop
prfh_i_p_br_s	prfh	64c88184	prfh pldl3keep, p2, [x3, x1, lsl #1]	sve	1:MRA	ok	GPR1,GPR3,PRED2	-	GPR1,GPR3,PRED2	-	agree	-	-	GPR1,GPR3,PRED2	-	same	unbounded-loop
prfh_i_p_bz_d_64_scaled	prfh	64a861c4	prfh pldl3keep, p2, [x3, z1.d, lsl #1]	sve	1:MRA	ok	GPR3,PRED2,VEC1	-	GPR3,PRED2,VEC1	-	agree	-	-	GPR3,PRED2,VEC1	-	same	unbounded-loop
prfh_i_p_bz_d_x32_scaled	prfh	852c62c4	prfh pldl3strm, p3, [x4, z2.d, sxtw #1]	sve	1:MRA	ok	GPR4,PRED3,VEC2	-	GPR4,PRED3,VEC2	-	agree	-	-	GPR4,PRED3,VEC2	-	same	unbounded-loop
prfh_i_p_bz_s_x32_scaled	prfh	852c6284	prfh pldl3strm, p3, [x4, z2.s, sxtw #1]	sve	1:MRA	ok	GPR4,PRED3,VEC2	-	GPR4,PRED3,VEC2	-	agree	-	-	GPR4,PRED3,VEC2	-	same	unbounded-loop
prfw_i_p_ai_d	prfw	64e801c5	prfw pldl3keep, p2, [z3.d, #4]	sve	1:MRA	ok	PRED2,VEC3	-	PRED2,VEC3	-	agree	-	-	PRED2,VEC3	-	same	unbounded-loop
prfw_i_p_ai_s	prfw	64e80185	prfw pldl3keep, p2, [z3.s, #4]	sve	1:MRA	ok	PRED2,VEC3	-	PRED2,VEC3	-	agree	-	-	PRED2,VEC3	-	same	unbounded-loop
prfw_i_p_bi_s	prfw	6448c185	prfw pldl3keep, p2, [x3, #1, mul vl]	sve	1:MRA	ok	GPR3,PRED2	-	GPR3,PRED2	-	agree	-	-	GPR3,PRED2	-	same	unbounded-loop
prfw_i_p_br_s	prfw	64c80185	prfw pldl3keep, p2, [x3, x1, lsl #2]	sve	1:MRA	ok	GPR1,GPR3,PRED2	-	GPR1,GPR3,PRED2	-	agree	-	-	GPR1,GPR3,PRED2	-	same	unbounded-loop
prfw_i_p_bz_d_64_scaled	prfw	64c861c4	prfw pldl3keep, p2, [x3, z1.d, lsl #2]	sve	1:MRA	ok	GPR3,PRED2,VEC1	-	GPR3,PRED2,VEC1	-	agree	-	-	GPR3,PRED2,VEC1	-	same	unbounded-loop
prfw_i_p_bz_d_x32_scaled	prfw	854c62c4	prfw pldl3strm, p3, [x4, z2.d, sxtw #2]	sve	1:MRA	ok	GPR4,PRED3,VEC2	-	GPR4,PRED3,VEC2	-	agree	-	-	GPR4,PRED3,VEC2	-	same	unbounded-loop
prfw_i_p_bz_s_x32_scaled	prfw	854c6284	prfw pldl3strm, p3, [x4, z2.s, sxtw #2]	sve	1:MRA	ok	GPR4,PRED3,VEC2	-	GPR4,PRED3,VEC2	-	agree	-	-	GPR4,PRED3,VEC2	-	same	unbounded-loop
psel_p_ppi_	psel	c154ac25	psel p1, p5, p6.b[w12, 9]	sve2	1:MRA	ok	GPR12,PRED5,PRED6	PRED1	PRED5,PRED6	PRED1	disagree	SRC+ref:GPR#	-	GPR12,PRED5,PRED6	PRED1	same	-
ptest_p_p_	ptest	40c45025	ptest p1, p2.b	sve	1:MRA	ok	PRED1,PRED2	FLAGS	PRED1,PRED2	FLAGS	agree	-	-	PRED1,PRED2	FLAGS	same	unbounded-loop
ptrue_p_s_	ptrue	43e05825	ptrue p3.h, vl2	sve	1:MRA	ok	-	PRED3	-	PRED3	agree	-	-	-	PRED3	same	-
ptrue_pn_i_	ptrue	12786025	ptrue pn10.h	sve2	1:MRA	ok	-	PRED10	-	PRED10	agree	-	-	-	PRED10	same	-
ptrues_p_s_	ptrues	43e05925	ptrues p3.h, vl2	sve	1:MRA	ok	-	FLAGS,PRED3	-	FLAGS,PRED3	agree	-	-	-	FLAGS,PRED3	same	unbounded-loop
punpkhi_p_p_	punpkhi	22403105	punpkhi p2.h, p1.b	sve	1:MRA	ok	PRED1	PRED2	PRED1	PRED2	agree	-	-	PRED1	PRED2	same	-
punpklo_p_p_	punpklo	22403005	punpklo p2.h, p1.b	sve	1:MRA	ok	PRED1	PRED2	PRED1	PRED2	agree	-	-	PRED1	PRED2	same	-
raddhnb_z_zz_	raddhnb	64686245	raddhnb z4.b, z3.h, z2.h	sve2	1:MRA	ok	VEC2,VEC3	VEC4	VEC2,VEC3	VEC4	agree	-	-	VEC2,VEC3	VEC4	same	-
raddhnt_z_zz_	raddhnt	646c6245	raddhnt z4.b, z3.h, z2.h	sve2	1:MRA	ok	VEC2,VEC3,VEC4	VEC4	VEC2,VEC3,VEC4	VEC4	agree	-	-	VEC2,VEC3,VEC4	VEC4	same	-
rax1_z_zz_	rax1	43f42145	rax1 z3.d, z2.d, z1.d	sve2	1:MRA	ok	VEC1,VEC2	VEC3	VEC1,VEC2	VEC3	agree	-	-	VEC1,VEC2	VEC3	same	-
rbit_z_p_z_	rbit	64886705	rbit z4.h, p2/m, z3.h	sve	1:MRA	ok	PRED2,VEC3,VEC4	VEC4	PRED2,VEC3,VEC4	VEC4	agree	-	-	PRED2,VEC3,VEC4	VEC4	same	unbounded-loop
rdffr_p_f_	rdffr	01f01925	rdffr p1.b	sve	1:MRA	ok	FFR	PRED1	FFR	PRED1	agree	-	-	FFR	PRED1	same	-
rdffr_p_p_f_	rdffr	22f01825	rdffr p2.b, p1/z	sve	1:MRA	ok	FFR,PRED1	PRED2	FFR,PRED1	PRED2	agree	-	-	FFR,PRED1	PRED2	same	-
rdffrs_p_p_f_	rdffrs	22f05825	rdffrs p2.b, p1/z	sve	1:MRA	ok	FFR,PRED1	FLAGS,PRED2	FFR,PRED1	FLAGS,PRED2	agree	-	-	FFR,PRED1	FLAGS,PRED2	same	unbounded-loop
rdsvl_r_i_	rdsvl	2258bf04	rdsvl x2, #1	mortlach	1:MRA	ok	-	GPR2	-	GPR2	agree	-	-	-	GPR2	same	-
rdvl_r_i_	rdvl	2250bf04	rdvl x2, #1	sve	1:MRA	ok	-	GPR2	-	GPR2	agree	-	-	-	GPR2	same	-
rev_p_p_	rev	43407405	rev p3.h, p2.h	sve	1:MRA	ok	PRED2	PRED3	PRED2	PRED3	agree	-	-	PRED2	PRED3	same	unbounded-loop
rev_z_z_	rev	43387805	rev z3.h, z2.h	sve	1:MRA	ok	VEC2	VEC3	VEC2	VEC3	agree	-	-	VEC2	VEC3	same	unbounded-loop
revb_z_z_	revb	64886405	revb z4.h, p2/m, z3.h	sve	1:MRA	ok	PRED2,VEC3,VEC4	VEC4	PRED2,VEC3,VEC4	VEC4	agree	-	-	PRED2,VEC3,VEC4	VEC4	same	unbounded-loop
revd_z_p_z_	revd	43842e05	revd z3.q, p1/m, z2.q	sve2	1:MRA	ok	PRED1,VEC2,VEC3	VEC3	PRED1,VEC2,VEC3	VEC3	agree	-	-	PRED1,VEC2,VEC3	VEC3	same	unbounded-loop
revh_z_z_	revh	319aa505	revh z17.s, p6/m, z17.s	sve	1:MRA	ok	PRED6,VEC17	VEC17	PRED6,VEC17	VEC17	agree	-	-	PRED6,VEC17	VEC17	same	unbounded-loop
revw_z_z_	revw	6e94e605	revw z14.d, p5/m, z3.d	sve	1:MRA	ok	PRED5,VEC14,VEC3	VEC14	PRED5,VEC14,VEC3	VEC14	agree	-	-	PRED5,VEC14,VEC3	VEC14	same	unbounded-loop
rshrnb_z_zi_	rshrnb	85187345	rshrnb z5.s, z4.d, #13	sve2	1:MRA	ok	VEC4	VEC5	VEC4	VEC5	agree	-	-	VEC4	VEC5	same	-
rshrnt_z_zi_	rshrnt	851c7345	rshrnt z5.s, z4.d, #13	sve2	1:MRA	ok	VEC4,VEC5	VEC5	VEC4,VEC5	VEC5	agree	-	-	VEC4,VEC5	VEC5	same	-
rsubhnb_z_zz_	rsubhnb	64786245	rsubhnb z4.b, z3.h, z2.h	sve2	1:MRA	ok	VEC2,VEC3	VEC4	VEC2,VEC3	VEC4	agree	-	-	VEC2,VEC3	VEC4	same	-
rsubhnt_z_zz_	rsubhnt	647c6245	rsubhnt z4.b, z3.h, z2.h	sve2	1:MRA	ok	VEC2,VEC3,VEC4	VEC4	VEC2,VEC3,VEC4	VEC4	agree	-	-	VEC2,VEC3,VEC4	VEC4	same	-
saba_z_zzz_	saba	64f84245	saba z4.h, z3.h, z2.h	sve2	1:MRA	ok	VEC2,VEC3,VEC4	VEC4	VEC2,VEC3,VEC4	VEC4	agree	-	-	VEC2,VEC3,VEC4	VEC4	same	-
sabalb_z_zzz_	sabalb	64c04245	sabalb z4.h, z3.b, z2.b	sve2	1:MRA	ok	VEC2,VEC3,VEC4	VEC4	VEC2,VEC3,VEC4	VEC4	agree	-	-	VEC2,VEC3,VEC4	VEC4	same	-
sabalt_z_zzz_	sabalt	64c44245	sabalt z4.h, z3.b, z2.b	sve2	1:MRA	ok	VEC2,VEC3,VEC4	VEC4	VEC2,VEC3,VEC4	VEC4	agree	-	-	VEC2,VEC3,VEC4	VEC4	same	-
sabd_z_p_zz_	sabd	64084c04	sabd z4.h, p2/m, z4.h, z3.h	sve	1:MRA	ok	PRED2,VEC3,VEC4	VEC4	PRED2,VEC3,VEC4	VEC4	agree	-	-	PRED2,VEC3,VEC4	VEC4	same	unbounded-loop
sabdlb_z_zz_	sabdlb	64304245	sabdlb z4.h, z3.b, z2.b	sve2	1:MRA	ok	VEC2,VEC3	VEC4	VEC2,VEC3	VEC4	agree	-	-	VEC2,VEC3	VEC4	same	-
sabdlt_z_zz_	sabdlt	64344245	sabdlt z4.h, z3.b, z2.b	sve2	1:MRA	ok	VEC2,VEC3	VEC4	VEC2,VEC3	VEC4	agree	-	-	VEC2,VEC3	VEC4	same	-
sadalp_z_p_z_	sadalp	64a84444	sadalp z4.h, p2/m, z3.b	sve2	1:MRA	ok	PRED2,VEC3,VEC4	VEC4	PRED2,VEC3,VEC4	VEC4	agree	-	-	PRED2,VEC3,VEC4	VEC4	same	unbounded-loop
saddlb_z_zz_	saddlb	64004245	saddlb z4.h, z3.b, z2.b	sve2	1:MRA	ok	VEC2,VEC3	VEC4	VEC2,VEC3	VEC4	agree	-	-	VEC2,VEC3	VEC4	same	-
saddlbt_z_zz_	saddlbt	64804245	saddlbt z4.h, z3.b, z2.b	sve2	1:MRA	ok	VEC2,VEC3	VEC4	VEC2,VEC3	VEC4	agree	-	-	VEC2,VEC3	VEC4	same	-
saddlt_z_zz_	saddlt	64044245	saddlt z4.h, z3.b, z2.b	sve2	1:MRA	ok	VEC2,VEC3	VEC4	VEC2,VEC3	VEC4	agree	-	-	VEC2,VEC3	VEC4	same	-
saddv_r_p_z_	saddv	64284004	saddv d4, p2, z3.h	sve	1:MRA	ok	PRED2,VEC3	VEC4	PRED2,VEC3	VEC4	agree	-	-	PRED2,VEC3	VEC4	same	-
saddwb_z_zz_	saddwb	64404245	saddwb z4.h, z3.h, z2.b	sve2	1:MRA	ok	VEC2,VEC3	VEC4	VEC2,VEC3	VEC4	agree	-	-	VEC2,VEC3	VEC4	same	-
saddwt_z_zz_	saddwt	64444245	saddwt z4.h, z3.h, z2.b	sve2	1:MRA	ok	VEC2,VEC3	VEC4	VEC2,VEC3	VEC4	agree	-	-	VEC2,VEC3	VEC4	same	-
sbclb_z_zzz_	sbclb	64d0c245	sbclb z4.d, z3.d, z2.d	sve2	1:MRA	ok	VEC2,VEC3,VEC4	VEC4	VEC2,VEC3,VEC4	VEC4	agree	-	-	VEC2,VEC3,VEC4	VEC4	same	-
sbclt_z_zzz_	sbclt	64d4c245	sbclt z4.d, z3.d, z2.d	sve2	1:MRA	ok	VEC2,VEC3,VEC4	VEC4	VEC2,VEC3,VEC4	VEC4	agree	-	-	VEC2,VEC3,VEC4	VEC4	same	-
sclamp_mz_zz_2	sclamp	68c462c1	sclamp { z8.h, z9.h }, z3.h, z2.h	mortlach2	1:MRA	ok	VEC2,VEC3,VEC8,VEC9	VEC8,VEC9	VEC2,VEC3,VEC8,VEC9	VEC8,VEC9	agree	-	-	VEC2,VEC3,VEC8,VEC9	VEC8,VEC9	same	-
sclamp_mz_zz_4	sclamp	70cc62c1	sclamp { z16.h - z19.h }, z3.h, z2.h	mortlach2	1:MRA	ok	VEC16,VEC17,VEC18,VEC19,VEC2,VEC3	VEC16,VEC17,VEC18,VEC19	VEC16,VEC17,VEC18,VEC19,VEC2,VEC3	VEC16,VEC17,VEC18,VEC19	agree	-	-	VEC16,VEC17,VEC18,VEC19,VEC2,VEC3	VEC16,VEC17,VEC18,VEC19	same	-
sclamp_z_zz_	sclamp	64c04244	sclamp z4.h, z3.h, z2.h	sve2	1:MRA	ok	VEC2,VEC3,VEC4	VEC4	VEC2,VEC3,VEC4	VEC4	agree	-	-	VEC2,VEC3,VEC4	VEC4	same	-
scvtf_mz_z_2	scvtf	44e022c1	scvtf { z4.s, z5.s }, { z2.s, z3.s }	mortlach2	1:MRA	ok	FCSR,VEC2,VEC3	VEC4,VEC5	VEC2,VEC3	VEC4,VEC5	disagree	SRC+ref:FCSR	-	VEC2,VEC3	VEC4,VEC5	SRC+ref:FCSR	-
scvtf_mz_z_4	scvtf	88e032c1	scvtf { z8.s - z11.s }, { z4.s - z7.s }	mortlach2	1:MRA	ok	FCSR,VEC4,VEC5,VEC6,VEC7	VEC10,VEC11,VEC8,VEC9	VEC4,VEC5,VEC6,VEC7	VEC10,VEC11,VEC8,VEC9	disagree	SRC+ref:FCSR	-	VEC4,VEC5,VEC6,VEC7	VEC10,VEC11,VEC8,VEC9	SRC+ref:FCSR	-
scvtf_z_p_z_h2fp16	scvtf	43a45265	scvtf z3.h, p1/m, z2.h	sve	1:MRA	ok	FCSR,PRED1,VEC2,VEC3	VEC3	PRED1,VEC2,VEC3	VEC3	disagree	SRC+ref:FCSR	-	PRED1,VEC2,VEC3	VEC3	SRC+ref:FCSR	unbounded-loop
scvtf_z_p_z_w2d	scvtf	43a4d065	scvtf z3.d, p1/m, z2.s	sve	1:MRA	ok	FCSR,PRED1,VEC2,VEC3	VEC3	PRED1,VEC2,VEC3	VEC3	disagree	SRC+ref:FCSR	-	PRED1,VEC2,VEC3	VEC3	SRC+ref:FCSR	unbounded-loop
scvtf_z_p_z_w2fp16	scvtf	43a45465	scvtf z3.h, p1/m, z2.s	sve	1:MRA	ok	FCSR,PRED1,VEC2,VEC3	VEC3	PRED1,VEC2,VEC3	VEC3	disagree	SRC+ref:FCSR	-	PRED1,VEC2,VEC3	VEC3	SRC+ref:FCSR	unbounded-loop
scvtf_z_p_z_w2s	scvtf	43a49465	scvtf z3.s, p1/m, z2.s	sve	1:MRA	ok	FCSR,PRED1,VEC2,VEC3	VEC3	PRED1,VEC2,VEC3	VEC3	disagree	SRC+ref:FCSR	-	PRED1,VEC2,VEC3	VEC3	SRC+ref:FCSR	unbounded-loop
scvtf_z_p_z_x2d	scvtf	43a4d665	scvtf z3.d, p1/m, z2.d	sve	1:MRA	ok	FCSR,PRED1,VEC2,VEC3	VEC3	PRED1,VEC2,VEC3	VEC3	disagree	SRC+ref:FCSR	-	PRED1,VEC2,VEC3	VEC3	SRC+ref:FCSR	unbounded-loop
scvtf_z_p_z_x2fp16	scvtf	43a45665	scvtf z3.h, p1/m, z2.d	sve	1:MRA	ok	FCSR,PRED1,VEC2,VEC3	VEC3	PRED1,VEC2,VEC3	VEC3	disagree	SRC+ref:FCSR	-	PRED1,VEC2,VEC3	VEC3	SRC+ref:FCSR	unbounded-loop
scvtf_z_p_z_x2s	scvtf	43a4d465	scvtf z3.s, p1/m, z2.d	sve	1:MRA	ok	FCSR,PRED1,VEC2,VEC3	VEC3	PRED1,VEC2,VEC3	VEC3	disagree	SRC+ref:FCSR	-	PRED1,VEC2,VEC3	VEC3	SRC+ref:FCSR	unbounded-loop
sdiv_z_p_zz_	sdiv	2719d404	sdiv z7.d, p6/m, z7.d, z9.d	sve	1:MRA	ok	PRED6,VEC7,VEC9	VEC7	PRED6,VEC7,VEC9	VEC7	agree	-	-	PRED6,VEC7,VEC9	VEC7	same	unbounded-loop
sdivr_z_p_zz_	sdivr	bc1fd604	sdivr z28.d, p7/m, z28.d, z29.d	sve	1:MRA	ok	PRED7,VEC28,VEC29	VEC28	PRED7,VEC28,VEC29	VEC28	agree	-	-	PRED7,VEC28,VEC29	VEC28	same	unbounded-loop
sdot_z32_zzz_	sdot	43c80144	sdot z3.s, z2.h, z1.h	sve2	1:MRA	ok	VEC1,VEC2,VEC3	VEC3	VEC1,VEC2,VEC3	VEC3	agree	-	-	VEC1,VEC2,VEC3	VEC3	same	-
sdot_z32_zzzi_	sdot	64c88a44	sdot z4.s, z3.h, z2.h[1]	sve2	1:MRA	ok	VEC2,VEC3,VEC4	VEC4	VEC2,VEC3,VEC4	VEC4	agree	-	-	VEC2,VEC3,VEC4	VEC4	same	-
sdot_z_zzz_	sdot	2901c944	sdot z9.d, z9.h, z9.h	sve	1:MRA	ok	VEC9	VEC9	VEC9	VEC9	agree	-	-	VEC9	VEC9	same	-
sdot_z_zzzi_d	sdot	6400f244	sdot z4.d, z3.h, z2.h[1]	sve	1:MRA	ok	VEC2,VEC3,VEC4	VEC4	VEC2,VEC3,VEC4	VEC4	agree	-	-	VEC2,VEC3,VEC4	VEC4	same	-
sdot_z_zzzi_s	sdot	6400aa44	sdot z4.s, z3.b, z2.b[1]	sve	1:MRA	ok	VEC2,VEC3,VEC4	VEC4	VEC2,VEC3,VEC4	VEC4	agree	-	-	VEC2,VEC3,VEC4	VEC4	same	-
sdot_za32_zzi_2xi	sdot	055d51c1	sdot za.s[w10, 5, vgx2], { z8.h, z9.h }, z1.h[3]	mortlach2	1:MRA	ok	GPR10,MATRIX,VEC1,VEC8,VEC9	MATRIX	GPR10,MATRIX,VEC1,VEC8,VEC9	MATRIX	agree	-	-	GPR10,MATRIX,VEC1,VEC8,VEC9	MATRIX	same	index-runtime:ZA
sdot_za32_zzi_4xi	sdot	05de51c1	sdot za.s[w10, 5, vgx4], { z16.h - z19.h }, z1.h[3]	mortlach2	1:MRA	ok	GPR10,MATRIX,VEC1,VEC16,VEC17,VEC18,VEC19	MATRIX	GPR10,MATRIX,VEC1,VEC16,VEC17,VEC18,VEC19	MATRIX	agree	-	-	GPR10,MATRIX,VEC1,VEC16,VEC17,VEC18,VEC19	MATRIX	same	index-runtime:ZA
sdot_za32_zzv_2x1	sdot	6c5461c1	sdot za.s[w10, 4, vgx2], { z3.h, z4.h }, z1.h	mortlach2	1:MRA	ok	GPR10,MATRIX,VEC1,VEC3,VEC4	MATRIX	GPR10,MATRIX,VEC1,VEC3,VEC4	MATRIX	agree	-	-	GPR10,MATRIX,VEC1,VEC3,VEC4	MATRIX	same	index-runtime:ZA
sdot_za32_zzv_4x1	sdot	6c5471c1	sdot za.s[w10, 4, vgx4], { z3.h - z6.h }, z1.h	mortlach2	1:MRA	ok	GPR10,MATRIX,VEC1,VEC3,VEC4,VEC5,VEC6	MATRIX	GPR10,MATRIX,VEC1,VEC3,VEC4,VEC5,VEC6	MATRIX	agree	-	-	GPR10,MATRIX,VEC1,VEC3,VEC4,VEC5,VEC6	MATRIX	same	index-runtime:ZA
sdot_za32_zzw_2x2	sdot	cc54e2c1	sdot za.s[w10, 4, vgx2], { z6.h, z7.h }, { z2.h, z3.h }	mortlach2	1:MRA	ok	GPR10,MATRIX,VEC2,VEC3,VEC6,VEC7	MATRIX	GPR10,MATRIX,VEC2,VEC3,VEC6,VEC7	MATRIX	agree	-	-	GPR10,MATRIX,VEC2,VEC3,VEC6,VEC7	MATRIX	same	index-runtime:ZA
sdot_za32_zzw_4x4	sdot	8c55e5c1	sdot za.s[w10, 4, vgx4], { z12.h - z15.h }, { z4.h - z7.h }	mortlach2	1:MRA	ok	GPR10,MATRIX,VEC12,VEC13,VEC14,VEC15,VEC4,VEC5,VEC6,VEC7	MATRIX	GPR10,MATRIX,VEC12,VEC13,VEC14,VEC15,VEC4,VEC5,VEC6,VEC7	MATRIX	agree	-	-	GPR10,MATRIX,VEC12,VEC13,VEC14,VEC15,VEC4,VEC5,VEC6,VEC7	MATRIX	same	index-runtime:ZA
sdot_za_zzi_d2xi	sdot	0d45d1c1	sdot za.d[w10, 5, vgx2], { z8.h, z9.h }, z1.h[1]	mortlach2	1:MRA	ok	GPR10,MATRIX,VEC1,VEC8,VEC9	MATRIX	GPR10,MATRIX,VEC1,VEC8,VEC9	MATRIX	agree	-	-	GPR10,MATRIX,VEC1,VEC8,VEC9	MATRIX	same	index-runtime:ZA
sdot_za_zzi_d4xi	sdot	0dc6d1c1	sdot za.d[w10, 5, vgx4], { z16.h - z19.h }, z1.h[1]	mortlach2	1:MRA	ok	GPR10,MATRIX,VEC1,VEC16,VEC17,VEC18,VEC19	MATRIX	GPR10,MATRIX,VEC1,VEC16,VEC17,VEC18,VEC19	MATRIX	agree	-	-	GPR10,MATRIX,VEC1,VEC16,VEC17,VEC18,VEC19	MATRIX	same	index-runtime:ZA
sdot_za_zzi_s2xi	sdot	255d51c1	sdot za.s[w10, 5, vgx2], { z8.b, z9.b }, z1.b[3]	mortlach2	1:MRA	ok	GPR10,MATRIX,VEC1,VEC8,VEC9	MATRIX	GPR10,MATRIX,VEC1,VEC8,VEC9	MATRIX	agree	-	-	GPR10,MATRIX,VEC1,VEC8,VEC9	MATRIX	same	index-runtime:ZA
sdot_za_zzi_s4xi	sdot	25de51c1	sdot za.s[w10, 5, vgx4], { z16.b - z19.b }, z1.b[3]	mortlach2	1:MRA	ok	GPR10,MATRIX,VEC1,VEC16,VEC17,VEC18,VEC19	MATRIX	GPR10,MATRIX,VEC1,VEC16,VEC17,VEC18,VEC19	MATRIX	agree	-	-	GPR10,MATRIX,VEC1,VEC16,VEC17,VEC18,VEC19	MATRIX	same	index-runtime:ZA
sdot_za_zzv_2x1	sdot	857462c1	sdot za.d[w11, 5, vgx2], { z4.h, z5.h }, z2.h	mortlach2	1:MRA	ok	GPR11,MATRIX,VEC2,VEC4,VEC5	MATRIX	GPR11,MATRIX,VEC2,VEC4,VEC5	MATRIX	agree	-	-	GPR11,MATRIX,VEC2,VEC4,VEC5	MATRIX	same	index-runtime:ZA
sdot_za_zzv_4x1	sdot	857472c1	sdot za.d[w11, 5, vgx4], { z4.h - z7.h }, z2.h	mortlach2	1:MRA	ok	GPR11,MATRIX,VEC2,VEC4,VEC5,VEC6,VEC7	MATRIX	GPR11,MATRIX,VEC2,VEC4,VEC5,VEC6,VEC7	MATRIX	agree	-	-	GPR11,MATRIX,VEC2,VEC4,VEC5,VEC6,VEC7	MATRIX	same	index-runtime:ZA
sdot_za_zzw_2x2	sdot	0575e4c1	sdot za.d[w11, 5, vgx2], { z8.h, z9.h }, { z4.h, z5.h }	mortlach2	1:MRA	ok	GPR11,MATRIX,VEC4,VEC5,VEC8,VEC9	MATRIX	GPR11,MATRIX,VEC4,VEC5,VEC8,VEC9	MATRIX	agree	-	-	GPR11,MATRIX,VEC4,VEC5,VEC8,VEC9	MATRIX	same	index-runtime:ZA
sdot_za_zzw_4x4	sdot	0576e9c1	sdot za.d[w11, 5, vgx4], { z16.h - z19.h }, { z8.h - z11.h }	mortlach2	1:MRA	ok	GPR11,MATRIX,VEC10,VEC11,VEC16,VEC17,VEC18,VEC19,VEC8,VEC9	MATRIX	GPR11,MATRIX,VEC10,VEC11,VEC16,VEC17,VEC18,VEC19,VEC8,VEC9	MATRIX	agree	-	-	GPR11,MATRIX,VEC10,VEC11,VEC16,VEC17,VEC18,VEC19,VEC8,VEC9	MATRIX	same	index-runtime:ZA
sel_mz_p_zz_2	sel	0a8d64c1	sel { z10.h, z11.h }, pn11, { z8.h, z9.h }, { z4.h, z5.h }	mortlach2	1:MRA	ok	PRED11,VEC4,VEC5,VEC8,VEC9	VEC10,VEC11	PRED11,VEC4,VEC5,VEC8,VEC9	VEC10,VEC11	agree	-	-	PRED11,VEC4,VEC5,VEC8,VEC9	VEC10,VEC11	same	unbounded-loop
sel_mz_p_zz_4	sel	148e69c1	sel { z20.h - z23.h }, pn11, { z16.h - z19.h }, { z8.h - z11.h }	mortlach2	1:MRA	ok	PRED11,VEC10,VEC11,VEC16,VEC17,VEC18,VEC19,VEC8,VEC9	VEC20,VEC21,VEC22,VEC23	PRED11,VEC10,VEC11,VEC16,VEC17,VEC18,VEC19,VEC8,VEC9	VEC20,VEC21,VEC22,VEC23	agree	-	-	PRED11,VEC10,VEC11,VEC16,VEC17,VEC18,VEC19,VEC8,VEC9	VEC20,VEC21,VEC22,VEC23	same	unbounded-loop
sel_p_p_pp_	sel	744a0125	sel p4.b, p2, p3.b, p1.b	sve	1:MRA	ok	PRED1,PRED2,PRED3	PRED4	PRED1,PRED2,PRED3	PRED4	agree	-	-	PRED1,PRED2,PRED3	PRED4	same	-
sel_z_p_zz_	sel	85cc6205	sel z5.h, p3, z4.h, z2.h	sve	1:MRA	ok	PRED3,VEC2,VEC4	VEC5	PRED3,VEC2,VEC4	VEC5	agree	-	-	PRED3,VEC2,VEC4	VEC5	same	unbounded-loop
setffr_f_	setffr	00902c25	setffr	sve	1:MRA	ok	-	FFR	-	FFR	agree	-	-	-	FFR	same	-
shadd_z_p_zz_	shadd	64885044	shadd z4.h, p2/m, z4.h, z3.h	sve2	1:MRA	ok	PRED2,VEC3,VEC4	VEC4	PRED2,VEC3,VEC4	VEC4	agree	-	-	PRED2,VEC3,VEC4	VEC4	same	unbounded-loop
shrnb_z_zi_	shrnb	85107345	shrnb z5.s, z4.d, #13	sve2	1:MRA	ok	VEC4	VEC5	VEC4	VEC5	agree	-	-	VEC4	VEC5	same	-
shrnt_z_zi_	shrnt	85147345	shrnt z5.s, z4.d, #13	sve2	1:MRA	ok	VEC4,VEC5	VEC5	VEC4,VEC5	VEC5	agree	-	-	VEC4,VEC5	VEC5	same	-
shsub_z_p_zz_	shsub	64885244	shsub z4.h, p2/m, z4.h, z3.h	sve2	1:MRA	ok	PRED2,VEC3,VEC4	VEC4	PRED2,VEC3,VEC4	VEC4	agree	-	-	PRED2,VEC3,VEC4	VEC4	same	unbounded-loop
shsubr_z_p_zz_	shsubr	64885644	shsubr z4.h, p2/m, z4.h, z3.h	sve2	1:MRA	ok	PRED2,VEC3,VEC4	VEC4	PRED2,VEC3,VEC4	VEC4	agree	-	-	PRED2,VEC3,VEC4	VEC4	same	unbounded-loop
sli_z_zzi_	sli	85f45345	sli z5.s, z4.s, #19	sve2	1:MRA	ok	VEC4,VEC5	VEC5	VEC4,VEC5	VEC5	agree	-	-	VEC4,VEC5	VEC5	same	-
sm4e_z_zz_	sm4e	22e02345	sm4e z2.s, z2.s, z1.s	sve2	1:MRA	ok	VEC1,VEC2	VEC2	VEC1,VEC2	VEC2	agree	-	-	VEC1,VEC2	VEC2	same	-
sm4ekey_z_zz_	sm4ekey	43f02145	sm4ekey z3.s, z2.s, z1.s	sve2	1:MRA	ok	VEC1,VEC2	VEC3	VEC1,VEC2	VEC3	agree	-	-	VEC1,VEC2	VEC3	same	-
smax_mz_zzv_2x1	smax	06a062c1	smax { z6.h, z7.h }, { z6.h, z7.h }, z2.h	mortlach2	1:MRA	ok	VEC2,VEC6,VEC7	VEC6,VEC7	VEC2,VEC6,VEC7	VEC6,VEC7	agree	-	-	VEC2,VEC6,VEC7	VEC6,VEC7	same	-
smax_mz_zzv_4x1	smax	0ca862c1	smax { z12.h - z15.h }, { z12.h - z15.h }, z2.h	mortlach2	1:MRA	ok	VEC12,VEC13,VEC14,VEC15,VEC2	VEC12,VEC13,VEC14,VEC15	VEC12,VEC13,VEC14,VEC15,VEC2	VEC12,VEC13,VEC14,VEC15	agree	-	-	VEC12,VEC13,VEC14,VEC15,VEC2	VEC12,VEC13,VEC14,VEC15	same	-
smax_mz_zzw_2x2	smax	06b064c1	smax { z6.h, z7.h }, { z6.h, z7.h }, { z4.h, z5.h }	mortlach2	1:MRA	ok	VEC4,VEC5,VEC6,VEC7	VEC6,VEC7	VEC4,VEC5,VEC6,VEC7	VEC6,VEC7	agree	-	-	VEC4,VEC5,VEC6,VEC7	VEC6,VEC7	same	-
smax_mz_zzw_4x4	smax	0cb868c1	smax { z12.h - z15.h }, { z12.h - z15.h }, { z8.h - z11.h }	mortlach2	1:MRA	ok	VEC10,VEC11,VEC12,VEC13,VEC14,VEC15,VEC8,VEC9	VEC12,VEC13,VEC14,VEC15	VEC10,VEC11,VEC12,VEC13,VEC14,VEC15,VEC8,VEC9	VEC12,VEC13,VEC14,VEC15	agree	-	-	VEC10,VEC11,VEC12,VEC13,VEC14,VEC15,VEC8,VEC9	VEC12,VEC13,VEC14,VEC15	same	-
smax_z_p_zz_	smax	64084804	smax z4.h, p2/m, z4.h, z3.h	sve	1:MRA	ok	PRED2,VEC3,VEC4	VEC4	PRED2,VEC3,VEC4	VEC4	agree	-	-	PRED2,VEC3,VEC4	VEC4	same	unbounded-loop
smax_z_zi_	smax	43c06825	smax z3.h, z3.h, #2	sve	1:MRA	ok	VEC3	VEC3	VEC3	VEC3	agree	-	-	VEC3	VEC3	same	-
smaxp_z_p_zz_	smaxp	64a85444	smaxp z4.h, p2/m, z4.h, z3.h	sve2	1:MRA	ok	PRED2,VEC3,VEC4	VEC4	PRED2,VEC3,VEC4	VEC4	agree	-	-	PRED2,VEC3,VEC4	VEC4	same	unbounded-loop
smaxqv_z_p_z_	smaxqv	64284c04	smaxqv v4.8h, p2, z3.h	sve2	1:MRA	ok	PRED2,VEC3	VEC4	PRED2,VEC3	VEC4	agree	-	-	PRED2,VEC3	VEC4	same	unbounded-loop
smaxv_r_p_z_	smaxv	64284804	smaxv h4, p2, z3.h	sve	1:MRA	ok	PRED2,VEC3	VEC4	PRED2,VEC3	VEC4	agree	-	-	PRED2,VEC3	VEC4	same	unbounded-loop
smin_mz_zzv_2x1	smin	26a062c1	smin { z6.h, z7.h }, { z6.h, z7.h }, z2.h	mortlach2	1:MRA	ok	VEC2,VEC6,VEC7	VEC6,VEC7	VEC2,VEC6,VEC7	VEC6,VEC7	agree	-	-	VEC2,VEC6,VEC7	VEC6,VEC7	same	-
smin_mz_zzv_4x1	smin	2ca862c1	smin { z12.h - z15.h }, { z12.h - z15.h }, z2.h	mortlach2	1:MRA	ok	VEC12,VEC13,VEC14,VEC15,VEC2	VEC12,VEC13,VEC14,VEC15	VEC12,VEC13,VEC14,VEC15,VEC2	VEC12,VEC13,VEC14,VEC15	agree	-	-	VEC12,VEC13,VEC14,VEC15,VEC2	VEC12,VEC13,VEC14,VEC15	same	-
smin_mz_zzw_2x2	smin	26b064c1	smin { z6.h, z7.h }, { z6.h, z7.h }, { z4.h, z5.h }	mortlach2	1:MRA	ok	VEC4,VEC5,VEC6,VEC7	VEC6,VEC7	VEC4,VEC5,VEC6,VEC7	VEC6,VEC7	agree	-	-	VEC4,VEC5,VEC6,VEC7	VEC6,VEC7	same	-
smin_mz_zzw_4x4	smin	2cb868c1	smin { z12.h - z15.h }, { z12.h - z15.h }, { z8.h - z11.h }	mortlach2	1:MRA	ok	VEC10,VEC11,VEC12,VEC13,VEC14,VEC15,VEC8,VEC9	VEC12,VEC13,VEC14,VEC15	VEC10,VEC11,VEC12,VEC13,VEC14,VEC15,VEC8,VEC9	VEC12,VEC13,VEC14,VEC15	agree	-	-	VEC10,VEC11,VEC12,VEC13,VEC14,VEC15,VEC8,VEC9	VEC12,VEC13,VEC14,VEC15	same	-
smin_z_p_zz_	smin	64084a04	smin z4.h, p2/m, z4.h, z3.h	sve	1:MRA	ok	PRED2,VEC3,VEC4	VEC4	PRED2,VEC3,VEC4	VEC4	agree	-	-	PRED2,VEC3,VEC4	VEC4	same	unbounded-loop
smin_z_zi_	smin	43c06a25	smin z3.h, z3.h, #2	sve	1:MRA	ok	VEC3	VEC3	VEC3	VEC3	agree	-	-	VEC3	VEC3	same	-
sminp_z_p_zz_	sminp	64a85644	sminp z4.h, p2/m, z4.h, z3.h	sve2	1:MRA	ok	PRED2,VEC3,VEC4	VEC4	PRED2,VEC3,VEC4	VEC4	agree	-	-	PRED2,VEC3,VEC4	VEC4	same	unbounded-loop
sminqv_z_p_z_	sminqv	64284e04	sminqv v4.8h, p2, z3.h	sve2	1:MRA	ok	PRED2,VEC3	VEC4	PRED2,VEC3	VEC4	agree	-	-	PRED2,VEC3	VEC4	same	unbounded-loop
sminv_r_p_z_	sminv	64284a04	sminv h4, p2, z3.h	sve	1:MRA	ok	PRED2,VEC3	VEC4	PRED2,VEC3	VEC4	agree	-	-	PRED2,VEC3	VEC4	same	unbounded-loop
smlal_za_zzi_1	smlal	a670c1c1	smlal za.s[w11, 12:13], z5.h, z1.h[0]	mortlach2	1:MRA	ok	GPR11,MATRIX,VEC1,VEC5	MATRIX	GPR11,MATRIX,VEC1,VEC5	MATRIX	agree	-	-	GPR11,MATRIX,VEC1,VEC5	MATRIX	same	index-runtime:ZA
smlal_za_zzi_2xi	smlal	065dd1c1	smlal za.s[w10, 4:5, vgx2], { z8.h, z9.h }, z1.h[7]	mortlach2	1:MRA	ok	GPR10,MATRIX,VEC1,VEC8,VEC9	MATRIX	GPR10,MATRIX,VEC1,VEC8,VEC9	MATRIX	agree	-	-	GPR10,MATRIX,VEC1,VEC8,VEC9	MATRIX	same	index-runtime:ZA
smlal_za_zzi_4xi	smlal	06ded1c1	smlal za.s[w10, 4:5, vgx4], { z16.h - z19.h }, z1.h[7]	mortlach2	1:MRA	ok	GPR10,MATRIX,VEC1,VEC16,VEC17,VEC18,VEC19	MATRIX	GPR10,MATRIX,VEC1,VEC16,VEC17,VEC18,VEC19	MATRIX	agree	-	-	GPR10,MATRIX,VEC1,VEC16,VEC17,VEC18,VEC19	MATRIX	same	index-runtime:ZA
smlal_za_zzv_1	smlal	644c61c1	smlal za.s[w10, 8:9], z3.h, z1.h	mortlach2	1:MRA	ok	GPR10,MATRIX,VEC1,VEC3	MATRIX	GPR10,MATRIX,VEC1,VEC3	MATRIX	agree	-	-	GPR10,MATRIX,VEC1,VEC3	MATRIX	same	index-runtime:ZA
smlal_za_zzv_2x1	smlal	604861c1	smlal za.s[w10, 0:1, vgx2], { z3.h, z4.h }, z1.h	mortlach2	1:MRA	ok	GPR10,MATRIX,VEC1,VEC3,VEC4	MATRIX	GPR10,MATRIX,VEC1,VEC3,VEC4	MATRIX	agree	-	-	GPR10,MATRIX,VEC1,VEC3,VEC4	MATRIX	same	index-runtime:ZA
smlal_za_zzv_4x1	smlal	604871c1	smlal za.s[w10, 0:1, vgx4], { z3.h - z6.h }, z1.h	mortlach2	1:MRA	ok	GPR10,MATRIX,VEC1,VEC3,VEC4,VEC5,VEC6	MATRIX	GPR10,MATRIX,VEC1,VEC3,VEC4,VEC5,VEC6	MATRIX	agree	-	-	GPR10,MATRIX,VEC1,VEC3,VEC4,VEC5,VEC6	MATRIX	same	index-runtime:ZA
smlal_za_zzw_2x2	smlal	c048e2c1	smlal za.s[w10, 0:1, vgx2], { z6.h, z7.h }, { z2.h, z3.h }	mortlach2	1:MRA	ok	GPR10,MATRIX,VEC2,VEC3,VEC6,VEC7	MATRIX	GPR10,MATRIX,VEC2,VEC3,VEC6,VEC7	MATRIX	agree	-	-	GPR10,MATRIX,VEC2,VEC3,VEC6,VEC7	MATRIX	same	index-runtime:ZA
smlal_za_zzw_4x4	smlal	8049e5c1	smlal za.s[w10, 0:1, vgx4], { z12.h - z15.h }, { z4.h - z7.h }	mortlach2	1:MRA	ok	GPR10,MATRIX,VEC12,VEC13,VEC14,VEC15,VEC4,VEC5,VEC6,VEC7	MATRIX	GPR10,MATRIX,VEC12,VEC13,VEC14,VEC15,VEC4,VEC5,VEC6,VEC7	MATRIX	agree	-	-	GPR10,MATRIX,VEC12,VEC13,VEC14,VEC15,VEC4,VEC5,VEC6,VEC7	MATRIX	same	index-runtime:ZA
smlalb_z_zzz_	smlalb	64404244	smlalb z4.h, z3.b, z2.b	sve2	1:MRA	ok	VEC2,VEC3,VEC4	VEC4	VEC2,VEC3,VEC4	VEC4	agree	-	-	VEC2,VEC3,VEC4	VEC4	same	-
smlalb_z_zzzi_d	smlalb	8588f244	smlalb z5.d, z4.s, z2.s[3]	sve2	1:MRA	ok	VEC2,VEC4,VEC5	VEC5	VEC2,VEC4,VEC5	VEC5	agree	-	-	VEC2,VEC4,VEC5	VEC5	same	-
smlalb_z_zzzi_s	smlalb	8588aa44	smlalb z5.s, z4.h, z2.h[3]	sve2	1:MRA	ok	VEC2,VEC4,VEC5	VEC5	VEC2,VEC4,VEC5	VEC5	agree	-	-	VEC2,VEC4,VEC5	VEC5	same	-
smlall_za_zzi_d	smlall	a26081c1	smlall za.d[w11, 8:11], z5.h, z1.h[0]	mortlach2	1:MRA	ok	GPR11,MATRIX,VEC1,VEC5	MATRIX	GPR11,MATRIX,VEC1,VEC5	MATRIX	agree	-	-	GPR11,MATRIX,VEC1,VEC5	MATRIX	same	index-runtime:ZA
smlall_za_zzi_d2xi	smlall	024591c1	smlall za.d[w10, 0:3, vgx2], { z8.h, z9.h }, z1.h[5]	mortlach2	1:MRA	ok	GPR10,MATRIX,VEC1,VEC8,VEC9	MATRIX	GPR10,MATRIX,VEC1,VEC8,VEC9	MATRIX	agree	-	-	GPR10,MATRIX,VEC1,VEC8,VEC9	MATRIX	same	index-runtime:ZA
smlall_za_zzi_d4xi	smlall	02c691c1	smlall za.d[w10, 0:3, vgx4], { z16.h - z19.h }, z1.h[5]	mortlach2	1:MRA	ok	GPR10,MATRIX,VEC1,VEC16,VEC17,VEC18,VEC19	MATRIX	GPR10,MATRIX,VEC1,VEC16,VEC17,VEC18,VEC19	MATRIX	agree	-	-	GPR10,MATRIX,VEC1,VEC16,VEC17,VEC18,VEC19	MATRIX	same	index-runtime:ZA
smlall_za_zzi_s	smlall	a27001c1	smlall za.s[w11, 8:11], z5.b, z1.b[4]	mortlach2	1:MRA	ok	GPR11,MATRIX,VEC1,VEC5	MATRIX	GPR11,MATRIX,VEC1,VEC5	MATRIX	agree	-	-	GPR11,MATRIX,VEC1,VEC5	MATRIX	same	index-runtime:ZA
smlall_za_zzi_s2xi	smlall	024d11c1	smlall za.s[w10, 0:3, vgx2], { z8.b, z9.b }, z1.b[13]	mortlach2	1:MRA	ok	GPR10,MATRIX,VEC1,VEC8,VEC9	MATRIX	GPR10,MATRIX,VEC1,VEC8,VEC9	MATRIX	agree	-	-	GPR10,MATRIX,VEC1,VEC8,VEC9	MATRIX	same	index-runtime:ZA
smlall_za_zzi_s4xi	smlall	02ce11c1	smlall za.s[w10, 0:3, vgx4], { z16.b - z19.b }, z1.b[13]	mortlach2	1:MRA	ok	GPR10,MATRIX,VEC1,VEC16,VEC17,VEC18,VEC19	MATRIX	GPR10,MATRIX,VEC1,VEC16,VEC17,VEC18,VEC19	MATRIX	agree	-	-	GPR10,MATRIX,VEC1,VEC16,VEC17,VEC18,VEC19	MATRIX	same	index-runtime:ZA
smlall_za_zzv_1	smlall	816462c1	smlall za.d[w11, 4:7], z4.h, z2.h	mortlach2	1:MRA	ok	GPR11,MATRIX,VEC2,VEC4	MATRIX	GPR11,MATRIX,VEC2,VEC4	MATRIX	agree	-	-	GPR11,MATRIX,VEC2,VEC4	MATRIX	same	index-runtime:ZA
smlall_za_zzv_2x1	smlall	816062c1	smlall za.d[w11, 4:7, vgx2], { z4.h, z5.h }, z2.h	mortlach2	1:MRA	ok	GPR11,MATRIX,VEC2,VEC4,VEC5	MATRIX	GPR11,MATRIX,VEC2,VEC4,VEC5	MATRIX	agree	-	-	GPR11,MATRIX,VEC2,VEC4,VEC5	MATRIX	same	index-runtime:ZA
smlall_za_zzv_4x1	smlall	816072c1	smlall za.d[w11, 4:7, vgx4], { z4.h - z7.h }, z2.h	mortlach2	1:MRA	ok	GPR11,MATRIX,VEC2,VEC4,VEC5,VEC6,VEC7	MATRIX	GPR11,MATRIX,VEC2,VEC4,VEC5,VEC6,VEC7	MATRIX	agree	-	-	GPR11,MATRIX,VEC2,VEC4,VEC5,VEC6,VEC7	MATRIX	same	index-runtime:ZA
smlall_za_zzw_2x2	smlall	0161e4c1	smlall za.d[w11, 4:7, vgx2], { z8.h, z9.h }, { z4.h, z5.h }	mortlach2	1:MRA	ok	GPR11,MATRIX,VEC4,VEC5,VEC8,VEC9	MATRIX	GPR11,MATRIX,VEC4,VEC5,VEC8,VEC9	MATRIX	agree	-	-	GPR11,MATRIX,VEC4,VEC5,VEC8,VEC9	MATRIX	same	index-runtime:ZA
smlall_za_zzw_4x4	smlall	0162e9c1	smlall za.d[w11, 4:7, vgx4], { z16.h - z19.h }, { z8.h - z11.h }	mortlach2	1:MRA	ok	GPR11,MATRIX,VEC10,VEC11,VEC16,VEC17,VEC18,VEC19,VEC8,VEC9	MATRIX	GPR11,MATRIX,VEC10,VEC11,VEC16,VEC17,VEC18,VEC19,VEC8,VEC9	MATRIX	agree	-	-	GPR11,MATRIX,VEC10,VEC11,VEC16,VEC17,VEC18,VEC19,VEC8,VEC9	MATRIX	same	index-runtime:ZA
smlalt_z_zzz_	smlalt	64444244	smlalt z4.h, z3.b, z2.b	sve2	1:MRA	ok	VEC2,VEC3,VEC4	VEC4	VEC2,VEC3,VEC4	VEC4	agree	-	-	VEC2,VEC3,VEC4	VEC4	same	-
smlalt_z_zzzi_d	smlalt	858cf244	smlalt z5.d, z4.s, z2.s[3]	sve2	1:MRA	ok	VEC2,VEC4,VEC5	VEC5	VEC2,VEC4,VEC5	VEC5	agree	-	-	VEC2,VEC4,VEC5	VEC5	same	-
smlalt_z_zzzi_s	smlalt	858caa44	smlalt z5.s, z4.h, z2.h[3]	sve2	1:MRA	ok	VEC2,VEC4,VEC5	VEC5	VEC2,VEC4,VEC5	VEC5	agree	-	-	VEC2,VEC4,VEC5	VEC5	same	-
smlsl_za_zzi_1	smlsl	ae70c1c1	smlsl za.s[w11, 12:13], z5.h, z1.h[0]	mortlach2	1:MRA	ok	GPR11,MATRIX,VEC1,VEC5	MATRIX	GPR11,MATRIX,VEC1,VEC5	MATRIX	agree	-	-	GPR11,MATRIX,VEC1,VEC5	MATRIX	same	index-runtime:ZA
smlsl_za_zzi_2xi	smlsl	0e5dd1c1	smlsl za.s[w10, 4:5, vgx2], { z8.h, z9.h }, z1.h[7]	mortlach2	1:MRA	ok	GPR10,MATRIX,VEC1,VEC8,VEC9	MATRIX	GPR10,MATRIX,VEC1,VEC8,VEC9	MATRIX	agree	-	-	GPR10,MATRIX,VEC1,VEC8,VEC9	MATRIX	same	index-runtime:ZA
smlsl_za_zzi_4xi	smlsl	0eded1c1	smlsl za.s[w10, 4:5, vgx4], { z16.h - z19.h }, z1.h[7]	mortlach2	1:MRA	ok	GPR10,MATRIX,VEC1,VEC16,VEC17,VEC18,VEC19	MATRIX	GPR10,MATRIX,VEC1,VEC16,VEC17,VEC18,VEC19	MATRIX	agree	-	-	GPR10,MATRIX,VEC1,VEC16,VEC17,VEC18,VEC19	MATRIX	same	index-runtime:ZA
smlsl_za_zzv_1	smlsl	6c4c61c1	smlsl za.s[w10, 8:9], z3.h, z1.h	mortlach2	1:MRA	ok	GPR10,MATRIX,VEC1,VEC3	MATRIX	GPR10,MATRIX,VEC1,VEC3	MATRIX	agree	-	-	GPR10,MATRIX,VEC1,VEC3	MATRIX	same	index-runtime:ZA
smlsl_za_zzv_2x1	smlsl	684861c1	smlsl za.s[w10, 0:1, vgx2], { z3.h, z4.h }, z1.h	mortlach2	1:MRA	ok	GPR10,MATRIX,VEC1,VEC3,VEC4	MATRIX	GPR10,MATRIX,VEC1,VEC3,VEC4	MATRIX	agree	-	-	GPR10,MATRIX,VEC1,VEC3,VEC4	MATRIX	same	index-runtime:ZA
smlsl_za_zzv_4x1	smlsl	684871c1	smlsl za.s[w10, 0:1, vgx4], { z3.h - z6.h }, z1.h	mortlach2	1:MRA	ok	GPR10,MATRIX,VEC1,VEC3,VEC4,VEC5,VEC6	MATRIX	GPR10,MATRIX,VEC1,VEC3,VEC4,VEC5,VEC6	MATRIX	agree	-	-	GPR10,MATRIX,VEC1,VEC3,VEC4,VEC5,VEC6	MATRIX	same	index-runtime:ZA
smlsl_za_zzw_2x2	smlsl	c848e2c1	smlsl za.s[w10, 0:1, vgx2], { z6.h, z7.h }, { z2.h, z3.h }	mortlach2	1:MRA	ok	GPR10,MATRIX,VEC2,VEC3,VEC6,VEC7	MATRIX	GPR10,MATRIX,VEC2,VEC3,VEC6,VEC7	MATRIX	agree	-	-	GPR10,MATRIX,VEC2,VEC3,VEC6,VEC7	MATRIX	same	index-runtime:ZA
smlsl_za_zzw_4x4	smlsl	8849e5c1	smlsl za.s[w10, 0:1, vgx4], { z12.h - z15.h }, { z4.h - z7.h }	mortlach2	1:MRA	ok	GPR10,MATRIX,VEC12,VEC13,VEC14,VEC15,VEC4,VEC5,VEC6,VEC7	MATRIX	GPR10,MATRIX,VEC12,VEC13,VEC14,VEC15,VEC4,VEC5,VEC6,VEC7	MATRIX	agree	-	-	GPR10,MATRIX,VEC12,VEC13,VEC14,VEC15,VEC4,VEC5,VEC6,VEC7	MATRIX	same	index-runtime:ZA
smlslb_z_zzz_	smlslb	64504244	smlslb z4.h, z3.b, z2.b	sve2	1:MRA	ok	VEC2,VEC3,VEC4	VEC4	VEC2,VEC3,VEC4	VEC4	agree	-	-	VEC2,VEC3,VEC4	VEC4	same	-
smlslb_z_zzzi_d	smlslb	85a8f244	smlslb z5.d, z4.s, z2.s[3]	sve2	1:MRA	ok	VEC2,VEC4,VEC5	VEC5	VEC2,VEC4,VEC5	VEC5	agree	-	-	VEC2,VEC4,VEC5	VEC5	same	-
smlslb_z_zzzi_s	smlslb	85a8aa44	smlslb z5.s, z4.h, z2.h[3]	sve2	1:MRA	ok	VEC2,VEC4,VEC5	VEC5	VEC2,VEC4,VEC5	VEC5	agree	-	-	VEC2,VEC4,VEC5	VEC5	same	-
smlsll_za_zzi_d	smlsll	aa6081c1	smlsll za.d[w11, 8:11], z5.h, z1.h[0]	mortlach2	1:MRA	ok	GPR11,MATRIX,VEC1,VEC5	MATRIX	GPR11,MATRIX,VEC1,VEC5	MATRIX	agree	-	-	GPR11,MATRIX,VEC1,VEC5	MATRIX	same	index-runtime:ZA
smlsll_za_zzi_d2xi	smlsll	0a4591c1	smlsll za.d[w10, 0:3, vgx2], { z8.h, z9.h }, z1.h[5]	mortlach2	1:MRA	ok	GPR10,MATRIX,VEC1,VEC8,VEC9	MATRIX	GPR10,MATRIX,VEC1,VEC8,VEC9	MATRIX	agree	-	-	GPR10,MATRIX,VEC1,VEC8,VEC9	MATRIX	same	index-runtime:ZA
smlsll_za_zzi_d4xi	smlsll	0ac691c1	smlsll za.d[w10, 0:3, vgx4], { z16.h - z19.h }, z1.h[5]	mortlach2	1:MRA	ok	GPR10,MATRIX,VEC1,VEC16,VEC17,VEC18,VEC19	MATRIX	GPR10,MATRIX,VEC1,VEC16,VEC17,VEC18,VEC19	MATRIX	agree	-	-	GPR10,MATRIX,VEC1,VEC16,VEC17,VEC18,VEC19	MATRIX	same	index-runtime:ZA
smlsll_za_zzi_s	smlsll	aa7001c1	smlsll za.s[w11, 8:11], z5.b, z1.b[4]	mortlach2	1:MRA	ok	GPR11,MATRIX,VEC1,VEC5	MATRIX	GPR11,MATRIX,VEC1,VEC5	MATRIX	agree	-	-	GPR11,MATRIX,VEC1,VEC5	MATRIX	same	index-runtime:ZA
smlsll_za_zzi_s2xi	smlsll	0a4d11c1	smlsll za.s[w10, 0:3, vgx2], { z8.b, z9.b }, z1.b[13]	mortlach2	1:MRA	ok	GPR10,MATRIX,VEC1,VEC8,VEC9	MATRIX	GPR10,MATRIX,VEC1,VEC8,VEC9	MATRIX	agree	-	-	GPR10,MATRIX,VEC1,VEC8,VEC9	MATRIX	same	index-runtime:ZA
smlsll_za_zzi_s4xi	smlsll	0ace11c1	smlsll za.s[w10, 0:3, vgx4], { z16.b - z19.b }, z1.b[13]	mortlach2	1:MRA	ok	GPR10,MATRIX,VEC1,VEC16,VEC17,VEC18,VEC19	MATRIX	GPR10,MATRIX,VEC1,VEC16,VEC17,VEC18,VEC19	MATRIX	agree	-	-	GPR10,MATRIX,VEC1,VEC16,VEC17,VEC18,VEC19	MATRIX	same	index-runtime:ZA
smlsll_za_zzv_1	smlsll	896462c1	smlsll za.d[w11, 4:7], z4.h, z2.h	mortlach2	1:MRA	ok	GPR11,MATRIX,VEC2,VEC4	MATRIX	GPR11,MATRIX,VEC2,VEC4	MATRIX	agree	-	-	GPR11,MATRIX,VEC2,VEC4	MATRIX	same	index-runtime:ZA
smlsll_za_zzv_2x1	smlsll	896062c1	smlsll za.d[w11, 4:7, vgx2], { z4.h, z5.h }, z2.h	mortlach2	1:MRA	ok	GPR11,MATRIX,VEC2,VEC4,VEC5	MATRIX	GPR11,MATRIX,VEC2,VEC4,VEC5	MATRIX	agree	-	-	GPR11,MATRIX,VEC2,VEC4,VEC5	MATRIX	same	index-runtime:ZA
smlsll_za_zzv_4x1	smlsll	896072c1	smlsll za.d[w11, 4:7, vgx4], { z4.h - z7.h }, z2.h	mortlach2	1:MRA	ok	GPR11,MATRIX,VEC2,VEC4,VEC5,VEC6,VEC7	MATRIX	GPR11,MATRIX,VEC2,VEC4,VEC5,VEC6,VEC7	MATRIX	agree	-	-	GPR11,MATRIX,VEC2,VEC4,VEC5,VEC6,VEC7	MATRIX	same	index-runtime:ZA
smlsll_za_zzw_2x2	smlsll	0961e4c1	smlsll za.d[w11, 4:7, vgx2], { z8.h, z9.h }, { z4.h, z5.h }	mortlach2	1:MRA	ok	GPR11,MATRIX,VEC4,VEC5,VEC8,VEC9	MATRIX	GPR11,MATRIX,VEC4,VEC5,VEC8,VEC9	MATRIX	agree	-	-	GPR11,MATRIX,VEC4,VEC5,VEC8,VEC9	MATRIX	same	index-runtime:ZA
smlsll_za_zzw_4x4	smlsll	0962e9c1	smlsll za.d[w11, 4:7, vgx4], { z16.h - z19.h }, { z8.h - z11.h }	mortlach2	1:MRA	ok	GPR11,MATRIX,VEC10,VEC11,VEC16,VEC17,VEC18,VEC19,VEC8,VEC9	MATRIX	GPR11,MATRIX,VEC10,VEC11,VEC16,VEC17,VEC18,VEC19,VEC8,VEC9	MATRIX	agree	-	-	GPR11,MATRIX,VEC10,VEC11,VEC16,VEC17,VEC18,VEC19,VEC8,VEC9	MATRIX	same	index-runtime:ZA
smlslt_z_zzz_	smlslt	64544244	smlslt z4.h, z3.b, z2.b	sve2	1:MRA	ok	VEC2,VEC3,VEC4	VEC4	VEC2,VEC3,VEC4	VEC4	agree	-	-	VEC2,VEC3,VEC4	VEC4	same	-
smlslt_z_zzzi_d	smlslt	85acf244	smlslt z5.d, z4.s, z2.s[3]	sve2	1:MRA	ok	VEC2,VEC4,VEC5	VEC5	VEC2,VEC4,VEC5	VEC5	agree	-	-	VEC2,VEC4,VEC5	VEC5	same	-
smlslt_z_zzzi_s	smlslt	85acaa44	smlslt z5.s, z4.h, z2.h[3]	sve2	1:MRA	ok	VEC2,VEC4,VEC5	VEC5	VEC2,VEC4,VEC5	VEC5	agree	-	-	VEC2,VEC4,VEC5	VEC5	same	-
smmla_z_zzz_	smmla	43980145	smmla z3.s, z2.b, z1.b	sve	1:MRA	ok	VEC1,VEC2,VEC3	VEC3	VEC1,VEC2,VEC3	VEC3	agree	-	-	VEC1,VEC2,VEC3	VEC3	same	-
smopa_za32_pp_zz_16	smopa	894c81a0	smopa za1.s, p3/m, p2/m, z4.h, z1.h	mortlach2	1:MRA	ok	MATRIX,PRED2,PRED3,VEC1,VEC4	MATRIX	MATRIX,PRED2,PRED3,VEC1,VEC4	MATRIX	agree	-	-	MATRIX,PRED2,PRED3,VEC1,VEC4	MATRIX	same	-
smopa_za_pp_zz_32	smopa	814c81a0	smopa za1.s, p3/m, p2/m, z4.b, z1.b	mortlach	1:MRA	ok	MATRIX,PRED2,PRED3,VEC1,VEC4	MATRIX	MATRIX,PRED2,PRED3,VEC1,VEC4	MATRIX	agree	-	-	MATRIX,PRED2,PRED3,VEC1,VEC4	MATRIX	same	-
smopa_za_pp_zz_64	smopa	854cc1a0	smopa za5.d, p3/m, p2/m, z4.h, z1.h	mortlach	1:MRA	ok	MATRIX,PRED2,PRED3,VEC1,VEC4	MATRIX	MATRIX,PRED2,PRED3,VEC1,VEC4	MATRIX	agree	-	-	MATRIX,PRED2,PRED3,VEC1,VEC4	MATRIX	same	-
smops_za32_pp_zz_16	smops	994c81a0	smops za1.s, p3/m, p2/m, z4.h, z1.h	mortlach2	1:MRA	ok	MATRIX,PRED2,PRED3,VEC1,VEC4	MATRIX	MATRIX,PRED2,PRED3,VEC1,VEC4	MATRIX	agree	-	-	MATRIX,PRED2,PRED3,VEC1,VEC4	MATRIX	same	-
smops_za_pp_zz_32	smops	914c81a0	smops za1.s, p3/m, p2/m, z4.b, z1.b	mortlach	1:MRA	ok	MATRIX,PRED2,PRED3,VEC1,VEC4	MATRIX	MATRIX,PRED2,PRED3,VEC1,VEC4	MATRIX	agree	-	-	MATRIX,PRED2,PRED3,VEC1,VEC4	MATRIX	same	-
smops_za_pp_zz_64	smops	954cc1a0	smops za5.d, p3/m, p2/m, z4.h, z1.h	mortlach	1:MRA	ok	MATRIX,PRED2,PRED3,VEC1,VEC4	MATRIX	MATRIX,PRED2,PRED3,VEC1,VEC4	MATRIX	agree	-	-	MATRIX,PRED2,PRED3,VEC1,VEC4	MATRIX	same	-
smulh_z_p_zz_	smulh	64085204	smulh z4.h, p2/m, z4.h, z3.h	sve	1:MRA	ok	PRED2,VEC3,VEC4	VEC4	PRED2,VEC3,VEC4	VEC4	agree	-	-	PRED2,VEC3,VEC4	VEC4	same	unbounded-loop
smulh_z_zz_	smulh	64686204	smulh z4.h, z3.h, z2.h	sve2	1:MRA	ok	VEC2,VEC3	VEC4	VEC2,VEC3	VEC4	agree	-	-	VEC2,VEC3	VEC4	same	-
smullb_z_zz_	smullb	64704245	smullb z4.h, z3.b, z2.b	sve2	1:MRA	ok	VEC2,VEC3	VEC4	VEC2,VEC3	VEC4	agree	-	-	VEC2,VEC3	VEC4	same	-
smullb_z_zzi_d	smullb	85c8f244	smullb z5.d, z4.s, z2.s[3]	sve2	1:MRA	ok	VEC2,VEC4	VEC5	VEC2,VEC4	VEC5	agree	-	-	VEC2,VEC4	VEC5	same	-
smullb_z_zzi_s	smullb	85c8aa44	smullb z5.s, z4.h, z2.h[3]	sve2	1:MRA	ok	VEC2,VEC4	VEC5	VEC2,VEC4	VEC5	agree	-	-	VEC2,VEC4	VEC5	same	-
smullt_z_zz_	smullt	64744245	smullt z4.h, z3.b, z2.b	sve2	1:MRA	ok	VEC2,VEC3	VEC4	VEC2,VEC3	VEC4	agree	-	-	VEC2,VEC3	VEC4	same	-
smullt_z_zzi_d	smullt	85ccf244	smullt z5.d, z4.s, z2.s[3]	sve2	1:MRA	ok	VEC2,VEC4	VEC5	VEC2,VEC4	VEC5	agree	-	-	VEC2,VEC4	VEC5	same	-
smullt_z_zzi_s	smullt	85ccaa44	smullt z5.s, z4.h, z2.h[3]	sve2	1:MRA	ok	VEC2,VEC4	VEC5	VEC2,VEC4	VEC5	agree	-	-	VEC2,VEC4	VEC5	same	-
splice_z_p_zz_con	splice	64886d05	splice z4.h, p2, { z3.h, z4.h }	sve	1:MRA	ok	PRED2,VEC3,VEC4	VEC4	PRED2,VEC3,VEC4	VEC4	agree	-	-	PRED2,VEC3,VEC4	VEC4	same	unbounded-loop
splice_z_p_zz_des	splice	64886c05	splice z4.h, p2, z4.h, z3.h	sve	1:MRA	ok	PRED2,VEC3,VEC4	VEC4	PRED2,VEC3,VEC4	VEC4	agree	-	-	PRED2,VEC3,VEC4	VEC4	same	unbounded-loop
sqabs_z_p_z_	sqabs	64a84844	sqabs z4.h, p2/m, z3.h	sve2	1:MRA	ok	PRED2,VEC3,VEC4	VEC4	FCSR,PRED2,VEC3,VEC4	VEC4	disagree	SRC+trc:FCSR	-	PRED2,VEC3,VEC4	VEC4	same	unbounded-loop
sqadd_z_p_zz_	sqadd	64885844	sqadd z4.h, p2/m, z4.h, z3.h	sve2	1:MRA	ok	PRED2,VEC3,VEC4	VEC4	FCSR,PRED2,VEC3,VEC4	VEC4	disagree	SRC+trc:FCSR	-	PRED2,VEC3,VEC4	VEC4	same	unbounded-loop
sqadd_z_zi_	sqadd	64c06425	sqadd z4.h, z4.h, #3	sve	1:MRA	ok	VEC4	VEC4	FCSR,VEC4	VEC4	disagree	SRC+trc:FCSR	-	VEC4	VEC4	same	-
sqadd_z_zz_	sqadd	64106204	sqadd z4.h, z3.h, z2.h	sve	1:MRA	ok	VEC2,VEC3	VEC4	FCSR,VEC2,VEC3	VEC4	disagree	SRC+trc:FCSR	-	VEC2,VEC3	VEC4	same	-
sqcadd_z_zz_	sqcadd	64d84145	sqcadd z4.h, z4.h, z3.h, #90	sve2	1:MRA	ok	VEC3,VEC4	VEC4	FCSR,VEC3,VEC4	VEC4	disagree	SRC+trc:FCSR	-	VEC3,VEC4	VEC4	same	-
sqcvt_z_mz2_	sqcvt	42e023c1	sqcvt z2.h, { z2.s, z3.s }	mortlach2	1:MRA	ok	VEC2,VEC3	VEC2	FCSR,VEC2,VEC3	VEC2	disagree	SRC+trc:FCSR	-	VEC2,VEC3	VEC2	same	-
sqcvt_z_mz4_	sqcvt	03e1b3c1	sqcvt z3.h, { z8.d - z11.d }	mortlach2	1:MRA	ok	VEC10,VEC11,VEC8,VEC9	VEC3	FCSR,VEC10,VEC11,VEC8,VEC9	VEC3	disagree	SRC+trc:FCSR	-	VEC10,VEC11,VEC8,VEC9	VEC3	same	-
sqcvtn_z_mz2_	sqcvtn	42403145	sqcvtn z2.h, { z2.s, z3.s }	sve2	1:MRA	ok	VEC2,VEC3	VEC2	FCSR,VEC2,VEC3	VEC2	disagree	SRC+trc:FCSR	-	VEC2,VEC3	VEC2	same	-
sqcvtn_z_mz4_	sqcvtn	43e1b3c1	sqcvtn z3.h, { z8.d - z11.d }	mortlach2	1:MRA	ok	VEC10,VEC11,VEC8,VEC9	VEC3	FCSR,VEC10,VEC11,VEC8,VEC9	VEC3	disagree	SRC+trc:FCSR	-	VEC10,VEC11,VEC8,VEC9	VEC3	same	-
sqcvtu_z_mz2_	sqcvtu	42e063c1	sqcvtu z2.h, { z2.s, z3.s }	mortlach2	1:MRA	ok	VEC2,VEC3	VEC2	FCSR,VEC2,VEC3	VEC2	disagree	SRC+trc:FCSR	-	VEC2,VEC3	VEC2	same	-
sqcvtu_z_mz4_	sqcvtu	03e1f3c1	sqcvtu z3.h, { z8.d - z11.d }	mortlach2	1:MRA	ok	VEC10,VEC11,VEC8,VEC9	VEC3	FCSR,VEC10,VEC11,VEC8,VEC9	VEC3	disagree	SRC+trc:FCSR	-	VEC10,VEC11,VEC8,VEC9	VEC3	same	-
sqcvtun_z_mz2_	sqcvtun	42503145	sqcvtun z2.h, { z2.s, z3.s }	sve2	1:MRA	ok	VEC2,VEC3	VEC2	FCSR,VEC2,VEC3	VEC2	disagree	SRC+trc:FCSR	-	VEC2,VEC3	VEC2	same	-
sqcvtun_z_mz4_	sqcvtun	43e1f3c1	sqcvtun z3.h, { z8.d - z11.d }	mortlach2	1:MRA	ok	VEC10,VEC11,VEC8,VEC9	VEC3	FCSR,VEC10,VEC11,VEC8,VEC9	VEC3	disagree	SRC+trc:FCSR	-	VEC10,VEC11,VEC8,VEC9	VEC3	same	-
sqdecb_r_rs_sx	sqdecb	43f82104	sqdecb x3, w3, vl2, mul #2	sve	1:MRA	ok	GPR3	GPR3	FCSR,GPR3	GPR3	disagree	SRC+trc:FCSR	-	GPR3	GPR3	same	-
sqdecb_r_rs_x	sqdecb	43f83104	sqdecb x3, vl2, mul #2	sve	1:MRA	ok	GPR3	GPR3	FCSR,GPR3	GPR3	disagree	SRC+trc:FCSR	-	GPR3	GPR3	same	-
sqdecd_r_rs_sx	sqdecd	43f8e104	sqdecd x3, w3, vl2, mul #2	sve	1:MRA	ok	GPR3	GPR3	FCSR,GPR3	GPR3	disagree	SRC+trc:FCSR	-	GPR3	GPR3	same	-
sqdecd_r_rs_x	sqdecd	43f8f104	sqdecd x3, vl2, mul #2	sve	1:MRA	ok	GPR3	GPR3	FCSR,GPR3	GPR3	disagree	SRC+trc:FCSR	-	GPR3	GPR3	same	-
sqdecd_z_zs_	sqdecd	43c8e104	sqdecd z3.d, vl2, mul #2	sve	1:MRA	ok	VEC3	VEC3	FCSR,VEC3	VEC3	disagree	SRC+trc:FCSR	-	VEC3	VEC3	same	-
sqdech_r_rs_sx	sqdech	43f86104	sqdech x3, w3, vl2, mul #2	sve	1:MRA	ok	GPR3	GPR3	FCSR,GPR3	GPR3	disagree	SRC+trc:FCSR	-	GPR3	GPR3	same	-
sqdech_r_rs_x	sqdech	43f87104	sqdech x3, vl2, mul #2	sve	1:MRA	ok	GPR3	GPR3	FCSR,GPR3	GPR3	disagree	SRC+trc:FCSR	-	GPR3	GPR3	same	-
sqdech_z_zs_	sqdech	43c86104	sqdech z3.h, vl2, mul #2	sve	1:MRA	ok	VEC3	VEC3	FCSR,VEC3	VEC3	disagree	SRC+trc:FCSR	-	VEC3	VEC3	same	-
sqdecp_r_p_r_sx	sqdecp	43886a25	sqdecp x3, p2.h, w3	sve	1:MRA	ok	GPR3,PRED2	GPR3	FCSR,GPR3,PRED2	GPR3	disagree	SRC+trc:FCSR	-	GPR3,PRED2	GPR3	same	-
sqdecp_r_p_r_x	sqdecp	438c6a25	sqdecp x3, p2.h	sve	1:MRA	ok	GPR3,PRED2	GPR3	FCSR,GPR3,PRED2	GPR3	disagree	SRC+trc:FCSR	-	GPR3,PRED2	GPR3	same	-
sqdecp_z_p_z_	sqdecp	43806a25	sqdecp z3.h, p2.h	sve	1:MRA	ok	PRED2,VEC3	VEC3	FCSR,PRED2,VEC3	VEC3	disagree	SRC+trc:FCSR	-	PRED2,VEC3	VEC3	same	-
sqdecw_r_rs_sx	sqdecw	43f8a104	sqdecw x3, w3, vl2, mul #2	sve	1:MRA	ok	GPR3	GPR3	FCSR,GPR3	GPR3	disagree	SRC+trc:FCSR	-	GPR3	GPR3	same	-
sqdecw_r_rs_x	sqdecw	43f8b104	sqdecw x3, vl2, mul #2	sve	1:MRA	ok	GPR3	GPR3	FCSR,GPR3	GPR3	disagree	SRC+trc:FCSR	-	GPR3	GPR3	same	-
sqdecw_z_zs_	sqdecw	43c8a104	sqdecw z3.s, vl2, mul #2	sve	1:MRA	ok	VEC3	VEC3	FCSR,VEC3	VEC3	disagree	SRC+trc:FCSR	-	VEC3	VEC3	same	-
sqdmlalb_z_zzz_	sqdmlalb	64604244	sqdmlalb z4.h, z3.b, z2.b	sve2	1:MRA	ok	VEC2,VEC3,VEC4	VEC4	FCSR,VEC2,VEC3,VEC4	VEC4	disagree	SRC+trc:FCSR	-	VEC2,VEC3,VEC4	VEC4	same	-
sqdmlalb_z_zzzi_d	sqdmlalb	8528f244	sqdmlalb z5.d, z4.s, z2.s[3]	sve2	1:MRA	ok	VEC2,VEC4,VEC5	VEC5	FCSR,VEC2,VEC4,VEC5	VEC5	disagree	SRC+trc:FCSR	-	VEC2,VEC4,VEC5	VEC5	same	-
sqdmlalb_z_zzzi_s	sqdmlalb	8528aa44	sqdmlalb z5.s, z4.h, z2.h[3]	sve2	1:MRA	ok	VEC2,VEC4,VEC5	VEC5	FCSR,VEC2,VEC4,VEC5	VEC5	disagree	SRC+trc:FCSR	-	VEC2,VEC4,VEC5	VEC5	same	-
sqdmlalbt_z_zzz_	sqdmlalbt	64084244	sqdmlalbt z4.h, z3.b, z2.b	sve2	1:MRA	ok	VEC2,VEC3,VEC4	VEC4	FCSR,VEC2,VEC3,VEC4	VEC4	disagree	SRC+trc:FCSR	-	VEC2,VEC3,VEC4	VEC4	same	-
sqdmlalt_z_zzz_	sqdmlalt	64644244	sqdmlalt z4.h, z3.b, z2.b	sve2	1:MRA	ok	VEC2,VEC3,VEC4	VEC4	FCSR,VEC2,VEC3,VEC4	VEC4	disagree	SRC+trc:FCSR	-	VEC2,VEC3,VEC4	VEC4	same	-
sqdmlalt_z_zzzi_d	sqdmlalt	852cf244	sqdmlalt z5.d, z4.s, z2.s[3]	sve2	1:MRA	ok	VEC2,VEC4,VEC5	VEC5	FCSR,VEC2,VEC4,VEC5	VEC5	disagree	SRC+trc:FCSR	-	VEC2,VEC4,VEC5	VEC5	same	-
sqdmlalt_z_zzzi_s	sqdmlalt	852caa44	sqdmlalt z5.s, z4.h, z2.h[3]	sve2	1:MRA	ok	VEC2,VEC4,VEC5	VEC5	FCSR,VEC2,VEC4,VEC5	VEC5	disagree	SRC+trc:FCSR	-	VEC2,VEC4,VEC5	VEC5	same	-
sqdmlslb_z_zzz_	sqdmlslb	64684244	sqdmlslb z4.h, z3.b, z2.b	sve2	1:MRA	ok	VEC2,VEC3,VEC4	VEC4	FCSR,VEC2,VEC3,VEC4	VEC4	disagree	SRC+trc:FCSR	-	VEC2,VEC3,VEC4	VEC4	same	-
sqdmlslb_z_zzzi_d	sqdmlslb	8538f244	sqdmlslb z5.d, z4.s, z2.s[3]	sve2	1:MRA	ok	VEC2,VEC4,VEC5	VEC5	FCSR,VEC2,VEC4,VEC5	VEC5	disagree	SRC+trc:FCSR	-	VEC2,VEC4,VEC5	VEC5	same	-
sqdmlslb_z_zzzi_s	sqdmlslb	8538aa44	sqdmlslb z5.s, z4.h, z2.h[3]	sve2	1:MRA	ok	VEC2,VEC4,VEC5	VEC5	FCSR,VEC2,VEC4,VEC5	VEC5	disagree	SRC+trc:FCSR	-	VEC2,VEC4,VEC5	VEC5	same	-
sqdmlslbt_z_zzz_	sqdmlslbt	640c4244	sqdmlslbt z4.h, z3.b, z2.b	sve2	1:MRA	ok	VEC2,VEC3,VEC4	VEC4	FCSR,VEC2,VEC3,VEC4	VEC4	disagree	SRC+trc:FCSR	-	VEC2,VEC3,VEC4	VEC4	same	-
sqdmlslt_z_zzz_	sqdmlslt	646c4244	sqdmlslt z4.h, z3.b, z2.b	sve2	1:MRA	ok	VEC2,VEC3,VEC4	VEC4	FCSR,VEC2,VEC3,VEC4	VEC4	disagree	SRC+trc:FCSR	-	VEC2,VEC3,VEC4	VEC4	same	-
sqdmlslt_z_zzzi_d	sqdmlslt	853cf244	sqdmlslt z5.d, z4.s, z2.s[3]	sve2	1:MRA	ok	VEC2,VEC4,VEC5	VEC5	FCSR,VEC2,VEC4,VEC5	VEC5	disagree	SRC+trc:FCSR	-	VEC2,VEC4,VEC5	VEC5	same	-
sqdmlslt_z_zzzi_s	sqdmlslt	853caa44	sqdmlslt z5.s, z4.h, z2.h[3]	sve2	1:MRA	ok	VEC2,VEC4,VEC5	VEC5	FCSR,VEC2,VEC4,VEC5	VEC5	disagree	SRC+trc:FCSR	-	VEC2,VEC4,VEC5	VEC5	same	-
sqdmulh_mz_zzv_2x1	sqdmulh	06a462c1	sqdmulh { z6.h, z7.h }, { z6.h, z7.h }, z2.h	mortlach2	1:MRA	ok	VEC2,VEC6,VEC7	VEC6,VEC7	FCSR,VEC2,VEC6,VEC7	VEC6,VEC7	disagree	SRC+trc:FCSR	-	VEC2,VEC6,VEC7	VEC6,VEC7	same	-
sqdmulh_mz_zzv_4x1	sqdmulh	0cac62c1	sqdmulh { z12.h - z15.h }, { z12.h - z15.h }, z2.h	mortlach2	1:MRA	ok	VEC12,VEC13,VEC14,VEC15,VEC2	VEC12,VEC13,VEC14,VEC15	FCSR,VEC12,VEC13,VEC14,VEC15,VEC2	VEC12,VEC13,VEC14,VEC15	disagree	SRC+trc:FCSR	-	VEC12,VEC13,VEC14,VEC15,VEC2	VEC12,VEC13,VEC14,VEC15	same	-
sqdmulh_mz_zzw_2x2	sqdmulh	06b464c1	sqdmulh { z6.h, z7.h }, { z6.h, z7.h }, { z4.h, z5.h }	mortlach2	1:MRA	ok	VEC4,VEC5,VEC6,VEC7	VEC6,VEC7	FCSR,VEC4,VEC5,VEC6,VEC7	VEC6,VEC7	disagree	SRC+trc:FCSR	-	VEC4,VEC5,VEC6,VEC7	VEC6,VEC7	same	-
sqdmulh_mz_zzw_4x4	sqdmulh	0cbc68c1	sqdmulh { z12.h - z15.h }, { z12.h - z15.h }, { z8.h - z11.h }	mortlach2	1:MRA	ok	VEC10,VEC11,VEC12,VEC13,VEC14,VEC15,VEC8,VEC9	VEC12,VEC13,VEC14,VEC15	FCSR,VEC10,VEC11,VEC12,VEC13,VEC14,VEC15,VEC8,VEC9	VEC12,VEC13,VEC14,VEC15	disagree	SRC+trc:FCSR	-	VEC10,VEC11,VEC12,VEC13,VEC14,VEC15,VEC8,VEC9	VEC12,VEC13,VEC14,VEC15	same	-
sqdmulh_z_zz_	sqdmulh	64706204	sqdmulh z4.h, z3.h, z2.h	sve2	1:MRA	ok	VEC2,VEC3	VEC4	FCSR,VEC2,VEC3	VEC4	disagree	SRC+trc:FCSR	-	VEC2,VEC3	VEC4	same	-
sqdmulh_z_zzi_d	sqdmulh	64f0f244	sqdmulh z4.d, z3.d, z2.d[1]	sve2	1:MRA	ok	VEC2,VEC3	VEC4	FCSR,VEC2,VEC3	VEC4	disagree	SRC+trc:FCSR	-	VEC2,VEC3	VEC4	same	-
sqdmulh_z_zzi_h	sqdmulh	85f07344	sqdmulh z5.h, z4.h, z3.h[6]	sve2	1:MRA	ok	VEC3,VEC4	VEC5	FCSR,VEC3,VEC4	VEC5	disagree	SRC+trc:FCSR	-	VEC3,VEC4	VEC5	same	-
sqdmulh_z_zzi_s	sqdmulh	64f0aa44	sqdmulh z4.s, z3.s, z2.s[1]	sve2	1:MRA	ok	VEC2,VEC3	VEC4	FCSR,VEC2,VEC3	VEC4	disagree	SRC+trc:FCSR	-	VEC2,VEC3	VEC4	same	-
sqdmullb_z_zz_	sqdmullb	64604245	sqdmullb z4.h, z3.b, z2.b	sve2	1:MRA	ok	VEC2,VEC3	VEC4	FCSR,VEC2,VEC3	VEC4	disagree	SRC+trc:FCSR	-	VEC2,VEC3	VEC4	same	-
sqdmullb_z_zzi_d	sqdmullb	85e8f244	sqdmullb z5.d, z4.s, z2.s[3]	sve2	1:MRA	ok	VEC2,VEC4	VEC5	FCSR,VEC2,VEC4	VEC5	disagree	SRC+trc:FCSR	-	VEC2,VEC4	VEC5	same	-
sqdmullb_z_zzi_s	sqdmullb	85e8aa44	sqdmullb z5.s, z4.h, z2.h[3]	sve2	1:MRA	ok	VEC2,VEC4	VEC5	FCSR,VEC2,VEC4	VEC5	disagree	SRC+trc:FCSR	-	VEC2,VEC4	VEC5	same	-
sqdmullt_z_zz_	sqdmullt	64644245	sqdmullt z4.h, z3.b, z2.b	sve2	1:MRA	ok	VEC2,VEC3	VEC4	FCSR,VEC2,VEC3	VEC4	disagree	SRC+trc:FCSR	-	VEC2,VEC3	VEC4	same	-
sqdmullt_z_zzi_d	sqdmullt	85ecf244	sqdmullt z5.d, z4.s, z2.s[3]	sve2	1:MRA	ok	VEC2,VEC4	VEC5	FCSR,VEC2,VEC4	VEC5	disagree	SRC+trc:FCSR	-	VEC2,VEC4	VEC5	same	-
sqdmullt_z_zzi_s	sqdmullt	85ecaa44	sqdmullt z5.s, z4.h, z2.h[3]	sve2	1:MRA	ok	VEC2,VEC4	VEC5	FCSR,VEC2,VEC4	VEC5	disagree	SRC+trc:FCSR	-	VEC2,VEC4	VEC5	same	-
sqincb_r_rs_sx	sqincb	43f02104	sqincb x3, w3, vl2, mul #2	sve	1:MRA	ok	GPR3	GPR3	FCSR,GPR3	GPR3	disagree	SRC+trc:FCSR	-	GPR3	GPR3	same	-
sqincb_r_rs_x	sqincb	43f03104	sqincb x3, vl2, mul #2	sve	1:MRA	ok	GPR3	GPR3	FCSR,GPR3	GPR3	disagree	SRC+trc:FCSR	-	GPR3	GPR3	same	-
sqincd_r_rs_sx	sqincd	43f0e104	sqincd x3, w3, vl2, mul #2	sve	1:MRA	ok	GPR3	GPR3	FCSR,GPR3	GPR3	disagree	SRC+trc:FCSR	-	GPR3	GPR3	same	-
sqincd_r_rs_x	sqincd	43f0f104	sqincd x3, vl2, mul #2	sve	1:MRA	ok	GPR3	GPR3	FCSR,GPR3	GPR3	disagree	SRC+trc:FCSR	-	GPR3	GPR3	same	-
sqincd_z_zs_	sqincd	43c0e104	sqincd z3.d, vl2, mul #2	sve	1:MRA	ok	VEC3	VEC3	FCSR,VEC3	VEC3	disagree	SRC+trc:FCSR	-	VEC3	VEC3	same	-
sqinch_r_rs_sx	sqinch	43f06104	sqinch x3, w3, vl2, mul #2	sve	1:MRA	ok	GPR3	GPR3	FCSR,GPR3	GPR3	disagree	SRC+trc:FCSR	-	GPR3	GPR3	same	-
sqinch_r_rs_x	sqinch	43f07104	sqinch x3, vl2, mul #2	sve	1:MRA	ok	GPR3	GPR3	FCSR,GPR3	GPR3	disagree	SRC+trc:FCSR	-	GPR3	GPR3	same	-
sqinch_z_zs_	sqinch	43c06104	sqinch z3.h, vl2, mul #2	sve	1:MRA	ok	VEC3	VEC3	FCSR,VEC3	VEC3	disagree	SRC+trc:FCSR	-	VEC3	VEC3	same	-
sqincp_r_p_r_sx	sqincp	43886825	sqincp x3, p2.h, w3	sve	1:MRA	ok	GPR3,PRED2	GPR3	FCSR,GPR3,PRED2	GPR3	disagree	SRC+trc:FCSR	-	GPR3,PRED2	GPR3	same	-
sqincp_r_p_r_x	sqincp	438c6825	sqincp x3, p2.h	sve	1:MRA	ok	GPR3,PRED2	GPR3	FCSR,GPR3,PRED2	GPR3	disagree	SRC+trc:FCSR	-	GPR3,PRED2	GPR3	same	-
sqincp_z_p_z_	sqincp	43806825	sqincp z3.h, p2.h	sve	1:MRA	ok	PRED2,VEC3	VEC3	FCSR,PRED2,VEC3	VEC3	disagree	SRC+trc:FCSR	-	PRED2,VEC3	VEC3	same	-
sqincw_r_rs_sx	sqincw	43f0a104	sqincw x3, w3, vl2, mul #2	sve	1:MRA	ok	GPR3	GPR3	FCSR,GPR3	GPR3	disagree	SRC+trc:FCSR	-	GPR3	GPR3	same	-
sqincw_r_rs_x	sqincw	43f0b104	sqincw x3, vl2, mul #2	sve	1:MRA	ok	GPR3	GPR3	FCSR,GPR3	GPR3	disagree	SRC+trc:FCSR	-	GPR3	GPR3	same	-
sqincw_z_zs_	sqincw	43c0a104	sqincw z3.s, vl2, mul #2	sve	1:MRA	ok	VEC3	VEC3	FCSR,VEC3	VEC3	disagree	SRC+trc:FCSR	-	VEC3	VEC3	same	-
sqneg_z_p_z_	sqneg	64a84944	sqneg z4.h, p2/m, z3.h	sve2	1:MRA	ok	PRED2,VEC3,VEC4	VEC4	FCSR,PRED2,VEC3,VEC4	VEC4	disagree	SRC+trc:FCSR	-	PRED2,VEC3,VEC4	VEC4	same	unbounded-loop
sqrdcmlah_z_zzz_	sqrdcmlah	853c4244	sqrdcmlah z5.h, z4.h, z2.h, #270	sve2	1:MRA	ok	VEC2,VEC4,VEC5	VEC5	FCSR,VEC2,VEC4,VEC5	VEC5	disagree	SRC+trc:FCSR	-	VEC2,VEC4,VEC5	VEC5	same	-
sqrdcmlah_z_zzzi_h	sqrdcmlah	857caa44	sqrdcmlah z5.h, z4.h, z2.h[1], #270	sve2	1:MRA	ok	VEC2,VEC4,VEC5	VEC5	FCSR,VEC2,VEC4,VEC5	VEC5	disagree	SRC+trc:FCSR	-	VEC2,VEC4,VEC5	VEC5	same	-
sqrdcmlah_z_zzzi_s	sqrdcmlah	857cf244	sqrdcmlah z5.s, z4.s, z2.s[1], #270	sve2	1:MRA	ok	VEC2,VEC4,VEC5	VEC5	FCSR,VEC2,VEC4,VEC5	VEC5	disagree	SRC+trc:FCSR	-	VEC2,VEC4,VEC5	VEC5	same	-
sqrdmlah_z_zzz_	sqrdmlah	64704244	sqrdmlah z4.h, z3.h, z2.h	sve2	1:MRA	ok	VEC2,VEC3,VEC4	VEC4	FCSR,VEC2,VEC3,VEC4	VEC4	disagree	SRC+trc:FCSR	-	VEC2,VEC3,VEC4	VEC4	same	-
sqrdmlah_z_zzzi_d	sqrdmlah	6410f244	sqrdmlah z4.d, z3.d, z2.d[1]	sve2	1:MRA	ok	VEC2,VEC3,VEC4	VEC4	FCSR,VEC2,VEC3,VEC4	VEC4	disagree	SRC+trc:FCSR	-	VEC2,VEC3,VEC4	VEC4	same	-
sqrdmlah_z_zzzi_h	sqrdmlah	85107344	sqrdmlah z5.h, z4.h, z3.h[6]	sve2	1:MRA	ok	VEC3,VEC4,VEC5	VEC5	FCSR,VEC3,VEC4,VEC5	VEC5	disagree	SRC+trc:FCSR	-	VEC3,VEC4,VEC5	VEC5	same	-
sqrdmlah_z_zzzi_s	sqrdmlah	6410aa44	sqrdmlah z4.s, z3.s, z2.s[1]	sve2	1:MRA	ok	VEC2,VEC3,VEC4	VEC4	FCSR,VEC2,VEC3,VEC4	VEC4	disagree	SRC+trc:FCSR	-	VEC2,VEC3,VEC4	VEC4	same	-
sqrdmlsh_z_zzz_	sqrdmlsh	64744244	sqrdmlsh z4.h, z3.h, z2.h	sve2	1:MRA	ok	VEC2,VEC3,VEC4	VEC4	FCSR,VEC2,VEC3,VEC4	VEC4	disagree	SRC+trc:FCSR	-	VEC2,VEC3,VEC4	VEC4	same	-
sqrdmlsh_z_zzzi_d	sqrdmlsh	6414f244	sqrdmlsh z4.d, z3.d, z2.d[1]	sve2	1:MRA	ok	VEC2,VEC3,VEC4	VEC4	FCSR,VEC2,VEC3,VEC4	VEC4	disagree	SRC+trc:FCSR	-	VEC2,VEC3,VEC4	VEC4	same	-
sqrdmlsh_z_zzzi_h	sqrdmlsh	85147344	sqrdmlsh z5.h, z4.h, z3.h[6]	sve2	1:MRA	ok	VEC3,VEC4,VEC5	VEC5	FCSR,VEC3,VEC4,VEC5	VEC5	disagree	SRC+trc:FCSR	-	VEC3,VEC4,VEC5	VEC5	same	-
sqrdmlsh_z_zzzi_s	sqrdmlsh	6414aa44	sqrdmlsh z4.s, z3.s, z2.s[1]	sve2	1:MRA	ok	VEC2,VEC3,VEC4	VEC4	FCSR,VEC2,VEC3,VEC4	VEC4	disagree	SRC+trc:FCSR	-	VEC2,VEC3,VEC4	VEC4	same	-
sqrdmulh_z_zz_	sqrdmulh	64746204	sqrdmulh z4.h, z3.h, z2.h	sve2	1:MRA	ok	VEC2,VEC3	VEC4	FCSR,VEC2,VEC3	VEC4	disagree	SRC+trc:FCSR	-	VEC2,VEC3	VEC4	same	-
sqrdmulh_z_zzi_d	sqrdmulh	64f4f244	sqrdmulh z4.d, z3.d, z2.d[1]	sve2	1:MRA	ok	VEC2,VEC3	VEC4	FCSR,VEC2,VEC3	VEC4	disagree	SRC+trc:FCSR	-	VEC2,VEC3	VEC4	same	-
sqrdmulh_z_zzi_h	sqrdmulh	85f47344	sqrdmulh z5.h, z4.h, z3.h[6]	sve2	1:MRA	ok	VEC3,VEC4	VEC5	FCSR,VEC3,VEC4	VEC5	disagree	SRC+trc:FCSR	-	VEC3,VEC4	VEC5	same	-
sqrdmulh_z_zzi_s	sqrdmulh	64f4aa44	sqrdmulh z4.s, z3.s, z2.s[1]	sve2	1:MRA	ok	VEC2,VEC3	VEC4	FCSR,VEC2,VEC3	VEC4	disagree	SRC+trc:FCSR	-	VEC2,VEC3	VEC4	same	-
sqrshl_z_p_zz_	sqrshl	64884a44	sqrshl z4.h, p2/m, z4.h, z3.h	sve2	1:MRA	ok	PRED2,VEC3,VEC4	VEC4	FCSR,PRED2,VEC3,VEC4	VEC4	disagree	SRC+trc:FCSR	-	PRED2,VEC3,VEC4	VEC4	same	unbounded-loop
sqrshlr_z_p_zz_	sqrshlr	64884e44	sqrshlr z4.h, p2/m, z4.h, z3.h	sve2	1:MRA	ok	PRED2,VEC3,VEC4	VEC4	FCSR,PRED2,VEC3,VEC4	VEC4	disagree	SRC+trc:FCSR	-	PRED2,VEC3,VEC4	VEC4	same	unbounded-loop
sqrshr_z_mz2_	sqrshr	83d4e1c1	sqrshr z3.h, { z4.s, z5.s }, #15	mortlach2	1:MRA	ok	VEC4,VEC5	VEC3	FCSR,VEC4,VEC5	VEC3	disagree	SRC+trc:FCSR	-	VEC4,VEC5	VEC3	same	-
sqrshr_z_mz4_	sqrshr	84d962c1	sqrshr z4.b, { z12.s - z15.s }, #30	mortlach2	1:MRA	ok	VEC12,VEC13,VEC14,VEC15	VEC4	FCSR,VEC12,VEC13,VEC14,VEC15	VEC4	disagree	SRC+trc:FCSR	-	VEC12,VEC13,VEC14,VEC15	VEC4	same	-
sqrshrn_z_mz2_	sqrshrn	8328b145	sqrshrn z3.h, { z4.s, z5.s }, #15	sve2	1:MRA	ok	VEC4,VEC5	VEC3	FCSR,VEC4,VEC5	VEC3	disagree	SRC+trc:FCSR	-	VEC4,VEC5	VEC3	same	-
sqrshrn_z_mz4_	sqrshrn	84dd62c1	sqrshrn z4.b, { z12.s - z15.s }, #30	mortlach2	1:MRA	ok	VEC12,VEC13,VEC14,VEC15	VEC4	FCSR,VEC12,VEC13,VEC14,VEC15	VEC4	disagree	SRC+trc:FCSR	-	VEC12,VEC13,VEC14,VEC15	VEC4	same	-
sqrshrnb_z_zi_	sqrshrnb	85287345	sqrshrnb z5.s, z4.d, #13	sve2	1:MRA	ok	VEC4	VEC5	FCSR,VEC4	VEC5	disagree	SRC+trc:FCSR	-	VEC4	VEC5	same	-
sqrshrnt_z_zi_	sqrshrnt	852c7345	sqrshrnt z5.s, z4.d, #13	sve2	1:MRA	ok	VEC4,VEC5	VEC5	FCSR,VEC4,VEC5	VEC5	disagree	SRC+trc:FCSR	-	VEC4,VEC5	VEC5	same	-
sqrshru_z_mz2_	sqrshru	83d4f1c1	sqrshru z3.h, { z4.s, z5.s }, #15	mortlach2	1:MRA	ok	VEC4,VEC5	VEC3	FCSR,VEC4,VEC5	VEC3	disagree	SRC+trc:FCSR	-	VEC4,VEC5	VEC3	same	-
sqrshru_z_mz4_	sqrshru	c4d962c1	sqrshru z4.b, { z12.s - z15.s }, #30	mortlach2	1:MRA	ok	VEC12,VEC13,VEC14,VEC15	VEC4	FCSR,VEC12,VEC13,VEC14,VEC15	VEC4	disagree	SRC+trc:FCSR	-	VEC12,VEC13,VEC14,VEC15	VEC4	same	-
sqrshrun_z_mz2_	sqrshrun	8308b145	sqrshrun z3.h, { z4.s, z5.s }, #15	sve2	1:MRA	ok	VEC4,VEC5	VEC3	FCSR,VEC4,VEC5	VEC3	disagree	SRC+trc:FCSR	-	VEC4,VEC5	VEC3	same	-
sqrshrun_z_mz4_	sqrshrun	c4dd62c1	sqrshrun z4.b, { z12.s - z15.s }, #30	mortlach2	1:MRA	ok	VEC12,VEC13,VEC14,VEC15	VEC4	FCSR,VEC12,VEC13,VEC14,VEC15	VEC4	disagree	SRC+trc:FCSR	-	VEC12,VEC13,VEC14,VEC15	VEC4	same	-
sqrshrunb_z_zi_	sqrshrunb	85087345	sqrshrunb z5.s, z4.d, #13	sve2	1:MRA	ok	VEC4	VEC5	FCSR,VEC4	VEC5	disagree	SRC+trc:FCSR	-	VEC4	VEC5	same	-
sqrshrunt_z_zi_	sqrshrunt	850c7345	sqrshrunt z5.s, z4.d, #13	sve2	1:MRA	ok	VEC4,VEC5	VEC5	FCSR,VEC4,VEC5	VEC5	disagree	SRC+trc:FCSR	-	VEC4,VEC5	VEC5	same	-
sqshl_z_p_zi_	sqshl	858b4604	sqshl z5.s, p2/m, z5.s, #28	sve2	1:MRA	ok	PRED2,VEC5	VEC5	FCSR,PRED2,VEC5	VEC5	disagree	SRC+trc:FCSR	-	PRED2,VEC5	VEC5	same	-
sqshl_z_p_zz_	sqshl	64884844	sqshl z4.h, p2/m, z4.h, z3.h	sve2	1:MRA	ok	PRED2,VEC3,VEC4	VEC4	FCSR,PRED2,VEC3,VEC4	VEC4	disagree	SRC+trc:FCSR	-	PRED2,VEC3,VEC4	VEC4	same	unbounded-loop
sqshlr_z_p_zz_	sqshlr	64884c44	sqshlr z4.h, p2/m, z4.h, z3.h	sve2	1:MRA	ok	PRED2,VEC3,VEC4	VEC4	FCSR,PRED2,VEC3,VEC4	VEC4	disagree	SRC+trc:FCSR	-	PRED2,VEC3,VEC4	VEC4	same	unbounded-loop
sqshlu_z_p_zi_	sqshlu	858b4f04	sqshlu z5.s, p2/m, z5.s, #28	sve2	1:MRA	ok	PRED2,VEC5	VEC5	FCSR,PRED2,VEC5	VEC5	disagree	SRC+trc:FCSR	-	PRED2,VEC5	VEC5	same	-
sqshrnb_z_zi_	sqshrnb	85207345	sqshrnb z5.s, z4.d, #13	sve2	1:MRA	ok	VEC4	VEC5	FCSR,VEC4	VEC5	disagree	SRC+trc:FCSR	-	VEC4	VEC5	same	-
sqshrnt_z_zi_	sqshrnt	85247345	sqshrnt z5.s, z4.d, #13	sve2	1:MRA	ok	VEC4,VEC5	VEC5	FCSR,VEC4,VEC5	VEC5	disagree	SRC+trc:FCSR	-	VEC4,VEC5	VEC5	same	-
sqshrunb_z_zi_	sqshrunb	85007345	sqshrunb z5.s, z4.d, #13	sve2	1:MRA	ok	VEC4	VEC5	FCSR,VEC4	VEC5	disagree	SRC+trc:FCSR	-	VEC4	VEC5	same	-
sqshrunt_z_zi_	sqshrunt	85047345	sqshrunt z5.s, z4.d, #13	sve2	1:MRA	ok	VEC4,VEC5	VEC5	FCSR,VEC4,VEC5	VEC5	disagree	SRC+trc:FCSR	-	VEC4,VEC5	VEC5	same	-
sqsub_z_p_zz_	sqsub	64885a44	sqsub z4.h, p2/m, z4.h, z3.h	sve2	1:MRA	ok	PRED2,VEC3,VEC4	VEC4	FCSR,PRED2,VEC3,VEC4	VEC4	disagree	SRC+trc:FCSR	-	PRED2,VEC3,VEC4	VEC4	same	unbounded-loop
sqsub_z_zi_	sqsub	64c06625	sqsub z4.h, z4.h, #3	sve	1:MRA	ok	VEC4	VEC4	FCSR,VEC4	VEC4	disagree	SRC+trc:FCSR	-	VEC4	VEC4	same	-
sqsub_z_zz_	sqsub	64186204	sqsub z4.h, z3.h, z2.h	sve	1:MRA	ok	VEC2,VEC3	VEC4	FCSR,VEC2,VEC3	VEC4	disagree	SRC+trc:FCSR	-	VEC2,VEC3	VEC4	same	-
sqsubr_z_p_zz_	sqsubr	64885e44	sqsubr z4.h, p2/m, z4.h, z3.h	sve2	1:MRA	ok	PRED2,VEC3,VEC4	VEC4	FCSR,PRED2,VEC3,VEC4	VEC4	disagree	SRC+trc:FCSR	-	PRED2,VEC3,VEC4	VEC4	same	unbounded-loop
sqxtnb_z_zz_	sqxtnb	94423045	sqxtnb z20.h, z20.s	sve2	1:MRA	ok	VEC20	VEC20	FCSR,VEC20	VEC20	disagree	SRC+trc:FCSR	-	VEC20	VEC20	same	-
sqxtnt_z_zz_	sqxtnt	9a463045	sqxtnt z26.h, z20.s	sve2	1:MRA	ok	VEC20,VEC26	VEC26	FCSR,VEC20,VEC26	VEC26	disagree	SRC+trc:FCSR	-	VEC20,VEC26	VEC26	same	-
sqxtunb_z_zz_	sqxtunb	be502845	sqxtunb z30.b, z5.h	sve2	1:MRA	ok	VEC5	VEC30	FCSR,VEC5	VEC30	disagree	SRC+trc:FCSR	-	VEC5	VEC30	same	-
sqxtunt_z_zz_	sqxtunt	31563045	sqxtunt z17.h, z17.s	sve2	1:MRA	ok	VEC17	VEC17	FCSR,VEC17	VEC17	disagree	SRC+trc:FCSR	-	VEC17	VEC17	same	-
srhadd_z_p_zz_	srhadd	64885444	srhadd z4.h, p2/m, z4.h, z3.h	sve2	1:MRA	ok	PRED2,VEC3,VEC4	VEC4	PRED2,VEC3,VEC4	VEC4	agree	-	-	PRED2,VEC3,VEC4	VEC4	same	unbounded-loop
sri_z_zzi_	sri	85f05345	sri z5.s, z4.s, #13	sve2	1:MRA	ok	VEC4,VEC5	VEC5	VEC4,VEC5	VEC5	agree	-	-	VEC4,VEC5	VEC5	same	-
srshl_mz_zzv_2x1	srshl	26a262c1	srshl { z6.h, z7.h }, { z6.h, z7.h }, z2.h	mortlach2	1:MRA	ok	VEC2,VEC6,VEC7	VEC6,VEC7	VEC2,VEC6,VEC7	VEC6,VEC7	agree	-	-	VEC2,VEC6,VEC7	VEC6,VEC7	same	-
srshl_mz_zzv_4x1	srshl	2caa62c1	srshl { z12.h - z15.h }, { z12.h - z15.h }, z2.h	mortlach2	1:MRA	ok	VEC12,VEC13,VEC14,VEC15,VEC2	VEC12,VEC13,VEC14,VEC15	VEC12,VEC13,VEC14,VEC15,VEC2	VEC12,VEC13,VEC14,VEC15	agree	-	-	VEC12,VEC13,VEC14,VEC15,VEC2	VEC12,VEC13,VEC14,VEC15	same	-
srshl_mz_zzw_2x2	srshl	26b264c1	srshl { z6.h, z7.h }, { z6.h, z7.h }, { z4.h, z5.h }	mortlach2	1:MRA	ok	VEC4,VEC5,VEC6,VEC7	VEC6,VEC7	VEC4,VEC5,VEC6,VEC7	VEC6,VEC7	agree	-	-	VEC4,VEC5,VEC6,VEC7	VEC6,VEC7	same	-
srshl_mz_zzw_4x4	srshl	2cba68c1	srshl { z12.h - z15.h }, { z12.h - z15.h }, { z8.h - z11.h }	mortlach2	1:MRA	ok	VEC10,VEC11,VEC12,VEC13,VEC14,VEC15,VEC8,VEC9	VEC12,VEC13,VEC14,VEC15	VEC10,VEC11,VEC12,VEC13,VEC14,VEC15,VEC8,VEC9	VEC12,VEC13,VEC14,VEC15	agree	-	-	VEC10,VEC11,VEC12,VEC13,VEC14,VEC15,VEC8,VEC9	VEC12,VEC13,VEC14,VEC15	same	-
srshl_z_p_zz_	srshl	64884244	srshl z4.h, p2/m, z4.h, z3.h	sve2	1:MRA	ok	PRED2,VEC3,VEC4	VEC4	PRED2,VEC3,VEC4	VEC4	agree	-	-	PRED2,VEC3,VEC4	VEC4	same	unbounded-loop
srshlr_z_p_zz_	srshlr	64884644	srshlr z4.h, p2/m, z4.h, z3.h	sve2	1:MRA	ok	PRED2,VEC3,VEC4	VEC4	PRED2,VEC3,VEC4	VEC4	agree	-	-	PRED2,VEC3,VEC4	VEC4	same	unbounded-loop
srshr_z_p_zi_	srshr	858b4c04	srshr z5.s, p2/m, z5.s, #4	sve2	1:MRA	ok	PRED2,VEC5	VEC5	PRED2,VEC5	VEC5	agree	-	-	PRED2,VEC5	VEC5	same	-
srsra_z_zi_	srsra	85e85345	srsra z5.s, z4.s, #13	sve2	1:MRA	ok	VEC4,VEC5	VEC5	VEC4,VEC5	VEC5	agree	-	-	VEC4,VEC5	VEC5	same	-
sshllb_z_zi_	sshllb	85a05345	sshllb z5.d, z4.s, #19	sve2	1:MRA	ok	VEC4	VEC5	VEC4	VEC5	agree	-	-	VEC4	VEC5	same	-
sshllt_z_zi_	sshllt	85a45345	sshllt z5.d, z4.s, #19	sve2	1:MRA	ok	VEC4	VEC5	VEC4	VEC5	agree	-	-	VEC4	VEC5	same	-
ssra_z_zi_	ssra	85e05345	ssra z5.s, z4.s, #13	sve2	1:MRA	ok	VEC4,VEC5	VEC5	VEC4,VEC5	VEC5	agree	-	-	VEC4,VEC5	VEC5	same	-
ssublb_z_zz_	ssublb	64104245	ssublb z4.h, z3.b, z2.b	sve2	1:MRA	ok	VEC2,VEC3	VEC4	VEC2,VEC3	VEC4	agree	-	-	VEC2,VEC3	VEC4	same	-
ssublbt_z_zz_	ssublbt	64884245	ssublbt z4.h, z3.b, z2.b	sve2	1:MRA	ok	VEC2,VEC3	VEC4	VEC2,VEC3	VEC4	agree	-	-	VEC2,VEC3	VEC4	same	-
ssublt_z_zz_	ssublt	64144245	ssublt z4.h, z3.b, z2.b	sve2	1:MRA	ok	VEC2,VEC3	VEC4	VEC2,VEC3	VEC4	agree	-	-	VEC2,VEC3	VEC4	same	-
ssubltb_z_zz_	ssubltb	648c4245	ssubltb z4.h, z3.b, z2.b	sve2	1:MRA	ok	VEC2,VEC3	VEC4	VEC2,VEC3	VEC4	agree	-	-	VEC2,VEC3	VEC4	same	-
ssubwb_z_zz_	ssubwb	64504245	ssubwb z4.h, z3.h, z2.b	sve2	1:MRA	ok	VEC2,VEC3	VEC4	VEC2,VEC3	VEC4	agree	-	-	VEC2,VEC3	VEC4	same	-
ssubwt_z_zz_	ssubwt	64544245	ssubwt z4.h, z3.h, z2.b	sve2	1:MRA	ok	VEC2,VEC3	VEC4	VEC2,VEC3	VEC4	agree	-	-	VEC2,VEC3	VEC4	same	-
st1b_mz_p_bi_2	st1b	680861a0	st1b { z8.b, z9.b }, pn10, [x3, #2, mul vl]	sve2	1:MRA	ok	GPR3,PRED10,VEC8,VEC9	-	GPR3,PRED10,VEC8,VEC9	-	agree	-	-	GPR3,PRED10,VEC8,VEC9	-	same	unbounded-loop
st1b_mz_p_bi_4	st1b	708861a0	st1b { z16.b - z19.b }, pn10, [x3, #4, mul vl]	sve2	1:MRA	ok	GPR3,PRED10,VEC16,VEC17,VEC18,VEC19	-	GPR3,PRED10,VEC16,VEC17,VEC18,VEC19	-	agree	-	-	GPR3,PRED10,VEC16,VEC17,VEC18,VEC19	-	same	unbounded-loop
st1b_mz_p_br_2	st1b	680821a0	st1b { z8.b, z9.b }, pn10, [x3, x1]	sve2	1:MRA	ok	GPR1,GPR3,PRED10,VEC8,VEC9	-	GPR1,GPR3,PRED10,VEC8,VEC9	-	agree	-	-	GPR1,GPR3,PRED10,VEC8,VEC9	-	same	unbounded-loop
st1b_mz_p_br_4	st1b	708821a0	st1b { z16.b - z19.b }, pn10, [x3, x1]	sve2	1:MRA	ok	GPR1,GPR3,PRED10,VEC16,VEC17,VEC18,VEC19	-	GPR1,GPR3,PRED10,VEC16,VEC17,VEC18,VEC19	-	agree	-	-	GPR1,GPR3,PRED10,VEC16,VEC17,VEC18,VEC19	-	same	unbounded-loop
st1b_mzx_p_bi_2x8	st1b	650861a1	st1b { z5.b, z13.b }, pn10, [x3, #2, mul vl]	mortlach2	1:MRA	ok	GPR3,PRED10,VEC13,VEC5	-	GPR3,PRED10,VEC13,VEC5	-	agree	-	-	GPR3,PRED10,VEC13,VEC5	-	same	unbounded-loop
st1b_mzx_p_bi_4x4	st1b	618861a1	st1b { z1.b, z5.b, z9.b, z13.b }, pn10, [x3, #4, mul vl]	mortlach2	1:MRA	ok	GPR3,PRED10,VEC1,VEC13,VEC5,VEC9	-	GPR3,PRED10,VEC1,VEC13,VEC5,VEC9	-	agree	-	-	GPR3,PRED10,VEC1,VEC13,VEC5,VEC9	-	same	unbounded-loop
st1b_mzx_p_br_2x8	st1b	650821a1	st1b { z5.b, z13.b }, pn10, [x3, x1]	mortlach2	1:MRA	ok	GPR1,GPR3,PRED10,VEC13,VEC5	-	GPR1,GPR3,PRED10,VEC13,VEC5	-	agree	-	-	GPR1,GPR3,PRED10,VEC13,VEC5	-	same	unbounded-loop
st1b_mzx_p_br_4x4	st1b	618821a1	st1b { z1.b, z5.b, z9.b, z13.b }, pn10, [x3, x1]	mortlach2	1:MRA	ok	GPR1,GPR3,PRED10,VEC1,VEC13,VEC5,VEC9	-	GPR1,GPR3,PRED10,VEC1,VEC13,VEC5,VEC9	-	agree	-	-	GPR1,GPR3,PRED10,VEC1,VEC13,VEC5,VEC9	-	same	unbounded-loop
st1b_z_p_ai_d	st1b	64a841e4	st1b { z4.d }, p2, [z3.d, #1]	sve	1:MRA	ok	PRED2,VEC3,VEC4	-	PRED2,VEC3,VEC4	-	agree	-	-	PRED2,VEC3,VEC4	-	same	unbounded-loop
st1b_z_p_ai_s	st1b	64a861e4	st1b { z4.s }, p2, [z3.s, #1]	sve	1:MRA	ok	PRED2,VEC3,VEC4	-	PRED2,VEC3,VEC4	-	agree	-	-	PRED2,VEC3,VEC4	-	same	unbounded-loop
st1b_z_p_bi_	st1b	85ec22e4	st1b { z5.h }, p3, [x4, #2, mul vl]	sve	1:MRA	ok	GPR4,PRED3,VEC5	-	GPR4,PRED3,VEC5	-	agree	-	-	GPR4,PRED3,VEC5	-	same	unbounded-loop
st1b_z_p_br_	st1b	854c22e4	st1b { z5.h }, p3, [x4, x2]	sve	1:MRA	ok	GPR2,GPR4,PRED3,VEC5	-	GPR2,GPR4,PRED3,VEC5	-	agree	-	-	GPR2,GPR4,PRED3,VEC5	-	same	unbounded-loop
st1b_z_p_bz_d_64_unscaled	st1b	64a801e4	st1b { z4.d }, p2, [x3, z1.d]	sve	1:MRA	ok	GPR3,PRED2,VEC1,VEC4	-	GPR3,PRED2,VEC1,VEC4	-	agree	-	-	GPR3,PRED2,VEC1,VEC4	-	same	unbounded-loop
st1b_z_p_bz_d_x32_unscaled	st1b	858c01e4	st1b { z5.d }, p3, [x4, z1.d, uxtw]	sve	1:MRA	ok	GPR4,PRED3,VEC1,VEC5	-	GPR4,PRED3,VEC1,VEC5	-	agree	-	-	GPR4,PRED3,VEC1,VEC5	-	same	unbounded-loop
st1b_z_p_bz_s_x32_unscaled	st1b	858c41e4	st1b { z5.s }, p3, [x4, z1.s, uxtw]	sve	1:MRA	ok	GPR4,PRED3,VEC1,VEC5	-	GPR4,PRED3,VEC1,VEC5	-	agree	-	-	GPR4,PRED3,VEC1,VEC5	-	same	unbounded-loop
st1b_za_p_rrr_	st1b	a67021e0	st1b {za0h.b[w15, 6]}, p4, [x5, x1]	mortlach	1:MRA	ok	GPR1,GPR15,GPR5,MATRIX,PRED4	-	GPR1,GPR15,GPR5,MATRIX,PRED4	-	agree	-	-	GPR1,GPR15,GPR5,MATRIX,PRED4	-	same	-
st1d_mz_p_bi_2	st1d	686861a0	st1d { z8.d, z9.d }, pn10, [x3, #2, mul vl]	sve2	1:MRA	ok	GPR3,PRED10,VEC8,VEC9	-	GPR3,PRED10,VEC8,VEC9	-	agree	-	-	GPR3,PRED10,VEC8,VEC9	-	same	unbounded-loop
st1d_mz_p_bi_4	st1d	70e861a0	st1d { z16.d - z19.d }, pn10, [x3, #4, mul vl]	sve2	1:MRA	ok	GPR3,PRED10,VEC16,VEC17,VEC18,VEC19	-	GPR3,PRED10,VEC16,VEC17,VEC18,VEC19	-	agree	-	-	GPR3,PRED10,VEC16,VEC17,VEC18,VEC19	-	same	unbounded-loop
st1d_mz_p_br_2	st1d	686821a0	st1d { z8.d, z9.d }, pn10, [x3, x1, lsl #3]	sve2	1:MRA	ok	GPR1,GPR3,PRED10,VEC8,VEC9	-	GPR1,GPR3,PRED10,VEC8,VEC9	-	agree	-	-	GPR1,GPR3,PRED10,VEC8,VEC9	-	same	unbounded-loop
st1d_mz_p_br_4	st1d	70e821a0	st1d { z16.d - z19.d }, pn10, [x3, x1, lsl #3]	sve2	1:MRA	ok	GPR1,GPR3,PRED10,VEC16,VEC17,VEC18,VEC19	-	GPR1,GPR3,PRED10,VEC16,VEC17,VEC18,VEC19	-	agree	-	-	GPR1,GPR3,PRED10,VEC16,VEC17,VEC18,VEC19	-	same	unbounded-loop
st1d_mzx_p_bi_2x8	st1d	656861a1	st1d { z5.d, z13.d }, pn10, [x3, #2, mul vl]	mortlach2	1:MRA	ok	GPR3,PRED10,VEC13,VEC5	-	GPR3,PRED10,VEC13,VEC5	-	agree	-	-	GPR3,PRED10,VEC13,VEC5	-	same	unbounded-loop
st1d_mzx_p_bi_4x4	st1d	61e861a1	st1d { z1.d, z5.d, z9.d, z13.d }, pn10, [x3, #4, mul vl]	mortlach2	1:MRA	ok	GPR3,PRED10,VEC1,VEC13,VEC5,VEC9	-	GPR3,PRED10,VEC1,VEC13,VEC5,VEC9	-	agree	-	-	GPR3,PRED10,VEC1,VEC13,VEC5,VEC9	-	same	unbounded-loop
st1d_mzx_p_br_2x8	st1d	656821a1	st1d { z5.d, z13.d }, pn10, [x3, x1, lsl #3]	mortlach2	1:MRA	ok	GPR1,GPR3,PRED10,VEC13,VEC5	-	GPR1,GPR3,PRED10,VEC13,VEC5	-	agree	-	-	GPR1,GPR3,PRED10,VEC13,VEC5	-	same	unbounded-loop
st1d_mzx_p_br_4x4	st1d	61e821a1	st1d { z1.d, z5.d, z9.d, z13.d }, pn10, [x3, x1, lsl #3]	mortlach2	1:MRA	ok	GPR1,GPR3,PRED10,VEC1,VEC13,VEC5,VEC9	-	GPR1,GPR3,PRED10,VEC1,VEC13,VEC5,VEC9	-	agree	-	-	GPR1,GPR3,PRED10,VEC1,VEC13,VEC5,VEC9	-	same	unbounded-loop
st1d_z_p_ai_d	st1d	64a8c1e5	st1d { z4.d }, p2, [z3.d, #8]	sve	1:MRA	ok	PRED2,VEC3,VEC4	-	PRED2,VEC3,VEC4	-	agree	-	-	PRED2,VEC3,VEC4	-	same	unbounded-loop
st1d_z_p_bi_	st1d	64e8e1e5	st1d { z4.d }, p2, [x3, #1, mul vl]	sve	1:MRA	ok	GPR3,PRED2,VEC4	-	GPR3,PRED2,VEC4	-	agree	-	-	GPR3,PRED2,VEC4	-	same	unbounded-loop
st1d_z_p_bi_u128	st1d	64e8c1e5	st1d { z4.q }, p2, [x3, #1, mul vl]	sve2	1:MRA	ok	GPR3,PRED2,VEC4	-	GPR3,PRED2,VEC4	-	agree	-	-	GPR3,PRED2,VEC4	-	same	unbounded-loop
st1d_z_p_br_	st1d	6448e1e5	st1d { z4.d }, p2, [x3, x1, lsl #3]	sve	1:MRA	ok	GPR1,GPR3,PRED2,VEC4	-	GPR1,GPR3,PRED2,VEC4	-	agree	-	-	GPR1,GPR3,PRED2,VEC4	-	same	unbounded-loop
st1d_z_p_br_u128	st1d	6448c1e5	st1d { z4.q }, p2, [x3, x1, lsl #3]	sve2	1:MRA	ok	GPR1,GPR3,PRED2,VEC4	-	GPR1,GPR3,PRED2,VEC4	-	agree	-	-	GPR1,GPR3,PRED2,VEC4	-	same	unbounded-loop
st1d_z_p_bz_d_64_scaled	st1d	64a8a1e5	st1d { z4.d }, p2, [x3, z1.d, lsl #3]	sve	1:MRA	ok	GPR3,PRED2,VEC1,VEC4	-	GPR3,PRED2,VEC1,VEC4	-	agree	-	-	GPR3,PRED2,VEC1,VEC4	-	same	unbounded-loop
st1d_z_p_bz_d_64_unscaled	st1d	64a881e5	st1d { z4.d }, p2, [x3, z1.d]	sve	1:MRA	ok	GPR3,PRED2,VEC1,VEC4	-	GPR3,PRED2,VEC1,VEC4	-	agree	-	-	GPR3,PRED2,VEC1,VEC4	-	same	unbounded-loop
st1d_z_p_bz_d_x32_scaled	st1d	858ca1e5	st1d { z5.d }, p3, [x4, z1.d, uxtw #3]	sve	1:MRA	ok	GPR4,PRED3,VEC1,VEC5	-	GPR4,PRED3,VEC1,VEC5	-	agree	-	-	GPR4,PRED3,VEC1,VEC5	-	same	unbounded-loop
st1d_z_p_bz_d_x32_unscaled	st1d	858c81e5	st1d { z5.d }, p3, [x4, z1.d, uxtw]	sve	1:MRA	ok	GPR4,PRED3,VEC1,VEC5	-	GPR4,PRED3,VEC1,VEC5	-	agree	-	-	GPR4,PRED3,VEC1,VEC5	-	same	unbounded-loop
st1d_za_p_rrr_	st1d	ad70e1e0	st1d {za6h.d[w15, 1]}, p4, [x5, x1, lsl #3]	mortlach	1:MRA	ok	GPR1,GPR15,GPR5,MATRIX,PRED4	-	GPR1,GPR15,GPR5,MATRIX,PRED4	-	agree	-	-	GPR1,GPR15,GPR5,MATRIX,PRED4	-	same	-
st1h_mz_p_bi_2	st1h	682861a0	st1h { z8.h, z9.h }, pn10, [x3, #2, mul vl]	sve2	1:MRA	ok	GPR3,PRED10,VEC8,VEC9	-	GPR3,PRED10,VEC8,VEC9	-	agree	-	-	GPR3,PRED10,VEC8,VEC9	-	same	unbounded-loop
st1h_mz_p_bi_4	st1h	70a861a0	st1h { z16.h - z19.h }, pn10, [x3, #4, mul vl]	sve2	1:MRA	ok	GPR3,PRED10,VEC16,VEC17,VEC18,VEC19	-	GPR3,PRED10,VEC16,VEC17,VEC18,VEC19	-	agree	-	-	GPR3,PRED10,VEC16,VEC17,VEC18,VEC19	-	same	unbounded-loop
st1h_mz_p_br_2	st1h	682821a0	st1h { z8.h, z9.h }, pn10, [x3, x1, lsl #1]	sve2	1:MRA	ok	GPR1,GPR3,PRED10,VEC8,VEC9	-	GPR1,GPR3,PRED10,VEC8,VEC9	-	agree	-	-	GPR1,GPR3,PRED10,VEC8,VEC9	-	same	unbounded-loop
st1h_mz_p_br_4	st1h	70a821a0	st1h { z16.h - z19.h }, pn10, [x3, x1, lsl #1]	sve2	1:MRA	ok	GPR1,GPR3,PRED10,VEC16,VEC17,VEC18,VEC19	-	GPR1,GPR3,PRED10,VEC16,VEC17,VEC18,VEC19	-	agree	-	-	GPR1,GPR3,PRED10,VEC16,VEC17,VEC18,VEC19	-	same	unbounded-loop
st1h_mzx_p_bi_2x8	st1h	652861a1	st1h { z5.h, z13.h }, pn10, [x3, #2, mul vl]	mortlach2	1:MRA	ok	GPR3,PRED10,VEC13,VEC5	-	GPR3,PRED10,VEC13,VEC5	-	agree	-	-	GPR3,PRED10,VEC13,VEC5	-	same	unbounded-loop
st1h_mzx_p_bi_4x4	st1h	61a861a1	st1h { z1.h, z5.h, z9.h, z13.h }, pn10, [x3, #4, mul vl]	mortlach2	1:MRA	ok	GPR3,PRED10,VEC1,VEC13,VEC5,VEC9	-	GPR3,PRED10,VEC1,VEC13,VEC5,VEC9	-	agree	-	-	GPR3,PRED10,VEC1,VEC13,VEC5,VEC9	-	same	unbounded-loop
st1h_mzx_p_br_2x8	st1h	652821a1	st1h { z5.h, z13.h }, pn10, [x3, x1, lsl #1]	mortlach2	1:MRA	ok	GPR1,GPR3,PRED10,VEC13,VEC5	-	GPR1,GPR3,PRED10,VEC13,VEC5	-	agree	-	-	GPR1,GPR3,PRED10,VEC13,VEC5	-	same	unbounded-loop
st1h_mzx_p_br_4x4	st1h	61a821a1	st1h { z1.h, z5.h, z9.h, z13.h }, pn10, [x3, x1, lsl #1]	mortlach2	1:MRA	ok	GPR1,GPR3,PRED10,VEC1,VEC13,VEC5,VEC9	-	GPR1,GPR3,PRED10,VEC1,VEC13,VEC5,VEC9	-	agree	-	-	GPR1,GPR3,PRED10,VEC1,VEC13,VEC5,VEC9	-	same	unbounded-loop
st1h_z_p_ai_d	st1h	64a8c1e4	st1h { z4.d }, p2, [z3.d, #2]	sve	1:MRA	ok	PRED2,VEC3,VEC4	-	PRED2,VEC3,VEC4	-	agree	-	-	PRED2,VEC3,VEC4	-	same	unbounded-loop
st1h_z_p_ai_s	st1h	64a8e1e4	st1h { z4.s }, p2, [z3.s, #2]	sve	1:MRA	ok	PRED2,VEC3,VEC4	-	PRED2,VEC3,VEC4	-	agree	-	-	PRED2,VEC3,VEC4	-	same	unbounded-loop
st1h_z_p_bi_	st1h	85eca2e4	st1h { z5.h }, p3, [x4, #2, mul vl]	sve	1:MRA	ok	GPR4,PRED3,VEC5	-	GPR4,PRED3,VEC5	-	agree	-	-	GPR4,PRED3,VEC5	-	same	unbounded-loop
st1h_z_p_br_	st1h	854ca2e4	st1h { z5.h }, p3, [x4, x2, lsl #1]	sve	1:MRA	ok	GPR2,GPR4,PRED3,VEC5	-	GPR2,GPR4,PRED3,VEC5	-	agree	-	-	GPR2,GPR4,PRED3,VEC5	-	same	unbounded-loop
st1h_z_p_bz_d_64_scaled	st1h	64a8a1e4	st1h { z4.d }, p2, [x3, z1.d, lsl #1]	sve	1:MRA	ok	GPR3,PRED2,VEC1,VEC4	-	GPR3,PRED2,VEC1,VEC4	-	agree	-	-	GPR3,PRED2,VEC1,VEC4	-	same	unbounded-loop
st1h_z_p_bz_d_64_unscaled	st1h	64a881e4	st1h { z4.d }, p2, [x3, z1.d]	sve	1:MRA	ok	GPR3,PRED2,VEC1,VEC4	-	GPR3,PRED2,VEC1,VEC4	-	agree	-	-	GPR3,PRED2,VEC1,VEC4	-	same	unbounded-loop
st1h_z_p_bz_d_x32_scaled	st1h	858ca1e4	st1h { z5.d }, p3, [x4, z1.d, uxtw #1]	sve	1:MRA	ok	GPR4,PRED3,VEC1,VEC5	-	GPR4,PRED3,VEC1,VEC5	-	agree	-	-	GPR4,PRED3,VEC1,VEC5	-	same	unbounded-loop
st1h_z_p_bz_d_x32_unscaled	st1h	858c81e4	st1h { z5.d }, p3, [x4, z1.d, uxtw]	sve	1:MRA	ok	GPR4,PRED3,VEC1,VEC5	-	GPR4,PRED3,VEC1,VEC5	-	agree	-	-	GPR4,PRED3,VEC1,VEC5	-	same	unbounded-loop
st1h_z_p_bz_s_x32_scaled	st1h	858ce1e4	st1h { z5.s }, p3, [x4, z1.s, uxtw #1]	sve	1:MRA	ok	GPR4,PRED3,VEC1,VEC5	-	GPR4,PRED3,VEC1,VEC5	-	agree	-	-	GPR4,PRED3,VEC1,VEC5	-	same	unbounded-loop
st1h_z_p_bz_s_x32_unscaled	st1h	858cc1e4	st1h { z5.s }, p3, [x4, z1.s, uxtw]	sve	1:MRA	ok	GPR4,PRED3,VEC1,VEC5	-	GPR4,PRED3,VEC1,VEC5	-	agree	-	-	GPR4,PRED3,VEC1,VEC5	-	same	unbounded-loop
st1h_za_p_rrr_	st1h	a17061e0	st1h {za0h.h[w15, 1]}, p4, [x5, x1, lsl #1]	mortlach	1:MRA	ok	GPR1,GPR15,GPR5,MATRIX,PRED4	-	GPR1,GPR15,GPR5,MATRIX,PRED4	-	agree	-	-	GPR1,GPR15,GPR5,MATRIX,PRED4	-	same	-
st1q_z_p_ar_d_64_unscaled	st1q	642821e4	st1q { z4.q }, p2, [z3.d, x1]	sve2	1:MRA	ok	GPR1,PRED2,VEC3,VEC4	-	GPR1,PRED2,VEC3,VEC4	-	agree	-	-	GPR1,PRED2,VEC3,VEC4	-	same	unbounded-loop
st1q_za_p_rrr_	st1q	a670e1e1	st1q {za6h.q[w15, 0]}, p4, [x5, x1, lsl #4]	mortlach	1:MRA	ok	GPR1,GPR15,GPR5,MATRIX,PRED4	-	GPR1,GPR15,GPR5,MATRIX,PRED4	-	agree	-	-	GPR1,GPR15,GPR5,MATRIX,PRED4	-	same	-
st1w_mz_p_bi_2	st1w	684861a0	st1w { z8.s, z9.s }, pn10, [x3, #2, mul vl]	sve2	1:MRA	ok	GPR3,PRED10,VEC8,VEC9	-	GPR3,PRED10,VEC8,VEC9	-	agree	-	-	GPR3,PRED10,VEC8,VEC9	-	same	unbounded-loop
st1w_mz_p_bi_4	st1w	70c861a0	st1w { z16.s - z19.s }, pn10, [x3, #4, mul vl]	sve2	1:MRA	ok	GPR3,PRED10,VEC16,VEC17,VEC18,VEC19	-	GPR3,PRED10,VEC16,VEC17,VEC18,VEC19	-	agree	-	-	GPR3,PRED10,VEC16,VEC17,VEC18,VEC19	-	same	unbounded-loop
st1w_mz_p_br_2	st1w	684821a0	st1w { z8.s, z9.s }, pn10, [x3, x1, lsl #2]	sve2	1:MRA	ok	GPR1,GPR3,PRED10,VEC8,VEC9	-	GPR1,GPR3,PRED10,VEC8,VEC9	-	agree	-	-	GPR1,GPR3,PRED10,VEC8,VEC9	-	same	unbounded-loop
st1w_mz_p_br_4	st1w	70c821a0	st1w { z16.s - z19.s }, pn10, [x3, x1, lsl #2]	sve2	1:MRA	ok	GPR1,GPR3,PRED10,VEC16,VEC17,VEC18,VEC19	-	GPR1,GPR3,PRED10,VEC16,VEC17,VEC18,VEC19	-	agree	-	-	GPR1,GPR3,PRED10,VEC16,VEC17,VEC18,VEC19	-	same	unbounded-loop
st1w_mzx_p_bi_2x8	st1w	654861a1	st1w { z5.s, z13.s }, pn10, [x3, #2, mul vl]	mortlach2	1:MRA	ok	GPR3,PRED10,VEC13,VEC5	-	GPR3,PRED10,VEC13,VEC5	-	agree	-	-	GPR3,PRED10,VEC13,VEC5	-	same	unbounded-loop
st1w_mzx_p_bi_4x4	st1w	61c861a1	st1w { z1.s, z5.s, z9.s, z13.s }, pn10, [x3, #4, mul vl]	mortlach2	1:MRA	ok	GPR3,PRED10,VEC1,VEC13,VEC5,VEC9	-	GPR3,PRED10,VEC1,VEC13,VEC5,VEC9	-	agree	-	-	GPR3,PRED10,VEC1,VEC13,VEC5,VEC9	-	same	unbounded-loop
st1w_mzx_p_br_2x8	st1w	654821a1	st1w { z5.s, z13.s }, pn10, [x3, x1, lsl #2]	mortlach2	1:MRA	ok	GPR1,GPR3,PRED10,VEC13,VEC5	-	GPR1,GPR3,PRED10,VEC13,VEC5	-	agree	-	-	GPR1,GPR3,PRED10,VEC13,VEC5	-	same	unbounded-loop
st1w_mzx_p_br_4x4	st1w	61c821a1	st1w { z1.s, z5.s, z9.s, z13.s }, pn10, [x3, x1, lsl #2]	mortlach2	1:MRA	ok	GPR1,GPR3,PRED10,VEC1,VEC13,VEC5,VEC9	-	GPR1,GPR3,PRED10,VEC1,VEC13,VEC5,VEC9	-	agree	-	-	GPR1,GPR3,PRED10,VEC1,VEC13,VEC5,VEC9	-	same	unbounded-loop
st1w_z_p_ai_d	st1w	64a841e5	st1w { z4.d }, p2, [z3.d, #4]	sve	1:MRA	ok	PRED2,VEC3,VEC4	-	PRED2,VEC3,VEC4	-	agree	-	-	PRED2,VEC3,VEC4	-	same	unbounded-loop
st1w_z_p_ai_s	st1w	64a861e5	st1w { z4.s }, p2, [z3.s, #4]	sve	1:MRA	ok	PRED2,VEC3,VEC4	-	PRED2,VEC3,VEC4	-	agree	-	-	PRED2,VEC3,VEC4	-	same	unbounded-loop
st1w_z_p_bi_	st1w	85ec62e5	st1w { z5.d }, p3, [x4, #2, mul vl]	sve	1:MRA	ok	GPR4,PRED3,VEC5	-	GPR4,PRED3,VEC5	-	agree	-	-	GPR4,PRED3,VEC5	-	same	unbounded-loop
st1w_z_p_bi_u128	st1w	64e801e5	st1w { z4.q }, p2, [x3, #1, mul vl]	sve2	1:MRA	ok	GPR3,PRED2,VEC4	-	GPR3,PRED2,VEC4	-	agree	-	-	GPR3,PRED2,VEC4	-	same	unbounded-loop
st1w_z_p_br_	st1w	854c62e5	st1w { z5.d }, p3, [x4, x2, lsl #2]	sve	1:MRA	ok	GPR2,GPR4,PRED3,VEC5	-	GPR2,GPR4,PRED3,VEC5	-	agree	-	-	GPR2,GPR4,PRED3,VEC5	-	same	unbounded-loop
st1w_z_p_br_u128	st1w	644801e5	st1w { z4.q }, p2, [x3, x1, lsl #2]	sve2	1:MRA	ok	GPR1,GPR3,PRED2,VEC4	-	GPR1,GPR3,PRED2,VEC4	-	agree	-	-	GPR1,GPR3,PRED2,VEC4	-	same	unbounded-loop
st1w_z_p_bz_d_64_scaled	st1w	64a821e5	st1w { z4.d }, p2, [x3, z1.d, lsl #2]	sve	1:MRA	ok	GPR3,PRED2,VEC1,VEC4	-	GPR3,PRED2,VEC1,VEC4	-	agree	-	-	GPR3,PRED2,VEC1,VEC4	-	same	unbounded-loop
st1w_z_p_bz_d_64_unscaled	st1w	64a801e5	st1w { z4.d }, p2, [x3, z1.d]	sve	1:MRA	ok	GPR3,PRED2,VEC1,VEC4	-	GPR3,PRED2,VEC1,VEC4	-	agree	-	-	GPR3,PRED2,VEC1,VEC4	-	same	unbounded-loop
st1w_z_p_bz_d_x32_scaled	st1w	858c21e5	st1w { z5.d }, p3, [x4, z1.d, uxtw #2]	sve	1:MRA	ok	GPR4,PRED3,VEC1,VEC5	-	GPR4,PRED3,VEC1,VEC5	-	agree	-	-	GPR4,PRED3,VEC1,VEC5	-	same	unbounded-loop
st1w_z_p_bz_d_x32_unscaled	st1w	858c01e5	st1w { z5.d }, p3, [x4, z1.d, uxtw]	sve	1:MRA	ok	GPR4,PRED3,VEC1,VEC5	-	GPR4,PRED3,VEC1,VEC5	-	agree	-	-	GPR4,PRED3,VEC1,VEC5	-	same	unbounded-loop
st1w_z_p_bz_s_x32_scaled	st1w	858c61e5	st1w { z5.s }, p3, [x4, z1.s, uxtw #2]	sve	1:MRA	ok	GPR4,PRED3,VEC1,VEC5	-	GPR4,PRED3,VEC1,VEC5	-	agree	-	-	GPR4,PRED3,VEC1,VEC5	-	same	unbounded-loop
st1w_z_p_bz_s_x32_unscaled	st1w	858c41e5	st1w { z5.s }, p3, [x4, z1.s, uxtw]	sve	1:MRA	ok	GPR4,PRED3,VEC1,VEC5	-	GPR4,PRED3,VEC1,VEC5	-	agree	-	-	GPR4,PRED3,VEC1,VEC5	-	same	unbounded-loop
st1w_za_p_rrr_	st1w	a970a1e0	st1w {za2h.s[w15, 1]}, p4, [x5, x1, lsl #2]	mortlach	1:MRA	ok	GPR1,GPR15,GPR5,MATRIX,PRED4	-	GPR1,GPR15,GPR5,MATRIX,PRED4	-	agree	-	-	GPR1,GPR15,GPR5,MATRIX,PRED4	-	same	-
st2b_z_p_bi_contiguous	st2b	64e831e4	st2b { z4.b, z5.b }, p2, [x3, #2, mul vl]	sve	1:MRA	ok	GPR3,PRED2,VEC4,VEC5	-	GPR3,PRED2,VEC4,VEC5	-	agree	-	-	GPR3,PRED2,VEC4,VEC5	-	same	unbounded-loop
st2b_z_p_br_contiguous	st2b	646821e4	st2b { z4.b, z5.b }, p2, [x3, x1]	sve	1:MRA	ok	GPR1,GPR3,PRED2,VEC4,VEC5	-	GPR1,GPR3,PRED2,VEC4,VEC5	-	agree	-	-	GPR1,GPR3,PRED2,VEC4,VEC5	-	same	unbounded-loop
st2d_z_p_bi_contiguous	st2d	64e8b1e5	st2d { z4.d, z5.d }, p2, [x3, #2, mul vl]	sve	1:MRA	ok	GPR3,PRED2,VEC4,VEC5	-	GPR3,PRED2,VEC4,VEC5	-	agree	-	-	GPR3,PRED2,VEC4,VEC5	-	same	unbounded-loop
st2d_z_p_br_contiguous	st2d	6468a1e5	st2d { z4.d, z5.d }, p2, [x3, x1, lsl #3]	sve	1:MRA	ok	GPR1,GPR3,PRED2,VEC4,VEC5	-	GPR1,GPR3,PRED2,VEC4,VEC5	-	agree	-	-	GPR1,GPR3,PRED2,VEC4,VEC5	-	same	unbounded-loop
st2h_z_p_bi_contiguous	st2h	64e8b1e4	st2h { z4.h, z5.h }, p2, [x3, #2, mul vl]	sve	1:MRA	ok	GPR3,PRED2,VEC4,VEC5	-	GPR3,PRED2,VEC4,VEC5	-	agree	-	-	GPR3,PRED2,VEC4,VEC5	-	same	unbounded-loop
st2h_z_p_br_contiguous	st2h	6468a1e4	st2h { z4.h, z5.h }, p2, [x3, x1, lsl #1]	sve	1:MRA	ok	GPR1,GPR3,PRED2,VEC4,VEC5	-	GPR1,GPR3,PRED2,VEC4,VEC5	-	agree	-	-	GPR1,GPR3,PRED2,VEC4,VEC5	-	same	unbounded-loop
st2q_z_p_bi_contiguous	st2q	640841e4	st2q { z4.q, z5.q }, p2, [x3, #2, mul vl]	sve2	1:MRA	ok	GPR3,PRED2,VEC4,VEC5	-	GPR3,PRED2,VEC4,VEC5	-	agree	-	-	GPR3,PRED2,VEC4,VEC5	-	same	unbounded-loop
st2q_z_p_br_contiguous	st2q	640861e4	st2q { z4.q, z5.q }, p2, [x3, x1, lsl #4]	sve2	1:MRA	ok	GPR1,GPR3,PRED2,VEC4,VEC5	-	GPR1,GPR3,PRED2,VEC4,VEC5	-	agree	-	-	GPR1,GPR3,PRED2,VEC4,VEC5	-	same	unbounded-loop
st2w_z_p_bi_contiguous	st2w	64e831e5	st2w { z4.s, z5.s }, p2, [x3, #2, mul vl]	sve	1:MRA	ok	GPR3,PRED2,VEC4,VEC5	-	GPR3,PRED2,VEC4,VEC5	-	agree	-	-	GPR3,PRED2,VEC4,VEC5	-	same	unbounded-loop
st2w_z_p_br_contiguous	st2w	646821e5	st2w { z4.s, z5.s }, p2, [x3, x1, lsl #2]	sve	1:MRA	ok	GPR1,GPR3,PRED2,VEC4,VEC5	-	GPR1,GPR3,PRED2,VEC4,VEC5	-	agree	-	-	GPR1,GPR3,PRED2,VEC4,VEC5	-	same	unbounded-loop
st3b_z_p_bi_contiguous	st3b	64e851e4	st3b { z4.b - z6.b }, p2, [x3, #3, mul vl]	sve	1:MRA	ok	GPR3,PRED2,VEC4,VEC5,VEC6	-	GPR3,PRED2,VEC4,VEC5,VEC6	-	agree	-	-	GPR3,PRED2,VEC4,VEC5,VEC6	-	same	unbounded-loop
st3b_z_p_br_contiguous	st3b	646841e4	st3b { z4.b - z6.b }, p2, [x3, x1]	sve	1:MRA	ok	GPR1,GPR3,PRED2,VEC4,VEC5,VEC6	-	GPR1,GPR3,PRED2,VEC4,VEC5,VEC6	-	agree	-	-	GPR1,GPR3,PRED2,VEC4,VEC5,VEC6	-	same	unbounded-loop
st3d_z_p_bi_contiguous	st3d	64e8d1e5	st3d { z4.d - z6.d }, p2, [x3, #3, mul vl]	sve	1:MRA	ok	GPR3,PRED2,VEC4,VEC5,VEC6	-	GPR3,PRED2,VEC4,VEC5,VEC6	-	agree	-	-	GPR3,PRED2,VEC4,VEC5,VEC6	-	same	unbounded-loop
st3d_z_p_br_contiguous	st3d	6468c1e5	st3d { z4.d - z6.d }, p2, [x3, x1, lsl #3]	sve	1:MRA	ok	GPR1,GPR3,PRED2,VEC4,VEC5,VEC6	-	GPR1,GPR3,PRED2,VEC4,VEC5,VEC6	-	agree	-	-	GPR1,GPR3,PRED2,VEC4,VEC5,VEC6	-	same	unbounded-loop
st3h_z_p_bi_contiguous	st3h	64e8d1e4	st3h { z4.h - z6.h }, p2, [x3, #3, mul vl]	sve	1:MRA	ok	GPR3,PRED2,VEC4,VEC5,VEC6	-	GPR3,PRED2,VEC4,VEC5,VEC6	-	agree	-	-	GPR3,PRED2,VEC4,VEC5,VEC6	-	same	unbounded-loop
st3h_z_p_br_contiguous	st3h	6468c1e4	st3h { z4.h - z6.h }, p2, [x3, x1, lsl #1]	sve	1:MRA	ok	GPR1,GPR3,PRED2,VEC4,VEC5,VEC6	-	GPR1,GPR3,PRED2,VEC4,VEC5,VEC6	-	agree	-	-	GPR1,GPR3,PRED2,VEC4,VEC5,VEC6	-	same	unbounded-loop
st3q_z_p_bi_contiguous	st3q	640881e4	st3q { z4.q - z6.q }, p2, [x3, #3, mul vl]	sve2	1:MRA	ok	GPR3,PRED2,VEC4,VEC5,VEC6	-	GPR3,PRED2,VEC4,VEC5,VEC6	-	agree	-	-	GPR3,PRED2,VEC4,VEC5,VEC6	-	same	unbounded-loop
st3q_z_p_br_contiguous	st3q	6408a1e4	st3q { z4.q - z6.q }, p2, [x3, x1, lsl #4]	sve2	1:MRA	ok	GPR1,GPR3,PRED2,VEC4,VEC5,VEC6	-	GPR1,GPR3,PRED2,VEC4,VEC5,VEC6	-	agree	-	-	GPR1,GPR3,PRED2,VEC4,VEC5,VEC6	-	same	unbounded-loop
st3w_z_p_bi_contiguous	st3w	64e851e5	st3w { z4.s - z6.s }, p2, [x3, #3, mul vl]	sve	1:MRA	ok	GPR3,PRED2,VEC4,VEC5,VEC6	-	GPR3,PRED2,VEC4,VEC5,VEC6	-	agree	-	-	GPR3,PRED2,VEC4,VEC5,VEC6	-	same	unbounded-loop
st3w_z_p_br_contiguous	st3w	646841e5	st3w { z4.s - z6.s }, p2, [x3, x1, lsl #2]	sve	1:MRA	ok	GPR1,GPR3,PRED2,VEC4,VEC5,VEC6	-	GPR1,GPR3,PRED2,VEC4,VEC5,VEC6	-	agree	-	-	GPR1,GPR3,PRED2,VEC4,VEC5,VEC6	-	same	unbounded-loop
st4b_z_p_bi_contiguous	st4b	64e871e4	st4b { z4.b - z7.b }, p2, [x3, #4, mul vl]	sve	1:MRA	ok	GPR3,PRED2,VEC4,VEC5,VEC6,VEC7	-	GPR3,PRED2,VEC4,VEC5,VEC6,VEC7	-	agree	-	-	GPR3,PRED2,VEC4,VEC5,VEC6,VEC7	-	same	unbounded-loop
st4b_z_p_br_contiguous	st4b	646861e4	st4b { z4.b - z7.b }, p2, [x3, x1]	sve	1:MRA	ok	GPR1,GPR3,PRED2,VEC4,VEC5,VEC6,VEC7	-	GPR1,GPR3,PRED2,VEC4,VEC5,VEC6,VEC7	-	agree	-	-	GPR1,GPR3,PRED2,VEC4,VEC5,VEC6,VEC7	-	same	unbounded-loop
st4d_z_p_bi_contiguous	st4d	64e8f1e5	st4d { z4.d - z7.d }, p2, [x3, #4, mul vl]	sve	1:MRA	ok	GPR3,PRED2,VEC4,VEC5,VEC6,VEC7	-	GPR3,PRED2,VEC4,VEC5,VEC6,VEC7	-	agree	-	-	GPR3,PRED2,VEC4,VEC5,VEC6,VEC7	-	same	unbounded-loop
st4d_z_p_br_contiguous	st4d	6468e1e5	st4d { z4.d - z7.d }, p2, [x3, x1, lsl #3]	sve	1:MRA	ok	GPR1,GPR3,PRED2,VEC4,VEC5,VEC6,VEC7	-	GPR1,GPR3,PRED2,VEC4,VEC5,VEC6,VEC7	-	agree	-	-	GPR1,GPR3,PRED2,VEC4,VEC5,VEC6,VEC7	-	same	unbounded-loop
st4h_z_p_bi_contiguous	st4h	64e8f1e4	st4h { z4.h - z7.h }, p2, [x3, #4, mul vl]	sve	1:MRA	ok	GPR3,PRED2,VEC4,VEC5,VEC6,VEC7	-	GPR3,PRED2,VEC4,VEC5,VEC6,VEC7	-	agree	-	-	GPR3,PRED2,VEC4,VEC5,VEC6,VEC7	-	same	unbounded-loop
st4h_z_p_br_contiguous	st4h	6468e1e4	st4h { z4.h - z7.h }, p2, [x3, x1, lsl #1]	sve	1:MRA	ok	GPR1,GPR3,PRED2,VEC4,VEC5,VEC6,VEC7	-	GPR1,GPR3,PRED2,VEC4,VEC5,VEC6,VEC7	-	agree	-	-	GPR1,GPR3,PRED2,VEC4,VEC5,VEC6,VEC7	-	same	unbounded-loop
st4q_z_p_bi_contiguous	st4q	6408c1e4	st4q { z4.q - z7.q }, p2, [x3, #4, mul vl]	sve2	1:MRA	ok	GPR3,PRED2,VEC4,VEC5,VEC6,VEC7	-	GPR3,PRED2,VEC4,VEC5,VEC6,VEC7	-	agree	-	-	GPR3,PRED2,VEC4,VEC5,VEC6,VEC7	-	same	unbounded-loop
st4q_z_p_br_contiguous	st4q	6408e1e4	st4q { z4.q - z7.q }, p2, [x3, x1, lsl #4]	sve2	1:MRA	ok	GPR1,GPR3,PRED2,VEC4,VEC5,VEC6,VEC7	-	GPR1,GPR3,PRED2,VEC4,VEC5,VEC6,VEC7	-	agree	-	-	GPR1,GPR3,PRED2,VEC4,VEC5,VEC6,VEC7	-	same	unbounded-loop
st4w_z_p_bi_contiguous	st4w	64e871e5	st4w { z4.s - z7.s }, p2, [x3, #4, mul vl]	sve	1:MRA	ok	GPR3,PRED2,VEC4,VEC5,VEC6,VEC7	-	GPR3,PRED2,VEC4,VEC5,VEC6,VEC7	-	agree	-	-	GPR3,PRED2,VEC4,VEC5,VEC6,VEC7	-	same	unbounded-loop
st4w_z_p_br_contiguous	st4w	646861e5	st4w { z4.s - z7.s }, p2, [x3, x1, lsl #2]	sve	1:MRA	ok	GPR1,GPR3,PRED2,VEC4,VEC5,VEC6,VEC7	-	GPR1,GPR3,PRED2,VEC4,VEC5,VEC6,VEC7	-	agree	-	-	GPR1,GPR3,PRED2,VEC4,VEC5,VEC6,VEC7	-	same	unbounded-loop
stnt1b_mz_p_bi_2	stnt1b	690861a0	stnt1b { z8.b, z9.b }, pn10, [x3, #2, mul vl]	sve2	1:MRA	ok	GPR3,PRED10,VEC8,VEC9	-	GPR3,PRED10,VEC8,VEC9	-	agree	-	-	GPR3,PRED10,VEC8,VEC9	-	same	unbounded-loop
stnt1b_mz_p_bi_4	stnt1b	718861a0	stnt1b { z16.b - z19.b }, pn10, [x3, #4, mul vl]	sve2	1:MRA	ok	GPR3,PRED10,VEC16,VEC17,VEC18,VEC19	-	GPR3,PRED10,VEC16,VEC17,VEC18,VEC19	-	agree	-	-	GPR3,PRED10,VEC16,VEC17,VEC18,VEC19	-	same	unbounded-loop
stnt1b_mz_p_br_2	stnt1b	690821a0	stnt1b { z8.b, z9.b }, pn10, [x3, x1]	sve2	1:MRA	ok	GPR1,GPR3,PRED10,VEC8,VEC9	-	GPR1,GPR3,PRED10,VEC8,VEC9	-	agree	-	-	GPR1,GPR3,PRED10,VEC8,VEC9	-	same	unbounded-loop
stnt1b_mz_p_br_4	stnt1b	718821a0	stnt1b { z16.b - z19.b }, pn10, [x3, x1]	sve2	1:MRA	ok	GPR1,GPR3,PRED10,VEC16,VEC17,VEC18,VEC19	-	GPR1,GPR3,PRED10,VEC16,VEC17,VEC18,VEC19	-	agree	-	-	GPR1,GPR3,PRED10,VEC16,VEC17,VEC18,VEC19	-	same	unbounded-loop
stnt1b_mzx_p_bi_2x8	stnt1b	6d0861a1	stnt1b { z5.b, z13.b }, pn10, [x3, #2, mul vl]	mortlach2	1:MRA	ok	GPR3,PRED10,VEC13,VEC5	-	GPR3,PRED10,VEC13,VEC5	-	agree	-	-	GPR3,PRED10,VEC13,VEC5	-	same	unbounded-loop
stnt1b_mzx_p_bi_4x4	stnt1b	698861a1	stnt1b { z1.b, z5.b, z9.b, z13.b }, pn10, [x3, #4, mul vl]	mortlach2	1:MRA	ok	GPR3,PRED10,VEC1,VEC13,VEC5,VEC9	-	GPR3,PRED10,VEC1,VEC13,VEC5,VEC9	-	agree	-	-	GPR3,PRED10,VEC1,VEC13,VEC5,VEC9	-	same	unbounded-loop
stnt1b_mzx_p_br_2x8	stnt1b	6d0821a1	stnt1b { z5.b, z13.b }, pn10, [x3, x1]	mortlach2	1:MRA	ok	GPR1,GPR3,PRED10,VEC13,VEC5	-	GPR1,GPR3,PRED10,VEC13,VEC5	-	agree	-	-	GPR1,GPR3,PRED10,VEC13,VEC5	-	same	unbounded-loop
stnt1b_mzx_p_br_4x4	stnt1b	698821a1	stnt1b { z1.b, z5.b, z9.b, z13.b }, pn10, [x3, x1]	mortlach2	1:MRA	ok	GPR1,GPR3,PRED10,VEC1,VEC13,VEC5,VEC9	-	GPR1,GPR3,PRED10,VEC1,VEC13,VEC5,VEC9	-	agree	-	-	GPR1,GPR3,PRED10,VEC1,VEC13,VEC5,VEC9	-	same	unbounded-loop
stnt1b_z_p_ar_d_64_unscaled	stnt1b	642801e4	stnt1b { z4.d }, p2, [z3.d, x1]	sve2	1:MRA	ok	GPR1,PRED2,VEC3,VEC4	-	GPR1,PRED2,VEC3,VEC4	-	agree	-	-	GPR1,PRED2,VEC3,VEC4	-	same	unbounded-loop
stnt1b_z_p_ar_s_x32_unscaled	stnt1b	642841e4	stnt1b { z4.s }, p2, [z3.s, x1]	sve2	1:MRA	ok	GPR1,PRED2,VEC3,VEC4	-	GPR1,PRED2,VEC3,VEC4	-	agree	-	-	GPR1,PRED2,VEC3,VEC4	-	same	unbounded-loop
stnt1b_z_p_bi_contiguous	stnt1b	64e811e4	stnt1b { z4.b }, p2, [x3, #1, mul vl]	sve	1:MRA	ok	GPR3,PRED2,VEC4	-	GPR3,PRED2,VEC4	-	agree	-	-	GPR3,PRED2,VEC4	-	same	unbounded-loop
stnt1b_z_p_br_contiguous	stnt1b	646801e4	stnt1b { z4.b }, p2, [x3, x1]	sve	1:MRA	ok	GPR1,GPR3,PRED2,VEC4	-	GPR1,GPR3,PRED2,VEC4	-	agree	-	-	GPR1,GPR3,PRED2,VEC4	-	same	unbounded-loop
stnt1d_mz_p_bi_2	stnt1d	696861a0	stnt1d { z8.d, z9.d }, pn10, [x3, #2, mul vl]	sve2	1:MRA	ok	GPR3,PRED10,VEC8,VEC9	-	GPR3,PRED10,VEC8,VEC9	-	agree	-	-	GPR3,PRED10,VEC8,VEC9	-	same	unbounded-loop
stnt1d_mz_p_bi_4	stnt1d	71e861a0	stnt1d { z16.d - z19.d }, pn10, [x3, #4, mul vl]	sve2	1:MRA	ok	GPR3,PRED10,VEC16,VEC17,VEC18,VEC19	-	GPR3,PRED10,VEC16,VEC17,VEC18,VEC19	-	agree	-	-	GPR3,PRED10,VEC16,VEC17,VEC18,VEC19	-	same	unbounded-loop
stnt1d_mz_p_br_2	stnt1d	696821a0	stnt1d { z8.d, z9.d }, pn10, [x3, x1, lsl #3]	sve2	1:MRA	ok	GPR1,GPR3,PRED10,VEC8,VEC9	-	GPR1,GPR3,PRED10,VEC8,VEC9	-	agree	-	-	GPR1,GPR3,PRED10,VEC8,VEC9	-	same	unbounded-loop
stnt1d_mz_p_br_4	stnt1d	71e821a0	stnt1d { z16.d - z19.d }, pn10, [x3, x1, lsl #3]	sve2	1:MRA	ok	GPR1,GPR3,PRED10,VEC16,VEC17,VEC18,VEC19	-	GPR1,GPR3,PRED10,VEC16,VEC17,VEC18,VEC19	-	agree	-	-	GPR1,GPR3,PRED10,VEC16,VEC17,VEC18,VEC19	-	same	unbounded-loop
stnt1d_mzx_p_bi_2x8	stnt1d	6d6861a1	stnt1d { z5.d, z13.d }, pn10, [x3, #2, mul vl]	mortlach2	1:MRA	ok	GPR3,PRED10,VEC13,VEC5	-	GPR3,PRED10,VEC13,VEC5	-	agree	-	-	GPR3,PRED10,VEC13,VEC5	-	same	unbounded-loop
stnt1d_mzx_p_bi_4x4	stnt1d	69e861a1	stnt1d { z1.d, z5.d, z9.d, z13.d }, pn10, [x3, #4, mul vl]	mortlach2	1:MRA	ok	GPR3,PRED10,VEC1,VEC13,VEC5,VEC9	-	GPR3,PRED10,VEC1,VEC13,VEC5,VEC9	-	agree	-	-	GPR3,PRED10,VEC1,VEC13,VEC5,VEC9	-	same	unbounded-loop
stnt1d_mzx_p_br_2x8	stnt1d	6d6821a1	stnt1d { z5.d, z13.d }, pn10, [x3, x1, lsl #3]	mortlach2	1:MRA	ok	GPR1,GPR3,PRED10,VEC13,VEC5	-	GPR1,GPR3,PRED10,VEC13,VEC5	-	agree	-	-	GPR1,GPR3,PRED10,VEC13,VEC5	-	same	unbounded-loop
stnt1d_mzx_p_br_4x4	stnt1d	69e821a1	stnt1d { z1.d, z5.d, z9.d, z13.d }, pn10, [x3, x1, lsl #3]	mortlach2	1:MRA	ok	GPR1,GPR3,PRED10,VEC1,VEC13,VEC5,VEC9	-	GPR1,GPR3,PRED10,VEC1,VEC13,VEC5,VEC9	-	agree	-	-	GPR1,GPR3,PRED10,VEC1,VEC13,VEC5,VEC9	-	same	unbounded-loop
stnt1d_z_p_ar_d_64_unscaled	stnt1d	642881e5	stnt1d { z4.d }, p2, [z3.d, x1]	sve2	1:MRA	ok	GPR1,PRED2,VEC3,VEC4	-	GPR1,PRED2,VEC3,VEC4	-	agree	-	-	GPR1,PRED2,VEC3,VEC4	-	same	unbounded-loop
stnt1d_z_p_bi_contiguous	stnt1d	64e891e5	stnt1d { z4.d }, p2, [x3, #1, mul vl]	sve	1:MRA	ok	GPR3,PRED2,VEC4	-	GPR3,PRED2,VEC4	-	agree	-	-	GPR3,PRED2,VEC4	-	same	unbounded-loop
stnt1d_z_p_br_contiguous	stnt1d	646881e5	stnt1d { z4.d }, p2, [x3, x1, lsl #3]	sve	1:MRA	ok	GPR1,GPR3,PRED2,VEC4	-	GPR1,GPR3,PRED2,VEC4	-	agree	-	-	GPR1,GPR3,PRED2,VEC4	-	same	unbounded-loop
stnt1h_mz_p_bi_2	stnt1h	692861a0	stnt1h { z8.h, z9.h }, pn10, [x3, #2, mul vl]	sve2	1:MRA	ok	GPR3,PRED10,VEC8,VEC9	-	GPR3,PRED10,VEC8,VEC9	-	agree	-	-	GPR3,PRED10,VEC8,VEC9	-	same	unbounded-loop
stnt1h_mz_p_bi_4	stnt1h	71a861a0	stnt1h { z16.h - z19.h }, pn10, [x3, #4, mul vl]	sve2	1:MRA	ok	GPR3,PRED10,VEC16,VEC17,VEC18,VEC19	-	GPR3,PRED10,VEC16,VEC17,VEC18,VEC19	-	agree	-	-	GPR3,PRED10,VEC16,VEC17,VEC18,VEC19	-	same	unbounded-loop
stnt1h_mz_p_br_2	stnt1h	692821a0	stnt1h { z8.h, z9.h }, pn10, [x3, x1, lsl #1]	sve2	1:MRA	ok	GPR1,GPR3,PRED10,VEC8,VEC9	-	GPR1,GPR3,PRED10,VEC8,VEC9	-	agree	-	-	GPR1,GPR3,PRED10,VEC8,VEC9	-	same	unbounded-loop
stnt1h_mz_p_br_4	stnt1h	71a821a0	stnt1h { z16.h - z19.h }, pn10, [x3, x1, lsl #1]	sve2	1:MRA	ok	GPR1,GPR3,PRED10,VEC16,VEC17,VEC18,VEC19	-	GPR1,GPR3,PRED10,VEC16,VEC17,VEC18,VEC19	-	agree	-	-	GPR1,GPR3,PRED10,VEC16,VEC17,VEC18,VEC19	-	same	unbounded-loop
stnt1h_mzx_p_bi_2x8	stnt1h	6d2861a1	stnt1h { z5.h, z13.h }, pn10, [x3, #2, mul vl]	mortlach2	1:MRA	ok	GPR3,PRED10,VEC13,VEC5	-	GPR3,PRED10,VEC13,VEC5	-	agree	-	-	GPR3,PRED10,VEC13,VEC5	-	same	unbounded-loop
stnt1h_mzx_p_bi_4x4	stnt1h	69a861a1	stnt1h { z1.h, z5.h, z9.h, z13.h }, pn10, [x3, #4, mul vl]	mortlach2	1:MRA	ok	GPR3,PRED10,VEC1,VEC13,VEC5,VEC9	-	GPR3,PRED10,VEC1,VEC13,VEC5,VEC9	-	agree	-	-	GPR3,PRED10,VEC1,VEC13,VEC5,VEC9	-	same	unbounded-loop
stnt1h_mzx_p_br_2x8	stnt1h	6d2821a1	stnt1h { z5.h, z13.h }, pn10, [x3, x1, lsl #1]	mortlach2	1:MRA	ok	GPR1,GPR3,PRED10,VEC13,VEC5	-	GPR1,GPR3,PRED10,VEC13,VEC5	-	agree	-	-	GPR1,GPR3,PRED10,VEC13,VEC5	-	same	unbounded-loop
stnt1h_mzx_p_br_4x4	stnt1h	69a821a1	stnt1h { z1.h, z5.h, z9.h, z13.h }, pn10, [x3, x1, lsl #1]	mortlach2	1:MRA	ok	GPR1,GPR3,PRED10,VEC1,VEC13,VEC5,VEC9	-	GPR1,GPR3,PRED10,VEC1,VEC13,VEC5,VEC9	-	agree	-	-	GPR1,GPR3,PRED10,VEC1,VEC13,VEC5,VEC9	-	same	unbounded-loop
stnt1h_z_p_ar_d_64_unscaled	stnt1h	642881e4	stnt1h { z4.d }, p2, [z3.d, x1]	sve2	1:MRA	ok	GPR1,PRED2,VEC3,VEC4	-	GPR1,PRED2,VEC3,VEC4	-	agree	-	-	GPR1,PRED2,VEC3,VEC4	-	same	unbounded-loop
stnt1h_z_p_ar_s_x32_unscaled	stnt1h	6428c1e4	stnt1h { z4.s }, p2, [z3.s, x1]	sve2	1:MRA	ok	GPR1,PRED2,VEC3,VEC4	-	GPR1,PRED2,VEC3,VEC4	-	agree	-	-	GPR1,PRED2,VEC3,VEC4	-	same	unbounded-loop
stnt1h_z_p_bi_contiguous	stnt1h	64e891e4	stnt1h { z4.h }, p2, [x3, #1, mul vl]	sve	1:MRA	ok	GPR3,PRED2,VEC4	-	GPR3,PRED2,VEC4	-	agree	-	-	GPR3,PRED2,VEC4	-	same	unbounded-loop
stnt1h_z_p_br_contiguous	stnt1h	646881e4	stnt1h { z4.h }, p2, [x3, x1, lsl #1]	sve	1:MRA	ok	GPR1,GPR3,PRED2,VEC4	-	GPR1,GPR3,PRED2,VEC4	-	agree	-	-	GPR1,GPR3,PRED2,VEC4	-	same	unbounded-loop
stnt1w_mz_p_bi_2	stnt1w	694861a0	stnt1w { z8.s, z9.s }, pn10, [x3, #2, mul vl]	sve2	1:MRA	ok	GPR3,PRED10,VEC8,VEC9	-	GPR3,PRED10,VEC8,VEC9	-	agree	-	-	GPR3,PRED10,VEC8,VEC9	-	same	unbounded-loop
stnt1w_mz_p_bi_4	stnt1w	71c861a0	stnt1w { z16.s - z19.s }, pn10, [x3, #4, mul vl]	sve2	1:MRA	ok	GPR3,PRED10,VEC16,VEC17,VEC18,VEC19	-	GPR3,PRED10,VEC16,VEC17,VEC18,VEC19	-	agree	-	-	GPR3,PRED10,VEC16,VEC17,VEC18,VEC19	-	same	unbounded-loop
stnt1w_mz_p_br_2	stnt1w	694821a0	stnt1w { z8.s, z9.s }, pn10, [x3, x1, lsl #2]	sve2	1:MRA	ok	GPR1,GPR3,PRED10,VEC8,VEC9	-	GPR1,GPR3,PRED10,VEC8,VEC9	-	agree	-	-	GPR1,GPR3,PRED10,VEC8,VEC9	-	same	unbounded-loop
stnt1w_mz_p_br_4	stnt1w	71c821a0	stnt1w { z16.s - z19.s }, pn10, [x3, x1, lsl #2]	sve2	1:MRA	ok	GPR1,GPR3,PRED10,VEC16,VEC17,VEC18,VEC19	-	GPR1,GPR3,PRED10,VEC16,VEC17,VEC18,VEC19	-	agree	-	-	GPR1,GPR3,PRED10,VEC16,VEC17,VEC18,VEC19	-	same	unbounded-loop
stnt1w_mzx_p_bi_2x8	stnt1w	6d4861a1	stnt1w { z5.s, z13.s }, pn10, [x3, #2, mul vl]	mortlach2	1:MRA	ok	GPR3,PRED10,VEC13,VEC5	-	GPR3,PRED10,VEC13,VEC5	-	agree	-	-	GPR3,PRED10,VEC13,VEC5	-	same	unbounded-loop
stnt1w_mzx_p_bi_4x4	stnt1w	69c861a1	stnt1w { z1.s, z5.s, z9.s, z13.s }, pn10, [x3, #4, mul vl]	mortlach2	1:MRA	ok	GPR3,PRED10,VEC1,VEC13,VEC5,VEC9	-	GPR3,PRED10,VEC1,VEC13,VEC5,VEC9	-	agree	-	-	GPR3,PRED10,VEC1,VEC13,VEC5,VEC9	-	same	unbounded-loop
stnt1w_mzx_p_br_2x8	stnt1w	6d4821a1	stnt1w { z5.s, z13.s }, pn10, [x3, x1, lsl #2]	mortlach2	1:MRA	ok	GPR1,GPR3,PRED10,VEC13,VEC5	-	GPR1,GPR3,PRED10,VEC13,VEC5	-	agree	-	-	GPR1,GPR3,PRED10,VEC13,VEC5	-	same	unbounded-loop
stnt1w_mzx_p_br_4x4	stnt1w	69c821a1	stnt1w { z1.s, z5.s, z9.s, z13.s }, pn10, [x3, x1, lsl #2]	mortlach2	1:MRA	ok	GPR1,GPR3,PRED10,VEC1,VEC13,VEC5,VEC9	-	GPR1,GPR3,PRED10,VEC1,VEC13,VEC5,VEC9	-	agree	-	-	GPR1,GPR3,PRED10,VEC1,VEC13,VEC5,VEC9	-	same	unbounded-loop
stnt1w_z_p_ar_d_64_unscaled	stnt1w	642801e5	stnt1w { z4.d }, p2, [z3.d, x1]	sve2	1:MRA	ok	GPR1,PRED2,VEC3,VEC4	-	GPR1,PRED2,VEC3,VEC4	-	agree	-	-	GPR1,PRED2,VEC3,VEC4	-	same	unbounded-loop
stnt1w_z_p_ar_s_x32_unscaled	stnt1w	642841e5	stnt1w { z4.s }, p2, [z3.s, x1]	sve2	1:MRA	ok	GPR1,PRED2,VEC3,VEC4	-	GPR1,PRED2,VEC3,VEC4	-	agree	-	-	GPR1,PRED2,VEC3,VEC4	-	same	unbounded-loop
stnt1w_z_p_bi_contiguous	stnt1w	64e811e5	stnt1w { z4.s }, p2, [x3, #1, mul vl]	sve	1:MRA	ok	GPR3,PRED2,VEC4	-	GPR3,PRED2,VEC4	-	agree	-	-	GPR3,PRED2,VEC4	-	same	unbounded-loop
stnt1w_z_p_br_contiguous	stnt1w	646801e5	stnt1w { z4.s }, p2, [x3, x1, lsl #2]	sve	1:MRA	ok	GPR1,GPR3,PRED2,VEC4	-	GPR1,GPR3,PRED2,VEC4	-	agree	-	-	GPR1,GPR3,PRED2,VEC4	-	same	unbounded-loop
str_p_bi_	str	640881e5	str p4, [x3, #10, mul vl]	sve	1:MRA	ok	GPR3,PRED4	-	GPR3,PRED4	-	agree	-	-	GPR3,PRED4	-	same	-
str_z_bi_	str	644881e5	str z4, [x3, #10, mul vl]	sve	1:MRA	ok	GPR3,VEC4	-	GPR3,VEC4	-	agree	-	-	GPR3,VEC4	-	same	-
str_za_ri_	str	432020e1	str za[w13, 3], [x2, #3, mul vl]	mortlach	1:MRA	ok	GPR13,GPR2,MATRIX	-	GPR13,GPR2,MATRIX	-	agree	-	-	GPR13,GPR2,MATRIX	-	same	index-runtime:ZA
str_zt_br_	str	20803fe1	str zt0, [x1]	mortlach2	1:MRA	ok	GPR1,MATRIX	-	GPR1,MATRIX	-	agree	-	-	GPR1,MATRIX	-	same	-
sub_z_p_zz_	sub	64084104	sub z4.h, p2/m, z4.h, z3.h	sve	1:MRA	ok	PRED2,VEC3,VEC4	VEC4	PRED2,VEC3,VEC4	VEC4	agree	-	-	PRED2,VEC3,VEC4	VEC4	same	unbounded-loop
sub_z_zi_	sub	64c06125	sub z4.h, z4.h, #3	sve	1:MRA	ok	VEC4	VEC4	VEC4	VEC4	agree	-	-	VEC4	VEC4	same	-
sub_z_zz_	sub	64046204	sub z4.h, z3.h, z2.h	sve	1:MRA	ok	VEC2,VEC3	VEC4	VEC2,VEC3	VEC4	agree	-	-	VEC2,VEC3	VEC4	same	-
sub_za_zw_2x2	sub	dc5ce0c1	sub za.d[w10, 4, vgx2], { z6.d, z7.d }	mortlach2	1:MRA	ok	GPR10,MATRIX,VEC6,VEC7	MATRIX	GPR10,MATRIX,VEC6,VEC7	MATRIX	agree	-	-	GPR10,MATRIX,VEC6,VEC7	MATRIX	same	index-runtime:ZA
sub_za_zw_4x4	sub	9c5de1c1	sub za.d[w10, 4, vgx4], { z12.d - z15.d }	mortlach2	1:MRA	ok	GPR10,MATRIX,VEC12,VEC13,VEC14,VEC15	MATRIX	GPR10,MATRIX,VEC12,VEC13,VEC14,VEC15	MATRIX	agree	-	-	GPR10,MATRIX,VEC12,VEC13,VEC14,VEC15	MATRIX	same	index-runtime:ZA
sub_za_zzv_2x1	sub	9d7862c1	sub za.d[w11, 5, vgx2], { z4.d, z5.d }, z2.d	mortlach2	1:MRA	ok	GPR11,VEC2,VEC4,VEC5	MATRIX	GPR11,MATRIX,VEC2,VEC4,VEC5	MATRIX	disagree	SRC+trc:MATRIX	-	GPR11,MATRIX,VEC2,VEC4,VEC5	MATRIX	SRC+trc:MATRIX	-
sub_za_zzv_4x1	sub	9d7872c1	sub za.d[w11, 5, vgx4], { z4.d - z7.d }, z2.d	mortlach2	1:MRA	ok	GPR11,VEC2,VEC4,VEC5,VEC6,VEC7	MATRIX	GPR11,MATRIX,VEC2,VEC4,VEC5,VEC6,VEC7	MATRIX	disagree	SRC+trc:MATRIX	-	GPR11,MATRIX,VEC2,VEC4,VEC5,VEC6,VEC7	MATRIX	SRC+trc:MATRIX	-
sub_za_zzw_2x2	sub	1d79e4c1	sub za.d[w11, 5, vgx2], { z8.d, z9.d }, { z4.d, z5.d }	mortlach2	1:MRA	ok	GPR11,VEC4,VEC5,VEC8,VEC9	MATRIX	GPR11,MATRIX,VEC4,VEC5,VEC8,VEC9	MATRIX	disagree	SRC+trc:MATRIX	-	GPR11,MATRIX,VEC4,VEC5,VEC8,VEC9	MATRIX	SRC+trc:MATRIX	-
sub_za_zzw_4x4	sub	1d7ae9c1	sub za.d[w11, 5, vgx4], { z16.d - z19.d }, { z8.d - z11.d }	mortlach2	1:MRA	ok	GPR11,VEC10,VEC11,VEC16,VEC17,VEC18,VEC19,VEC8,VEC9	MATRIX	GPR11,MATRIX,VEC10,VEC11,VEC16,VEC17,VEC18,VEC19,VEC8,VEC9	MATRIX	disagree	SRC+trc:MATRIX	-	GPR11,MATRIX,VEC10,VEC11,VEC16,VEC17,VEC18,VEC19,VEC8,VEC9	MATRIX	SRC+trc:MATRIX	-
subhnb_z_zz_	subhnb	64706245	subhnb z4.b, z3.h, z2.h	sve2	1:MRA	ok	VEC2,VEC3	VEC4	VEC2,VEC3	VEC4	agree	-	-	VEC2,VEC3	VEC4	same	-
subhnt_z_zz_	subhnt	64746245	subhnt z4.b, z3.h, z2.h	sve2	1:MRA	ok	VEC2,VEC3,VEC4	VEC4	VEC2,VEC3,VEC4	VEC4	agree	-	-	VEC2,VEC3,VEC4	VEC4	same	-
subr_z_p_zz_	subr	64084304	subr z4.h, p2/m, z4.h, z3.h	sve	1:MRA	ok	PRED2,VEC3,VEC4	VEC4	PRED2,VEC3,VEC4	VEC4	agree	-	-	PRED2,VEC3,VEC4	VEC4	same	unbounded-loop
subr_z_zi_	subr	64c06325	subr z4.h, z4.h, #3	sve	1:MRA	ok	VEC4	VEC4	VEC4	VEC4	agree	-	-	VEC4	VEC4	same	-
sudot_z_zzzi_s	sudot	641caa44	sudot z4.s, z3.b, z2.b[1]	sve	1:MRA	ok	VEC2,VEC3,VEC4	VEC4	VEC2,VEC3,VEC4	VEC4	agree	-	-	VEC2,VEC3,VEC4	VEC4	same	-
sudot_za_zzi_s2xi	sudot	3d5d51c1	sudot za.s[w10, 5, vgx2], { z8.b, z9.b }, z1.b[3]	mortlach2	1:MRA	ok	GPR10,MATRIX,VEC1,VEC8,VEC9	MATRIX	GPR10,MATRIX,VEC1,VEC8,VEC9	MATRIX	agree	-	-	GPR10,MATRIX,VEC1,VEC8,VEC9	MATRIX	same	index-runtime:ZA
sudot_za_zzi_s4xi	sudot	3dde51c1	sudot za.s[w10, 5, vgx4], { z16.b - z19.b }, z1.b[3]	mortlach2	1:MRA	ok	GPR10,MATRIX,VEC1,VEC16,VEC17,VEC18,VEC19	MATRIX	GPR10,MATRIX,VEC1,VEC16,VEC17,VEC18,VEC19	MATRIX	agree	-	-	GPR10,MATRIX,VEC1,VEC16,VEC17,VEC18,VEC19	MATRIX	same	index-runtime:ZA
sudot_za_zzv_s2x1	sudot	7c5421c1	sudot za.s[w10, 4, vgx2], { z3.b, z4.b }, z1.b	mortlach2	1:MRA	ok	GPR10,MATRIX,VEC1,VEC3,VEC4	MATRIX	GPR10,MATRIX,VEC1,VEC3,VEC4	MATRIX	agree	-	-	GPR10,MATRIX,VEC1,VEC3,VEC4	MATRIX	same	index-runtime:ZA
sudot_za_zzv_s4x1	sudot	7c5431c1	sudot za.s[w10, 4, vgx4], { z3.b - z6.b }, z1.b	mortlach2	1:MRA	ok	GPR10,MATRIX,VEC1,VEC3,VEC4,VEC5,VEC6	MATRIX	GPR10,MATRIX,VEC1,VEC3,VEC4,VEC5,VEC6	MATRIX	agree	-	-	GPR10,MATRIX,VEC1,VEC3,VEC4,VEC5,VEC6	MATRIX	same	index-runtime:ZA
sumlall_za_zzi_s	sumlall	b67001c1	sumlall za.s[w11, 8:11], z5.b, z1.b[4]	mortlach2	1:MRA	ok	GPR11,MATRIX,VEC1,VEC5	MATRIX	GPR11,MATRIX,VEC1,VEC5	MATRIX	agree	-	-	GPR11,MATRIX,VEC1,VEC5	MATRIX	same	index-runtime:ZA
sumlall_za_zzi_s2xi	sumlall	324d11c1	sumlall za.s[w10, 0:3, vgx2], { z8.b, z9.b }, z1.b[13]	mortlach2	1:MRA	ok	GPR10,MATRIX,VEC1,VEC8,VEC9	MATRIX	GPR10,MATRIX,VEC1,VEC8,VEC9	MATRIX	agree	-	-	GPR10,MATRIX,VEC1,VEC8,VEC9	MATRIX	same	index-runtime:ZA
sumlall_za_zzi_s4xi	sumlall	32ce11c1	sumlall za.s[w10, 0:3, vgx4], { z16.b - z19.b }, z1.b[13]	mortlach2	1:MRA	ok	GPR10,MATRIX,VEC1,VEC16,VEC17,VEC18,VEC19	MATRIX	GPR10,MATRIX,VEC1,VEC16,VEC17,VEC18,VEC19	MATRIX	agree	-	-	GPR10,MATRIX,VEC1,VEC16,VEC17,VEC18,VEC19	MATRIX	same	index-runtime:ZA
sumlall_za_zzv_s2x1	sumlall	744021c1	sumlall za.s[w10, 0:3, vgx2], { z3.b, z4.b }, z1.b	mortlach2	1:MRA	ok	GPR10,MATRIX,VEC1,VEC3,VEC4	MATRIX	GPR10,MATRIX,VEC1,VEC3,VEC4	MATRIX	agree	-	-	GPR10,MATRIX,VEC1,VEC3,VEC4	MATRIX	same	index-runtime:ZA
sumlall_za_zzv_s4x1	sumlall	744031c1	sumlall za.s[w10, 0:3, vgx4], { z3.b - z6.b }, z1.b	mortlach2	1:MRA	ok	GPR10,MATRIX,VEC1,VEC3,VEC4,VEC5,VEC6	MATRIX	GPR10,MATRIX,VEC1,VEC3,VEC4,VEC5,VEC6	MATRIX	agree	-	-	GPR10,MATRIX,VEC1,VEC3,VEC4,VEC5,VEC6	MATRIX	same	index-runtime:ZA
sumopa_za_pp_zz_32	sumopa	814ca1a0	sumopa za1.s, p3/m, p2/m, z4.b, z1.b	mortlach	1:MRA	ok	MATRIX,PRED2,PRED3,VEC1,VEC4	MATRIX	MATRIX,PRED2,PRED3,VEC1,VEC4	MATRIX	agree	-	-	MATRIX,PRED2,PRED3,VEC1,VEC4	MATRIX	same	-
sumopa_za_pp_zz_64	sumopa	854ce1a0	sumopa za5.d, p3/m, p2/m, z4.h, z1.h	mortlach	1:MRA	ok	MATRIX,PRED2,PRED3,VEC1,VEC4	MATRIX	MATRIX,PRED2,PRED3,VEC1,VEC4	MATRIX	agree	-	-	MATRIX,PRED2,PRED3,VEC1,VEC4	MATRIX	same	-
sumops_za_pp_zz_32	sumops	914ca1a0	sumops za1.s, p3/m, p2/m, z4.b, z1.b	mortlach	1:MRA	ok	MATRIX,PRED2,PRED3,VEC1,VEC4	MATRIX	MATRIX,PRED2,PRED3,VEC1,VEC4	MATRIX	agree	-	-	MATRIX,PRED2,PRED3,VEC1,VEC4	MATRIX	same	-
sumops_za_pp_zz_64	sumops	954ce1a0	sumops za5.d, p3/m, p2/m, z4.h, z1.h	mortlach	1:MRA	ok	MATRIX,PRED2,PRED3,VEC1,VEC4	MATRIX	MATRIX,PRED2,PRED3,VEC1,VEC4	MATRIX	agree	-	-	MATRIX,PRED2,PRED3,VEC1,VEC4	MATRIX	same	-
sunpk_mz_z_2	sunpk	46e065c1	sunpk { z6.h, z7.h }, z2.b	mortlach2	1:MRA	ok	VEC2	VEC6,VEC7	VEC2	VEC6,VEC7	agree	-	-	VEC2	VEC6,VEC7	same	-
sunpk_mz_z_4	sunpk	8ce075c1	sunpk { z12.h - z15.h }, { z4.b, z5.b }	mortlach2	1:MRA	ok	VEC4,VEC5	VEC12,VEC13,VEC14,VEC15	VEC4,VEC5	VEC12,VEC13,VEC14,VEC15	agree	-	-	VEC4,VEC5	VEC12,VEC13,VEC14,VEC15	same	-
sunpkhi_z_z_	sunpkhi	43387105	sunpkhi z3.h, z2.b	sve	1:MRA	ok	VEC2	VEC3	VEC2	VEC3	agree	-	-	VEC2	VEC3	same	-
sunpklo_z_z_	sunpklo	43387005	sunpklo z3.h, z2.b	sve	1:MRA	ok	VEC2	VEC3	VEC2	VEC3	agree	-	-	VEC2	VEC3	same	-
suqadd_z_p_zz_	suqadd	64885c44	suqadd z4.h, p2/m, z4.h, z3.h	sve2	1:MRA	ok	PRED2,VEC3,VEC4	VEC4	PRED2,VEC3,VEC4	VEC4	agree	-	-	PRED2,VEC3,VEC4	VEC4	same	unbounded-loop
suvdot_za_zzi_s4xi	suvdot	3dce51c1	suvdot za.s[w10, 5, vgx4], { z16.b - z19.b }, z1.b[3]	mortlach2	1:MRA	ok	GPR10,MATRIX,VEC1,VEC16,VEC17,VEC18,VEC19	MATRIX	GPR10,MATRIX,VEC1,VEC16,VEC17,VEC18,VEC19	MATRIX	agree	-	-	GPR10,MATRIX,VEC1,VEC16,VEC17,VEC18,VEC19	MATRIX	same	index-runtime:ZA
svdot_za32_zzi_2xi	svdot	254d51c1	svdot za.s[w10, 5, vgx2], { z8.h, z9.h }, z1.h[3]	mortlach2	1:MRA	ok	GPR10,MATRIX,VEC1,VEC8,VEC9	MATRIX	GPR10,MATRIX,VEC1,VEC8,VEC9	MATRIX	agree	-	-	GPR10,MATRIX,VEC1,VEC8,VEC9	MATRIX	same	index-runtime:ZA
svdot_za_zzi_d4xi	svdot	0dced1c1	svdot za.d[w10, 5, vgx4], { z16.h - z19.h }, z1.h[1]	mortlach2	1:MRA	ok	GPR10,MATRIX,VEC1,VEC16,VEC17,VEC18,VEC19	MATRIX	GPR10,MATRIX,VEC1,VEC16,VEC17,VEC18,VEC19	MATRIX	agree	-	-	GPR10,MATRIX,VEC1,VEC16,VEC17,VEC18,VEC19	MATRIX	same	index-runtime:ZA
svdot_za_zzi_s4xi	svdot	25ce51c1	svdot za.s[w10, 5, vgx4], { z16.b - z19.b }, z1.b[3]	mortlach2	1:MRA	ok	GPR10,MATRIX,VEC1,VEC16,VEC17,VEC18,VEC19	MATRIX	GPR10,MATRIX,VEC1,VEC16,VEC17,VEC18,VEC19	MATRIX	agree	-	-	GPR10,MATRIX,VEC1,VEC16,VEC17,VEC18,VEC19	MATRIX	same	index-runtime:ZA
sxtb_z_p_z_	sxtb	64a85004	sxtb z4.h, p2/m, z3.h	sve	1:MRA	ok	PRED2,VEC3,VEC4	VEC4	PRED2,VEC3,VEC4	VEC4	agree	-	-	PRED2,VEC3,VEC4	VEC4	same	unbounded-loop
sxth_z_p_z_	sxth	31ba9204	sxth z17.s, p6/m, z17.s	sve	1:MRA	ok	PRED6,VEC17	VEC17	PRED6,VEC17	VEC17	agree	-	-	PRED6,VEC17	VEC17	same	unbounded-loop
sxtw_z_p_z_	sxtw	31b2d404	sxtw z17.d, p4/m, z17.d	sve	1:MRA	ok	PRED4,VEC17	VEC17	PRED4,VEC17	VEC17	agree	-	-	PRED4,VEC17	VEC17	same	unbounded-loop
tbl_z_zz_1	tbl	64306205	tbl z4.h, { z3.h }, z2.h	sve	1:MRA	ok	VEC2,VEC3	VEC4	VEC2,VEC3	VEC4	agree	-	-	VEC2,VEC3	VEC4	same	-
tbl_z_zz_2	tbl	64286205	tbl z4.h, { z3.h, z4.h }, z2.h	sve2	1:MRA	ok	VEC2,VEC3,VEC4	VEC4	VEC2,VEC3,VEC4	VEC4	agree	-	-	VEC2,VEC3,VEC4	VEC4	same	-
tblq_z_zz_	tblq	64f84244	tblq z4.h, { z3.h }, z2.h	sve2	1:MRA	ok	VEC2,VEC3	VEC4	VEC2,VEC3	VEC4	agree	-	-	VEC2,VEC3	VEC4	same	-
tbx_z_zz_	tbx	642c6205	tbx z4.h, z3.h, z2.h	sve2	1:MRA	ok	VEC2,VEC3,VEC4	VEC4	VEC2,VEC3,VEC4	VEC4	agree	-	-	VEC2,VEC3,VEC4	VEC4	same	-
tbxq_z_zz_	tbxq	64346205	tbxq z4.h, z3.h, z2.h	sve2	1:MRA	ok	VEC2,VEC3,VEC4	VEC4	VEC2,VEC3,VEC4	VEC4	agree	-	-	VEC2,VEC3,VEC4	VEC4	same	-
trn1_p_pp_	trn1	64506205	trn1 p4.h, p3.h, p2.h	sve	1:MRA	ok	PRED2,PRED3	PRED4	PRED2,PRED3	PRED4	agree	-	-	PRED2,PRED3	PRED4	same	-
trn1_z_zz_	trn1	64706205	trn1 z4.h, z3.h, z2.h	sve	1:MRA	ok	VEC2,VEC3	VEC4	VEC2,VEC3	VEC4	agree	-	-	VEC2,VEC3	VEC4	same	-
trn1_z_zz_q	trn1	4318a105	trn1 z3.q, z2.q, z1.q	sve	1:MRA	ok	VEC1,VEC2	VEC3	VEC1,VEC2	VEC3	agree	-	-	VEC1,VEC2	VEC3	same	-
trn2_p_pp_	trn2	64546205	trn2 p4.h, p3.h, p2.h	sve	1:MRA	ok	PRED2,PRED3	PRED4	PRED2,PRED3	PRED4	agree	-	-	PRED2,PRED3	PRED4	same	-
trn2_z_zz_	trn2	64746205	trn2 z4.h, z3.h, z2.h	sve	1:MRA	ok	VEC2,VEC3	VEC4	VEC2,VEC3	VEC4	agree	-	-	VEC2,VEC3	VEC4	same	-
trn2_z_zz_q	trn2	431ca105	trn2 z3.q, z2.q, z1.q	sve	1:MRA	ok	VEC1,VEC2	VEC3	VEC1,VEC2	VEC3	agree	-	-	VEC1,VEC2	VEC3	same	-
uaba_z_zzz_	uaba	64fc4245	uaba z4.h, z3.h, z2.h	sve2	1:MRA	ok	VEC2,VEC3,VEC4	VEC4	VEC2,VEC3,VEC4	VEC4	agree	-	-	VEC2,VEC3,VEC4	VEC4	same	-
uabalb_z_zzz_	uabalb	64c84245	uabalb z4.h, z3.b, z2.b	sve2	1:MRA	ok	VEC2,VEC3,VEC4	VEC4	VEC2,VEC3,VEC4	VEC4	agree	-	-	VEC2,VEC3,VEC4	VEC4	same	-
uabalt_z_zzz_	uabalt	64cc4245	uabalt z4.h, z3.b, z2.b	sve2	1:MRA	ok	VEC2,VEC3,VEC4	VEC4	VEC2,VEC3,VEC4	VEC4	agree	-	-	VEC2,VEC3,VEC4	VEC4	same	-
uabd_z_p_zz_	uabd	64084d04	uabd z4.h, p2/m, z4.h, z3.h	sve	1:MRA	ok	PRED2,VEC3,VEC4	VEC4	PRED2,VEC3,VEC4	VEC4	agree	-	-	PRED2,VEC3,VEC4	VEC4	same	unbounded-loop
uabdlb_z_zz_	uabdlb	64384245	uabdlb z4.h, z3.b, z2.b	sve2	1:MRA	ok	VEC2,VEC3	VEC4	VEC2,VEC3	VEC4	agree	-	-	VEC2,VEC3	VEC4	same	-
uabdlt_z_zz_	uabdlt	643c4245	uabdlt z4.h, z3.b, z2.b	sve2	1:MRA	ok	VEC2,VEC3	VEC4	VEC2,VEC3	VEC4	agree	-	-	VEC2,VEC3	VEC4	same	-
uadalp_z_p_z_	uadalp	64a84544	uadalp z4.h, p2/m, z3.b	sve2	1:MRA	ok	PRED2,VEC3,VEC4	VEC4	PRED2,VEC3,VEC4	VEC4	agree	-	-	PRED2,VEC3,VEC4	VEC4	same	unbounded-loop
uaddlb_z_zz_	uaddlb	64084245	uaddlb z4.h, z3.b, z2.b	sve2	1:MRA	ok	VEC2,VEC3	VEC4	VEC2,VEC3	VEC4	agree	-	-	VEC2,VEC3	VEC4	same	-
uaddlt_z_zz_	uaddlt	640c4245	uaddlt z4.h, z3.b, z2.b	sve2	1:MRA	ok	VEC2,VEC3	VEC4	VEC2,VEC3	VEC4	agree	-	-	VEC2,VEC3	VEC4	same	-
uaddv_r_p_z_	uaddv	64284104	uaddv d4, p2, z3.h	sve	1:MRA	ok	PRED2,VEC3	VEC4	PRED2,VEC3	VEC4	agree	-	-	PRED2,VEC3	VEC4	same	unbounded-loop
uaddwb_z_zz_	uaddwb	64484245	uaddwb z4.h, z3.h, z2.b	sve2	1:MRA	ok	VEC2,VEC3	VEC4	VEC2,VEC3	VEC4	agree	-	-	VEC2,VEC3	VEC4	same	-
uaddwt_z_zz_	uaddwt	644c4245	uaddwt z4.h, z3.h, z2.b	sve2	1:MRA	ok	VEC2,VEC3	VEC4	VEC2,VEC3	VEC4	agree	-	-	VEC2,VEC3	VEC4	same	-
uclamp_mz_zz_2	uclamp	69c462c1	uclamp { z8.h, z9.h }, z3.h, z2.h	mortlach2	1:MRA	ok	VEC2,VEC3,VEC8,VEC9	VEC8,VEC9	VEC2,VEC3,VEC8,VEC9	VEC8,VEC9	agree	-	-	VEC2,VEC3,VEC8,VEC9	VEC8,VEC9	same	-
uclamp_mz_zz_4	uclamp	71cc62c1	uclamp { z16.h - z19.h }, z3.h, z2.h	mortlach2	1:MRA	ok	VEC16,VEC17,VEC18,VEC19,VEC2,VEC3	VEC16,VEC17,VEC18,VEC19	VEC16,VEC17,VEC18,VEC19,VEC2,VEC3	VEC16,VEC17,VEC18,VEC19	agree	-	-	VEC16,VEC17,VEC18,VEC19,VEC2,VEC3	VEC16,VEC17,VEC18,VEC19	same	-
uclamp_z_zz_	uclamp	64c44244	uclamp z4.h, z3.h, z2.h	sve2	1:MRA	ok	VEC2,VEC3,VEC4	VEC4	VEC2,VEC3,VEC4	VEC4	agree	-	-	VEC2,VEC3,VEC4	VEC4	same	-
ucvtf_mz_z_2	ucvtf	64e022c1	ucvtf { z4.s, z5.s }, { z2.s, z3.s }	mortlach2	1:MRA	ok	FCSR,VEC2,VEC3	VEC4,VEC5	VEC2,VEC3	VEC4,VEC5	disagree	SRC+ref:FCSR	-	VEC2,VEC3	VEC4,VEC5	SRC+ref:FCSR	-
ucvtf_mz_z_4	ucvtf	a8e032c1	ucvtf { z8.s - z11.s }, { z4.s - z7.s }	mortlach2	1:MRA	ok	FCSR,VEC4,VEC5,VEC6,VEC7	VEC10,VEC11,VEC8,VEC9	VEC4,VEC5,VEC6,VEC7	VEC10,VEC11,VEC8,VEC9	disagree	SRC+ref:FCSR	-	VEC4,VEC5,VEC6,VEC7	VEC10,VEC11,VEC8,VEC9	SRC+ref:FCSR	-
ucvtf_z_p_z_h2fp16	ucvtf	43a45365	ucvtf z3.h, p1/m, z2.h	sve	1:MRA	ok	FCSR,PRED1,VEC2,VEC3	VEC3	PRED1,VEC2,VEC3	VEC3	disagree	SRC+ref:FCSR	-	PRED1,VEC2,VEC3	VEC3	SRC+ref:FCSR	unbounded-loop
ucvtf_z_p_z_w2d	ucvtf	43a4d165	ucvtf z3.d, p1/m, z2.s	sve	1:MRA	ok	FCSR,PRED1,VEC2,VEC3	VEC3	PRED1,VEC2,VEC3	VEC3	disagree	SRC+ref:FCSR	-	PRED1,VEC2,VEC3	VEC3	SRC+ref:FCSR	unbounded-loop
ucvtf_z_p_z_w2fp16	ucvtf	43a45565	ucvtf z3.h, p1/m, z2.s	sve	1:MRA	ok	FCSR,PRED1,VEC2,VEC3	VEC3	PRED1,VEC2,VEC3	VEC3	disagree	SRC+ref:FCSR	-	PRED1,VEC2,VEC3	VEC3	SRC+ref:FCSR	unbounded-loop
ucvtf_z_p_z_w2s	ucvtf	43a49565	ucvtf z3.s, p1/m, z2.s	sve	1:MRA	ok	FCSR,PRED1,VEC2,VEC3	VEC3	PRED1,VEC2,VEC3	VEC3	disagree	SRC+ref:FCSR	-	PRED1,VEC2,VEC3	VEC3	SRC+ref:FCSR	unbounded-loop
ucvtf_z_p_z_x2d	ucvtf	43a4d765	ucvtf z3.d, p1/m, z2.d	sve	1:MRA	ok	FCSR,PRED1,VEC2,VEC3	VEC3	PRED1,VEC2,VEC3	VEC3	disagree	SRC+ref:FCSR	-	PRED1,VEC2,VEC3	VEC3	SRC+ref:FCSR	unbounded-loop
ucvtf_z_p_z_x2fp16	ucvtf	43a45765	ucvtf z3.h, p1/m, z2.d	sve	1:MRA	ok	FCSR,PRED1,VEC2,VEC3	VEC3	PRED1,VEC2,VEC3	VEC3	disagree	SRC+ref:FCSR	-	PRED1,VEC2,VEC3	VEC3	SRC+ref:FCSR	unbounded-loop
ucvtf_z_p_z_x2s	ucvtf	43a4d565	ucvtf z3.s, p1/m, z2.d	sve	1:MRA	ok	FCSR,PRED1,VEC2,VEC3	VEC3	PRED1,VEC2,VEC3	VEC3	disagree	SRC+ref:FCSR	-	PRED1,VEC2,VEC3	VEC3	SRC+ref:FCSR	unbounded-loop
udiv_z_p_zz_	udiv	871fd504	udiv z7.d, p7/m, z7.d, z28.d	sve	1:MRA	ok	PRED7,VEC28,VEC7	VEC7	PRED7,VEC28,VEC7	VEC7	agree	-	-	PRED7,VEC28,VEC7	VEC7	same	unbounded-loop
udivr_z_p_zz_	udivr	31069704	udivr z17.s, p1/m, z17.s, z17.s	sve	1:MRA	ok	PRED1,VEC17	VEC17	PRED1,VEC17	VEC17	agree	-	-	PRED1,VEC17	VEC17	same	unbounded-loop
udot_z32_zzz_	udot	43cc0144	udot z3.s, z2.h, z1.h	sve2	1:MRA	ok	VEC1,VEC2,VEC3	VEC3	VEC1,VEC2,VEC3	VEC3	agree	-	-	VEC1,VEC2,VEC3	VEC3	same	-
udot_z32_zzzi_	udot	64cc8a44	udot z4.s, z3.h, z2.h[1]	sve2	1:MRA	ok	VEC2,VEC3,VEC4	VEC4	VEC2,VEC3,VEC4	VEC4	agree	-	-	VEC2,VEC3,VEC4	VEC4	same	-
udot_z_zzz_	udot	7a05d044	udot z26.d, z11.h, z16.h	sve	1:MRA	ok	VEC11,VEC16,VEC26	VEC26	VEC11,VEC16,VEC26	VEC26	agree	-	-	VEC11,VEC16,VEC26	VEC26	same	-
udot_z_zzzi_d	udot	6404f244	udot z4.d, z3.h, z2.h[1]	sve	1:MRA	ok	VEC2,VEC3,VEC4	VEC4	VEC2,VEC3,VEC4	VEC4	agree	-	-	VEC2,VEC3,VEC4	VEC4	same	-
udot_z_zzzi_s	udot	6404aa44	udot z4.s, z3.b, z2.b[1]	sve	1:MRA	ok	VEC2,VEC3,VEC4	VEC4	VEC2,VEC3,VEC4	VEC4	agree	-	-	VEC2,VEC3,VEC4	VEC4	same	-
udot_za32_zzi_2xi	udot	155d51c1	udot za.s[w10, 5, vgx2], { z8.h, z9.h }, z1.h[3]	mortlach2	1:MRA	ok	GPR10,MATRIX,VEC1,VEC8,VEC9	MATRIX	GPR10,MATRIX,VEC1,VEC8,VEC9	MATRIX	agree	-	-	GPR10,MATRIX,VEC1,VEC8,VEC9	MATRIX	same	index-runtime:ZA
udot_za32_zzi_4xi	udot	15de51c1	udot za.s[w10, 5, vgx4], { z16.h - z19.h }, z1.h[3]	mortlach2	1:MRA	ok	GPR10,MATRIX,VEC1,VEC16,VEC17,VEC18,VEC19	MATRIX	GPR10,MATRIX,VEC1,VEC16,VEC17,VEC18,VEC19	MATRIX	agree	-	-	GPR10,MATRIX,VEC1,VEC16,VEC17,VEC18,VEC19	MATRIX	same	index-runtime:ZA
udot_za32_zzv_2x1	udot	7c5461c1	udot za.s[w10, 4, vgx2], { z3.h, z4.h }, z1.h	mortlach2	1:MRA	ok	GPR10,MATRIX,VEC1,VEC3,VEC4	MATRIX	GPR10,MATRIX,VEC1,VEC3,VEC4	MATRIX	agree	-	-	GPR10,MATRIX,VEC1,VEC3,VEC4	MATRIX	same	index-runtime:ZA
udot_za32_zzv_4x1	udot	7c5471c1	udot za.s[w10, 4, vgx4], { z3.h - z6.h }, z1.h	mortlach2	1:MRA	ok	GPR10,MATRIX,VEC1,VEC3,VEC4,VEC5,VEC6	MATRIX	GPR10,MATRIX,VEC1,VEC3,VEC4,VEC5,VEC6	MATRIX	agree	-	-	GPR10,MATRIX,VEC1,VEC3,VEC4,VEC5,VEC6	MATRIX	same	index-runtime:ZA
udot_za32_zzw_2x2	udot	dc54e2c1	udot za.s[w10, 4, vgx2], { z6.h, z7.h }, { z2.h, z3.h }	mortlach2	1:MRA	ok	GPR10,MATRIX,VEC2,VEC3,VEC6,VEC7	MATRIX	GPR10,MATRIX,VEC2,VEC3,VEC6,VEC7	MATRIX	agree	-	-	GPR10,MATRIX,VEC2,VEC3,VEC6,VEC7	MATRIX	same	index-runtime:ZA
udot_za32_zzw_4x4	udot	9c55e5c1	udot za.s[w10, 4, vgx4], { z12.h - z15.h }, { z4.h - z7.h }	mortlach2	1:MRA	ok	GPR10,MATRIX,VEC12,VEC13,VEC14,VEC15,VEC4,VEC5,VEC6,VEC7	MATRIX	GPR10,MATRIX,VEC12,VEC13,VEC14,VEC15,VEC4,VEC5,VEC6,VEC7	MATRIX	agree	-	-	GPR10,MATRIX,VEC12,VEC13,VEC14,VEC15,VEC4,VEC5,VEC6,VEC7	MATRIX	same	index-runtime:ZA
udot_za_zzi_d2xi	udot	1d45d1c1	udot za.d[w10, 5, vgx2], { z8.h, z9.h }, z1.h[1]	mortlach2	1:MRA	ok	GPR10,MATRIX,VEC1,VEC8,VEC9	MATRIX	GPR10,MATRIX,VEC1,VEC8,VEC9	MATRIX	agree	-	-	GPR10,MATRIX,VEC1,VEC8,VEC9	MATRIX	same	index-runtime:ZA
udot_za_zzi_d4xi	udot	1dc6d1c1	udot za.d[w10, 5, vgx4], { z16.h - z19.h }, z1.h[1]	mortlach2	1:MRA	ok	GPR10,MATRIX,VEC1,VEC16,VEC17,VEC18,VEC19	MATRIX	GPR10,MATRIX,VEC1,VEC16,VEC17,VEC18,VEC19	MATRIX	agree	-	-	GPR10,MATRIX,VEC1,VEC16,VEC17,VEC18,VEC19	MATRIX	same	index-runtime:ZA
udot_za_zzi_s2xi	udot	355d51c1	udot za.s[w10, 5, vgx2], { z8.b, z9.b }, z1.b[3]	mortlach2	1:MRA	ok	GPR10,MATRIX,VEC1,VEC8,VEC9	MATRIX	GPR10,MATRIX,VEC1,VEC8,VEC9	MATRIX	agree	-	-	GPR10,MATRIX,VEC1,VEC8,VEC9	MATRIX	same	index-runtime:ZA
udot_za_zzi_s4xi	udot	35de51c1	udot za.s[w10, 5, vgx4], { z16.b - z19.b }, z1.b[3]	mortlach2	1:MRA	ok	GPR10,MATRIX,VEC1,VEC16,VEC17,VEC18,VEC19	MATRIX	GPR10,MATRIX,VEC1,VEC16,VEC17,VEC18,VEC19	MATRIX	agree	-	-	GPR10,MATRIX,VEC1,VEC16,VEC17,VEC18,VEC19	MATRIX	same	index-runtime:ZA
udot_za_zzv_2x1	udot	957462c1	udot za.d[w11, 5, vgx2], { z4.h, z5.h }, z2.h	mortlach2	1:MRA	ok	GPR11,MATRIX,VEC2,VEC4,VEC5	MATRIX	GPR11,MATRIX,VEC2,VEC4,VEC5	MATRIX	agree	-	-	GPR11,MATRIX,VEC2,VEC4,VEC5	MATRIX	same	index-runtime:ZA
udot_za_zzv_4x1	udot	957472c1	udot za.d[w11, 5, vgx4], { z4.h - z7.h }, z2.h	mortlach2	1:MRA	ok	GPR11,MATRIX,VEC2,VEC4,VEC5,VEC6,VEC7	MATRIX	GPR11,MATRIX,VEC2,VEC4,VEC5,VEC6,VEC7	MATRIX	agree	-	-	GPR11,MATRIX,VEC2,VEC4,VEC5,VEC6,VEC7	MATRIX	same	index-runtime:ZA
udot_za_zzw_2x2	udot	1575e4c1	udot za.d[w11, 5, vgx2], { z8.h, z9.h }, { z4.h, z5.h }	mortlach2	1:MRA	ok	GPR11,MATRIX,VEC4,VEC5,VEC8,VEC9	MATRIX	GPR11,MATRIX,VEC4,VEC5,VEC8,VEC9	MATRIX	agree	-	-	GPR11,MATRIX,VEC4,VEC5,VEC8,VEC9	MATRIX	same	index-runtime:ZA
udot_za_zzw_4x4	udot	1576e9c1	udot za.d[w11, 5, vgx4], { z16.h - z19.h }, { z8.h - z11.h }	mortlach2	1:MRA	ok	GPR11,MATRIX,VEC10,VEC11,VEC16,VEC17,VEC18,VEC19,VEC8,VEC9	MATRIX	GPR11,MATRIX,VEC10,VEC11,VEC16,VEC17,VEC18,VEC19,VEC8,VEC9	MATRIX	agree	-	-	GPR11,MATRIX,VEC10,VEC11,VEC16,VEC17,VEC18,VEC19,VEC8,VEC9	MATRIX	same	index-runtime:ZA
uhadd_z_p_zz_	uhadd	64885144	uhadd z4.h, p2/m, z4.h, z3.h	sve2	1:MRA	ok	PRED2,VEC3,VEC4	VEC4	PRED2,VEC3,VEC4	VEC4	agree	-	-	PRED2,VEC3,VEC4	VEC4	same	unbounded-loop
uhsub_z_p_zz_	uhsub	64885344	uhsub z4.h, p2/m, z4.h, z3.h	sve2	1:MRA	ok	PRED2,VEC3,VEC4	VEC4	PRED2,VEC3,VEC4	VEC4	agree	-	-	PRED2,VEC3,VEC4	VEC4	same	unbounded-loop
uhsubr_z_p_zz_	uhsubr	64885744	uhsubr z4.h, p2/m, z4.h, z3.h	sve2	1:MRA	ok	PRED2,VEC3,VEC4	VEC4	PRED2,VEC3,VEC4	VEC4	agree	-	-	PRED2,VEC3,VEC4	VEC4	same	unbounded-loop
umax_mz_zzv_2x1	umax	07a062c1	umax { z6.h, z7.h }, { z6.h, z7.h }, z2.h	mortlach2	1:MRA	ok	VEC2,VEC6,VEC7	VEC6,VEC7	VEC2,VEC6,VEC7	VEC6,VEC7	agree	-	-	VEC2,VEC6,VEC7	VEC6,VEC7	same	-
umax_mz_zzv_4x1	umax	0da862c1	umax { z12.h - z15.h }, { z12.h - z15.h }, z2.h	mortlach2	1:MRA	ok	VEC12,VEC13,VEC14,VEC15,VEC2	VEC12,VEC13,VEC14,VEC15	VEC12,VEC13,VEC14,VEC15,VEC2	VEC12,VEC13,VEC14,VEC15	agree	-	-	VEC12,VEC13,VEC14,VEC15,VEC2	VEC12,VEC13,VEC14,VEC15	same	-
umax_mz_zzw_2x2	umax	07b064c1	umax { z6.h, z7.h }, { z6.h, z7.h }, { z4.h, z5.h }	mortlach2	1:MRA	ok	VEC4,VEC5,VEC6,VEC7	VEC6,VEC7	VEC4,VEC5,VEC6,VEC7	VEC6,VEC7	agree	-	-	VEC4,VEC5,VEC6,VEC7	VEC6,VEC7	same	-
umax_mz_zzw_4x4	umax	0db868c1	umax { z12.h - z15.h }, { z12.h - z15.h }, { z8.h - z11.h }	mortlach2	1:MRA	ok	VEC10,VEC11,VEC12,VEC13,VEC14,VEC15,VEC8,VEC9	VEC12,VEC13,VEC14,VEC15	VEC10,VEC11,VEC12,VEC13,VEC14,VEC15,VEC8,VEC9	VEC12,VEC13,VEC14,VEC15	agree	-	-	VEC10,VEC11,VEC12,VEC13,VEC14,VEC15,VEC8,VEC9	VEC12,VEC13,VEC14,VEC15	same	-
umax_z_p_zz_	umax	64084904	umax z4.h, p2/m, z4.h, z3.h	sve	1:MRA	ok	PRED2,VEC3,VEC4	VEC4	PRED2,VEC3,VEC4	VEC4	agree	-	-	PRED2,VEC3,VEC4	VEC4	same	unbounded-loop
umax_z_zi_	umax	43c06925	umax z3.h, z3.h, #2	sve	1:MRA	ok	VEC3	VEC3	VEC3	VEC3	agree	-	-	VEC3	VEC3	same	-
umaxp_z_p_zz_	umaxp	64a85544	umaxp z4.h, p2/m, z4.h, z3.h	sve2	1:MRA	ok	PRED2,VEC3,VEC4	VEC4	PRED2,VEC3,VEC4	VEC4	agree	-	-	PRED2,VEC3,VEC4	VEC4	same	unbounded-loop
umaxqv_z_p_z_	umaxqv	64284d04	umaxqv v4.8h, p2, z3.h	sve2	1:MRA	ok	PRED2,VEC3	VEC4	PRED2,VEC3	VEC4	agree	-	-	PRED2,VEC3	VEC4	same	unbounded-loop
umaxv_r_p_z_	umaxv	64284904	umaxv h4, p2, z3.h	sve	1:MRA	ok	PRED2,VEC3	VEC4	PRED2,VEC3	VEC4	agree	-	-	PRED2,VEC3	VEC4	same	unbounded-loop
umin_mz_zzv_2x1	umin	27a062c1	umin { z6.h, z7.h }, { z6.h, z7.h }, z2.h	mortlach2	1:MRA	ok	VEC2,VEC6,VEC7	VEC6,VEC7	VEC2,VEC6,VEC7	VEC6,VEC7	agree	-	-	VEC2,VEC6,VEC7	VEC6,VEC7	same	-
umin_mz_zzv_4x1	umin	2da862c1	umin { z12.h - z15.h }, { z12.h - z15.h }, z2.h	mortlach2	1:MRA	ok	VEC12,VEC13,VEC14,VEC15,VEC2	VEC12,VEC13,VEC14,VEC15	VEC12,VEC13,VEC14,VEC15,VEC2	VEC12,VEC13,VEC14,VEC15	agree	-	-	VEC12,VEC13,VEC14,VEC15,VEC2	VEC12,VEC13,VEC14,VEC15	same	-
umin_mz_zzw_2x2	umin	27b064c1	umin { z6.h, z7.h }, { z6.h, z7.h }, { z4.h, z5.h }	mortlach2	1:MRA	ok	VEC4,VEC5,VEC6,VEC7	VEC6,VEC7	VEC4,VEC5,VEC6,VEC7	VEC6,VEC7	agree	-	-	VEC4,VEC5,VEC6,VEC7	VEC6,VEC7	same	-
umin_mz_zzw_4x4	umin	2db868c1	umin { z12.h - z15.h }, { z12.h - z15.h }, { z8.h - z11.h }	mortlach2	1:MRA	ok	VEC10,VEC11,VEC12,VEC13,VEC14,VEC15,VEC8,VEC9	VEC12,VEC13,VEC14,VEC15	VEC10,VEC11,VEC12,VEC13,VEC14,VEC15,VEC8,VEC9	VEC12,VEC13,VEC14,VEC15	agree	-	-	VEC10,VEC11,VEC12,VEC13,VEC14,VEC15,VEC8,VEC9	VEC12,VEC13,VEC14,VEC15	same	-
umin_z_p_zz_	umin	64084b04	umin z4.h, p2/m, z4.h, z3.h	sve	1:MRA	ok	PRED2,VEC3,VEC4	VEC4	PRED2,VEC3,VEC4	VEC4	agree	-	-	PRED2,VEC3,VEC4	VEC4	same	unbounded-loop
umin_z_zi_	umin	43c06b25	umin z3.h, z3.h, #2	sve	1:MRA	ok	VEC3	VEC3	VEC3	VEC3	agree	-	-	VEC3	VEC3	same	-
uminp_z_p_zz_	uminp	64a85744	uminp z4.h, p2/m, z4.h, z3.h	sve2	1:MRA	ok	PRED2,VEC3,VEC4	VEC4	PRED2,VEC3,VEC4	VEC4	agree	-	-	PRED2,VEC3,VEC4	VEC4	same	unbounded-loop
uminqv_z_p_z_	uminqv	64284f04	uminqv v4.8h, p2, z3.h	sve2	1:MRA	ok	PRED2,VEC3	VEC4	PRED2,VEC3	VEC4	agree	-	-	PRED2,VEC3	VEC4	same	unbounded-loop
uminv_r_p_z_	uminv	64284b04	uminv h4, p2, z3.h	sve	1:MRA	ok	PRED2,VEC3	VEC4	PRED2,VEC3	VEC4	agree	-	-	PRED2,VEC3	VEC4	same	unbounded-loop
umlal_za_zzi_1	umlal	b670c1c1	umlal za.s[w11, 12:13], z5.h, z1.h[0]	mortlach2	1:MRA	ok	GPR11,MATRIX,VEC1,VEC5	MATRIX	GPR11,MATRIX,VEC1,VEC5	MATRIX	agree	-	-	GPR11,MATRIX,VEC1,VEC5	MATRIX	same	index-runtime:ZA
umlal_za_zzi_2xi	umlal	165dd1c1	umlal za.s[w10, 4:5, vgx2], { z8.h, z9.h }, z1.h[7]	mortlach2	1:MRA	ok	GPR10,MATRIX,VEC1,VEC8,VEC9	MATRIX	GPR10,MATRIX,VEC1,VEC8,VEC9	MATRIX	agree	-	-	GPR10,MATRIX,VEC1,VEC8,VEC9	MATRIX	same	index-runtime:ZA
umlal_za_zzi_4xi	umlal	16ded1c1	umlal za.s[w10, 4:5, vgx4], { z16.h - z19.h }, z1.h[7]	mortlach2	1:MRA	ok	GPR10,MATRIX,VEC1,VEC16,VEC17,VEC18,VEC19	MATRIX	GPR10,MATRIX,VEC1,VEC16,VEC17,VEC18,VEC19	MATRIX	agree	-	-	GPR10,MATRIX,VEC1,VEC16,VEC17,VEC18,VEC19	MATRIX	same	index-runtime:ZA
umlal_za_zzv_1	umlal	744c61c1	umlal za.s[w10, 8:9], z3.h, z1.h	mortlach2	1:MRA	ok	GPR10,MATRIX,VEC1,VEC3	MATRIX	GPR10,MATRIX,VEC1,VEC3	MATRIX	agree	-	-	GPR10,MATRIX,VEC1,VEC3	MATRIX	same	index-runtime:ZA
umlal_za_zzv_2x1	umlal	704861c1	umlal za.s[w10, 0:1, vgx2], { z3.h, z4.h }, z1.h	mortlach2	1:MRA	ok	GPR10,MATRIX,VEC1,VEC3,VEC4	MATRIX	GPR10,MATRIX,VEC1,VEC3,VEC4	MATRIX	agree	-	-	GPR10,MATRIX,VEC1,VEC3,VEC4	MATRIX	same	index-runtime:ZA
umlal_za_zzv_4x1	umlal	704871c1	umlal za.s[w10, 0:1, vgx4], { z3.h - z6.h }, z1.h	mortlach2	1:MRA	ok	GPR10,MATRIX,VEC1,VEC3,VEC4,VEC5,VEC6	MATRIX	GPR10,MATRIX,VEC1,VEC3,VEC4,VEC5,VEC6	MATRIX	agree	-	-	GPR10,MATRIX,VEC1,VEC3,VEC4,VEC5,VEC6	MATRIX	same	index-runtime:ZA
umlal_za_zzw_2x2	umlal	d048e2c1	umlal za.s[w10, 0:1, vgx2], { z6.h, z7.h }, { z2.h, z3.h }	mortlach2	1:MRA	ok	GPR10,MATRIX,VEC2,VEC3,VEC6,VEC7	MATRIX	GPR10,MATRIX,VEC2,VEC3,VEC6,VEC7	MATRIX	agree	-	-	GPR10,MATRIX,VEC2,VEC3,VEC6,VEC7	MATRIX	same	index-runtime:ZA
umlal_za_zzw_4x4	umlal	9049e5c1	umlal za.s[w10, 0:1, vgx4], { z12.h - z15.h }, { z4.h - z7.h }	mortlach2	1:MRA	ok	GPR10,MATRIX,VEC12,VEC13,VEC14,VEC15,VEC4,VEC5,VEC6,VEC7	MATRIX	GPR10,MATRIX,VEC12,VEC13,VEC14,VEC15,VEC4,VEC5,VEC6,VEC7	MATRIX	agree	-	-	GPR10,MATRIX,VEC12,VEC13,VEC14,VEC15,VEC4,VEC5,VEC6,VEC7	MATRIX	same	index-runtime:ZA
umlalb_z_zzz_	umlalb	64484244	umlalb z4.h, z3.b, z2.b	sve2	1:MRA	ok	VEC2,VEC3,VEC4	VEC4	VEC2,VEC3,VEC4	VEC4	agree	-	-	VEC2,VEC3,VEC4	VEC4	same	-
umlalb_z_zzzi_d	umlalb	8598f244	umlalb z5.d, z4.s, z2.s[3]	sve2	1:MRA	ok	VEC2,VEC4,VEC5	VEC5	VEC2,VEC4,VEC5	VEC5	agree	-	-	VEC2,VEC4,VEC5	VEC5	same	-
umlalb_z_zzzi_s	umlalb	8598aa44	umlalb z5.s, z4.h, z2.h[3]	sve2	1:MRA	ok	VEC2,VEC4,VEC5	VEC5	VEC2,VEC4,VEC5	VEC5	agree	-	-	VEC2,VEC4,VEC5	VEC5	same	-
umlall_za_zzi_d	umlall	b26081c1	umlall za.d[w11, 8:11], z5.h, z1.h[0]	mortlach2	1:MRA	ok	GPR11,MATRIX,VEC1,VEC5	MATRIX	GPR11,MATRIX,VEC1,VEC5	MATRIX	agree	-	-	GPR11,MATRIX,VEC1,VEC5	MATRIX	same	index-runtime:ZA
umlall_za_zzi_d2xi	umlall	124591c1	umlall za.d[w10, 0:3, vgx2], { z8.h, z9.h }, z1.h[5]	mortlach2	1:MRA	ok	GPR10,MATRIX,VEC1,VEC8,VEC9	MATRIX	GPR10,MATRIX,VEC1,VEC8,VEC9	MATRIX	agree	-	-	GPR10,MATRIX,VEC1,VEC8,VEC9	MATRIX	same	index-runtime:ZA
umlall_za_zzi_d4xi	umlall	12c691c1	umlall za.d[w10, 0:3, vgx4], { z16.h - z19.h }, z1.h[5]	mortlach2	1:MRA	ok	GPR10,MATRIX,VEC1,VEC16,VEC17,VEC18,VEC19	MATRIX	GPR10,MATRIX,VEC1,VEC16,VEC17,VEC18,VEC19	MATRIX	agree	-	-	GPR10,MATRIX,VEC1,VEC16,VEC17,VEC18,VEC19	MATRIX	same	index-runtime:ZA
umlall_za_zzi_s	umlall	b27001c1	umlall za.s[w11, 8:11], z5.b, z1.b[4]	mortlach2	1:MRA	ok	GPR11,MATRIX,VEC1,VEC5	MATRIX	GPR11,MATRIX,VEC1,VEC5	MATRIX	agree	-	-	GPR11,MATRIX,VEC1,VEC5	MATRIX	same	index-runtime:ZA
umlall_za_zzi_s2xi	umlall	124d11c1	umlall za.s[w10, 0:3, vgx2], { z8.b, z9.b }, z1.b[13]	mortlach2	1:MRA	ok	GPR10,MATRIX,VEC1,VEC8,VEC9	MATRIX	GPR10,MATRIX,VEC1,VEC8,VEC9	MATRIX	agree	-	-	GPR10,MATRIX,VEC1,VEC8,VEC9	MATRIX	same	index-runtime:ZA
umlall_za_zzi_s4xi	umlall	12ce11c1	umlall za.s[w10, 0:3, vgx4], { z16.b - z19.b }, z1.b[13]	mortlach2	1:MRA	ok	GPR10,MATRIX,VEC1,VEC16,VEC17,VEC18,VEC19	MATRIX	GPR10,MATRIX,VEC1,VEC16,VEC17,VEC18,VEC19	MATRIX	agree	-	-	GPR10,MATRIX,VEC1,VEC16,VEC17,VEC18,VEC19	MATRIX	same	index-runtime:ZA
umlall_za_zzv_1	umlall	916462c1	umlall za.d[w11, 4:7], z4.h, z2.h	mortlach2	1:MRA	ok	GPR11,MATRIX,VEC2,VEC4	MATRIX	GPR11,MATRIX,VEC2,VEC4	MATRIX	agree	-	-	GPR11,MATRIX,VEC2,VEC4	MATRIX	same	index-runtime:ZA
umlall_za_zzv_2x1	umlall	916062c1	umlall za.d[w11, 4:7, vgx2], { z4.h, z5.h }, z2.h	mortlach2	1:MRA	ok	GPR11,MATRIX,VEC2,VEC4,VEC5	MATRIX	GPR11,MATRIX,VEC2,VEC4,VEC5	MATRIX	agree	-	-	GPR11,MATRIX,VEC2,VEC4,VEC5	MATRIX	same	index-runtime:ZA
umlall_za_zzv_4x1	umlall	916072c1	umlall za.d[w11, 4:7, vgx4], { z4.h - z7.h }, z2.h	mortlach2	1:MRA	ok	GPR11,MATRIX,VEC2,VEC4,VEC5,VEC6,VEC7	MATRIX	GPR11,MATRIX,VEC2,VEC4,VEC5,VEC6,VEC7	MATRIX	agree	-	-	GPR11,MATRIX,VEC2,VEC4,VEC5,VEC6,VEC7	MATRIX	same	index-runtime:ZA
umlall_za_zzw_2x2	umlall	1161e4c1	umlall za.d[w11, 4:7, vgx2], { z8.h, z9.h }, { z4.h, z5.h }	mortlach2	1:MRA	ok	GPR11,MATRIX,VEC4,VEC5,VEC8,VEC9	MATRIX	GPR11,MATRIX,VEC4,VEC5,VEC8,VEC9	MATRIX	agree	-	-	GPR11,MATRIX,VEC4,VEC5,VEC8,VEC9	MATRIX	same	index-runtime:ZA
umlall_za_zzw_4x4	umlall	1162e9c1	umlall za.d[w11, 4:7, vgx4], { z16.h - z19.h }, { z8.h - z11.h }	mortlach2	1:MRA	ok	GPR11,MATRIX,VEC10,VEC11,VEC16,VEC17,VEC18,VEC19,VEC8,VEC9	MATRIX	GPR11,MATRIX,VEC10,VEC11,VEC16,VEC17,VEC18,VEC19,VEC8,VEC9	MATRIX	agree	-	-	GPR11,MATRIX,VEC10,VEC11,VEC16,VEC17,VEC18,VEC19,VEC8,VEC9	MATRIX	same	index-runtime:ZA
umlalt_z_zzz_	umlalt	644c4244	umlalt z4.h, z3.b, z2.b	sve2	1:MRA	ok	VEC2,VEC3,VEC4	VEC4	VEC2,VEC3,VEC4	VEC4	agree	-	-	VEC2,VEC3,VEC4	VEC4	same	-
umlalt_z_zzzi_d	umlalt	859cf244	umlalt z5.d, z4.s, z2.s[3]	sve2	1:MRA	ok	VEC2,VEC4,VEC5	VEC5	VEC2,VEC4,VEC5	VEC5	agree	-	-	VEC2,VEC4,VEC5	VEC5	same	-
umlalt_z_zzzi_s	umlalt	859caa44	umlalt z5.s, z4.h, z2.h[3]	sve2	1:MRA	ok	VEC2,VEC4,VEC5	VEC5	VEC2,VEC4,VEC5	VEC5	agree	-	-	VEC2,VEC4,VEC5	VEC5	same	-
umlsl_za_zzi_1	umlsl	be70c1c1	umlsl za.s[w11, 12:13], z5.h, z1.h[0]	mortlach2	1:MRA	ok	GPR11,MATRIX,VEC1,VEC5	MATRIX	GPR11,MATRIX,VEC1,VEC5	MATRIX	agree	-	-	GPR11,MATRIX,VEC1,VEC5	MATRIX	same	index-runtime:ZA
umlsl_za_zzi_2xi	umlsl	1e5dd1c1	umlsl za.s[w10, 4:5, vgx2], { z8.h, z9.h }, z1.h[7]	mortlach2	1:MRA	ok	GPR10,MATRIX,VEC1,VEC8,VEC9	MATRIX	GPR10,MATRIX,VEC1,VEC8,VEC9	MATRIX	agree	-	-	GPR10,MATRIX,VEC1,VEC8,VEC9	MATRIX	same	index-runtime:ZA
umlsl_za_zzi_4xi	umlsl	1eded1c1	umlsl za.s[w10, 4:5, vgx4], { z16.h - z19.h }, z1.h[7]	mortlach2	1:MRA	ok	GPR10,MATRIX,VEC1,VEC16,VEC17,VEC18,VEC19	MATRIX	GPR10,MATRIX,VEC1,VEC16,VEC17,VEC18,VEC19	MATRIX	agree	-	-	GPR10,MATRIX,VEC1,VEC16,VEC17,VEC18,VEC19	MATRIX	same	index-runtime:ZA
umlsl_za_zzv_1	umlsl	7c4c61c1	umlsl za.s[w10, 8:9], z3.h, z1.h	mortlach2	1:MRA	ok	GPR10,MATRIX,VEC1,VEC3	MATRIX	GPR10,MATRIX,VEC1,VEC3	MATRIX	agree	-	-	GPR10,MATRIX,VEC1,VEC3	MATRIX	same	index-runtime:ZA
umlsl_za_zzv_2x1	umlsl	784861c1	umlsl za.s[w10, 0:1, vgx2], { z3.h, z4.h }, z1.h	mortlach2	1:MRA	ok	GPR10,MATRIX,VEC1,VEC3,VEC4	MATRIX	GPR10,MATRIX,VEC1,VEC3,VEC4	MATRIX	agree	-	-	GPR10,MATRIX,VEC1,VEC3,VEC4	MATRIX	same	index-runtime:ZA
umlsl_za_zzv_4x1	umlsl	784871c1	umlsl za.s[w10, 0:1, vgx4], { z3.h - z6.h }, z1.h	mortlach2	1:MRA	ok	GPR10,MATRIX,VEC1,VEC3,VEC4,VEC5,VEC6	MATRIX	GPR10,MATRIX,VEC1,VEC3,VEC4,VEC5,VEC6	MATRIX	agree	-	-	GPR10,MATRIX,VEC1,VEC3,VEC4,VEC5,VEC6	MATRIX	same	index-runtime:ZA
umlsl_za_zzw_2x2	umlsl	d848e2c1	umlsl za.s[w10, 0:1, vgx2], { z6.h, z7.h }, { z2.h, z3.h }	mortlach2	1:MRA	ok	GPR10,MATRIX,VEC2,VEC3,VEC6,VEC7	MATRIX	GPR10,MATRIX,VEC2,VEC3,VEC6,VEC7	MATRIX	agree	-	-	GPR10,MATRIX,VEC2,VEC3,VEC6,VEC7	MATRIX	same	index-runtime:ZA
umlsl_za_zzw_4x4	umlsl	9849e5c1	umlsl za.s[w10, 0:1, vgx4], { z12.h - z15.h }, { z4.h - z7.h }	mortlach2	1:MRA	ok	GPR10,MATRIX,VEC12,VEC13,VEC14,VEC15,VEC4,VEC5,VEC6,VEC7	MATRIX	GPR10,MATRIX,VEC12,VEC13,VEC14,VEC15,VEC4,VEC5,VEC6,VEC7	MATRIX	agree	-	-	GPR10,MATRIX,VEC12,VEC13,VEC14,VEC15,VEC4,VEC5,VEC6,VEC7	MATRIX	same	index-runtime:ZA
umlslb_z_zzz_	umlslb	64584244	umlslb z4.h, z3.b, z2.b	sve2	1:MRA	ok	VEC2,VEC3,VEC4	VEC4	VEC2,VEC3,VEC4	VEC4	agree	-	-	VEC2,VEC3,VEC4	VEC4	same	-
umlslb_z_zzzi_d	umlslb	85b8f244	umlslb z5.d, z4.s, z2.s[3]	sve2	1:MRA	ok	VEC2,VEC4,VEC5	VEC5	VEC2,VEC4,VEC5	VEC5	agree	-	-	VEC2,VEC4,VEC5	VEC5	same	-
umlslb_z_zzzi_s	umlslb	85b8aa44	umlslb z5.s, z4.h, z2.h[3]	sve2	1:MRA	ok	VEC2,VEC4,VEC5	VEC5	VEC2,VEC4,VEC5	VEC5	agree	-	-	VEC2,VEC4,VEC5	VEC5	same	-
umlsll_za_zzi_d	umlsll	ba6081c1	umlsll za.d[w11, 8:11], z5.h, z1.h[0]	mortlach2	1:MRA	ok	GPR11,MATRIX,VEC1,VEC5	MATRIX	GPR11,MATRIX,VEC1,VEC5	MATRIX	agree	-	-	GPR11,MATRIX,VEC1,VEC5	MATRIX	same	index-runtime:ZA
umlsll_za_zzi_d2xi	umlsll	1a4591c1	umlsll za.d[w10, 0:3, vgx2], { z8.h, z9.h }, z1.h[5]	mortlach2	1:MRA	ok	GPR10,MATRIX,VEC1,VEC8,VEC9	MATRIX	GPR10,MATRIX,VEC1,VEC8,VEC9	MATRIX	agree	-	-	GPR10,MATRIX,VEC1,VEC8,VEC9	MATRIX	same	index-runtime:ZA
umlsll_za_zzi_d4xi	umlsll	1ac691c1	umlsll za.d[w10, 0:3, vgx4], { z16.h - z19.h }, z1.h[5]	mortlach2	1:MRA	ok	GPR10,MATRIX,VEC1,VEC16,VEC17,VEC18,VEC19	MATRIX	GPR10,MATRIX,VEC1,VEC16,VEC17,VEC18,VEC19	MATRIX	agree	-	-	GPR10,MATRIX,VEC1,VEC16,VEC17,VEC18,VEC19	MATRIX	same	index-runtime:ZA
umlsll_za_zzi_s	umlsll	ba7001c1	umlsll za.s[w11, 8:11], z5.b, z1.b[4]	mortlach2	1:MRA	ok	GPR11,MATRIX,VEC1,VEC5	MATRIX	GPR11,MATRIX,VEC1,VEC5	MATRIX	agree	-	-	GPR11,MATRIX,VEC1,VEC5	MATRIX	same	index-runtime:ZA
umlsll_za_zzi_s2xi	umlsll	1a4d11c1	umlsll za.s[w10, 0:3, vgx2], { z8.b, z9.b }, z1.b[13]	mortlach2	1:MRA	ok	GPR10,MATRIX,VEC1,VEC8,VEC9	MATRIX	GPR10,MATRIX,VEC1,VEC8,VEC9	MATRIX	agree	-	-	GPR10,MATRIX,VEC1,VEC8,VEC9	MATRIX	same	index-runtime:ZA
umlsll_za_zzi_s4xi	umlsll	1ace11c1	umlsll za.s[w10, 0:3, vgx4], { z16.b - z19.b }, z1.b[13]	mortlach2	1:MRA	ok	GPR10,MATRIX,VEC1,VEC16,VEC17,VEC18,VEC19	MATRIX	GPR10,MATRIX,VEC1,VEC16,VEC17,VEC18,VEC19	MATRIX	agree	-	-	GPR10,MATRIX,VEC1,VEC16,VEC17,VEC18,VEC19	MATRIX	same	index-runtime:ZA
umlsll_za_zzv_1	umlsll	996462c1	umlsll za.d[w11, 4:7], z4.h, z2.h	mortlach2	1:MRA	ok	GPR11,MATRIX,VEC2,VEC4	MATRIX	GPR11,MATRIX,VEC2,VEC4	MATRIX	agree	-	-	GPR11,MATRIX,VEC2,VEC4	MATRIX	same	index-runtime:ZA
umlsll_za_zzv_2x1	umlsll	996062c1	umlsll za.d[w11, 4:7, vgx2], { z4.h, z5.h }, z2.h	mortlach2	1:MRA	ok	GPR11,MATRIX,VEC2,VEC4,VEC5	MATRIX	GPR11,MATRIX,VEC2,VEC4,VEC5	MATRIX	agree	-	-	GPR11,MATRIX,VEC2,VEC4,VEC5	MATRIX	same	index-runtime:ZA
umlsll_za_zzv_4x1	umlsll	996072c1	umlsll za.d[w11, 4:7, vgx4], { z4.h - z7.h }, z2.h	mortlach2	1:MRA	ok	GPR11,MATRIX,VEC2,VEC4,VEC5,VEC6,VEC7	MATRIX	GPR11,MATRIX,VEC2,VEC4,VEC5,VEC6,VEC7	MATRIX	agree	-	-	GPR11,MATRIX,VEC2,VEC4,VEC5,VEC6,VEC7	MATRIX	same	index-runtime:ZA
umlsll_za_zzw_2x2	umlsll	1961e4c1	umlsll za.d[w11, 4:7, vgx2], { z8.h, z9.h }, { z4.h, z5.h }	mortlach2	1:MRA	ok	GPR11,MATRIX,VEC4,VEC5,VEC8,VEC9	MATRIX	GPR11,MATRIX,VEC4,VEC5,VEC8,VEC9	MATRIX	agree	-	-	GPR11,MATRIX,VEC4,VEC5,VEC8,VEC9	MATRIX	same	index-runtime:ZA
umlsll_za_zzw_4x4	umlsll	1962e9c1	umlsll za.d[w11, 4:7, vgx4], { z16.h - z19.h }, { z8.h - z11.h }	mortlach2	1:MRA	ok	GPR11,MATRIX,VEC10,VEC11,VEC16,VEC17,VEC18,VEC19,VEC8,VEC9	MATRIX	GPR11,MATRIX,VEC10,VEC11,VEC16,VEC17,VEC18,VEC19,VEC8,VEC9	MATRIX	agree	-	-	GPR11,MATRIX,VEC10,VEC11,VEC16,VEC17,VEC18,VEC19,VEC8,VEC9	MATRIX	same	index-runtime:ZA
umlslt_z_zzz_	umlslt	645c4244	umlslt z4.h, z3.b, z2.b	sve2	1:MRA	ok	VEC2,VEC3,VEC4	VEC4	VEC2,VEC3,VEC4	VEC4	agree	-	-	VEC2,VEC3,VEC4	VEC4	same	-
umlslt_z_zzzi_d	umlslt	85bcf244	umlslt z5.d, z4.s, z2.s[3]	sve2	1:MRA	ok	VEC2,VEC4,VEC5	VEC5	VEC2,VEC4,VEC5	VEC5	agree	-	-	VEC2,VEC4,VEC5	VEC5	same	-
umlslt_z_zzzi_s	umlslt	85bcaa44	umlslt z5.s, z4.h, z2.h[3]	sve2	1:MRA	ok	VEC2,VEC4,VEC5	VEC5	VEC2,VEC4,VEC5	VEC5	agree	-	-	VEC2,VEC4,VEC5	VEC5	same	-
ummla_z_zzz_	ummla	4398c145	ummla z3.s, z2.b, z1.b	sve	1:MRA	ok	VEC1,VEC2,VEC3	VEC3	VEC1,VEC2,VEC3	VEC3	agree	-	-	VEC1,VEC2,VEC3	VEC3	same	-
umopa_za32_pp_zz_16	umopa	894c81a1	umopa za1.s, p3/m, p2/m, z4.h, z1.h	mortlach2	1:MRA	ok	MATRIX,PRED2,PRED3,VEC1,VEC4	MATRIX	MATRIX,PRED2,PRED3,VEC1,VEC4	MATRIX	agree	-	-	MATRIX,PRED2,PRED3,VEC1,VEC4	MATRIX	same	-
umopa_za_pp_zz_32	umopa	814ca1a1	umopa za1.s, p3/m, p2/m, z4.b, z1.b	mortlach	1:MRA	ok	MATRIX,PRED2,PRED3,VEC1,VEC4	MATRIX	MATRIX,PRED2,PRED3,VEC1,VEC4	MATRIX	agree	-	-	MATRIX,PRED2,PRED3,VEC1,VEC4	MATRIX	same	-
umopa_za_pp_zz_64	umopa	854ce1a1	umopa za5.d, p3/m, p2/m, z4.h, z1.h	mortlach	1:MRA	ok	MATRIX,PRED2,PRED3,VEC1,VEC4	MATRIX	MATRIX,PRED2,PRED3,VEC1,VEC4	MATRIX	agree	-	-	MATRIX,PRED2,PRED3,VEC1,VEC4	MATRIX	same	-
umops_za32_pp_zz_16	umops	994c81a1	umops za1.s, p3/m, p2/m, z4.h, z1.h	mortlach2	1:MRA	ok	MATRIX,PRED2,PRED3,VEC1,VEC4	MATRIX	MATRIX,PRED2,PRED3,VEC1,VEC4	MATRIX	agree	-	-	MATRIX,PRED2,PRED3,VEC1,VEC4	MATRIX	same	-
umops_za_pp_zz_32	umops	914ca1a1	umops za1.s, p3/m, p2/m, z4.b, z1.b	mortlach	1:MRA	ok	MATRIX,PRED2,PRED3,VEC1,VEC4	MATRIX	MATRIX,PRED2,PRED3,VEC1,VEC4	MATRIX	agree	-	-	MATRIX,PRED2,PRED3,VEC1,VEC4	MATRIX	same	-
umops_za_pp_zz_64	umops	954ce1a1	umops za5.d, p3/m, p2/m, z4.h, z1.h	mortlach	1:MRA	ok	MATRIX,PRED2,PRED3,VEC1,VEC4	MATRIX	MATRIX,PRED2,PRED3,VEC1,VEC4	MATRIX	agree	-	-	MATRIX,PRED2,PRED3,VEC1,VEC4	MATRIX	same	-
umulh_z_p_zz_	umulh	64085304	umulh z4.h, p2/m, z4.h, z3.h	sve	1:MRA	ok	PRED2,VEC3,VEC4	VEC4	PRED2,VEC3,VEC4	VEC4	agree	-	-	PRED2,VEC3,VEC4	VEC4	same	unbounded-loop
umulh_z_zz_	umulh	646c6204	umulh z4.h, z3.h, z2.h	sve2	1:MRA	ok	VEC2,VEC3	VEC4	VEC2,VEC3	VEC4	agree	-	-	VEC2,VEC3	VEC4	same	-
umullb_z_zz_	umullb	64784245	umullb z4.h, z3.b, z2.b	sve2	1:MRA	ok	VEC2,VEC3	VEC4	VEC2,VEC3	VEC4	agree	-	-	VEC2,VEC3	VEC4	same	-
umullb_z_zzi_d	umullb	85d8f244	umullb z5.d, z4.s, z2.s[3]	sve2	1:MRA	ok	VEC2,VEC4	VEC5	VEC2,VEC4	VEC5	agree	-	-	VEC2,VEC4	VEC5	same	-
umullb_z_zzi_s	umullb	85d8aa44	umullb z5.s, z4.h, z2.h[3]	sve2	1:MRA	ok	VEC2,VEC4	VEC5	VEC2,VEC4	VEC5	agree	-	-	VEC2,VEC4	VEC5	same	-
umullt_z_zz_	umullt	647c4245	umullt z4.h, z3.b, z2.b	sve2	1:MRA	ok	VEC2,VEC3	VEC4	VEC2,VEC3	VEC4	agree	-	-	VEC2,VEC3	VEC4	same	-
umullt_z_zzi_d	umullt	85dcf244	umullt z5.d, z4.s, z2.s[3]	sve2	1:MRA	ok	VEC2,VEC4	VEC5	VEC2,VEC4	VEC5	agree	-	-	VEC2,VEC4	VEC5	same	-
umullt_z_zzi_s	umullt	85dcaa44	umullt z5.s, z4.h, z2.h[3]	sve2	1:MRA	ok	VEC2,VEC4	VEC5	VEC2,VEC4	VEC5	agree	-	-	VEC2,VEC4	VEC5	same	-
uqadd_z_p_zz_	uqadd	64885944	uqadd z4.h, p2/m, z4.h, z3.h	sve2	1:MRA	ok	PRED2,VEC3,VEC4	VEC4	FCSR,PRED2,VEC3,VEC4	VEC4	disagree	SRC+trc:FCSR	-	PRED2,VEC3,VEC4	VEC4	same	unbounded-loop
uqadd_z_zi_	uqadd	64c06525	uqadd z4.h, z4.h, #3	sve	1:MRA	ok	VEC4	VEC4	FCSR,VEC4	VEC4	disagree	SRC+trc:FCSR	-	VEC4	VEC4	same	-
uqadd_z_zz_	uqadd	64146204	uqadd z4.h, z3.h, z2.h	sve	1:MRA	ok	VEC2,VEC3	VEC4	FCSR,VEC2,VEC3	VEC4	disagree	SRC+trc:FCSR	-	VEC2,VEC3	VEC4	same	-
uqcvt_z_mz2_	uqcvt	62e023c1	uqcvt z2.h, { z2.s, z3.s }	mortlach2	1:MRA	ok	VEC2,VEC3	VEC2	FCSR,VEC2,VEC3	VEC2	disagree	SRC+trc:FCSR	-	VEC2,VEC3	VEC2	same	-
uqcvt_z_mz4_	uqcvt	23e1b3c1	uqcvt z3.h, { z8.d - z11.d }	mortlach2	1:MRA	ok	VEC10,VEC11,VEC8,VEC9	VEC3	FCSR,VEC10,VEC11,VEC8,VEC9	VEC3	disagree	SRC+trc:FCSR	-	VEC10,VEC11,VEC8,VEC9	VEC3	same	-
uqcvtn_z_mz2_	uqcvtn	42483145	uqcvtn z2.h, { z2.s, z3.s }	sve2	1:MRA	ok	VEC2,VEC3	VEC2	FCSR,VEC2,VEC3	VEC2	disagree	SRC+trc:FCSR	-	VEC2,VEC3	VEC2	same	-
uqcvtn_z_mz4_	uqcvtn	63e1b3c1	uqcvtn z3.h, { z8.d - z11.d }	mortlach2	1:MRA	ok	VEC10,VEC11,VEC8,VEC9	VEC3	FCSR,VEC10,VEC11,VEC8,VEC9	VEC3	disagree	SRC+trc:FCSR	-	VEC10,VEC11,VEC8,VEC9	VEC3	same	-
uqdecb_r_rs_uw	uqdecb	43fc2104	uqdecb w3, vl2, mul #2	sve	1:MRA	ok	GPR3	GPR3	FCSR,GPR3	GPR3	disagree	SRC+trc:FCSR	-	GPR3	GPR3	same	-
uqdecb_r_rs_x	uqdecb	43fc3104	uqdecb x3, vl2, mul #2	sve	1:MRA	ok	GPR3	GPR3	FCSR,GPR3	GPR3	disagree	SRC+trc:FCSR	-	GPR3	GPR3	same	-
uqdecd_r_rs_uw	uqdecd	43fce104	uqdecd w3, vl2, mul #2	sve	1:MRA	ok	GPR3	GPR3	FCSR,GPR3	GPR3	disagree	SRC+trc:FCSR	-	GPR3	GPR3	same	-
uqdecd_r_rs_x	uqdecd	43fcf104	uqdecd x3, vl2, mul #2	sve	1:MRA	ok	GPR3	GPR3	FCSR,GPR3	GPR3	disagree	SRC+trc:FCSR	-	GPR3	GPR3	same	-
uqdecd_z_zs_	uqdecd	43cce104	uqdecd z3.d, vl2, mul #2	sve	1:MRA	ok	VEC3	VEC3	FCSR,VEC3	VEC3	disagree	SRC+trc:FCSR	-	VEC3	VEC3	same	-
uqdech_r_rs_uw	uqdech	43fc6104	uqdech w3, vl2, mul #2	sve	1:MRA	ok	GPR3	GPR3	FCSR,GPR3	GPR3	disagree	SRC+trc:FCSR	-	GPR3	GPR3	same	-
uqdech_r_rs_x	uqdech	43fc7104	uqdech x3, vl2, mul #2	sve	1:MRA	ok	GPR3	GPR3	FCSR,GPR3	GPR3	disagree	SRC+trc:FCSR	-	GPR3	GPR3	same	-
uqdech_z_zs_	uqdech	43cc6104	uqdech z3.h, vl2, mul #2	sve	1:MRA	ok	VEC3	VEC3	FCSR,VEC3	VEC3	disagree	SRC+trc:FCSR	-	VEC3	VEC3	same	-
uqdecp_r_p_r_uw	uqdecp	43886b25	uqdecp w3, p2.h	sve	1:MRA	ok	GPR3,PRED2	GPR3	FCSR,GPR3,PRED2	GPR3	disagree	SRC+trc:FCSR	-	GPR3,PRED2	GPR3	same	-
uqdecp_r_p_r_x	uqdecp	438c6b25	uqdecp x3, p2.h	sve	1:MRA	ok	GPR3,PRED2	GPR3	FCSR,GPR3,PRED2	GPR3	disagree	SRC+trc:FCSR	-	GPR3,PRED2	GPR3	same	-
uqdecp_z_p_z_	uqdecp	43806b25	uqdecp z3.h, p2.h	sve	1:MRA	ok	PRED2,VEC3	VEC3	FCSR,PRED2,VEC3	VEC3	disagree	SRC+trc:FCSR	-	PRED2,VEC3	VEC3	same	-
uqdecw_r_rs_uw	uqdecw	43fca104	uqdecw w3, vl2, mul #2	sve	1:MRA	ok	GPR3	GPR3	FCSR,GPR3	GPR3	disagree	SRC+trc:FCSR	-	GPR3	GPR3	same	-
uqdecw_r_rs_x	uqdecw	43fcb104	uqdecw x3, vl2, mul #2	sve	1:MRA	ok	GPR3	GPR3	FCSR,GPR3	GPR3	disagree	SRC+trc:FCSR	-	GPR3	GPR3	same	-
uqdecw_z_zs_	uqdecw	43cca104	uqdecw z3.s, vl2, mul #2	sve	1:MRA	ok	VEC3	VEC3	FCSR,VEC3	VEC3	disagree	SRC+trc:FCSR	-	VEC3	VEC3	same	-
uqincb_r_rs_uw	uqincb	43f42104	uqincb w3, vl2, mul #2	sve	1:MRA	ok	GPR3	GPR3	FCSR,GPR3	GPR3	disagree	SRC+trc:FCSR	-	GPR3	GPR3	same	-
uqincb_r_rs_x	uqincb	43f43104	uqincb x3, vl2, mul #2	sve	1:MRA	ok	GPR3	GPR3	FCSR,GPR3	GPR3	disagree	SRC+trc:FCSR	-	GPR3	GPR3	same	-
uqincd_r_rs_uw	uqincd	43f4e104	uqincd w3, vl2, mul #2	sve	1:MRA	ok	GPR3	GPR3	FCSR,GPR3	GPR3	disagree	SRC+trc:FCSR	-	GPR3	GPR3	same	-
uqincd_r_rs_x	uqincd	43f4f104	uqincd x3, vl2, mul #2	sve	1:MRA	ok	GPR3	GPR3	FCSR,GPR3	GPR3	disagree	SRC+trc:FCSR	-	GPR3	GPR3	same	-
uqincd_z_zs_	uqincd	43c4e104	uqincd z3.d, vl2, mul #2	sve	1:MRA	ok	VEC3	VEC3	FCSR,VEC3	VEC3	disagree	SRC+trc:FCSR	-	VEC3	VEC3	same	-
uqinch_r_rs_uw	uqinch	43f46104	uqinch w3, vl2, mul #2	sve	1:MRA	ok	GPR3	GPR3	FCSR,GPR3	GPR3	disagree	SRC+trc:FCSR	-	GPR3	GPR3	same	-
uqinch_r_rs_x	uqinch	43f47104	uqinch x3, vl2, mul #2	sve	1:MRA	ok	GPR3	GPR3	FCSR,GPR3	GPR3	disagree	SRC+trc:FCSR	-	GPR3	GPR3	same	-
uqinch_z_zs_	uqinch	43c46104	uqinch z3.h, vl2, mul #2	sve	1:MRA	ok	VEC3	VEC3	FCSR,VEC3	VEC3	disagree	SRC+trc:FCSR	-	VEC3	VEC3	same	-
uqincp_r_p_r_uw	uqincp	43886925	uqincp w3, p2.h	sve	1:MRA	ok	GPR3,PRED2	GPR3	FCSR,GPR3,PRED2	GPR3	disagree	SRC+trc:FCSR	-	GPR3,PRED2	GPR3	same	-
uqincp_r_p_r_x	uqincp	438c6925	uqincp x3, p2.h	sve	1:MRA	ok	GPR3,PRED2	GPR3	FCSR,GPR3,PRED2	GPR3	disagree	SRC+trc:FCSR	-	GPR3,PRED2	GPR3	same	-
uqincp_z_p_z_	uqincp	43806925	uqincp z3.h, p2.h	sve	1:MRA	ok	PRED2,VEC3	VEC3	FCSR,PRED2,VEC3	VEC3	disagree	SRC+trc:FCSR	-	PRED2,VEC3	VEC3	same	-
uqincw_r_rs_uw	uqincw	43f4a104	uqincw w3, vl2, mul #2	sve	1:MRA	ok	GPR3	GPR3	FCSR,GPR3	GPR3	disagree	SRC+trc:FCSR	-	GPR3	GPR3	same	-
uqincw_r_rs_x	uqincw	43f4b104	uqincw x3, vl2, mul #2	sve	1:MRA	ok	GPR3	GPR3	FCSR,GPR3	GPR3	disagree	SRC+trc:FCSR	-	GPR3	GPR3	same	-
uqincw_z_zs_	uqincw	43c4a104	uqincw z3.s, vl2, mul #2	sve	1:MRA	ok	VEC3	VEC3	FCSR,VEC3	VEC3	disagree	SRC+trc:FCSR	-	VEC3	VEC3	same	-
uqrshl_z_p_zz_	uqrshl	64884b44	uqrshl z4.h, p2/m, z4.h, z3.h	sve2	1:MRA	ok	PRED2,VEC3,VEC4	VEC4	FCSR,PRED2,VEC3,VEC4	VEC4	disagree	SRC+trc:FCSR	-	PRED2,VEC3,VEC4	VEC4	same	unbounded-loop
uqrshlr_z_p_zz_	uqrshlr	64884f44	uqrshlr z4.h, p2/m, z4.h, z3.h	sve2	1:MRA	ok	PRED2,VEC3,VEC4	VEC4	FCSR,PRED2,VEC3,VEC4	VEC4	disagree	SRC+trc:FCSR	-	PRED2,VEC3,VEC4	VEC4	same	unbounded-loop
uqrshr_z_mz2_	uqrshr	a3d4e1c1	uqrshr z3.h, { z4.s, z5.s }, #15	mortlach2	1:MRA	ok	VEC4,VEC5	VEC3	FCSR,VEC4,VEC5	VEC3	disagree	SRC+trc:FCSR	-	VEC4,VEC5	VEC3	same	-
uqrshr_z_mz4_	uqrshr	a4d962c1	uqrshr z4.b, { z12.s - z15.s }, #30	mortlach2	1:MRA	ok	VEC12,VEC13,VEC14,VEC15	VEC4	FCSR,VEC12,VEC13,VEC14,VEC15	VEC4	disagree	SRC+trc:FCSR	-	VEC12,VEC13,VEC14,VEC15	VEC4	same	-
uqrshrn_z_mz2_	uqrshrn	8338b145	uqrshrn z3.h, { z4.s, z5.s }, #15	sve2	1:MRA	ok	VEC4,VEC5	VEC3	FCSR,VEC4,VEC5	VEC3	disagree	SRC+trc:FCSR	-	VEC4,VEC5	VEC3	same	-
uqrshrn_z_mz4_	uqrshrn	a4dd62c1	uqrshrn z4.b, { z12.s - z15.s }, #30	mortlach2	1:MRA	ok	VEC12,VEC13,VEC14,VEC15	VEC4	FCSR,VEC12,VEC13,VEC14,VEC15	VEC4	disagree	SRC+trc:FCSR	-	VEC12,VEC13,VEC14,VEC15	VEC4	same	-
uqrshrnb_z_zi_	uqrshrnb	85387345	uqrshrnb z5.s, z4.d, #13	sve2	1:MRA	ok	VEC4	VEC5	FCSR,VEC4	VEC5	disagree	SRC+trc:FCSR	-	VEC4	VEC5	same	-
uqrshrnt_z_zi_	uqrshrnt	853c7345	uqrshrnt z5.s, z4.d, #13	sve2	1:MRA	ok	VEC4,VEC5	VEC5	FCSR,VEC4,VEC5	VEC5	disagree	SRC+trc:FCSR	-	VEC4,VEC5	VEC5	same	-
uqshl_z_p_zi_	uqshl	858b4704	uqshl z5.s, p2/m, z5.s, #28	sve2	1:MRA	ok	PRED2,VEC5	VEC5	FCSR,PRED2,VEC5	VEC5	disagree	SRC+trc:FCSR	-	PRED2,VEC5	VEC5	same	-
uqshl_z_p_zz_	uqshl	64884944	uqshl z4.h, p2/m, z4.h, z3.h	sve2	1:MRA	ok	PRED2,VEC3,VEC4	VEC4	FCSR,PRED2,VEC3,VEC4	VEC4	disagree	SRC+trc:FCSR	-	PRED2,VEC3,VEC4	VEC4	same	unbounded-loop
uqshlr_z_p_zz_	uqshlr	64884d44	uqshlr z4.h, p2/m, z4.h, z3.h	sve2	1:MRA	ok	PRED2,VEC3,VEC4	VEC4	FCSR,PRED2,VEC3,VEC4	VEC4	disagree	SRC+trc:FCSR	-	PRED2,VEC3,VEC4	VEC4	same	unbounded-loop
uqshrnb_z_zi_	uqshrnb	85307345	uqshrnb z5.s, z4.d, #13	sve2	1:MRA	ok	VEC4	VEC5	FCSR,VEC4	VEC5	disagree	SRC+trc:FCSR	-	VEC4	VEC5	same	-
uqshrnt_z_zi_	uqshrnt	85347345	uqshrnt z5.s, z4.d, #13	sve2	1:MRA	ok	VEC4,VEC5	VEC5	FCSR,VEC4,VEC5	VEC5	disagree	SRC+trc:FCSR	-	VEC4,VEC5	VEC5	same	-
uqsub_z_p_zz_	uqsub	64885b44	uqsub z4.h, p2/m, z4.h, z3.h	sve2	1:MRA	ok	PRED2,VEC3,VEC4	VEC4	FCSR,PRED2,VEC3,VEC4	VEC4	disagree	SRC+trc:FCSR	-	PRED2,VEC3,VEC4	VEC4	same	unbounded-loop
uqsub_z_zi_	uqsub	64c06725	uqsub z4.h, z4.h, #3	sve	1:MRA	ok	VEC4	VEC4	FCSR,VEC4	VEC4	disagree	SRC+trc:FCSR	-	VEC4	VEC4	same	-
uqsub_z_zz_	uqsub	641c6204	uqsub z4.h, z3.h, z2.h	sve	1:MRA	ok	VEC2,VEC3	VEC4	FCSR,VEC2,VEC3	VEC4	disagree	SRC+trc:FCSR	-	VEC2,VEC3	VEC4	same	-
uqsubr_z_p_zz_	uqsubr	64885f44	uqsubr z4.h, p2/m, z4.h, z3.h	sve2	1:MRA	ok	PRED2,VEC3,VEC4	VEC4	FCSR,PRED2,VEC3,VEC4	VEC4	disagree	SRC+trc:FCSR	-	PRED2,VEC3,VEC4	VEC4	same	unbounded-loop
uqxtnb_z_zz_	uqxtnb	21496045	uqxtnb z1.s, z9.d	sve2	1:MRA	ok	VEC9	VEC1	FCSR,VEC9	VEC1	disagree	SRC+trc:FCSR	-	VEC9	VEC1	same	-
uqxtnt_z_zz_	uqxtnt	6b4f2845	uqxtnt z11.b, z27.h	sve2	1:MRA	ok	VEC11,VEC27	VEC11	FCSR,VEC11,VEC27	VEC11	disagree	SRC+trc:FCSR	-	VEC11,VEC27	VEC11	same	-
urecpe_z_p_z_	urecpe	12a88044	urecpe z18.s, p2/m, z0.s	sve2	1:MRA	ok	PRED2,VEC0,VEC18	VEC18	PRED2,VEC0,VEC18	VEC18	agree	-	-	PRED2,VEC0,VEC18	VEC18	same	unbounded-loop
urhadd_z_p_zz_	urhadd	64885544	urhadd z4.h, p2/m, z4.h, z3.h	sve2	1:MRA	ok	PRED2,VEC3,VEC4	VEC4	PRED2,VEC3,VEC4	VEC4	agree	-	-	PRED2,VEC3,VEC4	VEC4	same	unbounded-loop
urshl_mz_zzv_2x1	urshl	27a262c1	urshl { z6.h, z7.h }, { z6.h, z7.h }, z2.h	mortlach2	1:MRA	ok	VEC2,VEC6,VEC7	VEC6,VEC7	VEC2,VEC6,VEC7	VEC6,VEC7	agree	-	-	VEC2,VEC6,VEC7	VEC6,VEC7	same	-
urshl_mz_zzv_4x1	urshl	2daa62c1	urshl { z12.h - z15.h }, { z12.h - z15.h }, z2.h	mortlach2	1:MRA	ok	VEC12,VEC13,VEC14,VEC15,VEC2	VEC12,VEC13,VEC14,VEC15	VEC12,VEC13,VEC14,VEC15,VEC2	VEC12,VEC13,VEC14,VEC15	agree	-	-	VEC12,VEC13,VEC14,VEC15,VEC2	VEC12,VEC13,VEC14,VEC15	same	-
urshl_mz_zzw_2x2	urshl	27b264c1	urshl { z6.h, z7.h }, { z6.h, z7.h }, { z4.h, z5.h }	mortlach2	1:MRA	ok	VEC4,VEC5,VEC6,VEC7	VEC6,VEC7	VEC4,VEC5,VEC6,VEC7	VEC6,VEC7	agree	-	-	VEC4,VEC5,VEC6,VEC7	VEC6,VEC7	same	-
urshl_mz_zzw_4x4	urshl	2dba68c1	urshl { z12.h - z15.h }, { z12.h - z15.h }, { z8.h - z11.h }	mortlach2	1:MRA	ok	VEC10,VEC11,VEC12,VEC13,VEC14,VEC15,VEC8,VEC9	VEC12,VEC13,VEC14,VEC15	VEC10,VEC11,VEC12,VEC13,VEC14,VEC15,VEC8,VEC9	VEC12,VEC13,VEC14,VEC15	agree	-	-	VEC10,VEC11,VEC12,VEC13,VEC14,VEC15,VEC8,VEC9	VEC12,VEC13,VEC14,VEC15	same	-
urshl_z_p_zz_	urshl	64884344	urshl z4.h, p2/m, z4.h, z3.h	sve2	1:MRA	ok	PRED2,VEC3,VEC4	VEC4	PRED2,VEC3,VEC4	VEC4	agree	-	-	PRED2,VEC3,VEC4	VEC4	same	unbounded-loop
urshlr_z_p_zz_	urshlr	64884744	urshlr z4.h, p2/m, z4.h, z3.h	sve2	1:MRA	ok	PRED2,VEC3,VEC4	VEC4	PRED2,VEC3,VEC4	VEC4	agree	-	-	PRED2,VEC3,VEC4	VEC4	same	unbounded-loop
urshr_z_p_zi_	urshr	858b4d04	urshr z5.s, p2/m, z5.s, #4	sve2	1:MRA	ok	PRED2,VEC5	VEC5	PRED2,VEC5	VEC5	agree	-	-	PRED2,VEC5	VEC5	same	-
ursqrte_z_p_z_	ursqrte	76a78144	ursqrte z22.s, p1/m, z27.s	sve2	1:MRA	ok	PRED1,VEC22,VEC27	VEC22	PRED1,VEC22,VEC27	VEC22	agree	-	-	PRED1,VEC22,VEC27	VEC22	same	unbounded-loop
ursra_z_zi_	ursra	85ec5345	ursra z5.s, z4.s, #13	sve2	1:MRA	ok	VEC4,VEC5	VEC5	VEC4,VEC5	VEC5	agree	-	-	VEC4,VEC5	VEC5	same	-
usdot_z_zzz_s	usdot	43788144	usdot z3.s, z2.b, z1.b	sve	1:MRA	ok	VEC1,VEC2,VEC3	VEC3	VEC1,VEC2,VEC3	VEC3	agree	-	-	VEC1,VEC2,VEC3	VEC3	same	-
usdot_z_zzzi_s	usdot	6418aa44	usdot z4.s, z3.b, z2.b[1]	sve	1:MRA	ok	VEC2,VEC3,VEC4	VEC4	VEC2,VEC3,VEC4	VEC4	agree	-	-	VEC2,VEC3,VEC4	VEC4	same	-
usdot_za_zzi_s2xi	usdot	2d5d51c1	usdot za.s[w10, 5, vgx2], { z8.b, z9.b }, z1.b[3]	mortlach2	1:MRA	ok	GPR10,MATRIX,VEC1,VEC8,VEC9	MATRIX	GPR10,MATRIX,VEC1,VEC8,VEC9	MATRIX	agree	-	-	GPR10,MATRIX,VEC1,VEC8,VEC9	MATRIX	same	index-runtime:ZA
usdot_za_zzi_s4xi	usdot	2dde51c1	usdot za.s[w10, 5, vgx4], { z16.b - z19.b }, z1.b[3]	mortlach2	1:MRA	ok	GPR10,MATRIX,VEC1,VEC16,VEC17,VEC18,VEC19	MATRIX	GPR10,MATRIX,VEC1,VEC16,VEC17,VEC18,VEC19	MATRIX	agree	-	-	GPR10,MATRIX,VEC1,VEC16,VEC17,VEC18,VEC19	MATRIX	same	index-runtime:ZA
usdot_za_zzv_s2x1	usdot	6c5421c1	usdot za.s[w10, 4, vgx2], { z3.b, z4.b }, z1.b	mortlach2	1:MRA	ok	GPR10,MATRIX,VEC1,VEC3,VEC4	MATRIX	GPR10,MATRIX,VEC1,VEC3,VEC4	MATRIX	agree	-	-	GPR10,MATRIX,VEC1,VEC3,VEC4	MATRIX	same	index-runtime:ZA
usdot_za_zzv_s4x1	usdot	6c5431c1	usdot za.s[w10, 4, vgx4], { z3.b - z6.b }, z1.b	mortlach2	1:MRA	ok	GPR10,MATRIX,VEC1,VEC3,VEC4,VEC5,VEC6	MATRIX	GPR10,MATRIX,VEC1,VEC3,VEC4,VEC5,VEC6	MATRIX	agree	-	-	GPR10,MATRIX,VEC1,VEC3,VEC4,VEC5,VEC6	MATRIX	same	index-runtime:ZA
usdot_za_zzw_s2x2	usdot	cc54a2c1	usdot za.s[w10, 4, vgx2], { z6.b, z7.b }, { z2.b, z3.b }	mortlach2	1:MRA	ok	GPR10,MATRIX,VEC2,VEC3,VEC6,VEC7	MATRIX	GPR10,MATRIX,VEC2,VEC3,VEC6,VEC7	MATRIX	agree	-	-	GPR10,MATRIX,VEC2,VEC3,VEC6,VEC7	MATRIX	same	index-runtime:ZA
usdot_za_zzw_s4x4	usdot	8c55a5c1	usdot za.s[w10, 4, vgx4], { z12.b - z15.b }, { z4.b - z7.b }	mortlach2	1:MRA	ok	GPR10,MATRIX,VEC12,VEC13,VEC14,VEC15,VEC4,VEC5,VEC6,VEC7	MATRIX	GPR10,MATRIX,VEC12,VEC13,VEC14,VEC15,VEC4,VEC5,VEC6,VEC7	MATRIX	agree	-	-	GPR10,MATRIX,VEC12,VEC13,VEC14,VEC15,VEC4,VEC5,VEC6,VEC7	MATRIX	same	index-runtime:ZA
ushllb_z_zi_	ushllb	85a85345	ushllb z5.d, z4.s, #19	sve2	1:MRA	ok	VEC4	VEC5	VEC4	VEC5	agree	-	-	VEC4	VEC5	same	-
ushllt_z_zi_	ushllt	85ac5345	ushllt z5.d, z4.s, #19	sve2	1:MRA	ok	VEC4	VEC5	VEC4	VEC5	agree	-	-	VEC4	VEC5	same	-
usmlall_za_zzi_s	usmlall	a67001c1	usmlall za.s[w11, 8:11], z5.b, z1.b[4]	mortlach2	1:MRA	ok	GPR11,MATRIX,VEC1,VEC5	MATRIX	GPR11,MATRIX,VEC1,VEC5	MATRIX	agree	-	-	GPR11,MATRIX,VEC1,VEC5	MATRIX	same	index-runtime:ZA
usmlall_za_zzi_s2xi	usmlall	224d11c1	usmlall za.s[w10, 0:3, vgx2], { z8.b, z9.b }, z1.b[13]	mortlach2	1:MRA	ok	GPR10,MATRIX,VEC1,VEC8,VEC9	MATRIX	GPR10,MATRIX,VEC1,VEC8,VEC9	MATRIX	agree	-	-	GPR10,MATRIX,VEC1,VEC8,VEC9	MATRIX	same	index-runtime:ZA
usmlall_za_zzi_s4xi	usmlall	22ce11c1	usmlall za.s[w10, 0:3, vgx4], { z16.b - z19.b }, z1.b[13]	mortlach2	1:MRA	ok	GPR10,MATRIX,VEC1,VEC16,VEC17,VEC18,VEC19	MATRIX	GPR10,MATRIX,VEC1,VEC16,VEC17,VEC18,VEC19	MATRIX	agree	-	-	GPR10,MATRIX,VEC1,VEC16,VEC17,VEC18,VEC19	MATRIX	same	index-runtime:ZA
usmlall_za_zzv_s	usmlall	644421c1	usmlall za.s[w10, 0:3], z3.b, z1.b	mortlach2	1:MRA	ok	GPR10,MATRIX,VEC1,VEC3	MATRIX	GPR10,MATRIX,VEC1,VEC3	MATRIX	agree	-	-	GPR10,MATRIX,VEC1,VEC3	MATRIX	same	index-runtime:ZA
usmlall_za_zzv_s2x1	usmlall	644021c1	usmlall za.s[w10, 0:3, vgx2], { z3.b, z4.b }, z1.b	mortlach2	1:MRA	ok	GPR10,MATRIX,VEC1,VEC3,VEC4	MATRIX	GPR10,MATRIX,VEC1,VEC3,VEC4	MATRIX	agree	-	-	GPR10,MATRIX,VEC1,VEC3,VEC4	MATRIX	same	index-runtime:ZA
usmlall_za_zzv_s4x1	usmlall	644031c1	usmlall za.s[w10, 0:3, vgx4], { z3.b - z6.b }, z1.b	mortlach2	1:MRA	ok	GPR10,MATRIX,VEC1,VEC3,VEC4,VEC5,VEC6	MATRIX	GPR10,MATRIX,VEC1,VEC3,VEC4,VEC5,VEC6	MATRIX	agree	-	-	GPR10,MATRIX,VEC1,VEC3,VEC4,VEC5,VEC6	MATRIX	same	index-runtime:ZA
usmlall_za_zzw_s2x2	usmlall	c440a2c1	usmlall za.s[w10, 0:3, vgx2], { z6.b, z7.b }, { z2.b, z3.b }	mortlach2	1:MRA	ok	GPR10,MATRIX,VEC2,VEC3,VEC6,VEC7	MATRIX	GPR10,MATRIX,VEC2,VEC3,VEC6,VEC7	MATRIX	agree	-	-	GPR10,MATRIX,VEC2,VEC3,VEC6,VEC7	MATRIX	same	index-runtime:ZA
usmlall_za_zzw_s4x4	usmlall	8441a5c1	usmlall za.s[w10, 0:3, vgx4], { z12.b - z15.b }, { z4.b - z7.b }	mortlach2	1:MRA	ok	GPR10,MATRIX,VEC12,VEC13,VEC14,VEC15,VEC4,VEC5,VEC6,VEC7	MATRIX	GPR10,MATRIX,VEC12,VEC13,VEC14,VEC15,VEC4,VEC5,VEC6,VEC7	MATRIX	agree	-	-	GPR10,MATRIX,VEC12,VEC13,VEC14,VEC15,VEC4,VEC5,VEC6,VEC7	MATRIX	same	index-runtime:ZA
usmmla_z_zzz_	usmmla	43988145	usmmla z3.s, z2.b, z1.b	sve	1:MRA	ok	VEC1,VEC2,VEC3	VEC3	VEC1,VEC2,VEC3	VEC3	agree	-	-	VEC1,VEC2,VEC3	VEC3	same	-
usmopa_za_pp_zz_32	usmopa	814c81a1	usmopa za1.s, p3/m, p2/m, z4.b, z1.b	mortlach	1:MRA	ok	MATRIX,PRED2,PRED3,VEC1,VEC4	MATRIX	MATRIX,PRED2,PRED3,VEC1,VEC4	MATRIX	agree	-	-	MATRIX,PRED2,PRED3,VEC1,VEC4	MATRIX	same	-
usmopa_za_pp_zz_64	usmopa	854cc1a1	usmopa za5.d, p3/m, p2/m, z4.h, z1.h	mortlach	1:MRA	ok	MATRIX,PRED2,PRED3,VEC1,VEC4	MATRIX	MATRIX,PRED2,PRED3,VEC1,VEC4	MATRIX	agree	-	-	MATRIX,PRED2,PRED3,VEC1,VEC4	MATRIX	same	-
usmops_za_pp_zz_32	usmops	914c81a1	usmops za1.s, p3/m, p2/m, z4.b, z1.b	mortlach	1:MRA	ok	MATRIX,PRED2,PRED3,VEC1,VEC4	MATRIX	MATRIX,PRED2,PRED3,VEC1,VEC4	MATRIX	agree	-	-	MATRIX,PRED2,PRED3,VEC1,VEC4	MATRIX	same	-
usmops_za_pp_zz_64	usmops	954cc1a1	usmops za5.d, p3/m, p2/m, z4.h, z1.h	mortlach	1:MRA	ok	MATRIX,PRED2,PRED3,VEC1,VEC4	MATRIX	MATRIX,PRED2,PRED3,VEC1,VEC4	MATRIX	agree	-	-	MATRIX,PRED2,PRED3,VEC1,VEC4	MATRIX	same	-
usqadd_z_p_zz_	usqadd	64885d44	usqadd z4.h, p2/m, z4.h, z3.h	sve2	1:MRA	ok	PRED2,VEC3,VEC4	VEC4	PRED2,VEC3,VEC4	VEC4	agree	-	-	PRED2,VEC3,VEC4	VEC4	same	unbounded-loop
usra_z_zi_	usra	85e45345	usra z5.s, z4.s, #13	sve2	1:MRA	ok	VEC4,VEC5	VEC5	VEC4,VEC5	VEC5	agree	-	-	VEC4,VEC5	VEC5	same	-
usublb_z_zz_	usublb	64184245	usublb z4.h, z3.b, z2.b	sve2	1:MRA	ok	VEC2,VEC3	VEC4	VEC2,VEC3	VEC4	agree	-	-	VEC2,VEC3	VEC4	same	-
usublt_z_zz_	usublt	641c4245	usublt z4.h, z3.b, z2.b	sve2	1:MRA	ok	VEC2,VEC3	VEC4	VEC2,VEC3	VEC4	agree	-	-	VEC2,VEC3	VEC4	same	-
usubwb_z_zz_	usubwb	64584245	usubwb z4.h, z3.h, z2.b	sve2	1:MRA	ok	VEC2,VEC3	VEC4	VEC2,VEC3	VEC4	agree	-	-	VEC2,VEC3	VEC4	same	-
usubwt_z_zz_	usubwt	645c4245	usubwt z4.h, z3.h, z2.b	sve2	1:MRA	ok	VEC2,VEC3	VEC4	VEC2,VEC3	VEC4	agree	-	-	VEC2,VEC3	VEC4	same	-
usvdot_za_zzi_s4xi	usvdot	2dce51c1	usvdot za.s[w10, 5, vgx4], { z16.b - z19.b }, z1.b[3]	mortlach2	1:MRA	ok	GPR10,MATRIX,VEC1,VEC16,VEC17,VEC18,VEC19	MATRIX	GPR10,MATRIX,VEC1,VEC16,VEC17,VEC18,VEC19	MATRIX	agree	-	-	GPR10,MATRIX,VEC1,VEC16,VEC17,VEC18,VEC19	MATRIX	same	index-runtime:ZA
uunpk_mz_z_2	uunpk	47e065c1	uunpk { z6.h, z7.h }, z2.b	mortlach2	1:MRA	ok	VEC2	VEC6,VEC7	VEC2	VEC6,VEC7	agree	-	-	VEC2	VEC6,VEC7	same	-
uunpk_mz_z_4	uunpk	8de075c1	uunpk { z12.h - z15.h }, { z4.b, z5.b }	mortlach2	1:MRA	ok	VEC4,VEC5	VEC12,VEC13,VEC14,VEC15	VEC4,VEC5	VEC12,VEC13,VEC14,VEC15	agree	-	-	VEC4,VEC5	VEC12,VEC13,VEC14,VEC15	same	-
uunpkhi_z_z_	uunpkhi	43387305	uunpkhi z3.h, z2.b	sve	1:MRA	ok	VEC2	VEC3	VEC2	VEC3	agree	-	-	VEC2	VEC3	same	-
uunpklo_z_z_	uunpklo	43387205	uunpklo z3.h, z2.b	sve	1:MRA	ok	VEC2	VEC3	VEC2	VEC3	agree	-	-	VEC2	VEC3	same	-
uvdot_za32_zzi_2xi	uvdot	354d51c1	uvdot za.s[w10, 5, vgx2], { z8.h, z9.h }, z1.h[3]	mortlach2	1:MRA	ok	GPR10,MATRIX,VEC1,VEC8,VEC9	MATRIX	GPR10,MATRIX,VEC1,VEC8,VEC9	MATRIX	agree	-	-	GPR10,MATRIX,VEC1,VEC8,VEC9	MATRIX	same	index-runtime:ZA
uvdot_za_zzi_d4xi	uvdot	1dced1c1	uvdot za.d[w10, 5, vgx4], { z16.h - z19.h }, z1.h[1]	mortlach2	1:MRA	ok	GPR10,MATRIX,VEC1,VEC16,VEC17,VEC18,VEC19	MATRIX	GPR10,MATRIX,VEC1,VEC16,VEC17,VEC18,VEC19	MATRIX	agree	-	-	GPR10,MATRIX,VEC1,VEC16,VEC17,VEC18,VEC19	MATRIX	same	index-runtime:ZA
uvdot_za_zzi_s4xi	uvdot	35ce51c1	uvdot za.s[w10, 5, vgx4], { z16.b - z19.b }, z1.b[3]	mortlach2	1:MRA	ok	GPR10,MATRIX,VEC1,VEC16,VEC17,VEC18,VEC19	MATRIX	GPR10,MATRIX,VEC1,VEC16,VEC17,VEC18,VEC19	MATRIX	agree	-	-	GPR10,MATRIX,VEC1,VEC16,VEC17,VEC18,VEC19	MATRIX	same	index-runtime:ZA
uxtb_z_p_z_	uxtb	64a85104	uxtb z4.h, p2/m, z3.h	sve	1:MRA	ok	PRED2,VEC3,VEC4	VEC4	PRED2,VEC3,VEC4	VEC4	agree	-	-	PRED2,VEC3,VEC4	VEC4	same	unbounded-loop
uxth_z_p_z_	uxth	31a69304	uxth z17.s, p1/m, z17.s	sve	1:MRA	ok	PRED1,VEC17	VEC17	PRED1,VEC17	VEC17	agree	-	-	PRED1,VEC17	VEC17	same	unbounded-loop
uxtw_z_p_z_	uxtw	31aed504	uxtw z17.d, p3/m, z17.d	sve	1:MRA	ok	PRED3,VEC17	VEC17	PRED3,VEC17	VEC17	agree	-	-	PRED3,VEC17	VEC17	same	unbounded-loop
uzp1_p_pp_	uzp1	64486205	uzp1 p4.h, p3.h, p2.h	sve	1:MRA	ok	PRED2,PRED3	PRED4	PRED2,PRED3	PRED4	agree	-	-	PRED2,PRED3	PRED4	same	-
uzp1_z_zz_	uzp1	64686205	uzp1 z4.h, z3.h, z2.h	sve	1:MRA	ok	VEC2,VEC3	VEC4	VEC2,VEC3	VEC4	agree	-	-	VEC2,VEC3	VEC4	same	-
uzp1_z_zz_q	uzp1	4308a105	uzp1 z3.q, z2.q, z1.q	sve	1:MRA	ok	VEC1,VEC2	VEC3	VEC1,VEC2	VEC3	agree	-	-	VEC1,VEC2	VEC3	same	-
uzp2_p_pp_	uzp2	644c6205	uzp2 p4.h, p3.h, p2.h	sve	1:MRA	ok	PRED2,PRED3	PRED4	PRED2,PRED3	PRED4	agree	-	-	PRED2,PRED3	PRED4	same	-
uzp2_z_zz_	uzp2	646c6205	uzp2 z4.h, z3.h, z2.h	sve	1:MRA	ok	VEC2,VEC3	VEC4	VEC2,VEC3	VEC4	agree	-	-	VEC2,VEC3	VEC4	same	-
uzp2_z_zz_q	uzp2	430ca105	uzp2 z3.q, z2.q, z1.q	sve	1:MRA	ok	VEC1,VEC2	VEC3	VEC1,VEC2	VEC3	agree	-	-	VEC1,VEC2	VEC3	same	-
uzp_mz_z_4	uzp	0ee176c1	uzp { z12.h - z15.h }, { z8.h - z11.h }	mortlach2	1:MRA	ok	VEC10,VEC11,VEC8,VEC9	VEC12,VEC13,VEC14,VEC15	VEC10,VEC11,VEC8,VEC9	VEC12,VEC13,VEC14,VEC15	agree	-	-	VEC10,VEC11,VEC8,VEC9	VEC12,VEC13,VEC14,VEC15	same	-
uzp_mz_z_4q	uzp	8ae037c1	uzp { z8.q - z11.q }, { z4.q - z7.q }	mortlach2	1:MRA	ok	VEC4,VEC5,VEC6,VEC7	VEC10,VEC11,VEC8,VEC9	VEC4,VEC5,VEC6,VEC7	VEC10,VEC11,VEC8,VEC9	agree	-	-	VEC4,VEC5,VEC6,VEC7	VEC10,VEC11,VEC8,VEC9	same	-
uzp_mz_zz_2	uzp	69d062c1	uzp { z8.h, z9.h }, z3.h, z2.h	mortlach2	1:MRA	ok	VEC2,VEC3	VEC8,VEC9	VEC2,VEC3	VEC8,VEC9	agree	-	-	VEC2,VEC3	VEC8,VEC9	same	-
uzp_mz_zz_2q	uzp	47d421c1	uzp { z6.q, z7.q }, z2.q, z1.q	mortlach2	1:MRA	ok	VEC1,VEC2	VEC6,VEC7	VEC1,VEC2	VEC6,VEC7	agree	-	-	VEC1,VEC2	VEC6,VEC7	same	-
uzpq1_z_zz_	uzpq1	64e84244	uzpq1 z4.h, z3.h, z2.h	sve2	1:MRA	ok	VEC2,VEC3	VEC4	VEC2,VEC3	VEC4	agree	-	-	VEC2,VEC3	VEC4	same	-
uzpq2_z_zz_	uzpq2	64ec4244	uzpq2 z4.h, z3.h, z2.h	sve2	1:MRA	ok	VEC2,VEC3	VEC4	VEC2,VEC3	VEC4	agree	-	-	VEC2,VEC3	VEC4	same	-
whilege_p_p_rr_	whilege	85106225	whilege p5.h, x4, x2	sve2	1:MRA	ok	GPR2,GPR4	FLAGS,PRED5	GPR2,GPR4	FLAGS,PRED5	agree	-	-	GPR2,GPR4	FLAGS,PRED5	same	unbounded-loop
whilege_pn_rr_	whilege	95606225	whilege pn13.h, x4, x2, vlx4	sve2	1:MRA	ok	GPR2,GPR4	FLAGS,PRED13	GPR2,GPR4	FLAGS,PRED13	agree	-	-	GPR2,GPR4	FLAGS,PRED13	same	-
whilege_pp_rr_	whilege	78506225	whilege { p8.h, p9.h }, x3, x2	sve2	1:MRA	ok	GPR2,GPR3	FLAGS,PRED8,PRED9	GPR2,GPR3	FLAGS,PRED8,PRED9	agree	-	-	GPR2,GPR3	FLAGS,PRED8,PRED9	same	unbounded-loop
whilegt_p_p_rr_	whilegt	95106225	whilegt p5.h, x4, x2	sve2	1:MRA	ok	GPR2,GPR4	FLAGS,PRED5	GPR2,GPR4	FLAGS,PRED5	agree	-	-	GPR2,GPR4	FLAGS,PRED5	same	unbounded-loop
whilegt_pn_rr_	whilegt	9d606225	whilegt pn13.h, x4, x2, vlx4	sve2	1:MRA	ok	GPR2,GPR4	FLAGS,PRED13	GPR2,GPR4	FLAGS,PRED13	agree	-	-	GPR2,GPR4	FLAGS,PRED13	same	-
whilegt_pp_rr_	whilegt	79506225	whilegt { p8.h, p9.h }, x3, x2	sve2	1:MRA	ok	GPR2,GPR3	FLAGS,PRED8,PRED9	GPR2,GPR3	FLAGS,PRED8,PRED9	agree	-	-	GPR2,GPR3	FLAGS,PRED8,PRED9	same	unbounded-loop
whilehi_p_p_rr_	whilehi	95186225	whilehi p5.h, x4, x2	sve2	1:MRA	ok	GPR2,GPR4	FLAGS,PRED5	GPR2,GPR4	FLAGS,PRED5	agree	-	-	GPR2,GPR4	FLAGS,PRED5	same	unbounded-loop
whilehi_pn_rr_	whilehi	9d686225	whilehi pn13.h, x4, x2, vlx4	sve2	1:MRA	ok	GPR2,GPR4	FLAGS,PRED13	GPR2,GPR4	FLAGS,PRED13	agree	-	-	GPR2,GPR4	FLAGS,PRED13	same	-
whilehi_pp_rr_	whilehi	79586225	whilehi { p8.h, p9.h }, x3, x2	sve2	1:MRA	ok	GPR2,GPR3	FLAGS,PRED8,PRED9	GPR2,GPR3	FLAGS,PRED8,PRED9	agree	-	-	GPR2,GPR3	FLAGS,PRED8,PRED9	same	unbounded-loop
whilehs_p_p_rr_	whilehs	85186225	whilehs p5.h, x4, x2	sve2	1:MRA	ok	GPR2,GPR4	FLAGS,PRED5	GPR2,GPR4	FLAGS,PRED5	agree	-	-	GPR2,GPR4	FLAGS,PRED5	same	unbounded-loop
whilehs_pn_rr_	whilehs	95686225	whilehs pn13.h, x4, x2, vlx4	sve2	1:MRA	ok	GPR2,GPR4	FLAGS,PRED13	GPR2,GPR4	FLAGS,PRED13	agree	-	-	GPR2,GPR4	FLAGS,PRED13	same	-
whilehs_pp_rr_	whilehs	78586225	whilehs { p8.h, p9.h }, x3, x2	sve2	1:MRA	ok	GPR2,GPR3	FLAGS,PRED8,PRED9	GPR2,GPR3	FLAGS,PRED8,PRED9	agree	-	-	GPR2,GPR3	FLAGS,PRED8,PRED9	same	unbounded-loop
whilele_p_p_rr_	whilele	95146225	whilele p5.h, x4, x2	sve	1:MRA	ok	GPR2,GPR4	FLAGS,PRED5	GPR2,GPR4	FLAGS,PRED5	agree	-	-	GPR2,GPR4	FLAGS,PRED5	same	unbounded-loop
whilele_pn_rr_	whilele	9d646225	whilele pn13.h, x4, x2, vlx4	sve2	1:MRA	ok	GPR2,GPR4	FLAGS,PRED13	GPR2,GPR4	FLAGS,PRED13	agree	-	-	GPR2,GPR4	FLAGS,PRED13	same	-
whilele_pp_rr_	whilele	79546225	whilele { p8.h, p9.h }, x3, x2	sve2	1:MRA	ok	GPR2,GPR3	FLAGS,PRED8,PRED9	GPR2,GPR3	FLAGS,PRED8,PRED9	agree	-	-	GPR2,GPR3	FLAGS,PRED8,PRED9	same	unbounded-loop
whilelo_p_p_rr_	whilelo	851c6225	whilelo p5.h, x4, x2	sve	1:MRA	ok	GPR2,GPR4	FLAGS,PRED5	GPR2,GPR4	FLAGS,PRED5	agree	-	-	GPR2,GPR4	FLAGS,PRED5	same	unbounded-loop
whilelo_pn_rr_	whilelo	956c6225	whilelo pn13.h, x4, x2, vlx4	sve2	1:MRA	ok	GPR2,GPR4	FLAGS,PRED13	GPR2,GPR4	FLAGS,PRED13	agree	-	-	GPR2,GPR4	FLAGS,PRED13	same	-
whilelo_pp_rr_	whilelo	785c6225	whilelo { p8.h, p9.h }, x3, x2	sve2	1:MRA	ok	GPR2,GPR3	FLAGS,PRED8,PRED9	GPR2,GPR3	FLAGS,PRED8,PRED9	agree	-	-	GPR2,GPR3	FLAGS,PRED8,PRED9	same	unbounded-loop
whilels_p_p_rr_	whilels	951c6225	whilels p5.h, x4, x2	sve	1:MRA	ok	GPR2,GPR4	FLAGS,PRED5	GPR2,GPR4	FLAGS,PRED5	agree	-	-	GPR2,GPR4	FLAGS,PRED5	same	unbounded-loop
whilels_pn_rr_	whilels	9d6c6225	whilels pn13.h, x4, x2, vlx4	sve2	1:MRA	ok	GPR2,GPR4	FLAGS,PRED13	GPR2,GPR4	FLAGS,PRED13	agree	-	-	GPR2,GPR4	FLAGS,PRED13	same	-
whilels_pp_rr_	whilels	795c6225	whilels { p8.h, p9.h }, x3, x2	sve2	1:MRA	ok	GPR2,GPR3	FLAGS,PRED8,PRED9	GPR2,GPR3	FLAGS,PRED8,PRED9	agree	-	-	GPR2,GPR3	FLAGS,PRED8,PRED9	same	unbounded-loop
whilelt_p_p_rr_	whilelt	85146225	whilelt p5.h, x4, x2	sve	1:MRA	ok	GPR2,GPR4	FLAGS,PRED5	GPR2,GPR4	FLAGS,PRED5	agree	-	-	GPR2,GPR4	FLAGS,PRED5	same	unbounded-loop
whilelt_pn_rr_	whilelt	95646225	whilelt pn13.h, x4, x2, vlx4	sve2	1:MRA	ok	GPR2,GPR4	FLAGS,PRED13	GPR2,GPR4	FLAGS,PRED13	agree	-	-	GPR2,GPR4	FLAGS,PRED13	same	-
whilelt_pp_rr_	whilelt	78546225	whilelt { p8.h, p9.h }, x3, x2	sve2	1:MRA	ok	GPR2,GPR3	FLAGS,PRED8,PRED9	GPR2,GPR3	FLAGS,PRED8,PRED9	agree	-	-	GPR2,GPR3	FLAGS,PRED8,PRED9	same	unbounded-loop
whilerw_p_rr_	whilerw	74306225	whilerw p4.h, x3, x2	sve2	1:MRA	ok	GPR2,GPR3	FLAGS,PRED4	GPR2,GPR3	FLAGS,PRED4	agree	-	-	GPR2,GPR3	FLAGS,PRED4	same	unbounded-loop
whilewr_p_rr_	whilewr	64306225	whilewr p4.h, x3, x2	sve2	1:MRA	ok	GPR2,GPR3	FLAGS,PRED4	GPR2,GPR3	FLAGS,PRED4	agree	-	-	GPR2,GPR3	FLAGS,PRED4	same	unbounded-loop
wrffr_f_p_	wrffr	20902825	wrffr p1.b	sve	1:MRA	ok	PRED1	FFR	PRED1	FFR	agree	-	-	PRED1	FFR	same	unbounded-loop
xar_z_zzi_	xar	85347304	xar z5.s, z5.s, z4.s, #13	sve2	1:MRA	ok	VEC4,VEC5	VEC5	VEC4,VEC5	VEC5	agree	-	-	VEC4,VEC5	VEC5	same	-
zero_za1_ri_2	zero	02200cc0	zero za.d[w9, 2, vgx2]	mortlach2	1:MRA	ok	GPR9	MATRIX	GPR9,MATRIX	MATRIX	disagree	SRC+trc:MATRIX	-	GPR9,MATRIX	MATRIX	SRC+trc:MATRIX	index-runtime:ZA
zero_za1_ri_4	zero	02200ec0	zero za.d[w9, 2, vgx4]	mortlach2	1:MRA	ok	GPR9	MATRIX	GPR9,MATRIX	MATRIX	disagree	SRC+trc:MATRIX	-	GPR9,MATRIX	MATRIX	SRC+trc:MATRIX	index-runtime:ZA
zero_za2_ri_1	zero	02a00cc0	zero za.d[w9, 4:5]	mortlach2	1:MRA	ok	GPR9	MATRIX	GPR9,MATRIX	MATRIX	disagree	SRC+trc:MATRIX	-	GPR9,MATRIX	MATRIX	SRC+trc:MATRIX	index-runtime:ZA
zero_za2_ri_2	zero	02200dc0	zero za.d[w9, 4:5, vgx2]	mortlach2	1:MRA	ok	GPR9	MATRIX	GPR9,MATRIX	MATRIX	disagree	SRC+trc:MATRIX	-	GPR9,MATRIX	MATRIX	SRC+trc:MATRIX	index-runtime:ZA
zero_za2_ri_4	zero	02a00dc0	zero za.d[w9, 4:5, vgx4]	mortlach2	1:MRA	ok	GPR9	MATRIX	GPR9,MATRIX	MATRIX	disagree	SRC+trc:MATRIX	-	GPR9,MATRIX	MATRIX	SRC+trc:MATRIX	index-runtime:ZA
zero_za4_ri_1	zero	02a00ec0	zero za.d[w9, 8:11]	mortlach2	1:MRA	ok	GPR9	MATRIX	GPR9,MATRIX	MATRIX	disagree	SRC+trc:MATRIX	-	GPR9,MATRIX	MATRIX	SRC+trc:MATRIX	index-runtime:ZA
zero_za4_ri_2	zero	00200fc0	zero za.d[w9, 0:3, vgx2]	mortlach2	1:MRA	ok	GPR9	MATRIX	GPR9,MATRIX	MATRIX	disagree	SRC+trc:MATRIX	-	GPR9,MATRIX	MATRIX	SRC+trc:MATRIX	index-runtime:ZA
zero_za4_ri_4	zero	00a00fc0	zero za.d[w9, 0:3, vgx4]	mortlach2	1:MRA	ok	GPR9	MATRIX	GPR9,MATRIX	MATRIX	disagree	SRC+trc:MATRIX	-	GPR9,MATRIX	MATRIX	SRC+trc:MATRIX	index-runtime:ZA
zero_za_i_	zero	010008c0	zero {za0.d}	mortlach	1:MRA	ok	-	MATRIX	MATRIX	-	disagree	DST+ref:MATRIX SRC+trc:MATRIX	-	-	-	DST+ref:MATRIX	-
zero_zt_i_	zero	010048c0	zero { zt0 }	mortlach2	1:MRA	ok	-	MATRIX	-	MATRIX	agree	-	-	-	MATRIX	same	-
zip1_p_pp_	zip1	64406205	zip1 p4.h, p3.h, p2.h	sve	1:MRA	ok	PRED2,PRED3	PRED4	PRED2,PRED3	PRED4	agree	-	-	PRED2,PRED3	PRED4	same	-
zip1_z_zz_	zip1	64606205	zip1 z4.h, z3.h, z2.h	sve	1:MRA	ok	VEC2,VEC3	VEC4	VEC2,VEC3	VEC4	agree	-	-	VEC2,VEC3	VEC4	same	-
zip1_z_zz_q	zip1	4300a105	zip1 z3.q, z2.q, z1.q	sve	1:MRA	ok	VEC1,VEC2	VEC3	VEC1,VEC2	VEC3	agree	-	-	VEC1,VEC2	VEC3	same	-
zip2_p_pp_	zip2	64446205	zip2 p4.h, p3.h, p2.h	sve	1:MRA	ok	PRED2,PRED3	PRED4	PRED2,PRED3	PRED4	agree	-	-	PRED2,PRED3	PRED4	same	-
zip2_z_zz_	zip2	64646205	zip2 z4.h, z3.h, z2.h	sve	1:MRA	ok	VEC2,VEC3	VEC4	VEC2,VEC3	VEC4	agree	-	-	VEC2,VEC3	VEC4	same	-
zip2_z_zz_q	zip2	4304a105	zip2 z3.q, z2.q, z1.q	sve	1:MRA	ok	VEC1,VEC2	VEC3	VEC1,VEC2	VEC3	agree	-	-	VEC1,VEC2	VEC3	same	-
zip_mz_z_4	zip	0ce176c1	zip { z12.h - z15.h }, { z8.h - z11.h }	mortlach2	1:MRA	ok	VEC10,VEC11,VEC8,VEC9	VEC12,VEC13,VEC14,VEC15	VEC10,VEC11,VEC8,VEC9	VEC12,VEC13,VEC14,VEC15	agree	-	-	VEC10,VEC11,VEC8,VEC9	VEC12,VEC13,VEC14,VEC15	same	-
zip_mz_z_4q	zip	88e037c1	zip { z8.q - z11.q }, { z4.q - z7.q }	mortlach2	1:MRA	ok	VEC4,VEC5,VEC6,VEC7	VEC10,VEC11,VEC8,VEC9	VEC4,VEC5,VEC6,VEC7	VEC10,VEC11,VEC8,VEC9	agree	-	-	VEC4,VEC5,VEC6,VEC7	VEC10,VEC11,VEC8,VEC9	same	-
zip_mz_zz_2	zip	68d062c1	zip { z8.h, z9.h }, z3.h, z2.h	mortlach2	1:MRA	ok	VEC2,VEC3	VEC8,VEC9	VEC2,VEC3	VEC8,VEC9	agree	-	-	VEC2,VEC3	VEC8,VEC9	same	-
zip_mz_zz_2q	zip	46d421c1	zip { z6.q, z7.q }, z2.q, z1.q	mortlach2	1:MRA	ok	VEC1,VEC2	VEC6,VEC7	VEC1,VEC2	VEC6,VEC7	agree	-	-	VEC1,VEC2	VEC6,VEC7	same	-
zipq1_z_zz_	zipq1	64e04244	zipq1 z4.h, z3.h, z2.h	sve2	1:MRA	ok	VEC2,VEC3	VEC4	VEC2,VEC3	VEC4	agree	-	-	VEC2,VEC3	VEC4	same	-
zipq2_z_zz_	zipq2	64e44244	zipq2 z4.h, z3.h, z2.h	sve2	1:MRA	ok	VEC2,VEC3	VEC4	VEC2,VEC3	VEC4	agree	-	-	VEC2,VEC3	VEC4	same	-
